nameseq,AB.1,AD.1,ASSD.1,MAXD.1,MIND.1,AS.1,APL.1,TALU.1,TU.1,NE.1,MOT3.1,MOT4.1,AB.2,AD.2,ASSD.2,MAXD.2,MIND.2,AS.2,APL.2,TALU.2,TU.2,NE.2,MOT3.2,MOT4.2,AB.3,AD.3,ASSD.3,MAXD.3,MIND.3,AS.3,APL.3,TALU.3,TU.3,NE.3,MOT3.3,MOT4.3,AB.4,AD.4,ASSD.4,MAXD.4,MIND.4,AS.4,APL.4,TALU.4,TU.4,NE.4,MOT3.4,MOT4.4,AB.5,AD.5,ASSD.5,MAXD.5,MIND.5,AS.5,APL.5,TALU.5,TU.5,NE.5,MOT3.5,MOT4.5,AB.6,AD.6,ASSD.6,MAXD.6,MIND.6,AS.6,APL.6,TALU.6,TU.6,NE.6,MOT3.6,MOT4.6,AB.7,AD.7,ASSD.7,MAXD.7,MIND.7,AS.7,APL.7,TALU.7,TU.7,NE.7,MOT3.7,MOT4.7,AB.8,AD.8,ASSD.8,MAXD.8,MIND.8,AS.8,APL.8,TALU.8,TU.8,NE.8,MOT3.8,MOT4.8,AB.9,AD.9,ASSD.9,MAXD.9,MIND.9,AS.9,APL.9,TALU.9,TU.9,NE.9,MOT3.9,MOT4.9,AB.10,AD.10,ASSD.10,MAXD.10,MIND.10,AS.10,APL.10,TALU.10,TU.10,NE.10,MOT3.10,MOT4.10,label
CU329670.1/3316609-3316466,58.59615384615384,5.730769230769232,0.5742196304955555,42.0,2.0,5.92619797890748,3.29788838612368,0.05622710622710622,0.09278350515463918,141.0,273.0,959.0,13.0,3.1923076923076925,0.5400362482332208,40.0,0.0,6.006529977188484,1.7976931348623157e+308,0.0,0.0,141.0,39.0,66.0,0.19230769230769235,1.6538461538461535,0.5354813518633675,36.0,0.0,5.283809142394758,1.7976931348623157e+308,0.0,0.0,141.0,3.0,2.0,0.01923076923076923,1.0769230769230773,0.016546987199500186,36.0,0.0,5.1360196869611086,1.7976931348623157e+308,0.0,0.0,141.0,1.0,0.0,0.01923076923076923,0.9230769230769232,-0.3333333333333333,36.0,0.0,5.045356409786642,1.7976931348623157e+308,0.0,0.0,141.0,1.0,0.0,0.01923076923076923,0.9230769230769232,-0.3333333333333333,36.0,0.0,5.045356409786642,1.7976931348623157e+308,0.0,0.0,141.0,1.0,0.0,0.0,0.4615384615384616,0.0,24.0,0.0,3.296043890096699,1.7976931348623157e+308,0.0,0.0,141.0,0.0,0.0,0.0,0.4615384615384616,0.0,24.0,0.0,3.296043890096699,1.7976931348623157e+308,0.0,0.0,141.0,0.0,0.0,0.0,0.4615384615384616,0.0,24.0,0.0,3.296043890096699,1.7976931348623157e+308,0.0,0.0,141.0,0.0,0.0,0.0,0.4615384615384616,0.0,24.0,0.0,3.296043890096699,1.7976931348623157e+308,0.0,0.0,141.0,0.0,0.0,hacabox
