nameseq,k1,k2,label
AACD01000109.1/203504-203433,1.89800340497443,3.670846843055232,cdbox
AAKD03000010.1/312115-312193,1.9172982784582162,3.73638595708251,cdbox
AAJN01000176.1/28338-28263,1.9041054437194025,3.722535231706483,cdbox
nameseq,k1,k2,label
AACD01000109.1/203504-203433,1.89800340497443,3.670846843055232,cdbox
AAKD03000010.1/312115-312193,1.9172982784582162,3.73638595708251,cdbox
AAJN01000176.1/28338-28263,1.9041054437194025,3.722535231706483,cdbox
