nameseq,k1,k2,label
AAJN01000116.1/81248-81329,1.930703542634835,3.7151171765373685,cdbox
AAKD03000028.1/39409-39327,1.9072462291232548,3.6629810740861726,cdbox
AM270160.1/33725-33807,1.9601300432510267,3.738795288320374,cdbox
ABAR01000017.1/60688-60770,1.960604917474394,3.8231315801811587,cdbox
