nameseq,k1,k2,label
ABDB01000050.1/749589-749691,1.9992558211752738,3.9136697265943803,cdbox
ABFO01000069.1/3951-4046,1.9765906504305666,3.8457501423600404,cdbox
nameseq,k1,k2,label
ABDB01000050.1/749589-749691,1.9992558211752738,3.9136697265943803,cdbox
ABFO01000069.1/3951-4046,1.9765906504305666,3.8457501423600404,cdbox
