nameseq,k1,k2,label
AY948651.1/1-67,1.9690737764536508,3.7265941650121617,cdbox
DQ789419.1/8-78,1.99504176422349,3.837077170522434,cdbox
nameseq,k1,k2,label
AY948651.1/1-67,1.9690737764536508,3.7265941650121617,cdbox
DQ789419.1/8-78,1.99504176422349,3.837077170522434,cdbox
