nameseq,k1,k2,label
DQ789435.1/1-69,1.940366076205081,3.7472763126163895,cdbox
AY948653.1/1-70,1.935102993872247,3.670889356801538,cdbox
nameseq,k1,k2,label
DQ789435.1/1-69,1.940366076205081,3.7472763126163895,cdbox
AY948653.1/1-70,1.935102993872247,3.670889356801538,cdbox
