nameseq,k1,k2,label
DQ789422.1/5-79,1.9830001741791068,3.773616414997884,cdbox
AY948650.1/1-70,1.9717474645392867,3.715631755896947,cdbox
nameseq,k1,k2,label
DQ789422.1/5-79,1.9830001741791068,3.773616414997884,cdbox
AY948650.1/1-70,1.9717474645392867,3.715631755896947,cdbox
