nameseq,k1,k2,label
DQ789446.1/1-61,1.9706745794934548,3.717319614486939,cdbox
AY948655.1/1-63,1.9637751532761416,3.7055494902697594,cdbox
nameseq,k1,k2,label
DQ789446.1/1-61,1.9706745794934548,3.717319614486939,cdbox
AY948655.1/1-63,1.9637751532761416,3.7055494902697594,cdbox
