nameseq,k1,k2,label
AY948623.1/1-88,1.9850254298567855,3.9284798538654075,cdbox
CAAC02000575.1/854533-854445,1.9721419409225298,3.8987886527191513,cdbox
DQ789436.1/1-87,1.9714045805613818,3.901986488128726,cdbox
nameseq,k1,k2,label
AY948623.1/1-88,1.9850254298567855,3.9284798538654075,cdbox
CAAC02000575.1/854533-854445,1.9721419409225298,3.8987886527191513,cdbox
DQ789436.1/1-87,1.9714045805613818,3.901986488128726,cdbox
