nameseq,k1,k2,label
ABEG02003244.1/3220-3299,1.9539660007869883,3.8256344738915242,cdbox
nameseq,k1,k2,label
ABEG02003244.1/3220-3299,1.9539660007869883,3.8256344738915242,cdbox
