nameseq,k1,k2,label
AY948615.1/1-76,1.9618919506269226,3.871175111578286,cdbox
nameseq,k1,k2,label
AY948615.1/1-76,1.9618919506269226,3.871175111578286,cdbox
