nameseq,k1,k2,label
DQ789421.1/3-75,1.954633180688432,3.7888251343094588,cdbox
AY948671.1/1-73,1.9714855708599561,3.85370061296303,cdbox
AM051016.1/3-74,1.9745094959728973,3.8621465501397307,cdbox
nameseq,k1,k2,label
DQ789421.1/3-75,1.954633180688432,3.7888251343094588,cdbox
AY948671.1/1-73,1.9714855708599561,3.85370061296303,cdbox
AM051016.1/3-74,1.9745094959728973,3.8621465501397307,cdbox
