nameseq,k1,k2,label
DQ789442.1/1-71,1.9790275804306663,3.8543035619703665,cdbox
Z48717.1/2830-2757,1.9804057923518918,3.864635698004743,cdbox
nameseq,k1,k2,label
DQ789442.1/1-71,1.9790275804306663,3.8543035619703665,cdbox
Z48717.1/2830-2757,1.9804057923518918,3.864635698004743,cdbox
