nameseq,k1,k2,label
AY948677.1/1-122,1.9701953795058231,3.827328101279035,cdbox
DQ789544.1/1-118,1.9696464874797774,3.8262506447600386,cdbox
DQ789456.1/1-123,1.9784232672136581,3.863345767029329,cdbox
nameseq,k1,k2,label
AY948677.1/1-122,1.9701953795058231,3.827328101279035,cdbox
DQ789544.1/1-118,1.9696464874797774,3.8262506447600386,cdbox
DQ789456.1/1-123,1.9784232672136581,3.863345767029329,cdbox
