nameseq,k1,k2,label
AY948694.1/1-76,1.9838290049464682,3.7798909359293313,cdbox
DQ789403.1/1-72,1.9645084609717642,3.7333402539745673,cdbox
DQ789529.1/1-72,1.9795925854784135,3.7559432371392663,cdbox
nameseq,k1,k2,label
AY948694.1/1-76,1.9838290049464682,3.7798909359293313,cdbox
DQ789403.1/1-72,1.9645084609717642,3.7333402539745673,cdbox
DQ789529.1/1-72,1.9795925854784135,3.7559432371392663,cdbox
