nameseq,k1,k2,label
DQ789409.1/1-64,1.9758072009096146,3.827817973543389,cdbox
AY948696.1/1-69,1.949220713441002,3.7305384909630668,cdbox
nameseq,k1,k2,label
DQ789409.1/1-64,1.9758072009096146,3.827817973543389,cdbox
AY948696.1/1-69,1.949220713441002,3.7305384909630668,cdbox
