nameseq,k1,k2,label
CAAC02000486.1/298980-299055,1.9741508358146875,3.8193868169264658,cdbox
AY948711.1/1-78,1.9439011374205801,3.713533944691063,cdbox
DQ789512.1/1-74,1.9694748020551995,3.805545538528612,cdbox
