nameseq,k1,k2,label
AJ699371.1/1-81,1.8194202147457652,3.4624680057614317,cdbox
AAFI02000013.1/120819-120899,1.7955229193649243,3.4356966376354783,cdbox
ADID01000479.1/7580-7497,1.7607400809259857,3.378677266590177,cdbox
nameseq,k1,k2,label
AJ699371.1/1-81,1.8194202147457652,3.4624680057614317,cdbox
AAFI02000013.1/120819-120899,1.7955229193649243,3.4356966376354783,cdbox
ADID01000479.1/7580-7497,1.7607400809259857,3.378677266590177,cdbox
