nameseq,k1,k2,label
AJ699377.1/1-78,1.911870500376097,3.6136205884005483,cdbox
AAFI02000135.1/6224-6148,1.9165924607575695,3.6143476598042583,cdbox
ADID01000101.1/93885-93964,1.9177560513007375,3.671117941036835,cdbox
nameseq,k1,k2,label
AJ699377.1/1-78,1.911870500376097,3.6136205884005483,cdbox
AAFI02000135.1/6224-6148,1.9165924607575695,3.6143476598042583,cdbox
ADID01000101.1/93885-93964,1.9177560513007375,3.671117941036835,cdbox
