nameseq,k1,k2,label
AAFI02000019.1/388135-388060,1.92428462848932,3.717729640097941,cdbox
AJ699372.1/1-75,1.934465366074147,3.7283183998188694,cdbox
nameseq,k1,k2,label
AAFI02000019.1/388135-388060,1.92428462848932,3.717729640097941,cdbox
AJ699372.1/1-75,1.934465366074147,3.7283183998188694,cdbox
