nameseq,k1,k2,label
AAFI02000013.1/1197997-1198066,1.766045483331433,3.3211518157563655,cdbox
nameseq,k1,k2,label
AAFI02000013.1/1197997-1198066,1.766045483331433,3.3211518157563655,cdbox
