nameseq,k1,k2,label
AJ698946.1/1-83,1.9208590018771832,3.6850403897954807,cdbox
AJ703792.1/1-82,1.9110787202423736,3.6778130442443033,cdbox
nameseq,k1,k2,label
AJ698946.1/1-83,1.9208590018771832,3.6850403897954807,cdbox
AJ703792.1/1-82,1.9110787202423736,3.6778130442443033,cdbox
