nameseq,k1,k2,label
ADID01000140.1/43579-43495,1.9424782157610707,3.7770702161864795,cdbox
AJ699367.1/1-86,1.906801768078586,3.67621058390933,cdbox
nameseq,k1,k2,label
ADID01000140.1/43579-43495,1.9424782157610707,3.7770702161864795,cdbox
AJ699367.1/1-86,1.906801768078586,3.67621058390933,cdbox
