nameseq,k1,k2,label
ADID01000475.1/21144-21245,1.9734701705255688,3.8794570501052026,cdbox
AJ699368.1/1-98,1.9726826702659837,3.843384454037577,cdbox
nameseq,k1,k2,label
ADID01000475.1/21144-21245,1.9734701705255688,3.8794570501052026,cdbox
AJ699368.1/1-98,1.9726826702659837,3.843384454037577,cdbox
