nameseq,k1,k2,label
AJ699369.1/1-88,1.94296473041237,3.7434573661840553,cdbox
nameseq,k1,k2,label
AJ699369.1/1-88,1.94296473041237,3.7434573661840553,cdbox
