nameseq,k1,k2,label
AACB02000005.1/294322-294382,1.9565628356362776,3.7709742969681663,cdbox
nameseq,k1,k2,label
AACB02000005.1/294322-294382,1.9565628356362776,3.7709742969681663,cdbox
