nameseq,k1,k2,label
ACGJ01002928.1/11866-11792,1.977590612871526,3.7877409620038747,cdbox
nameseq,k1,k2,label
ACGJ01002928.1/11866-11792,1.977590612871526,3.7877409620038747,cdbox
