nameseq,k1,k2,label
ACGJ01002915.1/13449-13382,1.974839842665868,3.7936313052434816,cdbox
ACVC01000045.1/79812-79879,1.974839842665868,3.773451407881584,cdbox
nameseq,k1,k2,label
ACGJ01002915.1/13449-13382,1.974839842665868,3.7936313052434816,cdbox
ACVC01000045.1/79812-79879,1.974839842665868,3.773451407881584,cdbox
