nameseq,k1,k2,label
ACGJ01002422.1/30167-30109,1.97689308268313,3.793073781457607,cdbox
ACVC01000035.1/64374-64316,1.9882311141176254,3.7972388662884033,cdbox
