nameseq,k1,k2,label
AABL01002187.1/2652-2576,1.6789882851979427,3.1803714459738526,cdbox
AM910995.1/424185-424272,1.8879528220084307,3.621805273384455,cdbox
AASM01002319.1/1903-1824,1.733655449789868,3.268434297927333,cdbox
nameseq,k1,k2,label
AABL01002187.1/2652-2576,1.6789882851979427,3.1803714459738526,cdbox
AM910995.1/424185-424272,1.8879528220084307,3.621805273384455,cdbox
AASM01002319.1/1903-1824,1.733655449789868,3.268434297927333,cdbox
