nameseq,k1,k2,label
CAAI01004629.1/216-91,1.777559182543413,3.4388361671792267,cdbox
ABHA01001532.1/667-541,1.8883879949547624,3.650742574849949,cdbox
ACBS01000373.1/22837-22710,1.8630973100206552,3.5927594400151586,cdbox
nameseq,k1,k2,label
CAAI01004629.1/216-91,1.777559182543413,3.4388361671792267,cdbox
ABHA01001532.1/667-541,1.8883879949547624,3.650742574849949,cdbox
ACBS01000373.1/22837-22710,1.8630973100206552,3.5927594400151586,cdbox
