nameseq,k1,k2,label
ACBS01000745.1/1206-1058,1.8451059970136012,3.610837306198258,cdbox
ABGS01008962.1/448-289,1.8744220676243728,3.5599736297276383,cdbox
nameseq,k1,k2,label
ACBS01000745.1/1206-1058,1.8451059970136012,3.610837306198258,cdbox
ABGS01008962.1/448-289,1.8744220676243728,3.5599736297276383,cdbox
