nameseq,k1,k2,label
AY948667.1/1-86,1.9696843784206246,3.759202570183678,cdbox
DQ789431.1/1-87,1.9790256421590704,3.7698978165514125,cdbox
AAGD02011809.1/15532-15445,1.9801426441942613,3.765883583020065,cdbox
nameseq,k1,k2,label
AY948667.1/1-86,1.9696843784206246,3.759202570183678,cdbox
DQ789431.1/1-87,1.9790256421590704,3.7698978165514125,cdbox
AAGD02011809.1/15532-15445,1.9801426441942613,3.765883583020065,cdbox
