nameseq,k1,k2,label
AY948660.1/1-78,1.9957274520849257,3.861171159681332,cdbox
AAGD02003714.1/6065-5988,1.9746737206223532,3.779809762464917,cdbox
nameseq,k1,k2,label
AY948660.1/1-78,1.9957274520849257,3.861171159681332,cdbox
AAGD02003714.1/6065-5988,1.9746737206223532,3.779809762464917,cdbox
