nameseq,k1,k2,label
CAAC02000445.1/763027-763135,1.951172926246687,3.786493778382205,cdbox
