nameseq,k1,k2,label
AY948666.1/1-72,1.9888206143705673,3.8322458028662925,cdbox
nameseq,k1,k2,label
AY948666.1/1-72,1.9888206143705673,3.8322458028662925,cdbox
