nameseq,k1,k2,label
U70870.1/2038-1941,1.9385476433065192,3.703834695098678,cdbox
CAAC02000447.1/926003-925906,1.9446917985667875,3.6078256134247195,cdbox
AAGD02003554.1/75595-75692,1.9404668618328418,3.658502611653506,cdbox
nameseq,k1,k2,label
U70870.1/2038-1941,1.9385476433065192,3.703834695098678,cdbox
CAAC02000447.1/926003-925906,1.9446917985667875,3.6078256134247195,cdbox
AAGD02003554.1/75595-75692,1.9404668618328418,3.658502611653506,cdbox
