nameseq,k1,k2,label
AY948662.1/1-76,1.9772973930430786,3.778102445027005,cdbox
nameseq,k1,k2,label
AY948662.1/1-76,1.9772973930430786,3.778102445027005,cdbox
