nameseq,k1,k2,label
AC069351.5/37957-38002,1.9931642365271878,3.3950817883598767,cdbox
ABGA01077128.1/22957-22999,1.9988106997275765,3.451227245747083,cdbox
