nameseq,k1,k2,label
AF071527.1/15699-15624,1.9673379890728278,3.778968199243948,cdbox
AK120402.1/2723-2803,1.9610523736591823,3.7373625082789106,cdbox
AY220665.1/1-80,1.9763149409838878,3.6956644858430243,cdbox
AARH01010162.1/358-438,1.9462969190645103,3.776641733102591,cdbox
