nameseq,k1,k2,label
AC093192.2/140443-140346,1.888326165463117,3.6599176104340216,cdbox
AC093192.2/140665-140574,1.9234686144047228,3.7310575122665477,cdbox
AC093192.2/140885-140801,1.8857610260545679,3.6819163489876785,cdbox
AC105264.3/54702-54605,1.888326165463117,3.6599176104340216,cdbox
