nameseq,k1,k2,label
AC010057.7/174297-174216,1.9304024288639186,3.7986320730820955,cdbox
AC010057.7/174076-173991,1.8575319879195171,3.6390581073039,cdbox
AAPP01019316.1/65510-65432,1.843716363012874,3.480119082226874,cdbox
AAPT01020539.1/126869-126954,1.8913243884091293,3.679187151358252,cdbox
