nameseq,k1,k2,label
AAYZ01187716.1/225-149,1.9901882800201376,3.757071544813443,cdbox
AACN010729405.1/784-708,1.9996380970061791,3.798096357396196,cdbox
AAHY01113754.1/39386-39310,1.974435377914383,3.6836639098696162,cdbox
AAFR03022281.1/33862-33938,1.9782968680157926,3.7365624113977307,cdbox
