nameseq,k1,k2,label
Z35312.1/944-1038,1.9767678314062653,3.87328513500005,cdbox
Z35311.1/728-821,1.985834679482252,3.884785987450136,cdbox
D10737.1/4698-4793,1.9893080272936607,3.8651408059363224,cdbox
Z35416.1/1-94,1.9883025213848589,3.840794228016747,cdbox
