nameseq,k1,k2,label
ABHA01003077.1/169-252,1.8145023238045737,3.5032040217258222,cdbox
ABGY01002358.1/1180-1264,1.7928189654263735,3.4687343169098726,cdbox
nameseq,k1,k2,label
ABHA01003077.1/169-252,1.8145023238045737,3.5032040217258222,cdbox
ABGY01002358.1/1180-1264,1.7928189654263735,3.4687343169098726,cdbox
