nameseq,k1,k2,label
AM910995.1/1210650-1210732,1.8716094546793565,3.5135319715187263,cdbox
ABGW01004497.1/1342-1258,1.7428259538998883,3.3932190487676244,cdbox
nameseq,k1,k2,label
AM910995.1/1210650-1210732,1.8716094546793565,3.5135319715187263,cdbox
ABGW01004497.1/1342-1258,1.7428259538998883,3.3932190487676244,cdbox
