nameseq,k1,k2,label
AM910994.1/759659-759754,1.8545296763631665,3.5966185961978647,cdbox
ABGV01006154.1/1319-1218,1.7939981642826126,3.531322568376292,cdbox
ABGU01007392.1/389-288,1.795469085042407,3.5102897504279733,cdbox
nameseq,k1,k2,label
AM910994.1/759659-759754,1.8545296763631665,3.5966185961978647,cdbox
ABGV01006154.1/1319-1218,1.7939981642826126,3.531322568376292,cdbox
ABGU01007392.1/389-288,1.795469085042407,3.5102897504279733,cdbox
