nameseq,k1,k2,label
AC011765.6/41033-40924,1.850183344772588,3.6116254239428502,cdbox
nameseq,k1,k2,label
AC011765.6/41033-40924,1.850183344772588,3.6116254239428502,cdbox
