nameseq,k1,k2,label
AC135079.9/151986-151906,1.8728053323788312,3.5773670017293844,cdbox
AB168634.1/2269-2348,1.8944639129880958,3.6471003389199805,cdbox
AK124098.1/2478-2557,1.8766505130955022,3.609427221119817,cdbox
AACN010405140.1/818-739,1.8413318819538191,3.524859454271507,cdbox
