nameseq,k1,k2,label
AB018108.1/5630-5526,1.9720946994899422,3.845000314942253,cdbox
CU179904.1/61661-61756,1.9490827137010887,3.7866232152331225,cdbox
AAAA02010687.1/1542-1640,1.9890006757877396,3.7803418059188476,cdbox
nameseq,k1,k2,label
AB018108.1/5630-5526,1.9720946994899422,3.845000314942253,cdbox
CU179904.1/61661-61756,1.9490827137010887,3.7866232152331225,cdbox
AAAA02010687.1/1542-1640,1.9890006757877396,3.7803418059188476,cdbox
