nameseq,k1,k2,label
AB026653.1/15165-15249,1.98194392650994,3.854525423646914,cdbox
nameseq,k1,k2,label
AB026653.1/15165-15249,1.98194392650994,3.854525423646914,cdbox
