nameseq,k1,k2,label
AC146127.4/44893-44966,1.9597250475638432,3.7391014045610604,cdbox
AC117663.13/64140-64070,1.9844073188871563,3.7891906973331895,cdbox
AC005682.2/110683-110610,1.9597250475638432,3.7391014045610604,cdbox
AAPY01584255.1/1738-1811,1.9673710800271702,3.7018417662278513,cdbox
