nameseq,k1,k2,label
AC020889.3/25746-25848,1.9678127967589054,3.850577393454577,cdbox
AM439246.2/30554-30644,1.95785605241743,3.8385652391365395,cdbox
AASG02004037.1/17014-16901,1.9792969471928483,3.8720972019575015,cdbox
AARH01006437.1/153808-153923,1.970119159607027,3.9063279012781242,cdbox
