nameseq,k1,k2,label
DQ108835.1/292-381,1.9265419414739262,3.8198358196954665,cdbox
DQ108711.1/301-390,1.9373766194268747,3.8223702296862827,cdbox
AASG02001178.1/41441-41526,1.9174892849232987,3.6872007868160708,cdbox
AARH01005974.1/498-589,1.9061585156165362,3.652184578542293,cdbox
