nameseq,k1,k2,label
AJ784359.1/4-73,1.8602315097025774,3.6106698930682817,cdbox
AAPQ01006572.1/223606-223676,1.8374728757695946,3.4752740051755167,cdbox
AAKO01000106.1/14068-14138,1.855508947194434,3.5886908200282166,cdbox
AAPT01020876.1/13987-13917,1.8684406044432789,3.6484190278361814,cdbox
