nameseq,k1,k2,label
AAGD02011855.1/9652-9519,1.9820271089833161,3.868926838400205,cdbox
FO080775.1/3726-3608,1.9923450336625659,3.8838013791847192,cdbox
ABEG02000242.1/3587-3450,1.99475138656423,3.8796006156295104,cdbox
DQ789438.1/2-142,1.9906897046001715,3.8663076154883527,cdbox
