nameseq,k1,k2,label
U72853.1/1-69,1.985277590509022,3.7548250270572323,cdbox
U72855.1/1-69,1.985277590509022,3.8157325189701186,cdbox
nameseq,k1,k2,label
U72853.1/1-69,1.985277590509022,3.7548250270572323,cdbox
U72855.1/1-69,1.985277590509022,3.8157325189701186,cdbox
