nameseq,k1,k2,label
AJ458935.1/853-941,1.9098023936222748,3.637843047369536,cdbox
AJ490491.1/1-89,1.9098023936222748,3.637843047369536,cdbox
AJ010669.1/1-82,1.9654898530825904,3.8223409699466244,cdbox
AK069030.1/2288-2376,1.9098023936222748,3.637843047369536,cdbox
