nameseq,k1,k2,label
AJ536282.1/1-115,1.979376088964468,3.8991142159424426,cdbox
AJ536279.1/1-115,1.9950542848718744,3.8882069550162943,cdbox
AJ536281.1/1-115,1.9824528196435145,3.902692212693749,cdbox
AJ536280.1/1-114,1.9870041618862924,3.892397715956576,cdbox
