nameseq,k1,k2,label
AK057183.1/1267-1339,1.9785724762899357,3.6754441288500206,cdbox
AJ236935.1/696-624,1.9607641543601446,3.627221356206685,cdbox
AP001273.4/3902-3830,1.9785724762899357,3.6754441288500206,cdbox
AJ240060.1/1-73,1.9607641543601446,3.627221356206685,cdbox
