nameseq,k1,k2,label
ABXC01001605.1/118086-117999,1.9600670991061224,3.8419922355662184,cdbox
ABXC01001605.1/104054-103967,1.9600670991061224,3.8419922355662184,cdbox
AECO01021519.1/799-886,1.9677851395939048,3.81124346465798,cdbox
ACYM01075370.1/27425-27333,1.8820362537857531,3.6983936114339753,cdbox
