nameseq,k1,k2,label
AJ490386.1/1-69,1.9704491866997542,3.7712870193919934,cdbox
AC078839.4/82266-82334,1.9611481314078874,3.704679298612864,cdbox
