nameseq,k1,k2,label
AF064274.1/1-100,1.7776038911732437,3.4973355951001004,cdbox
nameseq,k1,k2,label
AF064274.1/1-100,1.7776038911732437,3.4973355951001004,cdbox
