nameseq,k1,k2,label
Z38059.1/58140-58275,1.855012493743404,3.6818327198261116,cdbox
AABY01000004.1/79246-79110,1.8423680047578117,3.66383325596306,cdbox
AACI02000464.1/2130-2267,1.8477901913417134,3.636722203281351,cdbox
AACH01000600.1/2227-2363,1.836710985447734,3.621447788179535,cdbox
