nameseq,k1,k2,label
CP001365.1/2074171-2074240,1.8539961212645375,3.491833212775242,cdbox
