nameseq,k1,k2,label
AJ248286.2/162377-162324,1.9784364610739205,3.6703435702111067,cdbox
BA000001.2/1013073-1013126,1.9803464138951994,3.6633321903639184,cdbox
AP006878.1/274146-274093,1.9476174162914321,3.6991320123871527,cdbox
nameseq,k1,k2,label
AJ248286.2/162377-162324,1.9784364610739205,3.6703435702111067,cdbox
BA000001.2/1013073-1013126,1.9803464138951994,3.6633321903639184,cdbox
AP006878.1/274146-274093,1.9476174162914321,3.6991320123871527,cdbox
