nameseq,k1,k2,label
AF195106.1/1-62,1.9662661881716046,3.747548355151822,cdbox
BA000001.2/1732056-1732107,1.9595014655808847,3.691335882370371,cdbox
AF254842.1/1-50,1.9690255736436506,3.682647916297716,cdbox
AE006641.1/2189456-2189402,1.8670132228165333,3.496588023961605,cdbox
