nameseq,k1,k2,label
AJ248284.1/214425-214363,1.9891117711637358,3.7881207076691745,cdbox
BA000001.2/1433294-1433356,1.9797045720334416,3.8187680387964344,cdbox
nameseq,k1,k2,label
AJ248284.1/214425-214363,1.9891117711637358,3.7881207076691745,cdbox
BA000001.2/1433294-1433356,1.9797045720334416,3.8187680387964344,cdbox
