nameseq,k1,k2,label
AJ248286.2/118705-118759,1.9008667021062848,3.325729577588006,cdbox
BA000001.2/1057034-1056980,1.912284774940797,3.5051848455826535,cdbox
nameseq,k1,k2,label
AJ248286.2/118705-118759,1.9008667021062848,3.325729577588006,cdbox
BA000001.2/1057034-1056980,1.912284774940797,3.5051848455826535,cdbox
