nameseq,k1,k2,label
BA000001.2/963521-963465,1.9350535907265765,3.57284270871638,cdbox
AJ248285.1/293100-293155,1.9169696573944681,3.6534902866701375,cdbox
nameseq,k1,k2,label
BA000001.2/963521-963465,1.9350535907265765,3.57284270871638,cdbox
AJ248285.1/293100-293155,1.9169696573944681,3.6534902866701375,cdbox
