nameseq,k1,k2,label
BA000023.2/582159-582106,1.9659902819357729,3.592854124448642,cdbox
BA000001.2/1623026-1622971,1.9581975533596863,3.674263069671373,cdbox
