nameseq,k1,k2,label
CP002372.1/138861-138916,1.974989259681468,3.5963039770751073,cdbox
BA000001.2/902264-902320,1.9829436290910527,3.86979253877157,cdbox
nameseq,k1,k2,label
CP002372.1/138861-138916,1.974989259681468,3.5963039770751073,cdbox
BA000001.2/902264-902320,1.9829436290910527,3.86979253877157,cdbox
