nameseq,k1,k2,label
BA000001.2/1016391-1016333,1.9641583397756142,3.6811733504977275,cdbox
AJ248286.2/158357-158415,1.9641583397756146,3.668879496666744,cdbox
nameseq,k1,k2,label
BA000001.2/1016391-1016333,1.9641583397756142,3.6811733504977275,cdbox
AJ248286.2/158357-158415,1.9641583397756146,3.668879496666744,cdbox
