nameseq,k1,k2,label
AE009950.1/1891933-1891879,1.9649808059316252,3.600945559965794,cdbox
AJ248283.1/64245-64299,1.9822815071445377,3.7357612340709,cdbox
AP006878.1/1103625-1103571,1.957147372072923,3.6277019199297986,cdbox
BA000001.2/55211-55265,1.9577769806354888,3.630753716899809,cdbox
