nameseq,k1,k2,label
AE009950.1/1665032-1665089,1.77838397094701,3.130187325780383,cdbox
