nameseq,k1,k2,label
AJ248285.1/31285-31339,1.875773241018913,3.5297953184890036,cdbox
BA000001.2/1328880-1328826,1.9160755176276383,3.6023957008228344,cdbox
AP006878.1/1626359-1626305,1.9383467772150527,3.5566796428257352,cdbox
nameseq,k1,k2,label
AJ248285.1/31285-31339,1.875773241018913,3.5297953184890036,cdbox
BA000001.2/1328880-1328826,1.9160755176276383,3.6023957008228344,cdbox
AP006878.1/1626359-1626305,1.9383467772150527,3.5566796428257352,cdbox
