nameseq,k1,k2,label
JF929905.1/1-98,1.9727249144232004,3.889913449728064,cdbox
AFXF01000848.1/17725-17628,1.9804871693900126,3.9118776320869912,cdbox
