nameseq,k1,k2,label
JF909323.1/1-74,1.8934920787411031,3.6760463841938273,cdbox
nameseq,k1,k2,label
JF909323.1/1-74,1.8934920787411031,3.6760463841938273,cdbox
