nameseq,k1,k2,label
EF503643.1/1-98,1.9605960712445778,3.764070087918575,cdbox
nameseq,k1,k2,label
EF503643.1/1-98,1.9605960712445778,3.764070087918575,cdbox
