nameseq,k1,k2,label
JF909312.1/1-73,1.8593294475134292,3.590704821719314,cdbox
nameseq,k1,k2,label
JF909312.1/1-73,1.8593294475134292,3.590704821719314,cdbox
