nameseq,k1,k2,label
JF909309.1/1-74,1.95167568011645,3.7784645465601767,cdbox
AFXF01001532.1/89408-89481,1.978402689368553,3.8704240468642457,cdbox
nameseq,k1,k2,label
JF909309.1/1-74,1.95167568011645,3.7784645465601767,cdbox
AFXF01001532.1/89408-89481,1.978402689368553,3.8704240468642457,cdbox
