nameseq,k1,k2,label
EF503648.1/1-60,1.9192963821488147,3.674542524364634,cdbox
AFXF01000011.1/357712-357651,1.908004585624476,3.7389841758591387,cdbox
nameseq,k1,k2,label
EF503648.1/1-60,1.9192963821488147,3.674542524364634,cdbox
AFXF01000011.1/357712-357651,1.908004585624476,3.7389841758591387,cdbox
