nameseq,k1,k2,label
JF909319.1/1-77,1.9467248777911474,3.8139288378944864,cdbox
nameseq,k1,k2,label
JF909319.1/1-77,1.9467248777911474,3.8139288378944864,cdbox
