nameseq,k1,k2,label
EF503645.1/1-59,1.9288395035780377,3.613484280172675,cdbox
nameseq,k1,k2,label
EF503645.1/1-59,1.9288395035780377,3.613484280172675,cdbox
