nameseq,k1,k2,label
JF909304.1/1-76,1.9026156389867066,3.5225246501732608,cdbox
nameseq,k1,k2,label
JF909304.1/1-76,1.9026156389867066,3.5225246501732608,cdbox
