nameseq,average,median,maximum,minimum,peak,none_levated_peak,sample_standard_deviation,population_standard_deviation,percentile15,percentile25,percentile50,percentile75,amplitude,variance,interquartile_range,semi_interquartile_range,coefficient_of_variation,skewness,kurtosis,label
ABFN01001674.1/1569-1669,143.25000000000009,92.60828400294253,462.25,0.4619954294649064,0.23502036067481077,3.1867641636592374,130.59575031370662,131.24710472997108,18.206746125602105,39.258884897548114,92.60828400294253,239.20122800338984,461.78800457053507,17225.8025,199.94234310584173,99.97117155292086,0.911663178455194,1.1633238265887695,0.317359267385219,cdbox
AM921924.1/1-103,155.74999999999997,97.58578213506918,835.0541965007263,7.5662333819527845,0.22043873729266994,3.085171517506755,164.2052831062387,165.00824771424453,30.383806964237287,49.331796306225876,97.58578213506918,211.8831800980422,827.4879631187736,27227.721813725486,162.55138379181633,81.27569189590817,1.054287531982271,1.0626494488724694,0.25537257994774415,cdbox
AM270126.1/44992-44895,148.5,119.21907775804188,514.5849148934923,1.0305714778977668,0.21997755331088664,2.958176394316338,131.05056276109616,131.72434901608486,37.37467625209092,49.06274102934593,119.21907775804188,168.82850622460336,513.5543434155945,17351.304123711336,119.76576519525743,59.882882597628715,0.8824953721285936,0.6702967532158625,0.17409417633260674,cdbox
AAJI01001332.1/9180-9080,149.24999999999997,112.04518178913978,554.4522285786921,3.3500961652387424,0.22557230597431605,3.107560397758053,139.7470929930208,140.44409029930736,20.99177968407855,37.41326728254743,112.04518178913978,193.41707187791653,551.1021324134534,19724.5425,156.0038045953691,78.00190229768455,0.9363289312765215,0.7986889189756154,0.24903401196196132,cdbox
