nameseq,average,median,maximum,minimum,peak,none_levated_peak,sample_standard_deviation,population_standard_deviation,percentile15,percentile25,percentile50,percentile75,amplitude,variance,interquartile_range,semi_interquartile_range,coefficient_of_variation,skewness,kurtosis,label
ABVF01000102.1/235831-235936,152.50000000000003,115.50108718233919,676.0,4.289408850158186,0.23169398907103822,3.1820163731668916,135.13049248781712,135.77244618425763,28.08877954553332,44.72364846443014,115.50108718233919,236.40984032916572,671.7105911498418,18434.157142857137,191.68619186473558,95.84309593236779,0.8861015900840465,0.8214040843741436,0.2945713999440974,cdbox
ABIW01001098.1/7114-7219,146.49999999999994,119.03994320332484,455.4041214986769,2.1115140696260934,0.24118316268486928,3.236766661078835,115.49134166681065,116.0399972095008,23.080522827698267,46.34826405256045,119.03994320332484,227.6971781087785,453.2926074290508,13465.280952380952,181.34891405621806,90.67445702810903,0.7883368031864212,0.7133017003793223,0.3113202591163947,cdbox
AM921937.1/1-105,142.24999999999994,107.87162412563379,932.9415610930017,2.9999999999999996,0.2460456942003516,3.3458187895775993,155.4300485749136,156.17552071061192,20.01072925414874,28.52009355953837,107.87162412563379,200.85005555459497,929.9415610930017,24390.79326923077,172.3299619950566,86.1649809975283,1.0926541200345425,0.6635469046603931,0.3166122226292889,cdbox
ABKI01000243.1/38567-38673,150.75000000000003,105.30075572061675,635.8295590334629,1.9481278230519945,0.2365948037589828,3.237447106377926,131.56224762446104,132.18136750349626,28.196063600350648,41.53132778058496,105.30075572061675,231.88046954744524,633.8814312104109,17471.91391509434,190.34914176686027,95.17457088343014,0.8727180605271045,1.0363743041799407,0.3187182355827551,cdbox
