nameseq,average,median,maximum,minimum,peak,none_levated_peak,sample_standard_deviation,population_standard_deviation,percentile15,percentile25,percentile50,percentile75,amplitude,variance,interquartile_range,semi_interquartile_range,coefficient_of_variation,skewness,kurtosis,label
DQ789422.1/5-79,104.74999999999997,62.72309613809266,340.41032764019013,0.25,0.23866348448687358,2.8239508947009893,101.47721419116705,102.16057015597842,13.271261241282799,21.10398568250738,62.72309613809266,165.45783087177702,340.16032764019013,10436.78209459459,144.35384518926963,72.17692259463482,0.9687562213953897,1.242453417653009,0.2669989587655465,cdbox
AY948650.1/1-70,97.49999999999997,47.564713252990224,459.8471908835127,0.0,0.23931623931623938,2.7888216259208973,116.62439710455098,117.4664614484381,10.971774507562975,23.711487091032122,47.564713252990224,130.86235139783543,459.8471908835127,13798.369565217392,107.1508643068033,53.57543215340165,1.1961476626107796,1.2845156241770912,0.20154998153751227,cdbox
