nameseq,average,median,maximum,minimum,peak,none_levated_peak,sample_standard_deviation,population_standard_deviation,percentile15,percentile25,percentile50,percentile75,amplitude,variance,interquartile_range,semi_interquartile_range,coefficient_of_variation,skewness,kurtosis,label
AY948623.1/1-88,114.00000000000004,84.19869917910691,362.80156683427015,1.579087416827977,0.2573099415204677,3.035429968134506,94.64671151181112,95.18910398381412,26.737750981232654,46.873948134763566,84.19869917910691,150.302237565531,361.2224794174422,9060.965517241379,103.42828943076742,51.71414471538371,0.8302343115071148,0.9446065376663672,0.20912643779348747,cdbox
CAAC02000575.1/854533-854445,114.25,99.4188456281796,468.74185248193226,0.03371518000972087,0.25966447848285923,3.1733381099716738,108.21506364642586,108.82818506083964,11.69324086264061,25.643565837636363,99.4188456281796,148.09802753793193,468.70813730192253,11843.573863636362,122.45446170029557,61.227230850147784,0.9471777999687165,0.411157759522611,0.23243029567985987,cdbox
DQ789436.1/1-87,109.74999999999996,74.66062293017276,425.05721995462284,0.07703669624622012,0.264236902050114,3.155535220128853,107.816394857183,108.44142267216338,14.14377211056281,27.096004288266734,74.66062293017276,121.72315522778044,424.9801832583766,11759.542151162792,94.62715093951371,47.313575469756856,0.9823817299059958,0.9763647852344077,0.1715824097483613,cdbox
