nameseq,average,median,maximum,minimum,peak,none_levated_peak,sample_standard_deviation,population_standard_deviation,percentile15,percentile25,percentile50,percentile75,amplitude,variance,interquartile_range,semi_interquartile_range,coefficient_of_variation,skewness,kurtosis,label
AY948672.1/1-119,141.75,95.95823212920828,687.4450457552413,0.10906544725070028,0.27983539094650206,3.7020264301812422,132.36833080461506,132.92803026003793,28.4667902624263,56.051726807441874,95.95823212920828,170.48263524797477,687.3359803079906,17669.861228813563,114.4309084405329,57.21545422026645,0.9338153848650093,1.0378260629058678,0.20180790595921386,cdbox
CAAC02000589.1/214835-214717,137.75000000000003,94.83345663833622,765.1519589482958,0.7615329913587595,0.28796128251663633,3.806749446726702,138.9257895424748,139.5132162198263,21.985386111318903,36.190971856986174,94.83345663833622,188.67759214888252,764.3904259569371,19463.9375,152.48662029189634,76.24331014594817,1.008535677259345,0.92675111301511,0.24375451339813073,cdbox
AAGD02001053.1/233627-233746,156.00000000000003,105.30737077101269,886.9629732153378,1.761909541049152,0.2564102564102564,3.640443299253416,159.43650773897423,160.1050075587211,27.994781033102214,37.59549150281251,105.30737077101269,245.2394774181814,885.2010636742887,25633.61344537814,207.6439859153689,103.82199295768444,1.022028895762655,0.9538460785652708,0.30996284111013844,cdbox
ABLE03023995.1/5294-5411,147.49999999999997,77.93531026640784,693.2102991971709,2.9072418651335683,0.2666666666666667,3.6832798156278734,151.74732287589129,152.39443593046337,27.881650125277417,35.625531425062455,77.93531026640784,246.47517482377805,690.3030573320374,23224.064102564105,210.84964339871559,105.42482169935779,1.0287954093280767,1.3752734825606105,0.30698438886942103,cdbox
