nameseq,average,median,maximum,minimum,peak,none_levated_peak,sample_standard_deviation,population_standard_deviation,percentile15,percentile25,percentile50,percentile75,amplitude,variance,interquartile_range,semi_interquartile_range,coefficient_of_variation,skewness,kurtosis,label
DQ789510.1/3-70,99.00000000000003,57.59656709790512,414.29347077423074,1.0,0.2289562289562289,2.6056577812377233,101.03464752252069,101.78584483588679,19.727508356142696,30.68652092048604,57.59656709790512,152.94793003473572,413.29347077423074,10360.358208955222,122.26140911424969,61.130704557124844,1.0205519951769764,1.2293832041983237,0.241740882543085,cdbox
AY948689.1/1-68,95.00000000000001,51.33054568648474,408.36668232819386,0.22781045421013008,0.23859649122807014,2.6332583787262505,94.11694852681956,94.81671242573158,18.472074067532457,39.0269159290625,51.33054568648474,138.58046209550747,408.1388718739837,8990.208955223881,99.55354616644497,49.77677308322249,0.9907047213349426,1.391974187340059,0.2315400308246208,cdbox
