nameseq,average,median,maximum,minimum,peak,none_levated_peak,sample_standard_deviation,population_standard_deviation,percentile15,percentile25,percentile50,percentile75,amplitude,variance,interquartile_range,semi_interquartile_range,coefficient_of_variation,skewness,kurtosis,label
DQ789409.1/1-64,90.0,60.23989757977619,444.171052458644,3.055678683433107,0.23703703703703702,2.5184794102700003,88.88756943465155,89.59024890250444,20.076747945179783,32.86918843099679,60.23989757977619,125.57822524923455,441.1153737752109,8026.412698412699,92.70903681823776,46.35451840911888,0.9876396603850173,1.0044183661283326,0.2517202746694931,cdbox
AY948696.1/1-69,95.24999999999999,43.859897456238926,571.0000000000001,0.4713279355219445,0.2414698162729659,2.7883856269246547,118.3691260422244,119.23631072000529,10.558382854426227,21.0402137916585,43.859897456238926,103.23695833420061,570.5286720644782,14217.29779411765,82.1967445425421,41.09837227127105,1.2427204833829335,1.3024537122652056,0.17308744757653094,cdbox
