nameseq,average,median,maximum,minimum,peak,none_levated_peak,sample_standard_deviation,population_standard_deviation,percentile15,percentile25,percentile50,percentile75,amplitude,variance,interquartile_range,semi_interquartile_range,coefficient_of_variation,skewness,kurtosis,label
DQ789465.1/2-125,168.99999999999991,127.01650933488159,718.9972694439184,4.570891505886214,0.24457593688362933,3.5381133495907315,157.26728839781018,157.90529218747866,24.420457541501662,63.61586968209791,127.01650933488159,199.36010446388704,714.4263779380321,24934.081300813006,135.74423478178915,67.87211739089457,0.9305756709929601,0.8008688474157525,0.17049413930760313,cdbox
