nameseq,average,median,maximum,minimum,peak,none_levated_peak,sample_standard_deviation,population_standard_deviation,percentile15,percentile25,percentile50,percentile75,amplitude,variance,interquartile_range,semi_interquartile_range,coefficient_of_variation,skewness,kurtosis,label
CAAC02000486.1/298980-299055,106.99999999999999,50.184585690102914,515.555219456496,0.48197616599047216,0.23676012461059193,2.930955953319946,139.31977605494487,140.24549903651095,10.783357697638351,22.021822669865244,50.184585690102914,112.84126792720393,515.0732432905056,19668.799999999992,90.81944525733869,45.40972262866934,1.3020539818219148,1.2234174340222217,0.12870973143154793,cdbox
AY948711.1/1-78,109.49999999999996,92.80326849134806,662.5161116185121,1.9747946432287118,0.23744292237442932,2.743126126612205,112.67320000781018,113.40248399670693,28.092956678290815,39.55626258103007,92.80326849134806,140.3547638036997,660.5413169752834,12860.123376623373,100.79850122266964,50.39925061133482,1.0289789955051163,0.44456174602730353,0.29337895182003854,cdbox
DQ789512.1/1-74,104.49999999999999,60.76244185616486,508.32176622405433,0.08110765065535205,0.23604465709728872,2.7725968435851405,117.68708510282679,118.49041924161966,11.021597554090139,40.71200128640625,60.76244185616486,118.44066199571601,508.240658573399,14039.979452054791,77.72866070930976,38.86433035465488,1.1261922019409263,1.1149284079630393,0.16072336121208922,cdbox
