nameseq,average,median,maximum,minimum,peak,none_levated_peak,sample_standard_deviation,population_standard_deviation,percentile15,percentile25,percentile50,percentile75,amplitude,variance,interquartile_range,semi_interquartile_range,coefficient_of_variation,skewness,kurtosis,label
AJ699371.1/1-81,140.24999999999994,103.87943345935544,708.3914901845853,2.8390391825540475,0.1925133689839573,2.5407370684771706,141.1488575936766,142.02829823665422,31.480591727519545,43.56320437571729,103.87943345935544,146.58510673468706,705.5524510020313,20172.037499999995,103.02190235896977,51.510951179484884,1.0064089667998337,0.7730257366732074,0.18153924752714917,cdbox
AAFI02000013.1/120819-120899,142.24999999999997,96.78092086130164,690.0778853621173,2.127119307263152,0.18980667838312834,2.538124514525746,144.10759868931268,145.00547403460325,30.25,41.02040571793326,96.78092086130164,148.12460249671062,687.9507660548542,21026.587499999998,107.10419677877736,53.55209838938868,1.0130586902587888,0.9465651961225223,0.17074506181027455,cdbox
ADID01000479.1/7580-7497,151.0,97.85306120819521,537.7456739806016,2.750984379977512,0.18543046357615894,2.5667531569654747,148.1148203253138,149.004406824134,27.17873308604373,49.0,97.85306120819521,167.055286682257,534.9946896006242,22202.313253012035,118.05528668225699,59.027643341128496,0.9808928498365151,1.0764676757209344,0.1354903621868481,cdbox
