nameseq,average,median,maximum,minimum,peak,none_levated_peak,sample_standard_deviation,population_standard_deviation,percentile15,percentile25,percentile50,percentile75,amplitude,variance,interquartile_range,semi_interquartile_range,coefficient_of_variation,skewness,kurtosis,label
AJ703794.1/1-81,130.25,82.53033419238747,602.6056393203752,6.105667671372698,0.2072936660268714,2.659661685029729,131.9545376256535,132.77669223173172,21.710518263408744,37.28218492976135,82.53033419238747,182.94353338546108,596.4999716490025,17629.650000000005,145.66134845569974,72.83067422784987,1.0130866612334242,1.0849115157295341,0.3262569936221567,cdbox
AAFI02000135.1/5897-5817,130.25,82.53033419238747,602.6056393203752,6.105667671372698,0.2072936660268714,2.659661685029729,131.9545376256535,132.77669223173172,21.710518263408744,37.28218492976135,82.53033419238747,182.94353338546108,596.4999716490025,17629.650000000005,145.66134845569974,72.83067422784987,1.0130866612334242,1.0849115157295341,0.3262569936221567,cdbox
