nameseq,average,median,maximum,minimum,peak,none_levated_peak,sample_standard_deviation,population_standard_deviation,percentile15,percentile25,percentile50,percentile75,amplitude,variance,interquartile_range,semi_interquartile_range,coefficient_of_variation,skewness,kurtosis,label
AJ699369.1/1-88,127.99999999999999,54.24366783116521,757.5389724756071,0.009643627209956287,0.22916666666666669,3.0363115301246975,154.59301407243473,155.4789411766921,18.656854249492376,32.94677208628342,54.24366783116521,158.88720306228845,757.5293288483972,24173.701149425287,125.94043097600503,62.970215488002516,1.2077579224408965,1.4313001000344587,0.20533842207340425,cdbox
