nameseq,average,median,maximum,minimum,peak,none_levated_peak,sample_standard_deviation,population_standard_deviation,percentile15,percentile25,percentile50,percentile75,amplitude,variance,interquartile_range,semi_interquartile_range,coefficient_of_variation,skewness,kurtosis,label
ACGJ01002918.1/30690-30632,80.74999999999999,46.14166600621169,301.0308400424036,0.05497148725131814,0.24355005159958726,2.4997765554036704,81.51456924991996,82.2142779570556,14.787551661003514,19.781405492411555,46.14166600621169,121.50328337309455,300.9758685551523,6759.187499999997,101.721877880683,50.8609389403415,1.00946834984421,1.273698713453814,0.2793710425463633,cdbox
ACVC01000099.1/120002-119944,76.75000000000001,57.0400340443347,289.39079789487573,6.529474744973947,0.25624321389793697,2.4384903866444105,64.3243732965973,64.87652396721765,21.618325814551,32.611325791082905,57.0400340443347,109.50498464141543,282.8613231499018,4208.963362068966,76.89365885033253,38.446829425166264,0.83810258366902,0.9192456115250461,0.273248366584755,cdbox
