nameseq,average,median,maximum,minimum,peak,none_levated_peak,sample_standard_deviation,population_standard_deviation,percentile15,percentile25,percentile50,percentile75,amplitude,variance,interquartile_range,semi_interquartile_range,coefficient_of_variation,skewness,kurtosis,label
X52629.1/325-543,252.75,186.05822550982336,1370.50106121379,6.45902873448272,0.2888229475766568,5.167412265686661,244.0586507378913,244.6177778183153,33.758656331172055,64.41171761724554,186.05822550982336,360.61945984226475,1364.0420324793074,59837.85722477066,296.2077422250192,148.1038711125096,0.9656128614753365,0.8197837809297831,0.2669762927792933,cdbox
X52630.1/529-746,258.49999999999983,160.36298318282746,1207.1498497363805,0.31334766326085234,0.281108961960026,5.174106638882359,262.6561440362666,263.26064689346373,43.62101039253413,68.71042224968929,160.36298318282746,381.2272703267546,1206.8365020731196,69306.168202765,312.51684807706533,156.25842403853267,1.0160779266393298,1.12089915707765,0.2296954618269593,cdbox
AB265221.1/2418-2307,148.00000000000003,96.60283092381962,852.090697640808,1.6959846565876706,0.25225225225225223,3.4241027660340086,144.07636863830237,144.72390614203655,28.285020177218843,52.68811858781852,96.60283092381962,243.327473386443,850.3947129842203,20945.00900900901,190.63935479862448,95.31967739931224,0.9734889772858266,1.0702067846784262,0.3512593692211316,cdbox
AB007644.1/28030-28248,250.75,176.89108384673904,1430.8517455998015,3.3496703301688866,0.29112662013958124,5.1781083698552,240.76051378911782,241.31208499034054,34.937220819324,69.65688876269418,176.89108384673904,355.86283898489694,1427.5020752696325,58231.52236238533,286.2059502222028,143.1029751111014,0.9601615704451358,0.9203201346125304,0.24797495845087564,cdbox
