nameseq,average,median,maximum,minimum,peak,none_levated_peak,sample_standard_deviation,population_standard_deviation,percentile15,percentile25,percentile50,percentile75,amplitude,variance,interquartile_range,semi_interquartile_range,coefficient_of_variation,skewness,kurtosis,label
ABGT01006737.1/707-786,138.0,106.06335551226104,576.0,3.0506088427791718,0.1932367149758454,2.5821456762932997,140.40655255364683,141.29240709888646,13.060849816452626,30.596711665776425,106.06335551226104,161.28870802291067,572.9493911572208,19963.544303797462,130.69199635713426,65.34599817856713,1.0174387866206291,0.6823750866371397,0.23300881911946666,cdbox
CAAI01000969.1/797-720,131.49999999999991,71.55796075361744,688.0332724915874,1.0,0.19771863117870736,2.6156736381856383,152.96159648748434,153.95164951896544,21.718089928395514,37.16615969151704,71.55796075361744,161.27630013133216,687.0332724915874,23701.11038961037,124.11014043981513,62.05507021990756,1.1632060569390452,1.175629189734962,0.2418233140477253,cdbox
