nameseq,average,median,maximum,minimum,peak,none_levated_peak,sample_standard_deviation,population_standard_deviation,percentile15,percentile25,percentile50,percentile75,amplitude,variance,interquartile_range,semi_interquartile_range,coefficient_of_variation,skewness,kurtosis,label
AY948658.1/3-77,124.74999999999997,65.77650281330887,491.33054640386337,0.3587773715719008,0.20040080160320645,2.6164576381708495,134.270715347763,135.17490546535464,24.69239495844321,32.80196974347858,65.77650281330887,195.68731150431873,490.9717690322915,18272.255067567563,162.88534176084016,81.44267088042008,1.0763183595011065,1.3176401950480923,0.2359497657423776,cdbox
DQ789434.1/1-68,107.0,80.96700406766352,340.2036745853574,1.935347346970968,0.21183800623052962,2.496424721289516,96.60745312862772,97.32573404533196,6.99476130534809,20.37975099146647,80.96700406766352,162.29482161972732,338.26832723838646,9472.298507462689,141.91507062826085,70.95753531413042,0.9028733937254928,0.8084157615978629,0.2915245790802624,cdbox
AAGD02000367.1/6414-6343,110.0,61.3309724467549,561.822229153652,0.2441289371582373,0.21818181818181817,2.7249773333668688,127.51862609046567,128.41350462086953,9.884934467584689,16.113819163644532,61.3309724467549,147.80826595737446,561.5781002164937,16490.02816901408,131.69444679372992,65.84722339686496,1.1592602371860516,1.144986321889583,0.227899733498252,cdbox
