nameseq,average,median,maximum,minimum,peak,none_levated_peak,sample_standard_deviation,population_standard_deviation,percentile15,percentile25,percentile50,percentile75,amplitude,variance,interquartile_range,semi_interquartile_range,coefficient_of_variation,skewness,kurtosis,label
AY948656.1/6-128,150.75000000000003,92.47830388400388,607.5426804283519,0.271412467999343,0.2719734660033167,3.8721743786008105,154.3231188124449,154.95429984670835,18.931109241837255,27.88700649994241,92.47830388400388,233.1058655635458,607.2712679603526,24010.8350409836,205.2188590636034,102.6094295318017,1.023702280679568,1.1327861288265453,0.31731277702594884,cdbox
DQ789410.1/2-123,152.50000000000006,103.48955202463347,653.734531689632,0.0,0.26666666666666655,3.74525244450228,148.28435520984675,148.89583968123546,28.01146569485214,42.519620279087675,103.48955202463347,224.36586037810648,653.734531689632,22169.97107438017,181.84624009901881,90.92312004950941,0.9723564276055521,0.9915499427975812,0.24101867843866942,cdbox
