nameseq,average,median,maximum,minimum,peak,none_levated_peak,sample_standard_deviation,population_standard_deviation,percentile15,percentile25,percentile50,percentile75,amplitude,variance,interquartile_range,semi_interquartile_range,coefficient_of_variation,skewness,kurtosis,label
Z72511.1/19566-19656,112.75000000000006,76.6423987588288,341.7114869741801,3.8308079247857534,0.269031781226903,3.1248033383145106,89.80882473343031,90.30638435656451,30.60914630675302,45.62835004202954,76.6423987588288,178.56461652342492,337.88067904939436,8155.243055555559,132.93626648139536,66.46813324069768,0.7965305963053683,1.2061487726293765,0.2829484870963095,cdbox
DQ789428.1/2-92,114.75000000000006,71.42200866105411,426.1036937034085,0.8839961315856509,0.26434277414669555,3.2095817483966385,106.89539279127048,107.48761556570135,13.999508382005821,34.546871208531634,71.42200866105411,170.45042300194223,425.21969757182285,11553.587500000003,135.9035517934106,67.9517758967053,0.9315502639762129,1.2159922951090263,0.23216924834318747,cdbox
AAGD02011065.1/170533-170623,112.75000000000004,70.85852836047786,438.52668829311875,4.378175522013279,0.2690317812269031,3.192014266255182,102.57984694860878,103.14816069884891,19.883839114307044,34.10161183462149,70.85852836047786,170.90426909270215,434.14851277110546,10639.54305555556,136.80265725808067,68.40132862904034,0.9097990860187027,1.2251374773597377,0.27716906959473164,cdbox
