nameseq,average,median,maximum,minimum,peak,none_levated_peak,sample_standard_deviation,population_standard_deviation,percentile15,percentile25,percentile50,percentile75,amplitude,variance,interquartile_range,semi_interquartile_range,coefficient_of_variation,skewness,kurtosis,label
U70870.1/2038-1941,144.5,67.72615368204083,546.0471097064185,1.1287449518219885,0.22606689734717414,3.198055211632164,157.56982579161533,158.37995877069227,15.327791302921009,27.047993548485323,67.72615368204083,200.48895155364065,544.9183647545965,25084.211340206184,173.44095800515532,86.72047900257766,1.0904486213952618,1.4617109449525931,0.2145676267422892,cdbox
CAAC02000447.1/926003-925906,134.49999999999997,93.39781160859431,729.0,1.185372737172988,0.24287484510532842,3.1941017968767262,128.58557461861733,129.24668732918076,19.332338931451012,33.243536906874965,93.39781160859431,175.00398958000883,727.814627262827,16704.70618556701,141.76045267313387,70.88022633656693,0.9560265770900919,0.9589455546622722,0.24943582793145774,cdbox
AAGD02003554.1/75595-75692,140.5,101.7497188371878,548.3129362371969,5.1234272804764585,0.23250296559905098,3.0851035209909203,132.18263879950345,132.86224553521512,26.726903492485853,35.20222220557776,101.7497188371878,197.7874513441957,543.1895089567205,17652.376288659794,162.58522913861793,81.29261456930897,0.9408016996405939,0.8794713477067708,0.2528454455570004,cdbox
