nameseq,average,median,maximum,minimum,peak,none_levated_peak,sample_standard_deviation,population_standard_deviation,percentile15,percentile25,percentile50,percentile75,amplitude,variance,interquartile_range,semi_interquartile_range,coefficient_of_variation,skewness,kurtosis,label
BA000025.2/106547-106465,108.74999999999997,63.57099607887355,549.5209452701545,3.5691979883411573,0.2544061302681993,3.034535455756549,110.07327105160451,110.74241564076168,14.267337435775916,25.472393191612202,63.57099607887355,172.2398028686383,545.9517472818134,12263.882621951218,146.76740967702608,73.38370483851304,1.0121680096699268,1.2313344599329374,0.31817978999018637,cdbox
CAEC01451444.1/3050-3132,108.75,82.84252219512695,446.35068780610413,2.164482481366055,0.25440613026819925,2.993380258296604,103.70209737512543,104.33251106847595,16.34169961763755,30.855517672372045,82.84252219512695,135.98416617524674,444.18620532473807,10885.272865853656,105.1286485028747,52.56432425143735,0.9535825045988545,0.7494779313235193,0.20158976348961838,cdbox
ABGA01191011.1/5367-5285,108.74999999999997,62.59030500804332,623.2417537960508,0.011575180683266439,0.2544061302681993,3.0907918020201013,117.83091699549826,118.54722096093597,10.150350836656568,21.63037885864263,62.59030500804332,170.15984982754688,623.2301786153675,14053.443597560976,148.52947096890426,74.26473548445213,1.0835026850160763,1.1752355706538424,0.31602599331408293,cdbox
AANU01173885.1/1048-969,104.0,75.30591329486276,607.8773075812276,1.6187214313839073,0.25641025641025644,3.0050435464430105,119.63695081370136,120.39176556222554,11.120374886842669,27.86102069301945,75.30591329486276,127.12269241877263,606.2585861498436,14494.177215189877,99.26167172575317,49.63083586287659,1.15035529628559,0.7195290378928079,0.2595615593577954,cdbox
