nameseq,average,median,maximum,minimum,peak,none_levated_peak,sample_standard_deviation,population_standard_deviation,percentile15,percentile25,percentile50,percentile75,amplitude,variance,interquartile_range,semi_interquartile_range,coefficient_of_variation,skewness,kurtosis,label
AC097725.2/165119-165045,116.74999999999996,109.9229856737469,293.9095190948572,0.3815302494515718,0.21413276231263392,2.5408890803922413,88.0376339981942,88.63048671690613,20.918459009986197,37.06293742369705,109.9229856737469,168.0367003418845,293.5279888454057,7855.363175675675,130.97376291818745,65.48688145909372,0.7540696702200791,0.2326396343088831,0.2698472771114863,cdbox
AC097725.2/165332-165259,118.49999999999996,76.88653430587333,390.36800668441975,1.0,0.2081575246132209,2.551037110288977,106.47182725960889,107.19860584863223,23.934003667432837,27.08186962711226,76.88653430587333,189.52711472658243,389.36800668441975,11491.541095890409,162.44524509947016,81.22262254973508,0.8984964325705395,1.1725204713354187,0.31537713406419204,cdbox
AC097725.2/165542-165471,113.99999999999997,71.00671309975417,393.3861901218719,0.5120516600504077,0.21052631578947373,2.5470238571868276,105.76861538282516,106.51086038654316,18.991420876571674,37.42941627789535,71.00671309975417,169.2368705939082,392.8741384618215,11344.563380281688,131.80745431601287,65.90372715800643,0.9277948717791683,1.2194530507362709,0.2580233476199145,cdbox
AAQB01006225.1/108648-108570,125.75,92.16846545716963,503.61004187862136,2.0411207626273313,0.20941020543406227,2.614557016312377,111.8967157694988,112.61171803352234,25.805175761907133,49.64922012579311,92.16846545716963,186.89134809736348,501.56892111599404,12681.399038461539,137.24212797157037,68.62106398578518,0.889834717848897,0.9003356616472958,0.26835647931606604,cdbox
