nameseq,average,median,maximum,minimum,peak,none_levated_peak,sample_standard_deviation,population_standard_deviation,percentile15,percentile25,percentile50,percentile75,amplitude,variance,interquartile_range,semi_interquartile_range,coefficient_of_variation,skewness,kurtosis,label
AC007580.6/21024-21105,140.49999999999994,57.996648314162655,655.2206318944777,2.3054765794680256,0.1945432977461448,2.6706101693534245,164.25665892133568,165.26747867070776,31.913869906981024,40.36279855087673,57.996648314162655,203.34689107696798,652.9151553150097,27313.339506172844,162.98409252609125,81.49204626304562,1.169086540365379,1.5068494433217903,0.24334706201947573,cdbox
AC007580.6/21266-21347,136.49999999999994,88.36718472112163,1077.7586627722396,1.0,0.2002442002442003,2.635899986364231,179.50557094419102,180.61023103787767,38.10324159330524,45.92788648669504,88.36718472112163,141.95687288474358,1076.7586627722396,32620.055555555555,96.02898639804854,48.01449319902427,1.3150591277962718,0.8044232002221757,0.22149095952352238,cdbox
AC008306.3/141140-141221,140.49999999999994,57.996648314162655,655.2206318944777,2.3054765794680256,0.1945432977461448,2.6706101693534245,164.25665892133568,165.26747867070776,31.913869906981024,40.36279855087673,57.996648314162655,203.34689107696798,652.9151553150097,27313.339506172844,162.98409252609125,81.49204626304562,1.169086540365379,1.5068494433217903,0.24334706201947573,cdbox
AC008306.3/141382-141463,136.49999999999994,88.36718472112163,1077.7586627722396,1.0,0.2002442002442003,2.635899986364231,179.50557094419102,180.61023103787767,38.10324159330524,45.92788648669504,88.36718472112163,141.95687288474358,1076.7586627722396,32620.055555555555,96.02898639804854,48.01449319902427,1.3150591277962718,0.8044232002221757,0.22149095952352238,cdbox
