nameseq,average,median,maximum,minimum,peak,none_levated_peak,sample_standard_deviation,population_standard_deviation,percentile15,percentile25,percentile50,percentile75,amplitude,variance,interquartile_range,semi_interquartile_range,coefficient_of_variation,skewness,kurtosis,label
AY060937.1/627-715,130.24999999999997,61.84737474182673,1095.254268321939,0.25,0.22776711452335258,3.1903748141952977,199.30253385243245,200.43173571522593,14.675594572869038,18.698401162369414,61.84737474182673,118.30763014037962,1095.004268321939,40172.88068181817,99.60922897801021,49.804614489005104,1.5301538107672361,1.029630039357451,0.13392996879856467,cdbox
AY060937.1/872-959,136.00000000000003,76.25342609402102,807.2488556074491,0.6275635874842025,0.21568627450980388,2.9898769577217172,173.30031736843415,174.29345052683914,17.249811075991357,37.0563655016949,76.25342609402102,140.13182020402166,806.6212920199648,30378.206896551725,103.07545470232677,51.53772735116338,1.2742670394737803,1.0342723224036328,0.14343605246670413,cdbox
AY060937.1/1109-1197,140.24999999999997,91.27956616989134,677.3890449677974,5.913441539696178,0.21152703505644688,2.860281576955593,161.14124239312542,162.05423124261944,21.18011275990549,39.21840898802039,91.27956616989134,167.91432116371513,671.4756034281013,26261.57386363637,128.69591217569473,64.34795608784736,1.1489571650133723,0.9116927442567205,0.2261722824397169,cdbox
AY060937.1/1349-1435,129.74999999999997,90.443155289133,489.15453488888215,3.6434868043235924,0.22350674373795765,2.9179813557417047,127.21389468135939,127.95137271272148,12.738029663785104,28.999753688745848,90.443155289133,173.47212674629162,485.5110480845586,16371.553779069767,144.47237305754578,72.23618652877289,0.9804539089122113,0.926946969338246,0.21069222816380798,cdbox
