nameseq,average,median,maximum,minimum,peak,none_levated_peak,sample_standard_deviation,population_standard_deviation,percentile15,percentile25,percentile50,percentile75,amplitude,variance,interquartile_range,semi_interquartile_range,coefficient_of_variation,skewness,kurtosis,label
AC008234.9/100346-100423,125.49999999999997,92.11055358524848,510.07686380460154,4.0,0.2071713147410359,2.6096853022072786,120.56222459792286,121.34257076772141,19.87826953773745,33.32666718343656,92.11055358524848,168.95024755084535,506.07686380460154,14724.019480519479,135.62358036740878,67.81179018370439,0.9606551760790668,0.8308434883174862,0.27366188816003856,cdbox
AC008234.9/101391-101468,125.49999999999997,89.18818090265287,668.8154815537642,1.7454149000797083,0.2071713147410359,2.627632732288212,131.61781794270863,132.46972209802232,20.689400049630787,29.17510674338701,89.18818090265287,169.9043217454248,667.0700666536845,17548.22727272726,140.7292150020378,70.3646075010189,1.048747553328356,0.827664969643087,0.27616509814196233,cdbox
AAKO01000332.1/5610-5532,119.75,72.33136360948835,614.4712538059696,2.1391567578786086,0.21990257480862907,2.7568339438213814,134.05549224108648,134.9120855718024,19.07349902612666,28.733862592549144,72.33136360948835,159.36443346106702,612.332097048091,18201.270833333332,130.63057086851788,65.31528543425894,1.1194613130779665,1.0611718087290356,0.24585630190388275,cdbox
AAPQ01006469.1/479113-479035,127.75,82.61594309104225,728.2494867453365,0.5115482895274082,0.20613176777560338,2.7014581764257857,146.42020010913797,147.35580196176488,16.195795973415187,29.223000032850067,82.61594309104225,154.57326881218125,727.7379384558092,21713.732371794875,125.35026877933119,62.675134389665594,1.1461463805020584,0.9247506192857805,0.23070416011973238,cdbox
