nameseq,average,median,maximum,minimum,peak,none_levated_peak,sample_standard_deviation,population_standard_deviation,percentile15,percentile25,percentile50,percentile75,amplitude,variance,interquartile_range,semi_interquartile_range,coefficient_of_variation,skewness,kurtosis,label
AC006074.1/17650-17571,124.00000000000004,97.28693054649267,376.3983891955153,1.279142837212115,0.21505376344086016,2.642160009378432,99.06058752097121,99.68558165488837,25.15381082767236,41.740155692917796,97.28693054649267,188.30287732821273,375.11924635830314,9937.215189873416,146.56272163529493,73.28136081764747,0.7988757058142837,0.8089918540363652,0.30599354208107366,cdbox
AC006074.1/17919-17840,131.99999999999997,88.14284269085714,577.8942163939764,0.001772647417605103,0.20202020202020207,2.6087941920255564,119.79983305497548,120.55567546190409,22.03218532982887,33.779255867599026,88.14284269085714,192.46911385982304,577.8924437465588,14533.670886075945,158.689857992224,79.344928996112,0.9075744928407236,1.098260895464279,0.3125373342403415,cdbox
AASR01002759.1/1062-983,122.0,80.25048249671133,374.2607325894639,2.201834677549528,0.21857923497267762,2.69458912752885,103.28601066940283,103.93766388890765,20.464375049412077,38.82677967527764,80.25048249671133,195.97024921208785,372.05889791191436,10803.037974683539,157.14346953681022,78.57173476840511,0.8466066448311708,1.2126381075048076,0.3031808924496155,cdbox
AANI01016540.1/23340-23260,124.25000000000003,99.51951721623223,446.0055537870285,1.0686039515648056,0.2173038229376257,2.710037440572719,110.25878649794763,110.9457637767211,16.288697717840456,37.57493639755765,99.51951721623223,155.70314740209085,444.9369498354637,12308.962499999998,118.1282110045332,59.0641055022666,0.8873946599432403,0.6728846807386585,0.20246131854587168,cdbox
