nameseq,average,median,maximum,minimum,peak,none_levated_peak,sample_standard_deviation,population_standard_deviation,percentile15,percentile25,percentile50,percentile75,amplitude,variance,interquartile_range,semi_interquartile_range,coefficient_of_variation,skewness,kurtosis,label
AC093192.2/140443-140346,154.49999999999991,92.72543863347298,625.0,2.1229609140068284,0.21143473570658047,2.9610508797336155,144.167437377516,144.90866302107924,30.279931565965786,45.876219986440574,92.72543863347298,237.90708307668928,622.8770390859931,20998.520618556697,192.03086309024872,96.01543154512436,0.9331225720227577,1.2854753297327004,0.307014901821857,cdbox
AC093192.2/140665-140574,142.99999999999994,115.59014916461925,556.0165508271596,1.6626127947584945,0.21445221445221455,2.8369176757875696,122.62952336203543,123.30147098576212,29.596928932532794,51.69128489754747,115.59014916461925,201.85442456171435,554.3539380324011,15203.252747252738,150.1631396641669,75.08156983208345,0.8575491144198285,0.6705526552800688,0.2738379825347482,cdbox
AC093192.2/140885-140801,139.24999999999997,104.56438148941425,1155.2554874798338,2.5801010555896196,0.20347097546379417,2.768205354224651,183.3773432024796,184.46564559495053,13.774187680270847,35.971116129460775,104.56438148941425,163.78069303802584,1152.6753864242442,34027.574404761894,127.80957690856508,63.90478845428254,1.3168929493894408,0.5674466306170703,0.2638084834624156,cdbox
AC105264.3/54702-54605,154.49999999999991,92.72543863347298,625.0,2.1229609140068284,0.21143473570658047,2.9610508797336155,144.167437377516,144.90866302107924,30.279931565965786,45.876219986440574,92.72543863347298,237.90708307668928,622.8770390859931,20998.520618556697,192.03086309024872,96.01543154512436,0.9331225720227577,1.2854753297327004,0.307014901821857,cdbox
