nameseq,average,median,maximum,minimum,peak,none_levated_peak,sample_standard_deviation,population_standard_deviation,percentile15,percentile25,percentile50,percentile75,amplitude,variance,interquartile_range,semi_interquartile_range,coefficient_of_variation,skewness,kurtosis,label
ABDC01407961.1/461-543,106.75000000000003,79.99092890590218,449.6569103721322,0.7830041996367557,0.2591725214676034,3.0308524475086704,101.55848068969917,102.17586315855189,14.76037523508365,28.41311609519275,79.99092890590218,139.23290863102778,448.8739061724954,10439.90701219512,110.81979253583503,55.40989626791752,0.9513675006060809,0.7904530742988544,0.24279450516206286,cdbox
AANU01214492.1/21213-21296,100.99999999999996,80.65042958608936,495.23840175367843,1.0,0.27722772277227736,3.0969620538115277,94.22313940853381,94.78904923788235,16.37043270324161,32.36456707185452,80.65042958608936,132.20100599963854,494.23840175367843,8984.963855421685,99.83643892778402,49.91821946389201,0.9329023703815232,0.6479163358910816,0.2381006256786566,cdbox
AK026501.1/773-856,113.00000000000003,71.0927389314801,541.5396719429006,7.504847261520492,0.24778761061946897,2.9048931237500555,104.88088481701516,105.51080570482783,24.124599940995257,38.32499186991096,71.0927389314801,159.76038475893614,534.0348246813801,11132.53012048193,121.43539288902518,60.71769644451259,0.928149423159426,1.1987101693974604,0.2831907689433533,cdbox
AC010538.9/180240-180157,113.00000000000003,71.0927389314801,541.5396719429006,7.504847261520492,0.24778761061946897,2.9048931237500555,104.88088481701516,105.51080570482783,24.124599940995257,38.32499186991096,71.0927389314801,159.76038475893614,534.0348246813801,11132.53012048193,121.43539288902518,60.71769644451259,0.928149423159426,1.1987101693974604,0.2831907689433533,cdbox
