nameseq,average,median,maximum,minimum,peak,none_levated_peak,sample_standard_deviation,population_standard_deviation,percentile15,percentile25,percentile50,percentile75,amplitude,variance,interquartile_range,semi_interquartile_range,coefficient_of_variation,skewness,kurtosis,label
AF254836.1/1-50,62.50000000000001,39.480933249045385,273.1040203616502,0.0,0.26666666666666666,2.445679697954939,65.77423507727018,66.44201092927975,11.535994663756208,16.904066994706703,39.480933249045385,72.26922148389762,273.1040203616502,4414.54081632653,55.36515448919092,27.68257724459546,1.0523877612363226,1.0499126317734737,0.1814293425852432,cdbox
AJ248283.1/127068-127123,66.0,46.07504241688535,345.56266214549345,0.19174089003041395,0.2828282828282829,2.7104563140054867,82.80096617793781,83.55031146234312,8.412511400977426,11.217663013345328,46.07504241688535,74.13780931581962,345.37092125546303,6980.654545454545,62.92014630247429,31.460073151237147,1.2545600936051182,0.7219103291728359,0.24650654762790314,cdbox
AF254829.1/1-52,56.99999999999999,48.38194371760135,188.78308474900695,1.0,0.304093567251462,2.4851900698451095,42.68489194082608,43.10133977263442,13.299477782701844,29.062100835094306,48.38194371760135,77.17485125104703,187.78308474900695,1857.7254901960775,48.112750415952725,24.056375207976362,0.748857753347826,0.6056983553580848,0.2271768912937034,cdbox
AF254824.1/1-52,62.99999999999999,49.3332750629567,190.83626404438792,0.0,0.2751322751322751,2.4863018639059855,56.25833271614082,56.80720749631522,8.347261407290231,10.341380499950361,49.3332750629567,103.99999999999999,190.83626404438792,3227.058823529412,93.65861950004962,46.82930975002481,0.8929894081927116,0.728784036633327,0.3231508485881041,cdbox
