nameseq,average,median,maximum,minimum,peak,none_levated_peak,sample_standard_deviation,population_standard_deviation,percentile15,percentile25,percentile50,percentile75,amplitude,variance,interquartile_range,semi_interquartile_range,coefficient_of_variation,skewness,kurtosis,label
AC135079.9/151986-151906,134.25000000000003,81.23855350039132,396.9253950943678,0.17733074169887703,0.20111731843575414,2.6962533056662314,123.08533625091168,123.85223050070594,14.495029945224438,29.166185556447335,81.23855350039132,243.8941583862079,396.7480643526689,15339.374999999996,214.72797282976055,107.36398641488027,0.916836769094314,1.2920656866438724,0.3495300501070381,cdbox
AB168634.1/2269-2348,127.99999999999997,88.8480334104899,527.4204781015878,15.40110422097654,0.2083333333333334,2.5633538647518552,112.6454615153225,113.3561654836849,33.63010705934486,49.12387061615496,88.8480334104899,163.3111911605581,512.0193738806113,12849.620253164558,114.18732054440315,57.093660272201575,0.8800426680884572,1.0427042349376265,0.2514069937806059,cdbox
AK124098.1/2478-2557,129.99999999999994,106.00000000000001,497.83335723017416,10.708383358390153,0.20512820512820523,2.5329265024546483,109.62663909835052,110.31829667955574,35.72857800153888,53.011520864012525,106.00000000000001,164.42586786929894,487.124973871784,12170.126582278479,111.41434700528642,55.70717350264321,0.8432818392180813,0.6567746725812296,0.24518358236328075,cdbox
AACN010405140.1/818-739,135.99999999999997,94.91298317807825,477.7428996171213,1.6275583922840249,0.19607843137254907,2.5169447928009676,112.71645842555557,113.42761032839458,34.48611109773966,49.505425291872726,94.91298317807825,191.1358335196626,476.11534122483727,12865.822784810125,141.63040822778987,70.81520411389494,0.8287974884232029,1.0935497103750278,0.2685856887215297,cdbox
