nameseq,average,median,maximum,minimum,peak,none_levated_peak,sample_standard_deviation,population_standard_deviation,percentile15,percentile25,percentile50,percentile75,amplitude,variance,interquartile_range,semi_interquartile_range,coefficient_of_variation,skewness,kurtosis,label
U40580.1/1015-1089,108.74999999999997,59.35654310187119,468.88520667393146,0.40992960875706475,0.22988505747126442,2.770947727943232,112.93194853539008,113.69244162996843,12.326409040819481,27.8583203406222,59.35654310187119,148.21610235726374,468.4752770651744,12925.97128378378,120.35778201664154,60.17889100832077,1.038454699176001,1.3121209065825183,0.2122462570535731,cdbox
U40654.1/922-996,110.75,70.69066076037427,703.3145293352576,1.4498853924984314,0.22573363431151242,2.692575192388274,124.74624242837936,125.58629395650517,19.752353638270844,30.94466011250105,70.69066076037427,158.62908585049166,701.8646439427591,15771.917229729726,127.68442573799061,63.842212868995304,1.1263769068025224,0.963379861224077,0.2956728332640722,cdbox
U72857.1/1-72,100.0,90.18389206593935,308.92622771751786,4.41658466808489,0.24,2.64379985818902,79.7307970611106,80.29031829098454,18.15327990580653,32.64538242523494,90.18389206593935,134.96670402095063,304.50964304943295,6446.535211267606,102.32132159571569,51.160660797857844,0.7973079706111059,0.36934691345943715,0.2676783843902866,cdbox
U72856.1/1-73,98.24999999999997,87.45614247769778,252.30926568280552,10.021183214923077,0.2476675148430874,2.606573879152618,64.1599563590874,64.60397519588955,26.83895436688591,40.492908152116044,87.45614247769778,137.7956127028054,242.28808246788245,4173.673611111112,97.30270455068937,48.651352275344685,0.6530275456395667,0.5047006638482564,0.30753317575314104,cdbox
