nameseq,average,median,maximum,minimum,peak,none_levated_peak,sample_standard_deviation,population_standard_deviation,percentile15,percentile25,percentile50,percentile75,amplitude,variance,interquartile_range,semi_interquartile_range,coefficient_of_variation,skewness,kurtosis,label
X96659.1/1-75,112.74999999999997,74.34466048484478,500.96747752497697,0.637688829913327,0.22172949002217301,2.726379173374952,121.817999491044,122.63833198870967,9.85134447100974,29.1397576416324,74.34466048484478,153.625,500.32978869506366,15040.16047297297,124.4852423583676,62.2426211791838,1.0804257161068207,0.9458045529136784,0.20506360535258564,cdbox
M19482.1/4348-4418,95.75000000000001,104.02013967816774,257.37163159185866,1.0349088432942737,0.24717145343777194,2.683829774910252,72.07894977037333,72.59197368068418,10.629742487099,22.4153800680461,104.02013967816774,147.24903938445604,256.3367227485644,5269.594642857143,124.83365931640994,62.41682965820497,0.752782765225831,-0.34421171664602995,0.3228419333436232,cdbox
AANG01089171.1/891-821,91.74999999999997,83.63398740205606,291.9597496029498,2.0687859050643276,0.25794732061762043,2.7084361489478255,72.78993749138682,73.30802187638521,18.9766699539952,23.14621528992531,83.63398740205606,114.8381351610583,289.89096369788547,5374.066071428573,91.691919871133,45.8459599355665,0.7933508173448157,0.3344973032393771,0.24205525170401684,cdbox
AAPY01020387.1/1161-1091,95.74999999999996,80.04731648648983,301.768338070077,2.0591109385289665,0.2471714534377721,2.6630044330124094,76.19957348962001,76.74192605274978,15.782616986481209,26.40740506360857,80.04731648648983,144.2608739790289,299.709227131548,5889.323214285715,117.85346891542034,58.92673445771017,0.7958179998915931,0.6182193466863366,0.2902274350881304,cdbox
