nameseq,average,median,maximum,minimum,peak,none_levated_peak,sample_standard_deviation,population_standard_deviation,percentile15,percentile25,percentile50,percentile75,amplitude,variance,interquartile_range,semi_interquartile_range,coefficient_of_variation,skewness,kurtosis,label
AC004288.1/11652-11734,134.75000000000006,82.96110058937299,648.6766683111865,3.4669809064142703,0.20531849103277666,2.746962575605856,149.22843227749865,150.13560435526927,14.630005352823854,43.02287476023298,82.96110058937299,179.7006370972858,645.2096874047722,22540.69969512195,136.67776233705283,68.33888116852641,1.107446621725407,1.0411333541517618,0.25098792730410197,cdbox
AC004288.1/10223-10308,141.50000000000003,102.33945583678572,445.95997149947294,0.07576389837441683,0.20259128386336864,2.7149691087426238,127.50392150832067,128.25175150736104,28.229697614551416,34.182853618168394,102.33945583678572,218.5714291660412,445.8842076010985,16448.511764705883,184.38857554787282,92.19428777393641,0.9010877845110999,0.9213962292287323,0.2586394687559006,cdbox
CR380952.1/649867-649758,183.49999999999997,146.96414764583716,950.0272674506767,0.012605970831464842,0.19981834695731154,3.030091292592452,180.5138498841571,181.34000454314108,35.70825853430724,49.25535911186341,146.96414764583716,215.0252147533473,950.0146614798452,32884.19724770643,165.7698556414839,82.88492782074195,0.9837267023659789,0.6071974927842265,0.17683710044714598,cdbox
AL606506.11/153543-153468,106.99999999999999,61.29955091542142,388.8151049040262,0.07628221477434186,0.23676012461059193,2.757516225479822,99.73464794142504,100.3973439223701,21.57713772919599,31.773575816997997,61.29955091542142,168.66044276777936,388.7388226892519,10079.626666666665,136.88686695078135,68.44343347539068,0.9320995134712622,1.3746611642350852,0.28170582651596976,cdbox
