nameseq,average,median,maximum,minimum,peak,none_levated_peak,sample_standard_deviation,population_standard_deviation,percentile15,percentile25,percentile50,percentile75,amplitude,variance,interquartile_range,semi_interquartile_range,coefficient_of_variation,skewness,kurtosis,label
AL132709.5/185108-185034,108.74999999999999,98.7745419748678,389.0410466027902,1.452197482635835,0.2298850574712644,2.6267033145400247,90.80542384681654,91.41691509160033,26.712387009914234,45.42356923728888,98.7745419748678,130.4093717968324,387.58884912015435,8357.052364864863,84.98580255954352,42.49290127977176,0.8349924031891177,0.3295659312804993,0.2314507457393186,cdbox
AB014878.1/886-973,122.00000000000004,87.84930063625512,502.1085691792578,1.4111471860966027,0.24043715846994526,3.015396298400184,118.0804810288305,118.75716554303614,20.432885726957867,37.04711471351273,87.84930063625512,170.94416990801403,500.6974219931612,14103.264367816091,133.89705519450132,66.94852759725066,0.9678727953182825,0.8676463476314945,0.23806236750839643,cdbox
AL132709.5/152651-152577,102.74999999999999,57.035325852494935,455.8453300555282,4.3350261978066795,0.24330900243309006,2.7846434847446853,104.84095096859815,105.54695861545692,18.22117822168405,31.302199670198128,57.035325852494935,138.10112030634963,451.51030385772157,11140.160472972973,106.79892063615151,53.399460318075754,1.020349887772245,1.3081150178005576,0.23669191513073892,cdbox
AL132709.5/137723-137652,96.00000000000001,54.03432081159667,598.549746025956,0.7906094233251921,0.24999999999999997,2.7830853473237713,114.53820323368095,115.34198995980312,20.656370563766096,38.529033879342435,54.03432081159667,100.78101270511212,597.7591366026307,13303.774647887323,62.25197882576968,31.12598941288484,1.1931062836841764,1.0991707047154806,0.16112625826585722,cdbox
