nameseq,average,median,maximum,minimum,peak,none_levated_peak,sample_standard_deviation,population_standard_deviation,percentile15,percentile25,percentile50,percentile75,amplitude,variance,interquartile_range,semi_interquartile_range,coefficient_of_variation,skewness,kurtosis,label
BX293565.25/6224-6291,114.99999999999999,74.69506003086026,401.81524754615566,4.0,0.19710144927536236,2.344385916933631,102.4158190906073,103.17728547895594,30.414732373280025,36.7082973084781,74.69506003086026,198.37642155205248,397.81524754615566,10645.552238805973,161.66812424357437,80.83406212178718,0.8905723399183244,1.1806264010879588,0.3392078508733493,cdbox
AL359396.5/115844-115908,100.24999999999994,53.98980829956037,366.4214328637393,2.2369744848431155,0.21612635078969256,2.4630309534184596,95.69221493935646,96.4369126683346,14.65496320541666,19.26858011920139,53.98980829956037,140.57856713626063,364.1844583788962,9300.078124999995,121.30998701705924,60.65499350852962,0.954535809868893,1.450280727531167,0.2721081816989276,cdbox
AC155932.6/138556-138619,89.99999999999999,65.33735891223006,383.95860118585625,1.0,0.23703703703703707,2.5204775343724726,85.12931340026185,85.80228287191284,16.47803518738727,20.537278998566755,65.33735891223006,130.24160471354247,382.95860118585625,7362.0317460317465,109.70432571497571,54.852162857487855,0.9458812600029096,0.8691239281519003,0.2927252284384235,cdbox
X94606.1/1-64,92.0,79.00858543949457,398.4595572688297,4.0,0.23188405797101447,2.4301314656041595,77.69169839822011,78.30587157940023,21.410619162740215,34.93584678992197,79.00858543949457,113.47586116120587,394.4595572688297,6131.809523809522,78.5400143712839,39.27000718564195,0.844474982589349,0.5016526152092613,0.2620456415609418,cdbox
