nameseq,average,median,maximum,minimum,peak,none_levated_peak,sample_standard_deviation,population_standard_deviation,percentile15,percentile25,percentile50,percentile75,amplitude,variance,interquartile_range,semi_interquartile_range,coefficient_of_variation,skewness,kurtosis,label
AF141346.1/1960-2019,87.00000000000003,60.68253424130168,315.57270484046774,4.249397935436524,0.22988505747126428,2.4079943763596767,79.07591289387685,79.74323200653116,15.556989326722535,17.244024255815262,60.68253424130168,144.4934221912518,311.3233069050312,6358.983050847456,127.24939793543653,63.62469896771827,0.9089185390100784,0.9984380121169443,0.38454746908170273,cdbox
X96643.1/1-60,87.00000000000003,60.68253424130168,315.57270484046774,4.249397935436524,0.22988505747126428,2.4079943763596767,79.07591289387685,79.74323200653116,15.556989326722535,17.244024255815262,60.68253424130168,144.4934221912518,311.3233069050312,6358.983050847456,127.24939793543653,63.62469896771827,0.9089185390100784,0.9984380121169443,0.38454746908170273,cdbox
AL138691.15/31428-31368,83.25000000000001,56.402452202923406,431.99576938028406,0.25,0.24424424424424418,2.543210625251497,88.97612039193437,89.71452409355652,17.100997122149597,19.748777040819274,56.402452202923406,103.17936894460938,431.74576938028406,8048.695833333334,83.4305919037901,41.71529595189505,1.0687822269301424,0.9052164000458146,0.2207579140904457,cdbox
AAPY01728088.1/7700-7760,95.24999999999999,65.2474271390487,688.2724576490452,1.8401177332570833,0.21347331583552057,2.391496355139351,122.85255390100772,123.87209465143205,13.96558088353771,29.430139314151393,65.2474271390487,138.12829410925224,686.4323399157881,15344.29583333334,108.69815479510085,54.349077397550424,1.2897905921365642,0.7326483310666899,0.359268095854385,cdbox
