nameseq,average,median,maximum,minimum,peak,none_levated_peak,sample_standard_deviation,population_standard_deviation,percentile15,percentile25,percentile50,percentile75,amplitude,variance,interquartile_range,semi_interquartile_range,coefficient_of_variation,skewness,kurtosis,label
AJ490367.1/4-94,118.75,84.93139208612823,487.0273098267298,3.926803134786237,0.2554385964912281,3.106834882995859,108.26183538071024,108.86162853212637,16.29542609594306,39.6831028206703,84.93139208612823,172.71624393434593,483.10050669194356,11850.85416666667,133.03314111367564,66.51657055683782,0.9116786137322967,0.9371337866648842,0.25422262695473574,cdbox
AARH01002868.1/80604-80517,130.00000000000003,111.60237781084842,483.048773235279,4.205553165502379,0.2256410256410256,2.8367273698032323,111.8257573191436,112.46659785102378,26.91465516925345,46.46625570565343,111.60237781084842,188.59660053124458,478.84322006977663,12648.735632183907,142.13034482559115,71.06517241279558,0.8601981332241814,0.49356130368013407,0.3122621766492677,cdbox
AM450475.1/12728-12644,129.25000000000009,95.77782077978306,534.5665874198596,6.2120483592419244,0.21921341070277225,2.7409794850462488,110.30525826088257,110.9598946209202,29.2903373203603,46.65068240728325,95.77782077978306,182.4969050781912,528.3545390606176,12312.098214285716,135.84622267090793,67.92311133545397,0.8534255958288781,0.9103513218123863,0.24564410951229962,cdbox
AASG02000099.1/88593-88520,112.49999999999997,89.17255961658877,341.23662431828495,1.0,0.21925925925925932,2.581624655006668,93.07120929696787,93.70651502912754,18.68921859350116,46.421837900701895,89.17255961658877,162.09228760981222,340.23662431828495,8780.910958904107,115.67044970911033,57.835224854555165,0.8272996381952701,0.7519223364438817,0.24492014295177783,cdbox
