nameseq,average,median,maximum,minimum,peak,none_levated_peak,sample_standard_deviation,population_standard_deviation,percentile15,percentile25,percentile50,percentile75,amplitude,variance,interquartile_range,semi_interquartile_range,coefficient_of_variation,skewness,kurtosis,label
AF317949.1/1-74,106.49999999999999,68.49632392902242,389.22936397140336,0.0,0.2316118935837246,2.6489911281252017,93.37156954876573,94.00892554535329,27.359412724617453,45.85721886046872,68.49632392902242,135.6699799677195,389.22936397140336,8837.678082191778,89.8127611072508,44.9063805536254,0.8767283525705704,1.2210465001703485,0.21133117195955367,cdbox
BT004309.1/805-878,106.49999999999999,68.49632392902242,389.22936397140336,0.0,0.2316118935837246,2.6489911281252017,93.37156954876573,94.00892554535329,27.359412724617453,45.85721886046872,68.49632392902242,135.6699799677195,389.22936397140336,8837.678082191778,89.8127611072508,44.9063805536254,0.8767283525705704,1.2210465001703485,0.21133117195955367,cdbox
AF317950.1/1-74,106.49999999999999,75.35552760912472,479.2865260242993,0.0,0.2316118935837246,2.687988396219509,110.49094985563296,111.24516304707302,22.413660246528586,26.683583437265273,75.35552760912472,140.61641244801828,479.2865260242993,12375.486301369861,113.93282901075301,56.966414505376505,1.037473707564629,0.845620544440115,0.24147752134553735,cdbox
AJ421410.1/955-1028,106.49999999999999,75.35552760912472,479.2865260242993,0.0,0.2316118935837246,2.687988396219509,110.49094985563296,111.24516304707302,22.413660246528586,26.683583437265273,75.35552760912472,140.61641244801828,479.2865260242993,12375.486301369861,113.93282901075301,56.966414505376505,1.037473707564629,0.845620544440115,0.24147752134553735,cdbox
