nameseq,average,median,maximum,minimum,peak,none_levated_peak,sample_standard_deviation,population_standard_deviation,percentile15,percentile25,percentile50,percentile75,amplitude,variance,interquartile_range,semi_interquartile_range,coefficient_of_variation,skewness,kurtosis,label
L36588.1/797-921,159.25,100.29085413247249,631.5983198389401,1.1196305081724949,0.2616431187859759,3.8237587546435314,160.53582154771564,161.18184356045936,16.238550511854335,31.302002923150617,100.29085413247249,242.78912044653958,630.4786893307677,25979.58669354839,211.48711752338897,105.74355876169449,1.0080742326387166,1.1017942032956782,0.28707901848018186,cdbox
U40654.1/2537-2662,153.5,110.99999999999999,553.0462580155204,3.6132437461304394,0.2736156351791531,3.828181479935359,141.17099560462128,141.73455471408516,19.961407143502228,42.312119414538074,110.99999999999999,220.8050647573654,549.4330142693899,20088.683999999997,178.4929453428273,89.24647267141366,0.9196807531245687,0.9031600255699145,0.24001489002310528,cdbox
L36586.1/1-125,143.24999999999997,87.73557064420939,704.5884938197133,2.2573542137519977,0.2908667830133799,3.968775276324604,149.86577327728975,150.46885729654838,21.281877898775903,40.33453409467098,87.73557064420939,189.69910727206354,702.3311396059613,22640.87701612904,149.36457317739257,74.68228658869629,1.046183408567468,1.1112830129613676,0.2036148764971107,cdbox
AAPY01121463.1/1034-1159,153.49999999999997,117.38587963050995,589.3270337259851,0.16353631106903105,0.27361563517915316,3.831257060422838,141.11431536169533,141.6776482018247,24.456989348638636,41.93098038385314,117.38587963050995,215.98199752380373,589.163497414916,20072.555999999997,174.0510171399506,87.0255085699753,0.9193115007276571,0.7677630779752838,0.22377088074656934,cdbox
