nameseq,average,median,maximum,minimum,peak,none_levated_peak,sample_standard_deviation,population_standard_deviation,percentile15,percentile25,percentile50,percentile75,amplitude,variance,interquartile_range,semi_interquartile_range,coefficient_of_variation,skewness,kurtosis,label
AANN01433628.1/978-1063,133.50000000000006,101.64953691937235,634.3977016847092,0.6296527893520185,0.21473158551810229,2.7629621936920454,125.74279303403436,126.48029374524062,37.2014006289548,48.425613597660515,101.64953691937235,171.3726779547789,633.7680488953572,15997.264705882353,122.94706435711839,61.473532178559196,0.9418935807792832,0.7598955529484743,0.25670040325812826,cdbox
AAQQ01276054.1/1184-1267,124.99999999999997,101.63806942291909,553.0,3.1435935394489802,0.22400000000000006,2.7869683104863614,114.07453703609758,114.75967555082282,21.211945756429465,47.980031642949825,101.63806942291909,174.12560836402116,549.856406460551,13169.78313253012,126.14557672107134,63.07278836053567,0.9125962962887808,0.6143859405632722,0.2704160639069619,cdbox
AAFC03122356.1/13561-13646,131.5,105.27197536021389,749.4760911758011,1.1085412168291033,0.21799746514575413,2.7913447763055594,129.27200006188502,130.03020011203733,19.16151814491052,55.67085663722321,105.27197536021389,183.59792809224106,748.3675499589721,16907.852941176472,127.92707145501785,63.963535727508926,0.9830570346911409,0.6086706624921927,0.288264729523482,cdbox
AAYZ01276509.1/4776-4861,117.49999999999999,95.92292756153869,441.0,12.145327422181547,0.2439716312056738,2.852175727485682,93.40904667107998,93.95690501501207,31.143621679991995,43.735733328467084,95.92292756153869,177.1870258703373,428.85467257781846,8827.9,133.4512925418702,66.7256462709351,0.7949706099666382,0.6929865962910537,0.3203377629707277,cdbox
