nameseq,average,median,maximum,minimum,peak,none_levated_peak,sample_standard_deviation,population_standard_deviation,percentile15,percentile25,percentile50,percentile75,amplitude,variance,interquartile_range,semi_interquartile_range,coefficient_of_variation,skewness,kurtosis,label
AF109906.1/101404-101342,73.75,38.287273207618696,479.76045089649756,6.088810479185084,0.2847457627118644,2.7841402313040216,90.68006947505057,91.40843514757832,15.31272821676486,22.19775138090431,38.287273207618696,98.37974228855398,473.67164041731246,8355.50201612903,76.18199090764968,38.09099545382484,1.2295602640684824,1.1732256160921362,0.32892580080678985,cdbox
AL773527.8/127279-127217,67.75,43.16685600256231,348.0566256859403,0.4125524118083726,0.30996309963099633,2.8956876162325833,72.08241810594313,72.6614026528794,9.607667174949839,26.188373585170968,43.16685600256231,79.40948316655029,347.6440732741319,5279.67943548387,53.221109581379324,26.610554790689662,1.0639471307150279,1.023126497836405,0.18925956083918463,cdbox
X96648.1/1-63,69.75,58.435122332119505,284.9783133609217,1.156643261042288,0.3010752688172043,2.7670364676240378,63.56001101321491,64.07054139145032,18.512824041266008,25.507932873570446,58.435122332119505,80.61140927035515,283.8216700998794,4105.034274193549,55.10347639678471,27.551738198392353,0.9112546381822927,0.5340564367835615,0.1902440234900578,cdbox
AALT01488983.1/1433-1494,61.499999999999986,40.01104503784718,270.39211010192344,0.39347270821770813,0.33604336043360444,2.9921324349565226,64.16580085995965,64.68961200717888,9.290811643645709,23.751498541813536,40.01104503784718,83.36607549122009,269.99863739370574,4184.745901639342,59.614576949406555,29.807288474703277,1.0433463554464986,1.0046919702156578,0.24527322192636017,cdbox
