nameseq,average,median,maximum,minimum,peak,none_levated_peak,sample_standard_deviation,population_standard_deviation,percentile15,percentile25,percentile50,percentile75,amplitude,variance,interquartile_range,semi_interquartile_range,coefficient_of_variation,skewness,kurtosis,label
AJ429536.1/1-107,142.74999999999997,117.40619495672047,725.1979914660865,0.08160867697307571,0.24985405720957388,3.37215999771345,139.17839271955972,139.83335347935775,24.134625125572857,39.50770147525388,117.40619495672047,196.82468736453313,725.1163827891135,19553.366745283016,157.31698588927924,78.65849294463962,0.974979984024937,0.5462874922189935,0.247578517241877,cdbox
AJ429540.1/1-107,146.75000000000003,105.41945919044215,615.1981677660218,2.852256312783888,0.2430437251561612,3.256138781135027,129.11864698795443,129.72626750636152,30.445101936439666,49.37442091436851,105.41945919044215,216.35859178796267,612.3459114532379,16828.90448113207,166.98417087359417,83.49208543679708,0.8798544939553963,0.9602921446368694,0.29981931845668747,cdbox
AJ429544.1/1-107,142.74999999999997,110.65979664082168,654.1972795454494,1.7771753629211984,0.24985405720957388,3.3320046627535347,133.02114493568303,133.64713025175027,24.140465754990764,43.28891548298452,110.65979664082168,207.00022642073955,652.4201041825282,17861.5554245283,163.71131093775503,81.85565546887752,0.9318468997245748,0.7237241126144465,0.3060161406251677,cdbox
AJ429547.1/1-107,150.75000000000003,115.0141017346024,870.3382403175985,6.25,0.2365948037589828,3.2291146153788057,150.6373957555029,151.34628153331772,29.58275531593317,46.254001770641025,115.0141017346024,194.3682013219115,864.0882403175985,22905.696933962266,148.11419955127047,74.05709977563524,0.9992530398374982,0.7116937614229599,0.28375531933175596,cdbox
