nameseq,average,median,maximum,minimum,peak,none_levated_peak,sample_standard_deviation,population_standard_deviation,percentile15,percentile25,percentile50,percentile75,amplitude,variance,interquartile_range,semi_interquartile_range,coefficient_of_variation,skewness,kurtosis,label
AC018761.6/51237-51168,91.49999999999999,74.83773133151603,292.84032357691984,2.389243163327228,0.2550091074681239,2.680014032234577,75.37406715840667,75.91829131719008,25.300951101441978,38.893994440733785,74.83773133151603,122.52255399876424,290.4510804135926,5763.586956521738,83.62855955803045,41.81427977901522,0.8237602968131879,0.6631830799364887,0.19697013041508704,cdbox
AL135998.6/148355-148423,95.25000000000003,65.62148122504729,416.65832088590184,0.15109861603648359,0.24146981627296582,2.586399896911824,85.68109476424775,86.30880348390615,27.341751698489556,42.65213986166629,65.62148122504729,129.0,416.50722226986534,7449.209558823531,86.34786013833371,43.17393006916686,0.8995390526430207,1.0373998671402083,0.2652428230454185,cdbox
AC191994.6/152635-152566,91.49999999999997,46.16558635116305,307.00622562099517,1.9655581462513685,0.25500910746812394,2.744863072536064,84.24517790354531,84.8534542352412,16.97964992541469,23.149359937786983,46.16558635116305,141.0547022705613,305.04066747474377,7200.108695652173,117.90534233277432,58.95267116638716,0.9207123268147032,1.6143741912709204,0.2884127755502531,cdbox
ABDC01213018.1/842-773,83.49999999999994,47.507484057875736,320.48667269026623,0.6228077953555377,0.2794411177644712,2.9301606072921342,79.65707752610561,80.2322263490646,12.283224359107857,17.651821265959665,47.507484057875736,133.97939798990376,319.8638648949107,6437.210144927536,116.32757672394409,58.163788361972045,0.9539769763605469,1.3555298685290793,0.3132377744463621,cdbox
