nameseq,average,median,maximum,minimum,peak,none_levated_peak,sample_standard_deviation,population_standard_deviation,percentile15,percentile25,percentile50,percentile75,amplitude,variance,interquartile_range,semi_interquartile_range,coefficient_of_variation,skewness,kurtosis,label
AAQQ01544386.1/1713-1633,124.25000000000003,91.01803722007739,417.8394431336341,0.9877293565139801,0.2173038229376257,2.7626872259379325,117.99152511939151,118.72668192112502,16.794182114751283,24.465689111666148,91.01803722007739,175.26113119353846,416.85171377712015,14096.024999999994,150.79544208187232,75.39772104093616,0.9496299808401729,0.8449410941920542,0.24621312693975378,cdbox
AANG01431959.1/798-716,120.75000000000003,82.73471478577486,458.73800120383794,1.6863403573098021,0.22912353347135953,2.8773270821097614,116.32766223044285,117.03482778486986,11.365563875817543,27.996153189493,82.73471478577486,178.11097899569916,457.05166084652814,13697.150914634147,150.11482580620617,75.05741290310309,0.9633760847241642,0.9803846605010671,0.24645336835733606,cdbox
AAPY01565688.1/821-739,126.75,93.30122331970509,460.317974654234,0.25,0.21827744904667984,2.7934546578393724,120.2169913115446,120.94780042162513,17.627564789851558,30.31594357219322,93.30122331970509,198.44092253541226,460.067974654234,14628.370426829264,168.12497896321904,84.06248948160952,0.9484575251403914,0.834710043448312,0.2825307629324024,cdbox
AAIY01116190.1/1086-1167,118.50000000000004,81.9335752863977,546.4776064980343,1.0,0.23066104078762298,2.7996006589866362,113.45593858410409,114.1541355653253,20.798014111879272,37.29323129473926,81.9335752863977,162.5117703043311,545.4776064980343,13031.166666666668,125.21853900959184,62.60926950479592,0.9574340808785152,0.9668887808767078,0.2926496845388134,cdbox
