nameseq,average,median,maximum,minimum,peak,none_levated_peak,sample_standard_deviation,population_standard_deviation,percentile15,percentile25,percentile50,percentile75,amplitude,variance,interquartile_range,semi_interquartile_range,coefficient_of_variation,skewness,kurtosis,label
AC011807.4/8760-8847,119.99999999999996,92.32140584452225,489.8623395936048,9.0,0.24444444444444452,2.9021206353503177,97.77013859047148,98.33043050459197,25.23278301193207,52.884121387432224,92.32140584452225,161.50835174504147,480.8623395936048,9668.87356321839,108.62423035760924,54.31211517880462,0.8147511549205959,0.8492959472446291,0.26824522259750305,cdbox
AARH01005480.1/16910-16995,113.50000000000004,79.13350573044963,620.7547522942073,1.0,0.2525697503671071,3.1293693072332096,133.3463535309459,134.1284502872921,17.71022193808359,24.584368460910188,79.13350573044963,144.59506163591948,619.7547522942073,17990.441176470595,120.0106931750093,60.00534658750465,1.1748577403607563,0.7731706198079484,0.206819983456642,cdbox
AM452399.2/5938-6029,113.0,83.45677469784408,462.9677985223642,0.935013833662251,0.2713864306784661,3.213027948370153,101.88719252192593,102.44548268751005,22.947763823975148,38.184762567092015,83.45677469784408,169.65001821324435,462.03278468870195,10495.07692307692,131.46525564615234,65.73262782307617,0.9016565709904949,0.869880440442942,0.28784397591556776,cdbox
AASG02007560.1/10700-10615,115.50000000000001,76.05222505338283,333.0436372988502,0.0,0.24819624819624816,2.9523797954110176,94.85383492510992,95.41016717310583,28.382908930023117,38.656353489101704,76.05222505338283,186.3898464940155,333.0436372988502,9103.100000000002,147.73349300491378,73.86674650245689,0.8212453240269256,1.247638800616626,0.2803449768039374,cdbox
