nameseq,average,median,maximum,minimum,peak,none_levated_peak,sample_standard_deviation,population_standard_deviation,percentile15,percentile25,percentile50,percentile75,amplitude,variance,interquartile_range,semi_interquartile_range,coefficient_of_variation,skewness,kurtosis,label
AC069159.8/55796-55870,114.74999999999996,100.23544073848937,601.0,0.9307952175376126,0.21786492374727676,2.6468466988281283,116.14914980317332,116.93130779754087,15.373407134740939,26.539743934704553,100.23544073848937,169.91335279836804,600.0692047824624,13672.930743243242,143.3736088636635,71.68680443183175,1.0121930266071753,0.3748945029586613,0.3419779374581376,cdbox
AC172870.1/115241-115165,113.24999999999997,90.22900109297036,492.3451020792343,1.0377615307856314,0.22663723325974988,2.7214542109285444,109.82144599302998,110.54159433872557,17.4479076015886,32.65921627022006,90.22900109297036,164.45061695907637,491.3073405484487,12219.444078947367,131.7914006888563,65.89570034442815,0.9697257924329361,0.6288662118460181,0.3331597297920689,cdbox
AJ532521.1/2-78,113.24999999999997,71.25997367884963,508.3890549224867,0.25,0.22663723325974988,2.8209865380273875,125.82030837666865,126.6453684194778,12.875157469291437,18.580019621452323,71.25997367884963,157.05236881796452,508.1390549224867,16039.049342105265,138.4723491965122,69.2361745982561,1.1109961004562356,1.0011903530416886,0.24901041685576825,cdbox
AC167403.2/76385-76309,125.24999999999993,85.77806328989108,972.1264958799,0.7811390087617234,0.20492348636061222,2.6886221219460644,162.38765347156166,163.45250195312653,12.210905068990362,20.73198709582925,85.77806328989108,171.93046467788935,971.3453568711383,26716.720394736833,151.1984775820601,75.59923879103005,1.2965082113497945,0.7292168314450351,0.334913438817585,cdbox
