nameseq,average,median,maximum,minimum,peak,none_levated_peak,sample_standard_deviation,population_standard_deviation,percentile15,percentile25,percentile50,percentile75,amplitude,variance,interquartile_range,semi_interquartile_range,coefficient_of_variation,skewness,kurtosis,label
AF250841.1/1-91,130.75,101.97299340738968,408.8409870743885,2.485179004702031,0.2319949012109624,2.9200865779424934,107.30156103244728,107.8960340636609,28.02834747706789,39.90249207803083,101.97299340738968,191.24997554132545,406.3558080696865,11641.554166666674,151.34748346329462,75.67374173164731,0.8206620346649888,0.8045644345446664,0.2920975876064943,cdbox
AF250841.1/1142-1233,127.0,102.49529892258985,423.69993909984925,1.7738074402893715,0.24146981627296588,3.010143633168901,105.16653460107925,105.74279389886794,25.119801037089047,34.15357215168036,102.49529892258985,185.59209204491432,421.92613165955987,11181.538461538463,151.43851989323397,75.71925994661699,0.8280829496147972,0.6990256312151605,0.2678975438934617,cdbox
AF250841.1/2261-2352,127.00000000000001,107.13006691262206,418.4341102073543,3.5933795069010173,0.24146981627296585,3.037418342439558,109.5810202544218,110.18146869576591,19.75946405180503,23.012883588324634,107.13006691262206,191.52496710867018,414.84073070045326,12139.956043956043,168.51208352034556,84.25604176017278,0.8628426791686755,0.5439792322040231,0.3051562451868127,cdbox
AF250841.1/4124-4215,125.00000000000004,99.17460258166571,379.2116517674995,0.825305103911322,0.24533333333333326,3.0344118971157252,98.50888284819801,99.04866158932872,16.388273928700723,32.5063220368892,99.17460258166571,181.0,378.3863466635882,9810.637362637362,148.4936779631108,74.2468389815554,0.7880710627855838,0.7864894009040144,0.29863288416388994,cdbox
