nameseq,average,median,maximum,minimum,peak,none_levated_peak,sample_standard_deviation,population_standard_deviation,percentile15,percentile25,percentile50,percentile75,amplitude,variance,interquartile_range,semi_interquartile_range,coefficient_of_variation,skewness,kurtosis,label
AB017710.1/1702-1771,103.50000000000004,55.45114466892589,348.60912550693877,1.6597494538830047,0.2254428341384862,2.6209807846292192,96.78455455288308,97.48336907584192,13.110291997410744,25.49447576086458,55.45114466892589,170.36791250961926,346.94937605305574,9503.007246376814,144.87343674875467,72.43671837437734,0.935116469109981,1.4893550593804796,0.31790871023348255,cdbox
X96662.1/1-74,112.5,70.33696058040638,388.5911144388943,0.0,0.21925925925925926,2.592050663321644,95.8970802475237,96.55167542511761,27.899577757988183,37.36075812683227,70.33696058040638,176.92647208976746,388.5911144388943,9322.226027397259,139.56571396293518,69.78285698146759,0.8524184910890996,1.3190090660976834,0.3158378930841068,cdbox
AB116374.1/1155-1226,99.99999999999999,77.01872301260201,337.5907723071733,3.660007564529492,0.24000000000000005,2.6398314747452782,86.5447860936752,87.15212537710411,20.567119547661424,34.51804784623918,77.01872301260201,134.3020071182964,333.9307647426438,7595.4929577464745,99.78395927205722,49.89197963602861,0.8654478609367521,0.7966260484781813,0.2287463780619244,cdbox
AB116376.1/1-69,99.25000000000003,87.08024656154676,281.7144948040006,6.624096684333277,0.23173803526448356,2.4950773646346804,70.57088634840858,71.08789609060206,16.41803391603437,47.265170046432736,87.08024656154676,144.9361400982015,275.0903981196673,5053.488970588235,97.67097005176876,48.83548502588438,0.7110416760544943,0.5173416716790765,0.23937760198595331,cdbox
