nameseq,average,median,maximum,minimum,peak,none_levated_peak,sample_standard_deviation,population_standard_deviation,percentile15,percentile25,percentile50,percentile75,amplitude,variance,interquartile_range,semi_interquartile_range,coefficient_of_variation,skewness,kurtosis,label
AY055807.1/1-71,99.75000000000003,64.0811856292407,500.0062471951613,2.25,0.23725981620718456,2.736120938971731,117.8659195866218,118.70483351574188,13.400784124294482,21.42543691046782,64.0811856292407,138.09658490702662,497.7562471951613,14090.837499999996,116.6711479965588,58.3355739982794,1.1816132289385641,0.9078658486487863,0.2622168708825247,cdbox
AANU01099487.1/56230-56160,103.74999999999997,62.30680072007305,645.8335628298701,4.85866916572288,0.22811244979919687,2.6972114652173094,129.38073658779345,130.30160754407993,13.61997784311458,25.76036499397487,62.30680072007305,130.3754244876436,640.9748936641472,16978.508928571424,104.61505949366874,52.30752974683437,1.2470432442196961,0.9609591127610783,0.2164575990274772,cdbox
AANG01133945.1/1523-1593,101.75,61.08832263173751,420.25,1.2671161866621767,0.2325962325962326,2.757356656864002,106.07721244452078,106.83221992585247,3.964152495489694,14.235535598949259,61.08832263173751,128.66020512198605,418.9828838133378,11413.12321428571,114.4246695230368,57.2123347615184,1.0425278864326366,1.1499645333212973,0.2415193526990201,cdbox
