nameseq,average,median,maximum,minimum,peak,none_levated_peak,sample_standard_deviation,population_standard_deviation,percentile15,percentile25,percentile50,percentile75,amplitude,variance,interquartile_range,semi_interquartile_range,coefficient_of_variation,skewness,kurtosis,label
AB061824.1/2400-2464,94.24999999999997,75.27375957643362,310.6008530228707,3.13398730926732,0.22988505747126445,2.481796998313306,79.63039620647378,80.25009735196583,15.195169650141136,23.76393202250021,75.27375957643362,133.22741788099984,307.4668657136034,6440.078124999993,109.46348585849962,54.73174292924981,0.84488484038699,0.7149119429606816,0.2689847791519224,cdbox
AB061824.1/4441-4504,97.99999999999999,52.07447999590134,688.8228009199928,0.4610171930692299,0.217687074829932,2.540723628521458,139.43098651304166,140.53322490282255,17.48528137423857,36.52766329592114,52.07447999590134,106.95097891632011,688.3617837269236,19749.587301587308,70.42331562039897,35.21165781019948,1.4227651685004252,0.9881344416896097,0.23900987435276927,cdbox
X96657.1/1-65,96.24999999999996,82.09467363586454,296.8860156595332,1.5175507955223844,0.22510822510822523,2.4575116576970863,80.2558409089332,80.88040940178279,15.296165050979756,26.19785664472397,82.09467363586454,140.15262853124406,295.36846486401083,6541.640624999994,113.95477188652009,56.977385943260046,0.8338269185343712,0.5291325666949608,0.26957891527833,cdbox
AAIY01536853.1/1851-1915,94.24999999999994,82.45879396876943,542.123327741575,2.25,0.22988505747126453,2.534394894738572,107.35921013122251,108.1947029664576,12.84591678069412,25.472135954999583,82.45879396876943,106.32640720052781,539.873327741575,11706.093749999989,80.85427124552822,40.42713562276411,1.1390897626654914,0.3294884346713733,0.2452782444839126,cdbox
