nameseq,average,median,maximum,minimum,peak,none_levated_peak,sample_standard_deviation,population_standard_deviation,percentile15,percentile25,percentile50,percentile75,amplitude,variance,interquartile_range,semi_interquartile_range,coefficient_of_variation,skewness,kurtosis,label
AJ532522.1/1-93,135.24999999999994,77.23904180445447,1056.25,3.935922065616706,0.22920517560073947,2.972726354484314,143.84974800116962,144.62942714279197,29.594747005188655,43.552976155265014,77.23904180445447,191.71496044191412,1052.3140779343832,20917.671195652172,148.1619842866491,74.08099214332455,1.0635840887332324,1.2098239795680517,0.26453097328309383,cdbox
AJ532523.1/1-92,132.99999999999991,104.890864436839,529.0,2.251433343439401,0.23057644110275705,2.9267194636590252,107.50813922675809,108.09722933087131,24.613149815348343,42.84241551830555,104.890864436839,198.00575909224997,526.7485666565606,11685.010989010987,155.16334357394442,77.58167178697221,0.8083318738853997,0.7843816039976088,0.29927563195613954,cdbox
AC087551.3/49489-49580,132.99999999999991,104.890864436839,529.0,2.251433343439401,0.23057644110275705,2.9267194636590252,107.50813922675809,108.09722933087131,24.613149815348343,42.84241551830555,104.890864436839,198.00575909224997,526.7485666565606,11685.010989010987,155.16334357394442,77.58167178697221,0.8083318738853997,0.7843816039976088,0.29927563195613954,cdbox
U72863.1/1-65,94.25,46.02728856968401,347.48899122223884,2.095778473081261,0.2298850574712644,2.555622739971482,91.64060235506963,92.3537695494883,7.8410638121036165,27.438788790556444,46.02728856968401,130.3286378920656,345.39321274915756,8529.218749999995,102.88984910150914,51.44492455075457,0.9723140833429139,1.578646697785971,0.2233928278981868,cdbox
