nameseq,average,median,maximum,minimum,peak,none_levated_peak,sample_standard_deviation,population_standard_deviation,percentile15,percentile25,percentile50,percentile75,amplitude,variance,interquartile_range,semi_interquartile_range,coefficient_of_variation,skewness,kurtosis,label
AJ011568.1/1-67,102.75000000000003,76.78757696100134,468.88465686365504,0.9091777269280767,0.21735604217356036,2.467096806444411,99.2981621179365,100.04759284127397,18.956639901690643,41.376841107226696,76.78757696100134,125.61276754681323,467.97547913672696,10009.520833333334,84.23592643958654,42.11796321979327,0.9664054707341749,0.7843777513675361,0.1793269781867085,cdbox
AJ010666.1/3-73,107.75000000000001,66.46215050129379,420.24879656556703,4.586117346094573,0.2196442382057231,2.5832651725789897,109.13466452049047,109.91143350118638,20.398870298850706,29.133361582236944,66.46215050129379,151.69247478216136,415.66267921947247,12080.523214285717,122.55911319992441,61.279556599962206,1.012850714807336,1.1349606382201576,0.21793708031246736,cdbox
AJ010668.1/1-72,103.99999999999999,58.96370484157127,289.0,0.14359353944898176,0.2307692307692308,2.720371275131388,95.38867857350787,96.05808102173114,10.510267999750273,16.70943646266536,58.96370484157127,201.42853786258877,288.856406460551,9227.154929577464,184.7191013999234,92.3595506999617,0.9171988324375758,1.4164037860234044,0.37850021256497574,cdbox
AANU01127039.1/4502-4571,103.50000000000001,60.9484394865017,589.295425689822,1.8359213500126188,0.22544283413848626,2.714088114642702,119.68813642128443,120.55232191393317,6.879562310135184,15.452528871677728,60.9484394865017,182.86248377185638,587.4595043398093,14532.86231884057,167.40995490017866,83.70497745008933,1.1564071151814919,1.0665608585563524,0.3522185262049081,cdbox
