nameseq,average,median,maximum,minimum,peak,none_levated_peak,sample_standard_deviation,population_standard_deviation,percentile15,percentile25,percentile50,percentile75,amplitude,variance,interquartile_range,semi_interquartile_range,coefficient_of_variation,skewness,kurtosis,label
U40580.1/2987-3057,93.74999999999999,69.0835203902267,423.10305783188227,3.4964226612005826,0.25244444444444447,2.733326837463623,87.66056696143372,88.28449346127715,14.652532215466204,28.225089398935957,69.0835203902267,142.02075597161374,419.60663517068167,7794.151785714287,113.79566657267779,56.897833286338894,0.9350460475886264,0.8441587978991276,0.2834571251312172,cdbox
U40654.1/2265-2331,86.75,80.3764073296527,258.2963608400064,0.10223436789743635,0.2574447646493756,2.7102357565851394,69.62129702899824,70.14674823453178,11.478892841702493,17.56014577072722,80.3764073296527,129.42322087441332,258.19412647210896,4920.566287878787,111.8630751036861,55.93153755184305,0.8025509743976743,0.2746397844768369,0.31203941605709906,cdbox
U72868.1/1-67,94.75000000000001,76.06026210556013,404.23313203744283,2.130132102371375,0.23570800351802987,2.560295864313011,85.48172319273867,86.12687742599003,18.260229385494654,25.900665348222073,76.06026210556013,130.33451203656307,402.10299993507147,7417.839015151511,104.43384668834099,52.216923344170496,0.9021817751212523,0.6559204890722479,0.2864752279310355,cdbox
U72869.1/1-64,88.0,62.80564642360332,310.25775272789474,1.95169561733134,0.2424242424242424,2.517974141163366,76.36753236814714,76.97123767077822,25.093115594168978,38.463473439267986,62.80564642360332,102.72792206135787,308.3060571105634,5924.571428571428,64.26444862208989,32.13222431104494,0.8678128678198539,0.9897276811934242,0.15025673576234252,cdbox
