nameseq,average,median,maximum,minimum,peak,none_levated_peak,sample_standard_deviation,population_standard_deviation,percentile15,percentile25,percentile50,percentile75,amplitude,variance,interquartile_range,semi_interquartile_range,coefficient_of_variation,skewness,kurtosis,label
X96656.1/1-72,98.0,68.0,368.02829393148346,2.640888440541951,0.24489795918367346,2.730964958151132,90.04443347592341,90.67633198965753,17.16996349447976,22.845758903372452,68.0,151.33805363556687,365.3874054909415,8222.19718309859,128.4922947321944,64.2461473660972,0.9188207497543205,0.9995065383365948,0.2819635735143818,cdbox
AF357378.1/1-59,80.74999999999997,61.244839437875605,295.7629131685325,2.7211965040649284,0.2435500515995873,2.4436252515091863,72.41978320873379,73.04142365100448,17.194508457922517,20.722425868515536,61.244839437875605,135.90705156060855,293.0417166644676,5335.049568965517,115.18462569209302,57.59231284604651,0.8968394205415953,0.8080040990693848,0.34643776492672895,cdbox
AL833804.16/188215-188286,98.00000000000001,68.4115427318801,500.43685297151006,1.4688185606241546,0.24489795918367344,2.741079668498677,103.05338422390601,103.77657474010564,16.025347496415478,33.543095869724375,68.4115427318801,110.99999999999999,498.96803441088593,10769.577464788732,77.4569041302756,38.7284520651378,1.051565145141898,0.8613532924983575,0.16881601205584448,cdbox
AAHX01025040.1/7727-7798,99.99999999999999,64.0,466.1380231619744,0.9234640554641641,0.24000000000000005,2.727136775677087,102.8591269649903,103.58095425563057,21.977224590610113,33.58002396468869,64.0,133.25111576365217,465.21455910651025,10729.014084507035,99.67109179896347,49.83554589948174,1.028591269649903,1.0499797459564228,0.19905983992693707,cdbox
