nameseq,average,median,maximum,minimum,peak,none_levated_peak,sample_standard_deviation,population_standard_deviation,percentile15,percentile25,percentile50,percentile75,amplitude,variance,interquartile_range,semi_interquartile_range,coefficient_of_variation,skewness,kurtosis,label
X52138.1/4300-4372,106.25,71.7454553628455,487.73384244625413,2.14867879440795,0.22901960784313724,2.693585867650411,109.25429053359872,110.01038461082763,18.394330391122708,30.729053574894305,71.7454553628455,141.03638154024608,485.5851636518462,12102.28472222222,110.30732796535177,55.15366398267589,1.0282756756103408,0.9474560075023339,0.21947495195116656,cdbox
X52138.1/3930-4011,110.50000000000003,67.4431474454666,668.6872311546118,0.011423351517472397,0.24736048265460023,3.029736092807381,125.19684500817105,125.96729440318731,9.952818987330094,18.31627510703333,67.4431474454666,147.9122129473059,668.6758078030944,15867.759259259265,129.59593784027257,64.79796892013628,1.1330031222458916,1.031739718801779,0.24245239269985563,cdbox
AB052962.1/8100-8020,128.25,67.13030021024507,813.4556018802306,3.5684066515825106,0.21052631578947367,2.785121217770016,154.93547043850222,155.90080981188004,12.25,30.088196712743255,67.13030021024507,191.52650055036892,809.887195228648,24305.06249999999,161.43830383762565,80.71915191881283,1.208073843575066,1.183454626950932,0.28952734525689117,cdbox
AB052962.1/8576-8491,139.50000000000003,93.387274314457,577.79321618663,1.0,0.20549581839904418,2.6747876493659724,123.62544236523485,124.3505244909585,28.894293277793242,52.47875261384259,93.387274314457,206.18708497523562,576.79321618663,15463.052941176473,153.70833236139305,76.85416618069652,0.8862038879228302,1.1190105726613089,0.24913379369225272,cdbox
