nameseq,average,median,maximum,minimum,peak,none_levated_peak,sample_standard_deviation,population_standard_deviation,percentile15,percentile25,percentile50,percentile75,amplitude,variance,interquartile_range,semi_interquartile_range,coefficient_of_variation,skewness,kurtosis,label
AJ609488.1/1-73,112.24999999999994,76.98625876162939,488.7077654458993,0.04272766133631795,0.216778025241277,2.602481876849031,113.31593003633691,114.10013268080708,20.097890727582556,33.179757501224486,76.98625876162939,137.13543999770567,488.665037784563,13018.84027777778,103.95568249648119,51.977841248240594,1.0094960359584584,0.9335953354589042,0.18469326811582412,cdbox
AANG01072514.1/867-795,112.25,88.24654791750257,470.97075116221436,1.4196346303012486,0.2167780252412769,2.5867758754503316,112.1004014265783,112.87619200797934,21.863071583007198,35.4647894168341,88.24654791750257,127.38042869560181,469.5511165319131,12741.03472222222,91.91563927876771,45.95781963938386,0.9986672732880026,0.6423737589794134,0.19591685360174352,cdbox
AAPY01155118.1/654-725,109.99999999999999,74.91320926673217,484.0,0.025993565177840752,0.2181818181818182,2.564111193072582,111.73629669896886,112.52042068185906,24.14359353944898,39.31310638323629,74.91320926673217,134.3498130854207,483.9740064348222,12660.845070422536,95.0367067021844,47.5183533510922,1.0157845154451715,0.9420427856436631,0.17521934342405462,cdbox
AAYZ01416934.1/837-767,113.75000000000003,73.78440063721762,623.7237272365942,3.583832665130681,0.208058608058608,2.5348037870351625,123.59358802138561,124.47326878835125,16.479530520303797,28.238926220174648,73.78440063721762,172.3740799899967,620.1398945714635,15493.594642857139,144.13515376982204,72.06757688491102,1.0865370375506425,0.9700891446536959,0.30451513286090837,cdbox
