nameseq,average,median,maximum,minimum,peak,none_levated_peak,sample_standard_deviation,population_standard_deviation,percentile15,percentile25,percentile50,percentile75,amplitude,variance,interquartile_range,semi_interquartile_range,coefficient_of_variation,skewness,kurtosis,label
AM910996.2/1733707-1733590,171.5,118.25413633717312,1156.507210798033,2.831422161669524,0.22934888241010692,3.465717570553647,190.37134763403864,191.18316943053398,18.601367300694175,39.2633040425313,118.25413633717312,276.2331998181052,1153.6757886363634,36551.00427350426,236.96989577557392,118.48494788778696,1.110037012443374,0.8390842055473233,0.31039947498051035,cdbox
ABGY01002306.1/259-129,238.75000000000003,167.40228722994536,1065.5949149877997,1.6145114466413326,0.18289703315881323,3.1427984989815494,217.20065607635718,218.0344428507358,58.39992307239551,79.65900562098473,167.40228722994536,338.09408585997187,1063.9804035411585,47539.01826923077,258.43508023898715,129.21754011949358,0.9097409678590875,0.9854626692974484,0.22279359586174413,cdbox
AASM01000120.1/2889-2759,238.75000000000003,167.40228722994536,1065.5949149877997,1.6145114466413326,0.18289703315881323,3.1427984989815494,217.20065607635718,218.0344428507358,58.39992307239551,79.65900562098473,167.40228722994536,338.09408585997187,1063.9804035411585,47539.01826923077,258.43508023898715,129.21754011949358,0.9097409678590875,0.9854626692974484,0.22279359586174413,cdbox
