nameseq,average,median,maximum,minimum,peak,none_levated_peak,sample_standard_deviation,population_standard_deviation,percentile15,percentile25,percentile50,percentile75,amplitude,variance,interquartile_range,semi_interquartile_range,coefficient_of_variation,skewness,kurtosis,label
X96651.1/1-66,92.50000000000006,63.492675688620125,420.87575459993695,0.7706219253193534,0.23783783783783768,2.606147308626086,94.24568955660517,94.96788931001888,13.414423716112816,23.739825112198016,63.492675688620125,136.45567278587703,420.1051326746176,9018.899999999998,112.71584767367901,56.357923836839504,1.018872319530866,0.9233522863862467,0.3033371602291804,cdbox
AL773527.8/126615-126549,96.74999999999999,52.30792816266336,415.2056337086087,1.7377295091229246,0.23083548664944015,2.6035110170898044,104.53767263527537,105.32664739521121,19.741546707590828,27.75272872785902,52.30792816266336,126.97796363888315,413.46790419948576,11093.702651515152,99.22523491102413,49.612617455512066,1.080492740416283,1.2753891697701718,0.2148438703029896,cdbox
X77209.1/655-590,94.5,89.67130572267946,316.59210904244935,1.731057611067423,0.2328042328042328,2.458557720992667,72.73410479273117,73.29146240551118,37.88849316922257,47.477472817578075,89.67130572267946,108.23012907550938,314.86105143138195,5371.6384615384595,60.75265625793131,30.376328128965653,0.7696730665897479,0.19916492920676335,0.19063666946728075,cdbox
AF109906.1/100346-100281,90.5,84.50354181851395,228.99999999999997,1.9935656035278608,0.2430939226519337,2.4569056766483426,58.38021925275717,58.827583796928245,35.72313591543392,44.055283578573906,84.50354181851395,128.81439837558082,227.00643439647212,3460.6846153846145,84.75911479700692,42.37955739850346,0.6450852956105765,0.3081416064330479,0.2945231422477087,cdbox
