nameseq,average,median,maximum,minimum,peak,none_levated_peak,sample_standard_deviation,population_standard_deviation,percentile15,percentile25,percentile50,percentile75,amplitude,variance,interquartile_range,semi_interquartile_range,coefficient_of_variation,skewness,kurtosis,label
AJ307927.1/2-83,116.5,55.529008618977116,640.2313500709265,1.0,0.234620886981402,3.035962607089086,148.58751629931768,149.5019096455103,9.099883191333179,26.932797201555594,55.529008618977116,164.78520146367694,639.2313500709265,22350.820987654322,137.85240426212135,68.92620213106068,1.2754293244576624,1.2310117208945406,0.27485430216923545,cdbox
Z75111.1/1-65,84.25,55.04501816471308,298.37456427307524,1.0274694810181688,0.25717111770524237,2.694607437958803,80.78985084773952,81.41857512263401,7.025773230291839,33.723843943476915,55.04501816471308,117.03587284412444,297.3470947920571,6628.984374999998,83.31202890064753,41.65601445032377,0.9589299803885996,1.0844796046347969,0.19820019643106204,cdbox
AB061820.1/2178-2249,101.99999999999999,57.0,419.32319303523286,7.161747949126998,0.23529411764705885,2.6646844728118073,98.37682653958701,99.06719870449008,16.0,28.571918316368134,57.0,146.99999999999994,412.16144508610586,9814.309859154922,118.4280816836318,59.2140408418159,0.9644786915645787,1.3722743937636135,0.25185236395199323,cdbox
X61926.1/688-775,129.99999999999997,75.6444012333572,494.1841438731678,5.948509124295601,0.22564102564102567,2.9721581532223076,136.59795020423988,137.38075288907038,15.60927679407239,27.13235697121339,75.6444012333572,171.4646429225661,488.2356347488722,18873.471264367818,144.3322859513527,72.16614297567635,1.0507534631095377,1.1937719128003932,0.19630582182617232,cdbox
