nameseq,average,median,maximum,minimum,peak,none_levated_peak,sample_standard_deviation,population_standard_deviation,percentile15,percentile25,percentile50,percentile75,amplitude,variance,interquartile_range,semi_interquartile_range,coefficient_of_variation,skewness,kurtosis,label
AJ617329.1/1-83,124.75,72.84272520006363,379.123642905391,2.5747774014079683,0.22177688710754845,2.722856901507517,100.95605479613393,101.56977506776842,27.603954195553705,48.7680379538897,72.84272520006363,205.795225092863,376.54886550398305,10316.41920731707,157.02718713897332,78.51359356948666,0.8092669723136988,1.542471372462669,0.2973229650309613,cdbox
AY220644.1/1-79,121.74999999999997,74.66574413011091,891.9032494999047,1.1370658002825766,0.21629021218343605,2.803304965858414,154.66051532307785,155.64877148279248,12.233510152633905,24.129673568804638,74.66574413011091,203.05980787859752,890.7661836996222,24226.540064102555,178.9301343097929,89.46506715489645,1.2703122408466356,0.9133085281307737,0.37639144201212255,cdbox
AJ223844.1/4-101,148.50000000000003,95.67051958175256,928.1895363637088,6.401713577576299,0.2199775533108866,2.983674642435734,151.89552330467146,152.67648229973952,31.84990094371267,49.559933709021095,95.67051958175256,211.41315478366482,921.7878227861326,23310.108247422675,161.85322107464373,80.92661053732186,1.022865476799134,1.0434042939952015,0.3107483495880763,cdbox
AJ224029.1/1-77,115.24999999999996,113.38969815817414,302.26478811639225,2.2547493210370666,0.22270426608821411,2.6336755769077946,84.33712112705767,84.89015735519325,15.358448944949405,29.268023597328344,113.38969815817414,181.3940738941936,300.0100387953552,7206.3388157894715,152.12605029686526,76.06302514843263,0.7317754544647089,0.06617377319614173,0.3480877939994285,cdbox
