nameseq,average,median,maximum,minimum,peak,none_levated_peak,sample_standard_deviation,population_standard_deviation,percentile15,percentile25,percentile50,percentile75,amplitude,variance,interquartile_range,semi_interquartile_range,coefficient_of_variation,skewness,kurtosis,label
CR382130.1/3357485-3357571,121.75000000000004,74.78248696113486,839.4440493868246,2.25,0.23819301848049274,3.0979045123711724,160.1011399084966,161.0292702339951,20.594359138702174,29.20052163010201,74.78248696113486,129.2526736920409,837.1940493868246,25930.425872093027,100.0521520619389,50.02607603096945,1.3149990957576718,0.8800845465380588,0.16460303193798245,cdbox
AF064283.1/1-90,146.49999999999997,102.45052558391416,621.6110816674711,9.0,0.20477815699658708,2.7080483325284463,129.5,130.22549587266272,34.12596319724418,65.53919157380005,102.45052558391416,206.2032089928099,612.6110816674711,16958.679775280896,140.66401741900984,70.33200870950492,0.8839590443686008,1.0204511447741889,0.3075497128072133,cdbox
CR382123.1/242557-242465,145.25000000000003,104.01960968220084,626.551523734144,2.25,0.21342512908777964,2.8475432680588013,133.67404385294853,134.3985697225914,33.668214913748756,43.09462496411643,104.01960968220084,219.2508902372049,624.301523734144,18062.97554347826,176.15626527308848,88.07813263654424,0.9203032279032599,0.9253192870372586,0.29075579213489183,cdbox
U10397.1/27874-27969,157.99999999999994,133.12615878816413,876.9819317709463,2.3042609736829442,0.20253164556962033,2.856692200552489,156.53114706025758,157.3528385173705,19.785550320999075,49.19356312412176,133.12615878816413,200.7104561895834,874.6776707972633,24759.91578947367,151.51689306546163,75.75844653273082,0.9907034624066939,0.4767199693922989,0.2587241137963169,cdbox
