nameseq,average,median,maximum,minimum,peak,none_levated_peak,sample_standard_deviation,population_standard_deviation,percentile15,percentile25,percentile50,percentile75,amplitude,variance,interquartile_range,semi_interquartile_range,coefficient_of_variation,skewness,kurtosis,label
AF064278.1/1-86,133.50000000000006,91.77156629381719,636.8684448856654,3.336457417997646,0.21473158551810229,2.7857654166585224,137.4163381843659,138.2223060231342,33.93545755311239,45.47795781418548,91.77156629381719,161.8282574140134,633.5319874676678,19105.40588235296,116.3502995998279,58.17514979991395,1.0293358665495569,0.910992846793753,0.22792236685240622,cdbox
CR382125.1/739697-739799,159.75000000000003,122.30688324363686,489.4591432361567,3.2824452922905865,0.21491914449660926,2.961494303343308,123.69064232996769,124.29549015370193,36.47429429755317,62.66237554628324,122.30688324363686,227.62762946741066,486.17669794386615,15449.368872549016,164.9652539211274,82.4826269605637,0.7742763213143515,0.9081475215354624,0.2701890254553118,cdbox
AJ223036.1/7-107,163.24999999999991,144.59878576709804,575.3819491352065,0.7455554789414637,0.20622766717713129,2.874580592503696,129.89707463988557,130.54494436783068,38.89604280280117,57.760243498945094,144.59878576709804,238.91303366896807,574.636393656265,17041.982500000006,181.15279017002297,90.57639508501148,0.7956941784985337,0.4307536782781772,0.34246823999443454,cdbox
