nameseq,average,median,maximum,minimum,peak,none_levated_peak,sample_standard_deviation,population_standard_deviation,percentile15,percentile25,percentile50,percentile75,amplitude,variance,interquartile_range,semi_interquartile_range,coefficient_of_variation,skewness,kurtosis,label
AF545070.1/587-661,94.75,69.30749533646495,367.97791600070394,0.8622325850054675,0.2638522427440633,2.871582912176382,84.43710677184528,85.00571324201559,18.97716321720557,29.83319529476417,69.30749533646495,130.1901775887635,367.11568341569847,7225.971283783784,100.35698229399934,50.17849114699967,0.8911567997028526,0.9039570031318955,0.22477791085015555,cdbox
AF545069.1/568-642,92.75,69.57167039461658,406.9504602768412,0.00813061875578341,0.2695417789757412,2.9331323961205436,86.55995032346081,87.14285219792379,18.33545688531896,27.82151110193897,69.57167039461658,122.99186938124419,406.94232965808544,7593.876689189191,95.17035827930522,47.58517913965261,0.9332609199294966,0.8033159510409728,0.23194965780446689,cdbox
AF545068.1/590-664,90.74999999999997,56.84196695546765,384.3582588158492,1.1540286525060999,0.2754820936639119,2.9113534571432873,80.99768515210792,81.54313027223444,18.64918736411312,28.84619520336912,56.84196695546765,130.8459713474939,383.2042301633431,6649.282094594597,101.99977614412478,50.99988807206239,0.8925364755053217,1.2558889669817888,0.28622787933024674,cdbox
AF016400.1/448-527,110.0,89.41887218542156,441.0,1.0,0.24242424242424243,2.799637528721008,92.72000862812729,93.30499871287779,25.0,33.33153927553923,89.41887218542156,156.93608270160783,440.0,8705.822784810127,123.6045434260686,61.8022717130343,0.8429091693466118,0.6659121839749809,0.2840671482922944,cdbox
