nameseq,average,median,maximum,minimum,peak,none_levated_peak,sample_standard_deviation,population_standard_deviation,percentile15,percentile25,percentile50,percentile75,amplitude,variance,interquartile_range,semi_interquartile_range,coefficient_of_variation,skewness,kurtosis,label
CM000208.1/3814121-3814202,116.50000000000003,68.79542203200064,604.8510181791859,7.771827253958204,0.23462088698140193,2.8885597302689257,133.649728768898,134.47219640110842,22.703728992304605,33.014276907904296,68.79542203200064,148.5741332302087,597.0791909252276,18082.771604938273,115.5598563223044,57.7799281611522,1.1472079722652186,1.0708120040517624,0.24345995810812107,cdbox
AHKC01021457.1/284-198,101.75,73.86987917602896,376.263759617596,3.4147212144301817,0.28501228501228504,3.167278554556543,83.72201024820176,84.20735930110334,22.30863783392948,34.92590200674677,73.86987917602896,159.07928779772328,372.8490384031658,7090.879360465115,124.15338579097651,62.07669289548826,0.8228207395400664,0.9990247752526894,0.33000973709821985,cdbox
