nameseq,average,median,maximum,minimum,peak,none_levated_peak,sample_standard_deviation,population_standard_deviation,percentile15,percentile25,percentile50,percentile75,amplitude,variance,interquartile_range,semi_interquartile_range,coefficient_of_variation,skewness,kurtosis,label
AJ238851.1/5294-5387,101.49999999999994,92.43529453159141,393.88383049704754,0.0,0.30870279146141233,3.4527847699628693,86.94394746041843,87.41013818811017,18.36784153438005,29.689922654409415,92.43529453159141,147.35369339471043,393.88383049704754,7640.532258064516,117.66377074030102,58.83188537015051,0.856590615373581,0.31277756761165953,0.27093122461743613,cdbox
AL022326.1/46948-46856,99.25,70.03193327215466,419.21552306849844,0.00020527785152038133,0.3123425692695214,3.4644930721812153,92.9771477299664,93.48109260119419,22.705554420716137,34.15166718288321,70.03193327215466,141.50712358177293,419.2153177906469,8738.714673913042,107.35545639888971,53.67772819944486,0.9367974582364373,0.9427499372008074,0.23870098776458015,cdbox
AJ238851.1/3934-4027,101.50000000000001,71.17037209438425,360.8393497834488,3.0166279794430135,0.3087027914614121,3.4496791076086772,86.52889690733382,86.99286214693785,13.798556175290559,45.394436850678645,71.17037209438425,139.65719550347015,357.8227218040058,7567.758064516132,94.2627586527915,47.13137932639575,0.8525014473628946,1.0515433221608015,0.20312999833224565,cdbox
AF227523.1/526-433,107.50000000000001,84.94575363109101,295.8506520885014,6.092763607603348,0.2914728682170542,3.328128374599816,84.09072481552292,84.5416166526082,19.791043033657534,29.284669313910836,84.94575363109101,179.17641135389223,289.7578884808981,7147.28494623656,149.8917420399814,74.9458710199907,0.7822393006095154,0.8046397418403113,0.3570535475784913,cdbox
