nameseq,average,median,maximum,minimum,peak,none_levated_peak,sample_standard_deviation,population_standard_deviation,percentile15,percentile25,percentile50,percentile75,amplitude,variance,interquartile_range,semi_interquartile_range,coefficient_of_variation,skewness,kurtosis,label
X58062.1/52-155,142.0,66.32538036429098,953.7582030382473,2.041615978847858,0.244131455399061,3.3513307289367504,172.29625648864223,173.13062580673878,30.77136075383376,44.78234939874825,66.32538036429098,212.00026743780953,951.7165870593994,29974.213592233005,167.21791803906126,83.60895901953063,1.2133539189341003,1.317636630846315,0.28625657642306956,cdbox
AANU01284163.1/3535-3432,133.99999999999994,80.82888566812467,705.2470428457315,4.0,0.25870646766169164,3.4246810126629574,147.38385257551113,148.09758000684377,21.141429530917605,33.064360305703076,80.82888566812467,148.57128321797944,701.2470428457315,21932.893203883494,115.50692291227637,57.75346145613818,1.099879496832173,1.0822986386103608,0.16617633870668394,cdbox
AANG01408182.1/948-1051,132.00000000000006,82.00000000000001,678.1471726028261,1.9562846979546802,0.2626262626262625,3.490618589488635,142.96852800529214,143.66087359452382,17.10102233186458,28.456371306441177,82.00000000000001,193.38755956300565,676.1908879048715,20638.44660194175,164.93118825656447,82.46559412828223,1.0830949091310007,1.0491819569859997,0.22888855758417112,cdbox
AC097004.3/70903-71006,140.0,81.06846937894562,618.6670184876928,0.6484677899568414,0.2476190476190476,3.4151871529431554,151.2283042290695,151.96064896857823,18.10927714013083,30.771155178969217,81.06846937894562,186.1834457452616,618.0185506977359,23092.03883495145,155.41229056629237,77.70614528314618,1.0802021730647822,1.169057556814019,0.19492110888110678,cdbox
