nameseq,average,median,maximum,minimum,peak,none_levated_peak,sample_standard_deviation,population_standard_deviation,percentile15,percentile25,percentile50,percentile75,amplitude,variance,interquartile_range,semi_interquartile_range,coefficient_of_variation,skewness,kurtosis,label
AJ784370.1/4-84,114.24999999999997,72.25,809.5228576696629,0.4865195539508635,0.23632385120350116,2.975117555288674,145.86294937371864,146.77176158921034,6.347021678369788,38.36955546225221,72.25,110.02100369978398,809.036338115712,21541.95,71.65144823753177,35.82572411876588,1.2766997756999445,0.8638245732792128,0.14320120394783356,cdbox
AAPP01019560.1/78347-78267,112.24999999999996,76.0501095163973,559.5917468418268,1.760447209393877,0.24053452115812926,2.910256814286601,121.2847888236608,122.04046460088556,19.970798190852655,29.98675161050008,76.0501095163973,140.03757007119796,557.8312996324329,14893.875,110.05081846069788,55.02540923034894,1.0804880964245955,0.89541048390416,0.2339822825248584,cdbox
AAQB01009437.1/229861-229942,118.5,70.7249280122866,386.2619017350569,6.270515890356581,0.23066104078762306,2.7514513111705194,95.54187563576505,96.12983118909781,33.03666387395376,41.01398851693533,70.7249280122866,183.1252330362508,379.9913858447003,9240.944444444442,142.11124451931545,71.05562225965772,0.8062605538883126,1.5001298122881732,0.29382432381882756,cdbox
AAIZ01002917.1/47541-47622,118.49999999999996,96.9563235029462,431.34269589017305,3.735837270938978,0.23066104078762314,2.7571538944419176,97.19182064350889,97.78992980041643,22.479096809503435,38.93369659228089,96.9563235029462,176.81827254483625,427.60685861923406,9562.870370370372,137.88457595255537,68.94228797627768,0.8201841404515521,0.664984245209504,0.31054108280776255,cdbox
