nameseq,average,median,maximum,minimum,peak,none_levated_peak,sample_standard_deviation,population_standard_deviation,percentile15,percentile25,percentile50,percentile75,amplitude,variance,interquartile_range,semi_interquartile_range,coefficient_of_variation,skewness,kurtosis,label
AP000603.1/65098-65183,137.49999999999997,89.32198722686545,462.65526792945224,1.2335976508599615,0.20848484848484852,2.7553321666129817,123.70630541730684,124.43186181719743,27.834009663393207,34.97443911468371,89.32198722686545,223.66723021076896,461.4216702785923,15483.288235294116,188.69279109608524,94.34639554804262,0.8996822212167772,1.1683643596972453,0.3134710924246586,cdbox
AARH01002519.1/12521-12439,120.74999999999997,72.07682422427278,404.801848141256,0.06350504441652448,0.2291235334713596,2.8507544973984147,112.12102835775276,112.80262143425136,20.726644112693467,37.089978899750946,72.07682422427278,196.51458231375366,404.7383430968395,12724.431402439024,159.42460341400272,79.71230170700136,0.9285385371242467,1.302338459305478,0.3110487316034528,cdbox
AASG02002801.1/14167-14078,142.50000000000003,109.25884963444196,511.62543906154434,2.9999999999999996,0.21052631578947364,2.7688820502813503,120.86459365753066,121.54171152509512,30.172716245800565,47.157244750461814,109.25884963444196,187.71693246898823,508.62543906154434,14772.38764044944,140.55968771852642,70.27984385926321,0.8481725870703904,0.8250840720090468,0.23582855413631243,cdbox
AM475808.2/15755-15675,126.25000000000004,104.13778215587253,527.8871437660574,2.87734241385486,0.2138613861386138,2.6276865459467884,101.47413463538379,102.1063783512078,21.121435799182077,50.541087853364935,104.13778215587253,160.31750866184427,525.0098013522025,10425.712499999996,109.77642080847934,54.88821040423967,0.8037555218644258,0.6537296796936773,0.23232222119485246,cdbox
