nameseq,average,median,maximum,minimum,peak,none_levated_peak,sample_standard_deviation,population_standard_deviation,percentile15,percentile25,percentile50,percentile75,amplitude,variance,interquartile_range,semi_interquartile_range,coefficient_of_variation,skewness,kurtosis,label
AJ490427.1/1-92,132.99999999999994,91.50883966716114,1225.0,0.5860044531721004,0.230576441102757,3.064793508384499,159.486676559517,160.36058269885552,13.279780119017536,31.116878542435025,91.50883966716114,176.30700522986797,1224.413995546828,25715.51648351648,145.19012668743295,72.59506334371648,1.1991479440565194,0.7804631940654025,0.30934898602554173,cdbox
AJ490423.1/1-86,121.49999999999999,80.99618719672317,529.0,2.9663919706212925,0.23593964334705078,2.8630464701652385,116.4012456978017,117.08395680526205,33.223555587594845,48.276180329767314,80.99618719672317,156.93866107957973,526.0336080293787,13708.65294117647,108.66248074981242,54.33124037490621,0.9580349440148289,1.0439015294157221,0.22871998829353365,cdbox
AJ490421.1/1-86,121.49999999999999,80.99618719672317,529.0,2.9663919706212925,0.23593964334705078,2.8630464701652385,116.4012456978017,117.08395680526205,33.223555587594845,48.276180329767314,80.99618719672317,156.93866107957973,526.0336080293787,13708.65294117647,108.66248074981242,54.33124037490621,0.9580349440148289,1.0439015294157221,0.22871998829353365,cdbox
AACV01021454.1/9963-10048,121.49999999999999,80.99618719672317,529.0,2.9663919706212925,0.23593964334705078,2.8630464701652385,116.4012456978017,117.08395680526205,33.223555587594845,48.276180329767314,80.99618719672317,156.93866107957973,526.0336080293787,13708.65294117647,108.66248074981242,54.33124037490621,0.9580349440148289,1.0439015294157221,0.22871998829353365,cdbox
