nameseq,average,median,maximum,minimum,peak,none_levated_peak,sample_standard_deviation,population_standard_deviation,percentile15,percentile25,percentile50,percentile75,amplitude,variance,interquartile_range,semi_interquartile_range,coefficient_of_variation,skewness,kurtosis,label
AF317993.1/1-96,137.99999999999997,89.95323839867206,838.3272896058841,1.0,0.23188405797101455,3.0886495128476503,150.38284476628306,151.17226144891444,19.883200412079166,37.03769150241858,89.95323839867206,186.16724816885753,837.3272896058841,22853.05263157894,149.12955666643893,74.56477833321946,1.0897307591759644,0.9584888823455816,0.2948937811540739,cdbox
AF317936.1/1-96,139.99999999999997,101.99487857600371,890.3488460668484,0.21539030917347338,0.22857142857142862,3.124933073757786,158.23400393088713,159.0646343306294,16.0,36.10139887267289,101.99487857600371,180.15375822315715,890.1334557576749,25301.557894736838,144.05235935048427,72.02617967524213,1.1302428852206226,0.7205490693504033,0.2748849117227106,cdbox
AF317937.1/1-96,139.99999999999997,101.99487857600371,890.3488460668484,0.21539030917347338,0.22857142857142862,3.124933073757786,158.23400393088713,159.0646343306294,16.0,36.10139887267289,101.99487857600371,180.15375822315715,890.1334557576749,25301.557894736838,144.05235935048427,72.02617967524213,1.1302428852206226,0.7205490693504033,0.2748849117227106,cdbox
AJ505638.1/15-116,151.49999999999994,88.88021982747836,1117.4858364079219,1.439304605883334,0.2244224422442245,3.1573465261974207,180.01458274262112,180.9035490514377,24.21419284994992,47.11835320710976,88.88021982747836,222.68607899511022,1116.0465318020385,32726.094059405925,175.56772578800047,87.78386289400024,1.1882150676080605,1.0435784571195537,0.2938256357697337,cdbox
