nameseq,average,median,maximum,minimum,peak,none_levated_peak,sample_standard_deviation,population_standard_deviation,percentile15,percentile25,percentile50,percentile75,amplitude,variance,interquartile_range,semi_interquartile_range,coefficient_of_variation,skewness,kurtosis,label
AC078839.4/60990-61073,104.99999999999997,74.85641797488304,325.6701699928853,2.803715285771152,0.2666666666666667,3.0303189270017166,90.04998611882179,90.59083173909333,23.023612154762265,27.99122529807739,74.85641797488304,142.0287452776829,322.86645470711414,8206.69879518072,114.03751997960552,57.01875998980276,0.8576189154173506,1.0042283177703835,0.24307601355126915,cdbox
AJ490408.1/1-91,120.74999999999999,104.36116959187211,741.5494171281774,0.4646734898006642,0.25120772946859904,3.135968436498103,125.1623945120898,125.85582028654855,15.628924451797065,23.4586778200665,104.36116959187211,168.02117248527628,741.0847436383767,15839.687500000005,144.56249466520978,72.28124733260489,1.0365415694583007,0.39282159322730503,0.39028185948662597,cdbox
AJ490405.1/1-95,121.74999999999996,73.15110958649724,777.6417613109613,0.23746325866290938,0.2600958247775497,3.23961794724511,131.97679720314474,132.67694427651395,31.188617578307248,39.55564870182572,73.15110958649724,145.83703257104852,777.4042980522984,17603.17154255319,106.28138386922281,53.140691934611404,1.0839983343174109,1.1047144220062501,0.1985506578542424,cdbox
AJ490407.1/1-94,123.49999999999994,107.40652796450092,538.0619020635845,2.966931766490629,0.25371120107962225,3.0865344288486676,106.03419259842555,106.60274462362742,28.774326701161282,57.110366784444764,107.40652796450092,152.95152111855683,535.0949702970939,11364.145161290324,95.84115433411206,47.92057716705603,0.8585764582868469,0.4553287474856856,0.2065501540129561,cdbox
