nameseq,average,median,maximum,minimum,peak,none_levated_peak,sample_standard_deviation,population_standard_deviation,percentile15,percentile25,percentile50,percentile75,amplitude,variance,interquartile_range,semi_interquartile_range,coefficient_of_variation,skewness,kurtosis,label
AC105364.2/52337-52244,141.50000000000003,122.99098556433985,495.8526044993186,0.8514964579942735,0.22143698468786802,2.9059103415451712,113.90895487186248,114.51973112614394,23.929890894258577,46.600420531644446,122.99098556433985,217.40505620066912,495.0011080413243,13114.768817204302,170.80463566902466,85.40231783451233,0.8050102817799467,0.48746863992777,0.29692505416241705,cdbox
AC003027.1/47945-47851,135.74999999999997,109.6628707682055,456.57675343376167,0.1889419511395494,0.23327194597912837,3.0284338336772767,111.50280265535929,112.09433361084571,23.47318687613823,41.769432556081924,109.6628707682055,203.93416665074494,456.3878114826221,12565.139627659573,162.164734094663,81.0823670473315,0.8213834449750226,0.701878211413925,0.2886276079491027,cdbox
AP003829.2/17857-17764,139.4999999999999,125.19642693018645,563.0975968986904,1.0,0.2246117084826764,2.896726585815661,110.36870027322058,110.96049379304195,21.788099603379827,59.532203821033946,125.19642693018645,182.0952403443847,562.0975968986904,12312.2311827957,122.56303652335076,61.28151826167538,0.7911734786610801,0.3887942786606503,0.21125301109455494,cdbox
AP003829.2/19099-19006,139.49999999999997,101.83894291923158,503.1336952000177,4.0,0.22461170848267625,3.0418357506760447,139.94016578523838,140.6905205784852,14.540678891785134,29.046174447030364,101.83894291923158,179.9610682589824,499.1336952000177,19793.822580645166,150.91489381195206,75.45744690597603,1.0031553102884474,0.8073677103948609,0.20352263817932814,cdbox
