nameseq,average,median,maximum,minimum,peak,none_levated_peak,sample_standard_deviation,population_standard_deviation,percentile15,percentile25,percentile50,percentile75,amplitude,variance,interquartile_range,semi_interquartile_range,coefficient_of_variation,skewness,kurtosis,label
AJ010684.1/1-113,166.25000000000003,109.00399028193262,1027.855058097881,2.295264635851391,0.2265664160401002,3.369161094731414,194.1365498817778,195.00130494068864,17.678272643224112,45.62991208752482,109.00399028193262,207.38461585689734,1025.5597934620296,38025.508928571435,161.75470376937253,80.87735188468626,1.1677386459054302,0.8846249161159223,0.24488967384442817,cdbox
AAEU02000113.1/4030-4142,164.25000000000009,100.29090948353627,898.0922863658624,1.7839134285146616,0.22932521562658537,3.4279092761096117,207.20038610002638,208.12333225415023,25.449267893167857,33.38461964597881,100.29090948353627,170.73428106929424,896.3083729373477,43315.32142857141,137.34966142331544,68.67483071165772,1.2614939793000077,0.926046882252248,0.2115250656561579,cdbox
AAPU01010632.1/32660-32544,183.25,125.950956460385,824.4471148829139,0.25,0.21282401091405184,3.230404524123767,175.41165867752346,176.16612090629803,37.44521500664631,57.06543779348671,125.950956460385,277.5056103235492,824.1971148829139,31034.502155172413,220.4401725300625,110.22008626503126,0.9572259682265946,0.9799641136445806,0.29621090673826417,cdbox
AADE01000150.1/100636-100752,187.25,151.0,662.3497020985253,3.5829422692297217,0.2082777036048064,3.1396270179874755,159.0888116744858,159.77306778570406,41.28984265716445,57.05323116642816,151.0,252.00771459714505,658.7667598292956,25527.433189655185,194.9544834307169,97.47724171535845,0.84960647089178,0.6835804407321562,0.2648244069220717,cdbox
