nameseq,average,median,maximum,minimum,peak,none_levated_peak,sample_standard_deviation,population_standard_deviation,percentile15,percentile25,percentile50,percentile75,amplitude,variance,interquartile_range,semi_interquartile_range,coefficient_of_variation,skewness,kurtosis,label
AF318010.1/1-76,125.0,96.49020793194194,342.6058460232155,0.21795146627277764,0.20266666666666666,2.455454108557985,90.83501527494776,91.43857683348604,52.04919756084983,72.02952332212746,96.49020793194194,152.31017923571073,342.38789455694274,8361.01333333333,80.28065591358327,40.14032795679164,0.7266801221995821,0.9415903761923309,0.15352749552977668,cdbox
AY707468.1/1-82,132.5,94.99049076496894,749.9888879717704,0.4221943340319122,0.2062893081761006,2.768086093226753,143.98697857792558,144.87306065553977,8.255634815627367,38.90189180751571,94.99049076496894,176.24156963196165,749.5666936377385,20988.203703703704,137.33967782444594,68.66983891222297,1.0866941779466082,0.7815187791039929,0.22290091772447776,cdbox
AY664413.1/185186-185259,112.49999999999997,92.91819883719712,592.8931254225786,0.7336001463776233,0.21925925925925932,2.6259003737636393,112.20628324652766,112.97220533424223,18.090637878651634,27.407427350921086,92.91819883719712,138.45180527356706,592.159525276201,12762.719178082189,111.04437792264598,55.52218896132299,0.9973891844135795,0.5235482522787018,0.2532003624779139,cdbox
AJ490349.1/1-78,123.49999999999997,66.12986081883945,523.0,0.0,0.21052631578947373,2.698309034108232,131.78486256015898,132.63784792169503,16.547430864702886,29.78667051585352,66.12986081883945,172.34071928441796,523.0,17592.7987012987,142.55404876856443,71.27702438428221,1.0670839073697087,1.3059953487822944,0.23037611047023646,cdbox
