nameseq,average,median,maximum,minimum,peak,none_levated_peak,sample_standard_deviation,population_standard_deviation,percentile15,percentile25,percentile50,percentile75,amplitude,variance,interquartile_range,semi_interquartile_range,coefficient_of_variation,skewness,kurtosis,label
AJ494961.1/1-137,120.25000000000009,77.50058943258368,519.8818866465514,0.6090949564865958,0.3797643797643795,4.709955841397107,115.4924239939573,115.9162508274071,20.140635145158242,29.15154386347819,77.50058943258368,169.3376113590881,519.2727916900648,13436.577205882357,140.1860674956099,70.09303374780495,0.9604359583697066,1.1104471381513241,0.29069184061037656,cdbox
AK060741.1/737-601,122.25000000000003,83.17683253945557,530.215814690867,0.48534583697660627,0.3735514655760053,4.6556120520209765,116.47961194990307,116.90706150362249,19.22685771336018,39.03934376203516,83.17683253945557,175.75220350799165,529.7304688538903,13667.26102941177,136.7128597459565,68.35642987297825,0.9527984617578982,1.0063521024782303,0.27612363460700057,cdbox
AK064985.1/714-578,122.24999999999997,82.96920361929443,524.6230423105206,2.510343536490315,0.37355146557600555,4.658206504514951,117.87069186188735,118.30324631317305,16.75598001152739,42.672817524358386,82.96920361929443,171.23343219869577,522.1126987740304,13995.658088235292,128.5606146743374,64.2803073371687,0.964177438543046,0.999759883315151,0.24549024206249148,cdbox
AAAA02033424.1/23901-23765,120.25000000000009,77.50058943258368,519.8818866465514,0.6090949564865958,0.3797643797643795,4.709955841397107,115.4924239939573,115.9162508274071,20.140635145158242,29.15154386347819,77.50058943258368,169.3376113590881,519.2727916900648,13436.577205882357,140.1860674956099,70.09303374780495,0.9604359583697066,1.1104471381513241,0.29069184061037656,cdbox
