nameseq,average,median,maximum,minimum,peak,none_levated_peak,sample_standard_deviation,population_standard_deviation,percentile15,percentile25,percentile50,percentile75,amplitude,variance,interquartile_range,semi_interquartile_range,coefficient_of_variation,skewness,kurtosis,label
AF318005.1/1-85,127.25000000000003,90.90202944115144,430.82626873513254,4.029136602716677,0.22265880812049765,2.7815986541193323,114.2026707218356,114.880437329218,34.144947423953376,43.42757011750831,90.90202944115144,151.86118967575786,426.79713213241587,13197.514880952383,108.43361955824955,54.21680977912477,0.8974669604859378,0.9548280349953017,0.17356843221613394,cdbox
AJ307915.1/1-86,127.49999999999999,67.5784241157391,656.7298221852005,0.6481562255521539,0.22483660130718958,3.0047820698307675,154.1208941058934,155.02483671979792,9.935791517351722,28.792659596731973,67.5784241157391,164.3131590293943,656.0816659596484,24032.7,135.52049943266235,67.76024971633117,1.2087913263207326,1.1663877808110164,0.24493436426742213,cdbox
AF318006.1/6-89,124.99999999999996,84.21535151174051,530.4903721954217,1.2458423996711983,0.2240000000000001,2.8372601849869166,123.16249429107869,123.90221562241966,22.108998038394784,31.61524900313756,84.21535151174051,178.49664291459268,529.2445297957505,15351.759036144575,146.88139391145512,73.44069695572756,0.9852999543286298,0.9934351051352578,0.2842205397497112,cdbox
AJ489946.1/1-87,129.7499999999999,94.34516341193779,669.8434132698811,3.932229575801069,0.2235067437379578,2.9849846657478323,144.66988283675354,145.50855585009904,11.999999999999998,20.9343170986337,94.34516341193779,201.88394552540404,665.91118369408,21172.739825581393,180.94962842677035,90.47481421338517,1.1149894630963675,0.7341853582893921,0.28786443898024194,cdbox
