nameseq,average,median,maximum,minimum,peak,none_levated_peak,sample_standard_deviation,population_standard_deviation,percentile15,percentile25,percentile50,percentile75,amplitude,variance,interquartile_range,semi_interquartile_range,coefficient_of_variation,skewness,kurtosis,label
AJ007735.1/1-92,109.00000000000006,73.67118777167914,412.7694883371903,1.4609289639980714,0.28134556574923536,3.324466082556405,106.3014581273465,106.883936230735,18.087472440135297,22.48564923058651,73.67118777167914,141.11683317592502,411.3085593731922,11424.175824175825,118.6311839453385,59.31559197266925,0.9752427351132702,0.9970365275516129,0.21010435790595844,cdbox
AASS01022858.1/652-560,113.24999999999999,65.50304499905776,717.2681345894605,10.200063029589751,0.2737306843267108,3.307165677165417,131.83227981037115,132.54682314596207,25.988578248259355,31.110923063854006,65.50304499905776,148.90528399537052,707.0680715598708,17568.66032608695,117.79436093151652,58.89718046575826,1.1640819409304297,1.0865386323354624,0.24826770874106407,cdbox
AAEU02000846.1/77664-77572,117.24999999999999,89.6376892641111,708.2864219608181,0.6700237537745388,0.2643923240938167,3.232404201987532,132.40751489247123,133.1251760562216,31.97484324674654,37.437108485661156,89.6376892641111,129.0,707.6163982070435,17722.312499999993,91.56289151433884,45.78144575716942,1.1292751803195842,0.625621078040313,0.18352669086815773,cdbox
AAPQ01006057.1/692543-692451,123.25000000000006,82.54402887575696,741.0637219890314,1.403043175071205,0.2515212981744421,3.2112457256731806,148.2455732897276,149.04907821718083,17.591173563226185,41.92520553759527,82.54402887575696,139.06780605893022,739.6606788139602,22215.627717391293,97.14260052133494,48.57130026066747,1.2028038400789252,0.8237541982725175,0.1985691521497622,cdbox
