nameseq,average,median,maximum,minimum,peak,none_levated_peak,sample_standard_deviation,population_standard_deviation,percentile15,percentile25,percentile50,percentile75,amplitude,variance,interquartile_range,semi_interquartile_range,coefficient_of_variation,skewness,kurtosis,label
AC140545.26/107249-107163,137.74999999999997,113.85064199496455,588.6064908381389,4.1499708102329755,0.21052631578947373,2.702164885103383,117.68336755888657,118.36559569480502,28.31041046819905,38.51848760016259,113.85064199496455,197.54306636994167,584.456520027906,14010.414244186046,159.02457876977908,79.51228938488954,0.8543257173058918,0.6092456011613526,0.35655278151803327,cdbox
AC150706.4/102309-102395,141.75,110.6629462546269,484.006473842787,8.42101107926892,0.20458553791887124,2.6460788439998475,118.31472858439896,119.00061681489545,42.75539717449806,55.51169873862437,110.6629462546269,185.815035413842,475.5854627635181,14161.146802325577,130.30333667521762,65.15166833760881,0.8346718065918798,0.7882464199678412,0.204737300877631,cdbox
Z70229.1/1-81,116.24999999999993,61.18854170524453,723.0073865672841,10.500764731236721,0.23225806451612918,2.791964371727786,127.58526560696572,128.3801970710436,33.61111556041585,39.42622151584352,61.18854170524453,159.95975748193095,712.5066218360474,16481.47499999999,120.53353596608743,60.266767983043714,1.0975076611351897,1.294697895547961,0.2404694842127925,cdbox
AP006687.1/73908-73825,139.0,69.57320590051799,1088.586798563371,4.0,0.2014388489208633,2.7439116629498628,184.6645607581487,185.77366719125382,30.788933761588137,38.927383016476796,69.57320590051799,171.1549237963434,1084.586798563371,34511.85542168674,132.22754077986662,66.11377038993331,1.3285220198427963,1.127884968525317,0.21805486963662177,cdbox
