nameseq,average,median,maximum,minimum,peak,none_levated_peak,sample_standard_deviation,population_standard_deviation,percentile15,percentile25,percentile50,percentile75,amplitude,variance,interquartile_range,semi_interquartile_range,coefficient_of_variation,skewness,kurtosis,label
AJ224024.1/1-72,93.99999999999999,71.0484626160229,313.99999999999994,1.0,0.25531914893617025,2.6999112872192175,76.57675887630657,77.11414623333239,27.772226144868508,32.29050206283962,71.0484626160229,141.83825080261272,312.99999999999994,5946.591549295772,109.5477487397731,54.77387436988655,0.8146463710245381,0.8991580887244287,0.26495873841542766,cdbox
AF001689.1/2296-2367,93.99999999999999,71.0484626160229,313.99999999999994,1.0,0.25531914893617025,2.6999112872192175,76.57675887630657,77.11414623333239,27.772226144868508,32.29050206283962,71.0484626160229,141.83825080261272,312.99999999999994,5946.591549295772,109.5477487397731,54.77387436988655,0.8146463710245381,0.8991580887244287,0.26495873841542766,cdbox
AF001689.1/3399-3470,101.99999999999997,71.1945800207487,465.14966426126404,0.0,0.23529411764705888,2.710483380278205,100.75713374247998,101.4642100225146,17.06456775219328,24.087224126372053,71.1945800207487,135.18970737107045,465.14966426126404,10294.985915492955,111.1024832446984,55.5512416223492,0.9878150366909805,0.9172180321639142,0.23720117952681222,cdbox
AJ224025.1/2-73,101.99999999999997,71.1945800207487,465.14966426126404,0.0,0.23529411764705888,2.710483380278205,100.75713374247998,101.4642100225146,17.06456775219328,24.087224126372053,71.1945800207487,135.18970737107045,465.14966426126404,10294.985915492955,111.1024832446984,55.5512416223492,0.9878150366909805,0.9172180321639142,0.23720117952681222,cdbox
