nameseq,average,median,maximum,minimum,peak,none_levated_peak,sample_standard_deviation,population_standard_deviation,percentile15,percentile25,percentile50,percentile75,amplitude,variance,interquartile_range,semi_interquartile_range,coefficient_of_variation,skewness,kurtosis,label
AJ490472.1/1-132,118.99999999999997,78.76261509072134,674.0057116424035,0.09005678792462982,0.36974789915966394,4.660292823615615,134.09697983176204,134.60782731911436,16.25496396482288,27.62252904925116,78.76261509072134,152.48040188233134,673.9156548544789,18119.26717557251,124.85787283308018,62.42893641654009,1.1268653767374963,0.9001854842613254,0.24955285613624653,cdbox
AK070157.1/3551-3683,121.25,79.20674519215781,508.8673112275879,1.1576760122159717,0.36563573883161515,4.553142973119145,115.60384941687714,116.04091656903535,20.66360113429044,34.85180299837066,79.20674519215781,143.81746298335622,507.7096352153719,13465.494318181823,108.96565998498556,54.48282999249278,0.953433809623729,1.0910515961167704,0.20361159919419225,cdbox
AJ490476.1/1-128,110.00000000000001,76.36089232370183,574.4451414708982,1.009416234854539,0.3878787878787878,4.678301560915503,121.67579874403945,122.15389802683171,13.966970318025375,28.502028619225456,76.36089232370183,128.19553048964602,573.4357252360437,14921.574803149599,99.69350187042056,49.84675093521028,1.106143624945813,0.829395196666734,0.17981786216707257,cdbox
AAAA02025462.1/36027-36156,108.49999999999997,75.33262653184399,457.0030438834478,3.48155152404422,0.3993855606758834,4.603961315555951,97.79698359356487,98.17530989443432,20.21845912829814,35.65009405439727,75.33262653184399,150.10050897531355,453.52149235940357,9638.391472868214,114.45041492091627,57.22520746045814,0.9013546874982941,1.017435474472193,0.2443034164712034,cdbox
