nameseq,average,median,maximum,minimum,peak,none_levated_peak,sample_standard_deviation,population_standard_deviation,percentile15,percentile25,percentile50,percentile75,amplitude,variance,interquartile_range,semi_interquartile_range,coefficient_of_variation,skewness,kurtosis,label
AL713946.3/150758-150869,128.00000000000003,80.52158965466431,576.8004580824032,1.0,0.29166666666666663,3.7779130392166103,131.8066766138954,132.39906915652207,19.859813459048766,36.053590275781204,80.52158965466431,160.5794428612705,575.8004580824032,17529.513513513517,124.5258525854893,62.26292629274465,1.0297396610460576,1.0806374509634762,0.18317106599630606,cdbox
AJ536284.1/1-112,126.00000000000003,85.65201172159233,534.3722836118326,2.029327318801035,0.2962962962962962,3.7737803196429414,125.73782247199925,126.30293912824212,21.72501775335803,33.71135074645406,85.65201172159233,159.7429896000911,532.3429562930315,15952.432432432433,126.03163885363705,63.015819426818524,0.9979192259682478,0.9626694852471981,0.19934530618334229,cdbox
AJ536283.1/1-110,139.5,83.58772575177728,1022.4289553912727,0.0,0.2628434886499402,3.633186909267545,174.9549942127975,175.75570775180944,19.68922519334199,27.71352187594895,83.58772575177728,192.97430988684877,1022.4289553912727,30890.06880733945,165.26078801089983,82.63039400544992,1.2541576646078674,0.9587426955108814,0.27949475673505303,cdbox
AC021043.4/111618-111721,140.0,96.35210478203123,694.7853058541393,0.7732592071452918,0.2476190476190476,3.2747939914786883,131.3354483755243,131.97145910922362,24.146206102669343,32.25102711089157,96.35210478203123,211.11673944883265,694.012046646994,17416.46601941748,178.8657123379411,89.43285616897055,0.9381103455394593,0.9970170831526167,0.33341984227996874,cdbox
