nameseq,average,median,maximum,minimum,peak,none_levated_peak,sample_standard_deviation,population_standard_deviation,percentile15,percentile25,percentile50,percentile75,amplitude,variance,interquartile_range,semi_interquartile_range,coefficient_of_variation,skewness,kurtosis,label
X94605.1/2-96,139.75000000000003,101.0257749346412,822.1021000335437,0.7671280692638207,0.22659511031604052,3.0213454742595904,140.23863590323458,140.9826126671941,14.220536846803773,49.51492890031661,101.0257749346412,197.7658594019224,821.3349719642799,19876.09707446808,148.25093050160578,74.12546525080289,1.0034965002020362,0.8283927923845198,0.25792083900435164,cdbox
AACH01000077.1/3889-3986,146.5,107.6041888934103,574.9917089961943,1.6441185305253352,0.2229806598407281,3.000854427667832,128.55446316639495,129.21541591985147,26.24051876082034,49.02810945244124,107.6041888934103,228.86084154245663,573.347590465669,16696.623711340206,179.83273209001538,89.91636604500769,0.8775048680299997,0.9076886982036111,0.3084615514367653,cdbox
AACA01000192.1/11990-12087,144.49999999999997,125.44692988608577,503.8935247997197,3.4895090009304903,0.2260668973471742,2.9548156200857627,112.22410614480296,112.80109764034205,28.07451536894961,60.663572077176696,125.44692988608577,193.9748335826756,500.40401579878926,12724.08762886598,133.3112615054989,66.65563075274945,0.7766374127668026,0.5093309477376454,0.23291220412163544,cdbox
