nameseq,average,median,maximum,minimum,peak,none_levated_peak,sample_standard_deviation,population_standard_deviation,percentile15,percentile25,percentile50,percentile75,amplitude,variance,interquartile_range,semi_interquartile_range,coefficient_of_variation,skewness,kurtosis,label
U56646.1/2-172,262.74999999999994,139.821755858711,1884.2702449105125,0.3286650566679565,0.21693625118934354,4.214237010821282,331.1700846996902,332.14268616151736,25.273145632813367,43.15754865696782,139.821755858711,343.7538043956127,1883.9415798538446,110318.76397058823,300.59625573864486,150.29812786932243,1.2603999417685643,1.1135810553609822,0.21296101739368853,cdbox
AACF01000005.1/27414-27234,279.2500000000001,169.37880601106374,1676.1286806457501,2.25,0.21605490898239324,4.223570649581544,330.3638146044448,331.28022084365705,41.57322980475979,66.00817027975795,169.37880601106374,388.4114025431166,1673.8786806457501,109746.5847222222,322.40323226335863,161.20161613167932,1.1830396225763462,0.9977290713919924,0.2569754187154213,cdbox
AADM01000252.1/7157-7341,262.24999999999994,160.4914296564582,1435.1784576226444,8.54235815690314,0.23514458214172232,4.364122507030306,293.09640052378677,293.89177892107045,42.79103763234844,65.41949291141384,160.4914296564582,347.103984140481,1426.6360994657412,86372.37771739134,281.68449122906713,140.84224561453357,1.1176221182985198,1.0415539409050165,0.24558694399102637,cdbox
AAZN01000360.1/46023-45830,312.49999999999994,200.81396138769043,1480.9270156937746,2.415582541838642,0.20693333333333339,4.143411965182016,297.33524849906377,298.1045518508513,49.43918885108246,79.27532040263003,200.81396138769043,454.18694206310937,1478.511433151936,88866.3238341969,374.91162166047934,187.45581083023967,0.9514727951970042,1.1268698128738126,0.2874045628146927,cdbox
