nameseq,average,median,maximum,minimum,peak,none_levated_peak,sample_standard_deviation,population_standard_deviation,percentile15,percentile25,percentile50,percentile75,amplitude,variance,interquartile_range,semi_interquartile_range,coefficient_of_variation,skewness,kurtosis,label
Z74123.1/1919-1665,407.7500000000001,308.67499945307264,2786.0835149012996,0.10004744476167592,0.2084610668301655,4.783465596235321,416.2617866199106,417.08039466059324,60.84983402270903,100.22278841877716,308.67499945307264,541.0257794380764,2785.983467456538,173956.05561023622,440.8029910192992,220.4014955096496,1.020875013169615,0.7140338392680255,0.2555166086820009,cdbox
AABY01000419.1/584-331,393.5,248.77297191953664,2170.354655763062,2.961348511366482,0.21516306649724695,4.8866657018159,403.62761302963406,404.4245093889172,53.0329587948819,92.8702022636513,248.77297191953664,574.0203488911309,2167.3933072516957,163559.1837944664,481.15014662747956,240.57507331373978,1.0257372630994512,1.0756971778576327,0.24054589423914144,cdbox
AABZ01000568.1/3571-3319,407.25000000000034,276.79170274136413,2668.009229753501,0.8451156086030467,0.20708000818498037,4.754254682971041,411.8503975960203,412.6667520097611,66.82289441557937,109.71389528032864,276.79170274136413,543.7683288853756,2667.164114144898,170293.8482142857,434.05443360504694,217.02721680252347,1.0112962494684345,0.9502841178747728,0.21887543565322762,cdbox
AACI02000012.1/27730-27474,414.2499999999997,281.5724831189882,2163.606727496031,9.336556362015502,0.20679943673305184,4.6956863651160985,385.10907545785005,385.8605085147352,83.25865402418843,118.88089437725948,281.5724831189882,629.4826777504022,2154.2701711340155,148888.33203125006,510.6017833731427,255.30089168657136,0.9296537729821371,1.0335579606110814,0.2943941389972889,cdbox
