nameseq,average,median,maximum,minimum,peak,none_levated_peak,sample_standard_deviation,population_standard_deviation,percentile15,percentile25,percentile50,percentile75,amplitude,variance,interquartile_range,semi_interquartile_range,coefficient_of_variation,skewness,kurtosis,label
AF064274.1/1-100,179.0,123.06112877830776,848.749590163714,4.0,0.18621973929236502,2.7883372095590904,167.4664145433346,168.31007940192657,27.906506221584472,40.79291862586771,123.06112877830776,260.99313340585707,844.749590163714,28328.282828282827,220.20021477998935,110.10010738999468,0.9355665616946066,1.0020911603242781,0.28182108049313503,cdbox
