nameseq,average,median,maximum,minimum,peak,none_levated_peak,sample_standard_deviation,population_standard_deviation,percentile15,percentile25,percentile50,percentile75,amplitude,variance,interquartile_range,semi_interquartile_range,coefficient_of_variation,skewness,kurtosis,label
Z28007.1/2587-2479,167.24999999999997,122.56009566289411,848.0805585074714,1.183194951018788,0.2172396611858496,3.1991066910136126,174.6102803388162,175.41679862755657,30.44707394196299,41.04878961306097,122.56009566289411,206.47404734022706,846.8973635564527,30771.053240740734,165.4252577271661,82.71262886358305,1.044007655239559,0.7678225632028471,0.25428376947127,cdbox
AACH01002005.1/735-843,165.25000000000003,134.66885246232602,560.6772246110543,11.208186291346143,0.2198688855269793,3.091684496761586,137.41815746108662,138.05288673923857,35.34679242425164,53.99108883599456,134.66885246232602,210.4761327856902,549.4690383197081,19058.599537037036,156.48504394969564,78.24252197484782,0.8315773522607358,0.6676224183765634,0.21288940892893365,cdbox
AACA01000080.1/6450-6342,173.24999999999997,144.16846421922594,573.3401551562185,1.6968424199986631,0.20971620971620977,3.06883247079223,148.89845533114172,149.58621167147132,33.5770897612945,50.8058826172591,144.16846421922594,234.33818435436743,571.6433127362199,22376.034722222223,183.53230173710833,91.76615086855416,0.8594427436140938,0.585933595807257,0.249849896391858,cdbox
