nameseq,average,median,maximum,minimum,peak,none_levated_peak,sample_standard_deviation,population_standard_deviation,percentile15,percentile25,percentile50,percentile75,amplitude,variance,interquartile_range,semi_interquartile_range,coefficient_of_variation,skewness,kurtosis,label
AF195108.1/1-55,67.75000000000003,56.3830967300192,180.32551006586183,4.433071660042934,0.27060270602706016,2.4511893634918147,55.627106701679175,56.139809767585966,12.116019582713125,19.96780891090797,56.3830967300192,100.23494237939431,175.8924384058189,3151.678240740741,80.26713346848635,40.133566734243175,0.8210643055598399,0.6130232512868249,0.25801997363811796,cdbox
AJ248283.1/65278-65224,63.750000000000014,44.891727624728944,270.22876106953714,2.476801453161468,0.28758169934640515,2.6386492339697925,65.91187298203565,66.5193685244297,7.3279508174500965,10.515025092647743,44.891727624728944,93.18499680044812,267.7519596163757,4424.826388888889,82.66997170780037,41.334985853900186,1.0339117330515393,0.8583403045037536,0.2716025235757919,cdbox
BA000001.2/56243-56188,66.00000000000001,43.58848200166974,314.897131001827,1.0,0.28282828282828276,2.5852261425486245,67.16397844082793,67.77180963954099,15.711281944587732,24.49469776916821,43.58848200166974,89.27725464173476,313.897131001827,4593.018181818182,64.78255687256654,32.39127843628327,1.0176360369822413,1.0010507947236191,0.25145490413991095,cdbox
CP000682.1/1693002-1693054,65.25,58.59818468930907,178.70877207223137,3.4056005668362803,0.2707535121328225,2.4012572946981026,52.242224301803994,52.74216128414797,14.907861227914072,23.29423675284672,58.59818468930907,86.3799722897166,175.30317150539508,2781.735576923077,63.08573553686988,31.54286776843494,0.8006471157364596,0.38197925526275295,0.20366401873099,cdbox
