nameseq,average,median,maximum,minimum,peak,none_levated_peak,sample_standard_deviation,population_standard_deviation,percentile15,percentile25,percentile50,percentile75,amplitude,variance,interquartile_range,semi_interquartile_range,coefficient_of_variation,skewness,kurtosis,label
BA000001.2/689901-689953,63.250000000000014,40.038723361829696,271.76318013667174,3.2906453949954395,0.27931488801054016,2.5362424794341205,64.46122865723241,65.07809657516232,9.536544854825992,13.023707069684734,40.038723361829696,100.45632095990393,268.47253474167627,4235.158653846154,87.4326138902192,43.7163069451096,1.0191498601933975,1.0802436032484495,0.29257936111032873,cdbox
AF195111.1/1-57,78.24999999999996,72.037760755066,380.25,4.132155460261583,0.24281150159744422,2.3813647465808163,70.70714249635606,71.3356627901801,19.364397697124147,22.184729898800224,72.037760755066,105.18608756583092,376.1178445397384,5088.776785714285,83.00135766703069,41.500678833515344,0.9036056549055091,0.2635761689246927,0.27711211995133966,cdbox
CP000077.1/794012-793956,78.25,70.99023881793153,380.25,1.3657006137722683,0.24281150159744408,2.4118355055242433,72.38439058250059,73.02782004140613,11.615448403226955,21.315759730844988,70.99023881793153,117.15558707056864,378.8842993862277,5333.062499999999,95.83982733972366,47.91991366986183,0.9250401352396241,0.30088370394418584,0.2915119551550059,cdbox
AJ248287.2/46690-46638,63.25000000000001,31.78019004836578,210.25,1.4435005884512204,0.27931488801054016,2.4972715282747613,59.70134001846189,60.27265772496489,14.150702521691565,18.469348581627557,31.78019004836578,89.31192899556034,208.80649941154877,3632.793269230769,70.84258041393278,35.42129020696639,0.9438947038491997,1.581361989960489,0.2646225841420532,cdbox
