nameseq,average,median,maximum,minimum,peak,none_levated_peak,sample_standard_deviation,population_standard_deviation,percentile15,percentile25,percentile50,percentile75,amplitude,variance,interquartile_range,semi_interquartile_range,coefficient_of_variation,skewness,kurtosis,label
AF195112.1/1-54,69.50000000000001,40.54051617215774,281.6998703749297,0.040377106225910515,0.2589928057553956,2.5218007749634244,75.82380892569299,76.53578519290399,7.800262180456289,10.903001467004708,40.54051617215774,89.23066160379773,281.6594932687038,5857.72641509434,78.32766013679301,39.16383006839651,1.090990056484791,1.1457938174626303,0.26801697177638223,cdbox
AF254834.1/5-60,68.00000000000001,28.79615516046094,347.54834150267243,1.4780396988956217,0.2745098039215686,2.69277399753395,84.61087400565012,85.37659888027653,6.57083165907797,11.440993087038489,28.79615516046094,91.67236211777895,346.07030180377683,7289.163636363635,80.23136903074045,40.115684515370226,1.244277558906619,1.3900285973971076,0.2165768004221153,cdbox
BA000001.2/1131168-1131223,70.00000000000001,51.779020440064336,364.99999999999994,0.4095924024330784,0.2666666666666666,2.619537937509092,81.81075723888638,82.55114117376517,8.647203301956578,15.570179690326722,51.779020440064336,81.62676914727932,364.59040759756687,6814.6909090909085,66.0565894569526,33.0282947284763,1.1687251034126624,0.6681632162405238,0.1737501725930951,cdbox
BA000023.2/2234271-2234324,69.49999999999999,35.610940760332014,351.6674086644294,1.0,0.25899280575539574,2.5889186311364902,86.75972567960318,87.57438886401468,9.0,16.070243352410078,35.610940760332014,95.23731795627985,350.6674086644294,7669.273584905657,79.16707460386978,39.58353730193489,1.248341376684938,1.1718245640200937,0.18871388299522526,cdbox
