nameseq,average,median,maximum,minimum,peak,none_levated_peak,sample_standard_deviation,population_standard_deviation,percentile15,percentile25,percentile50,percentile75,amplitude,variance,interquartile_range,semi_interquartile_range,coefficient_of_variation,skewness,kurtosis,label
BA000001.2/963521-963465,68.24999999999999,48.63880983490247,490.334794515121,2.409056747521205,0.27838827838827845,2.6167147678791527,88.38834764831844,89.17403730106331,12.799471281320242,18.52128893203483,48.63880983490247,81.0,487.9257377675998,7952.00892857143,62.478711067965165,31.239355533982582,1.2950673648105269,0.6656258665382104,0.28592420618820186,cdbox
AJ248285.1/293100-293155,67.99999999999997,46.001185101087245,462.478641276016,1.436684687888446,0.27450980392156876,2.577234904568551,85.42247947700886,86.1955493472414,12.983866058632293,19.275076543984472,46.001185101087245,83.17611089391576,461.04195658812756,7429.672727272726,63.901034349931294,31.950517174965647,1.256212933485425,0.7725887272389568,0.2803850010213272,cdbox
