nameseq,average,median,maximum,minimum,peak,none_levated_peak,sample_standard_deviation,population_standard_deviation,percentile15,percentile25,percentile50,percentile75,amplitude,variance,interquartile_range,semi_interquartile_range,coefficient_of_variation,skewness,kurtosis,label
AJ248287.2/214684-214738,65.74999999999999,41.88218091906993,437.1301543698668,5.271487641024821,0.27883396704689484,2.6227298083545487,88.56283080389876,89.37909534776678,8.977759617040403,15.923524123406953,41.88218091906993,60.556494710553466,431.85866672884197,7988.622685185185,44.63297058714652,22.31648529357326,1.3469632061429473,0.808504612971766,0.18903789698958773,cdbox
BA000001.2/530081-530027,67.74999999999999,35.39103982051373,508.8651199155956,5.794640867778038,0.2706027060270603,2.6302963416101655,98.73892342941556,99.64897882809171,10.257354213751999,11.313292054049535,35.39103982051373,80.48410187473978,503.07047904781757,9929.91898148147,69.17080982069024,34.58540491034512,1.4574010838290123,0.9831672978271337,0.2507240204836857,cdbox
AP006878.1/1829976-1829923,59.5,39.93211746501694,343.3541170714714,2.921221615006704,0.3025210084033613,2.6801488987447573,69.26218304385156,69.91254644871259,6.818226000689927,15.622058179549992,39.93211746501694,81.16047333894116,340.43289545646473,4887.764150943396,65.53841515939116,32.76920757969558,1.1640703032580095,0.8475569932264839,0.27894284802043245,cdbox
DQ223723.1/12457-12515,60.75,31.857372673552998,300.6919253452164,2.883564766001485,0.32373113854595337,2.8565593807434517,66.51033754237005,67.08125219874569,11.155820402158973,20.838135317418384,31.857372673552998,68.9220806726963,297.80836057921493,4499.894396551724,48.08394535527791,24.041972677638956,1.0948203710678197,1.3032242081785155,0.16978287255355518,cdbox
