nameseq,average,median,maximum,minimum,peak,none_levated_peak,sample_standard_deviation,population_standard_deviation,percentile15,percentile25,percentile50,percentile75,amplitude,variance,interquartile_range,semi_interquartile_range,coefficient_of_variation,skewness,kurtosis,label
CP000077.1/2217166-2217111,80.0,50.20946429658301,410.0,0.0,0.23333333333333334,2.3946386293305286,89.93330862366847,90.74720130921143,15.556217425181426,29.237123185652433,50.20946429658301,91.20063152651915,410.0,8235.054545454546,61.96350834086671,30.981754170433355,1.1241663577958558,0.9937542438723347,0.1829958249695631,cdbox
AF195098.1/1-56,80.0,50.20946429658301,410.0,0.0,0.23333333333333334,2.3946386293305286,89.93330862366847,90.74720130921143,15.556217425181426,29.237123185652433,50.20946429658301,91.20063152651915,410.0,8235.054545454546,61.96350834086671,30.981754170433355,1.1241663577958558,0.9937542438723347,0.1829958249695631,cdbox
