nameseq,average,median,maximum,minimum,peak,none_levated_peak,sample_standard_deviation,population_standard_deviation,percentile15,percentile25,percentile50,percentile75,amplitude,variance,interquartile_range,semi_interquartile_range,coefficient_of_variation,skewness,kurtosis,label
BA000001.2/236067-236012,70.00000000000001,54.62196877414781,244.44776215007224,2.1381797949880337,0.2666666666666666,2.425621215847456,58.56620185738528,59.09622353724167,25.174373038336245,30.22337974584773,54.62196877414781,86.169113281723,242.30958235508422,3492.363636363636,55.94573353587527,27.972866767937635,0.8366600265340752,0.7877255518446948,0.18916295933919228,cdbox
AJ248283.1/250988-250933,69.99999999999999,57.311944667703045,236.18882851305307,1.8422976186542626,0.2666666666666667,2.5079254249750638,61.80614856144977,62.365491623609806,9.593866064448827,15.814019320934971,57.311944667703045,114.15873969020238,234.3465308943988,3889.4545454545446,98.3447203692674,49.1723601846337,0.8829449794492825,0.6158637430553715,0.3098058614053708,cdbox
AE009950.1/1805498-1805554,68.25000000000001,39.42716577883553,600.25,1.0,0.27838827838827834,2.749750076669479,97.01803955966128,97.88043909353318,5.798725839211071,13.235356639882214,39.42716577883553,61.362763057552826,599.25,9580.580357142859,48.12740641767061,24.063703208835307,1.4215097371378937,0.8912621101802374,0.14242032946692085,cdbox
CP001463.1/1593382-1593322,73.25000000000001,69.74772234697413,210.25,2.8683795904758007,0.27758816837315126,2.5998230066929824,53.01650686342887,53.456485418827654,7.353291841973774,36.13667586551938,69.74772234697413,95.36679773129224,207.3816204095242,2857.5958333333338,59.23012186577286,29.61506093288643,0.7237748377259913,0.19818040796507733,0.20620185453619505,cdbox
