nameseq,average,median,maximum,minimum,peak,none_levated_peak,sample_standard_deviation,population_standard_deviation,percentile15,percentile25,percentile50,percentile75,amplitude,variance,interquartile_range,semi_interquartile_range,coefficient_of_variation,skewness,kurtosis,label
BA000001.2/266350-266296,63.75,30.05572809000084,318.54759663221984,0.12599247239733774,0.2875816993464052,2.760036340859773,82.03276784310034,82.7888462025867,7.810491082907533,8.875041421748199,30.05572809000084,78.34015250283306,318.4216041598225,6853.993055555554,69.46511108108487,34.732555540542435,1.2867885151858878,1.2322248582826454,0.196376975714582,cdbox
AJ248288.1/153186-153240,65.74999999999999,53.823837189951355,221.68450808574676,0.5687255201312039,0.27883396704689484,2.5196443162662,56.59836570078681,57.120020651775505,10.561063802465153,25.699438754287335,53.823837189951355,100.71028284306084,221.11578256561555,3262.69675925926,75.0108440887735,37.50542204438675,0.8608116456393433,0.6321470238079421,0.2752498382485869,cdbox
D88253.1/2344-2290,63.75,31.828104173483087,311.12491219249046,1.9704364987874468,0.2875816993464052,2.748316599273347,79.36860210435863,80.10012542182811,5.640089548112879,11.0,31.828104173483087,79.11667196876789,309.15447569370303,6416.030092592593,68.11667196876789,34.058335984383945,1.2449976800683706,1.2065941057350642,0.17145955163954824,cdbox
L22346.1/2711-2655,56.24999999999999,27.149090843014594,217.41973756237422,2.448248889650229,0.33777777777777784,2.9011724548878193,61.061444463753055,61.604223533316734,11.268042544498545,17.78873417378214,27.149090843014594,71.40903727056532,214.971488672724,3795.0803571428555,53.62030309678318,26.81015154839159,1.085536790466721,1.4297520839484945,0.17314764713098935,cdbox
