nameseq,average,median,maximum,minimum,peak,none_levated_peak,sample_standard_deviation,population_standard_deviation,percentile15,percentile25,percentile50,percentile75,amplitude,variance,interquartile_range,semi_interquartile_range,coefficient_of_variation,skewness,kurtosis,label
AE009950.1/1130394-1130451,58.49999999999999,22.02241279229625,270.03609725956744,0.17165944142352638,0.3304843304843305,3.008204087300216,66.68020695828712,67.26257790157103,6.265200227063005,12.023745842631543,22.02241279229625,91.21963495024751,269.8644378181439,4524.254385964912,79.19588910761597,39.597944553807984,1.1398325975775576,1.641158097958044,0.2501639532853966,cdbox
AJ248286.2/134883-134942,58.999999999999986,47.91502742523382,250.0,0.0,0.3389830508474577,2.897919686591706,53.113086899558,53.561306549803604,8.86732630852047,21.453576361686444,47.91502742523382,85.3846901489899,250.0,2868.813559322034,63.93111378730346,31.96555689365173,0.9002218118569154,0.626115326100077,0.23885645171967748,cdbox
