nameseq,average,median,maximum,minimum,peak,none_levated_peak,sample_standard_deviation,population_standard_deviation,percentile15,percentile25,percentile50,percentile75,amplitude,variance,interquartile_range,semi_interquartile_range,coefficient_of_variation,skewness,kurtosis,label
BA000002.3/509234-509293,73.0,47.05340322003362,301.54966564139426,2.473537261386714,0.273972602739726,2.6588663329981177,71.56116265125938,72.16506502574146,11.138033363253246,22.28792096138578,47.05340322003362,115.99999999999999,299.07612838000756,5207.796610169493,93.7120790386142,46.8560395193071,0.9802898993323202,1.0877379217444738,0.2678215592347395,cdbox
AJ248285.1/47926-47870,68.25,67.10784544985194,168.28594387405164,0.3002386981489121,0.2783882783882784,2.5479305138330592,51.754226880516725,52.21427350009629,11.75602640754635,18.44346382092167,67.10784544985194,114.85456309686063,167.98570517590272,2726.3303571428573,96.41109927593897,48.20554963796948,0.7583036905570216,0.06620645031283637,0.3784957171999249,cdbox
BA000001.2/1316443-1316499,76.25,49.79760485314337,226.195257274889,2.0476956972603433,0.24918032786885247,2.504440821772855,71.2916544905503,71.92537054872523,7.000000000000001,13.70781459559783,49.79760485314337,136.0308320681551,224.14756157762866,5173.258928571429,122.32301747255727,61.161508736278634,0.9349725179088564,1.1131342933146358,0.3418167768954489,cdbox
AE009950.1/1301535-1301479,66.25000000000001,43.41950854104533,275.46913792445827,2.23492087202341,0.2867924528301886,2.712181464566552,73.66478127300725,74.31959220632393,5.159247516796871,16.40070625831394,43.41950854104533,76.29749159476425,273.2342170524349,5523.401785714285,59.896785336450314,29.948392668225157,1.1119212267623733,0.9297723171542377,0.15684544489337052,cdbox
