nameseq,average,median,maximum,minimum,peak,none_levated_peak,sample_standard_deviation,population_standard_deviation,percentile15,percentile25,percentile50,percentile75,amplitude,variance,interquartile_range,semi_interquartile_range,coefficient_of_variation,skewness,kurtosis,label
BA000002.3/171314-171247,66.99999999999999,31.89044902436568,379.48742711735247,0.6041584998878693,0.33830845771144286,3.347207201618853,92.2496612459905,92.93554177693879,5.321082540878703,14.917639481733392,31.89044902436568,76.95354078231533,378.8832686174646,8637.014925373134,62.03590130058194,31.01795065029097,1.3768606156117986,1.1417782082260046,0.16557594318946153,cdbox
AF195103.1/6-60,83.74999999999999,40.17558633840707,438.6787363444342,0.273097831251918,0.21890547263681595,2.4489702373171203,105.93571163682245,106.91209828293175,9.685055469579487,12.995142309426473,40.17558633840707,102.27006545954563,438.4056385131823,11430.19675925926,89.27492315011916,44.63746157505958,1.2649040195441488,1.2339865279135984,0.17825143147595124,cdbox
