nameseq,average,median,maximum,minimum,peak,none_levated_peak,sample_standard_deviation,population_standard_deviation,percentile15,percentile25,percentile50,percentile75,amplitude,variance,interquartile_range,semi_interquartile_range,coefficient_of_variation,skewness,kurtosis,label
JF909323.1/1-74,120.50000000000004,79.61302008128288,516.347991117224,1.0,0.2047026279391424,2.523096222500041,120.55807729057393,121.38100887316968,22.513444355698972,35.19924304369007,79.61302008128288,168.34863420918248,515.347991117224,14733.349315068495,133.1493911654924,66.5746955827462,1.0004819692163809,1.0174427339323697,0.2434871830410641,cdbox
