nameseq,average,median,maximum,minimum,peak,none_levated_peak,sample_standard_deviation,population_standard_deviation,percentile15,percentile25,percentile50,percentile75,amplitude,variance,interquartile_range,semi_interquartile_range,coefficient_of_variation,skewness,kurtosis,label
EF503648.1/1-60,84.99999999999997,49.899521556906265,316.323586709584,1.4540483635467605,0.2352941176470589,2.49056800178948,84.96469855181033,85.6817129392462,14.38936782115764,19.347766393478707,49.899521556906265,139.1377674149945,314.86953834603725,7341.355932203389,119.79000102151579,59.895000510757896,0.9995846888448278,1.239355133650827,0.335206940874592,cdbox
AFXF01000011.1/357712-357651,91.49999999999997,65.01569475969825,387.04322776615646,0.0,0.22586520947176694,2.420083559331335,85.09553454794205,85.79020349896275,19.950039910249934,34.411680536817556,65.01569475969825,125.30032003213238,387.04322776615646,7359.95901639344,90.88863949531482,45.44431974765741,0.9300058420540118,0.9336907764078045,0.22321998547999075,cdbox
