nameseq,average,median,maximum,minimum,peak,none_levated_peak,sample_standard_deviation,population_standard_deviation,percentile15,percentile25,percentile50,percentile75,amplitude,variance,interquartile_range,semi_interquartile_range,coefficient_of_variation,skewness,kurtosis,label
EF503641.1/1-72,115.99999999999993,76.33882492393344,417.9856865243305,2.4050245224072944,0.20689655172413807,2.49214740230031,106.29205050237765,107.03796878007066,21.000000000000014,47.922976090930156,76.33882492393344,165.3538445044117,415.5806620019232,11457.12676056338,117.43086841348156,58.71543420674078,0.9163107801929113,1.1194019182604622,0.22297812987341545,cdbox
