nameseq,average,median,maximum,minimum,peak,none_levated_peak,sample_standard_deviation,population_standard_deviation,percentile15,percentile25,percentile50,percentile75,amplitude,variance,interquartile_range,semi_interquartile_range,coefficient_of_variation,skewness,kurtosis,label
JF909307.1/1-55,89.75000000000001,48.87257594155603,432.9818784443811,0.25,0.20427112349117915,2.197755703205702,93.02351853160575,93.88089627387023,23.103197989580348,30.595161967873945,48.87257594155603,153.29815353457838,432.7318784443811,8813.622685185182,122.70299156670443,61.35149578335221,1.0364737440847436,1.3182932027416951,0.33415195826234473,cdbox
