nameseq,average,median,maximum,minimum,peak,none_levated_peak,sample_standard_deviation,population_standard_deviation,percentile15,percentile25,percentile50,percentile75,amplitude,variance,interquartile_range,semi_interquartile_range,coefficient_of_variation,skewness,kurtosis,label
JF909322.1/1-77,123.25,85.50335486825065,483.80473827309874,1.7422499575544232,0.20824881676808654,2.5866869256630762,116.34324217589948,117.10615685643606,21.8237395181313,28.836861571419693,85.50335486825065,161.15610724937153,482.06248831554433,13713.851973684204,132.31924567795184,66.15962283897592,0.9439613969647016,0.9733262824499979,0.23511259324233652,cdbox
