nameseq,average,median,maximum,minimum,peak,none_levated_peak,sample_standard_deviation,population_standard_deviation,percentile15,percentile25,percentile50,percentile75,amplitude,variance,interquartile_range,semi_interquartile_range,coefficient_of_variation,skewness,kurtosis,label
JF909308.1/1-117,167.24999999999994,124.68146729717299,578.5576927962915,0.40100712417662454,0.23318385650224224,3.37827144742623,151.17952903749898,151.82976657178057,25.774463698165818,57.1550400955821,124.68146729717299,209.9414522410481,578.1566856721148,23052.278017241377,152.786412145466,76.393206072733,0.9039134770553007,0.8447281118120459,0.18753648921811603,cdbox
AFXY01000862.1/264886-265002,181.25,164.416512780796,539.670079779108,0.5894532394494479,0.21517241379310345,3.196796432527273,139.82578446052074,140.4271884594315,20.058891963909815,66.34789001791474,164.416512780796,252.66293283324026,539.0806265396586,19719.795258620692,186.3150428153255,93.15752140766276,0.7714526039201144,0.36116701831821707,0.2561854508230986,cdbox
AFXF01001532.1/89042-89159,175.49999999999997,117.20374706376606,803.7219859435638,1.0,0.22412155745489085,3.371698150154131,180.4251922542969,181.19459954971865,26.068507439501555,56.04355757651447,117.20374706376606,218.98937238010365,802.7219859435638,32831.4829059829,162.94581480358917,81.47290740179459,1.0280637735287574,0.9693145210132744,0.19396325795133773,cdbox
