nameseq,average,median,maximum,minimum,peak,none_levated_peak,sample_standard_deviation,population_standard_deviation,percentile15,percentile25,percentile50,percentile75,amplitude,variance,interquartile_range,semi_interquartile_range,coefficient_of_variation,skewness,kurtosis,label
EF503644.1/1-58,72.50000000000001,54.451646683114,278.4556316395825,4.685226246857867,0.2666666666666666,2.522549556590611,66.27405223765936,66.85287591079282,14.378026740091693,19.827892865587394,54.451646683114,101.60137738040716,273.7704053927246,4469.3070175438625,81.77348451481976,40.88674225740988,0.9141248584504738,0.8169873143789874,0.24368266162253185,cdbox
