nameseq,average,median,maximum,minimum,peak,none_levated_peak,sample_standard_deviation,population_standard_deviation,percentile15,percentile25,percentile50,percentile75,amplitude,variance,interquartile_range,semi_interquartile_range,coefficient_of_variation,skewness,kurtosis,label
JF909314.1/1-68,109.00000000000003,63.586589232971164,496.8207290416644,1.0,0.2079510703363914,2.5013606319248476,123.70933675353692,124.62912143816052,17.193176146314045,27.624959684018137,63.586589232971164,139.39056810758115,495.8207290416644,15532.417910447764,111.76560842356301,55.882804211781504,1.1349480436104302,1.1012930460739165,0.21208322244597644,cdbox
