nameseq,average,median,maximum,minimum,peak,none_levated_peak,sample_standard_deviation,population_standard_deviation,percentile15,percentile25,percentile50,percentile75,amplitude,variance,interquartile_range,semi_interquartile_range,coefficient_of_variation,skewness,kurtosis,label
JF909304.1/1-76,121.00000000000003,75.81532206439377,574.5548108639492,2.1313187375172675,0.20936639118457295,2.678889771188048,134.21251804507654,135.10430538414877,15.205036918624767,23.873891479500085,75.81532206439377,176.14323996707733,572.4234921264319,18253.173333333332,152.26934848757725,76.13467424378862,1.1091943640088968,1.0099954593005378,0.28860767266249837,cdbox
