nameseq,average,median,maximum,minimum,peak,none_levated_peak,sample_standard_deviation,population_standard_deviation,percentile15,percentile25,percentile50,percentile75,amplitude,variance,interquartile_range,semi_interquartile_range,coefficient_of_variation,skewness,kurtosis,label
JF909311.1/1-63,95.75000000000003,62.11121091357943,598.6172525978648,1.7903033078758415,0.2193211488250652,2.430576754410047,108.41528951213476,109.28610903967738,16.238485079222624,39.0,62.11121091357943,129.947920991868,596.8269492899889,11943.453629032254,90.94792099186799,45.473960495933994,1.132274564095402,0.9308315064543216,0.27248928768101915,cdbox
