nameseq,average,median,maximum,minimum,peak,none_levated_peak,sample_standard_deviation,population_standard_deviation,percentile15,percentile25,percentile50,percentile75,amplitude,variance,interquartile_range,semi_interquartile_range,coefficient_of_variation,skewness,kurtosis,label
AAPY01491858.1/243-27,266.25,167.49765233397108,1946.3970156697926,1.2456111151117113,0.27167449139280125,5.061391325912503,297.50546213473126,298.1933369539026,41.532057544537444,77.85916002861605,167.49765233397108,347.4717359556382,1945.151404554681,88919.2662037037,269.6125759270222,134.8062879635111,1.117391407078803,0.9958037101985068,0.22806374814015942,cdbox
ABDC01538673.1/966-749,272.49999999999994,216.9572294826337,1554.1923006324384,1.3030188692422546,0.2666666666666667,4.930069589743503,265.54142802960143,266.15257136507176,48.93485538819752,75.78091961773923,216.9572294826337,384.6277185249871,1552.889281763196,70837.19124423961,308.84679890724783,154.42339945362392,0.974463956071932,0.6275040124191986,0.3108419866592817,cdbox
AANN01155091.1/2770-2558,273.25000000000006,184.58326044879627,1726.5546534951752,1.8529045662440276,0.25983531564501366,4.87686236101956,297.99035219281853,298.69233279381535,38.012094358660576,84.50864823943476,184.58326044879627,392.49915265757903,1724.7017489289312,89217.10966981134,307.99050441814427,153.99525220907213,1.0905410876223915,0.8926470830219779,0.29159782058072514,cdbox
AALT01658977.1/9347-9135,271.25000000000017,188.7431059424757,1606.5705121685805,0.24203466583439498,0.26175115207373256,4.912234398907061,301.1465590040836,301.85597473154655,50.7728236894708,71.7223755382804,188.7431059424757,346.8970427327447,1606.3284775027462,91117.02948113208,275.1746671944643,137.58733359723215,1.110217729047312,0.8219276454333221,0.26351868365448083,cdbox
