nameseq,average,median,maximum,minimum,peak,none_levated_peak,sample_standard_deviation,population_standard_deviation,percentile15,percentile25,percentile50,percentile75,amplitude,variance,interquartile_range,semi_interquartile_range,coefficient_of_variation,skewness,kurtosis,label
AC147499.5/74526-74608,128.7499999999999,103.18605859731888,480.32589352139405,0.5568617537614241,0.21488673139158596,2.7449639982745078,114.58239393554315,115.27894985854009,15.721927272091474,33.99283011011446,103.18605859731888,184.06028843539542,479.7690317676326,13289.2362804878,150.06745832528097,75.03372916264048,0.8899603412469379,0.6693159531226501,0.29310991760676364,cdbox
BT018726.1/381-464,122.99999999999991,75.87248516769498,588.0,4.0,0.22764227642276438,2.820841752287388,128.0585803450905,128.82770786307196,28.13514545687968,40.363737768363336,75.87248516769498,154.34023000169495,584.0,16596.578313253012,113.97649223333161,56.988246116665806,1.0411266694722812,1.1040458524209709,0.25306353256541403,cdbox
AC121328.3/104144-104228,135.24999999999994,56.73544937522611,1221.025124993703,1.6600809441755977,0.20948860135551456,2.970017289464572,209.21340779213932,210.45504129091773,12.213787220599633,17.883277904217486,56.73544937522611,182.0476704315696,1219.3650440495273,44291.324404761894,164.1643925273521,82.08219626367605,1.5468643829363358,1.12585352134,0.2580346988658359,cdbox
BT018726.1/784-862,115.75000000000003,81.05747240236843,575.7728791954568,4.89881144283803,0.22750179985601146,2.81982255503051,130.5828281206989,131.41723167854084,18.038704275065527,23.672193501686515,81.05747240236843,131.2008913656036,570.8740677526188,17270.48878205128,107.5286978639171,53.76434893195855,1.1281453833321717,0.7970235006450842,0.2215670933984874,cdbox
