nameseq,average,median,maximum,minimum,peak,none_levated_peak,sample_standard_deviation,population_standard_deviation,percentile15,percentile25,percentile50,percentile75,amplitude,variance,interquartile_range,semi_interquartile_range,coefficient_of_variation,skewness,kurtosis,label
AY948644.1/1-132,21194.000000000007,366.5789569322735,1453388.0,21.714800792291353,0.002076059262055298,0.544361000151018,139592.49803624835,140124.28090685827,109.46208577620682,153.32327051189804,366.5789569322735,915.4104719590239,1453366.2851992077,19634814099.664124,762.0872014471258,381.0436007235629,6.586415874127031,0.44760473527007355,0.08398825143842698,hacabox
AM051045.1/1-130,16750.999999999996,324.9892603417187,868739.0,33.61857787429765,0.0025869102342148736,0.5467775508438099,96298.81278603594,96671.34343351348,119.05526656508216,161.1878295811429,324.9892603417187,748.4707572042533,868705.3814221257,9345348641.24031,587.2829276231105,293.64146381155524,5.748839638590888,0.5117200388385321,0.06441872711027731,hacabox
AAGD02011775.1/10125-10258,45424.999999999956,486.5381534547385,3396403.0,102.69899125961962,0.0009833058154467078,0.40212457648588723,311511.56609345984,312680.46913502004,196.43919401068771,308.02957920167864,486.5381534547385,1673.7601874291086,3396300.3010087404,97769075778.49623,1365.73060822743,682.865304113715,6.857711966834565,0.432778105899247,0.07106820795830192,hacabox
