nameseq,average,median,maximum,minimum,peak,none_levated_peak,sample_standard_deviation,population_standard_deviation,percentile15,percentile25,percentile50,percentile75,amplitude,variance,interquartile_range,semi_interquartile_range,coefficient_of_variation,skewness,kurtosis,label
DQ789472.1/2-132,23466.000000000022,773.5488155282509,1785876.0,153.31977127359022,0.001860848319554531,0.4287082467958804,159928.072738966,160542.00233895177,273.5204318651065,364.5752159890685,773.5488155282509,1685.3818683071981,1785722.6802287265,25773734515.0,1320.8066523181296,660.4033261590648,6.815310352806863,0.4256748198581177,0.05479288526989191,hacabox
AY948664.1/1-130,8431.0,412.2127661576314,396803.0,49.45707868868051,0.005139761989483256,0.5964736130180212,40081.65026542694,40236.70558431778,189.61639905505743,269.714397855567,412.2127661576314,1335.9935816744285,396753.54292131134,1618992476.2790697,1066.2791838188614,533.1395919094307,4.754080211769297,0.6001839131428502,0.07374777022566449,hacabox
