nameseq,average,median,maximum,minimum,peak,none_levated_peak,sample_standard_deviation,population_standard_deviation,percentile15,percentile25,percentile50,percentile75,amplitude,variance,interquartile_range,semi_interquartile_range,coefficient_of_variation,skewness,kurtosis,label
AM286188.1/1-127,12544.0,302.28418071344345,440120.04773610516,56.97425713711328,0.0033747874149659867,0.6058355242093876,66025.34180146287,66286.82932696528,114.23870017488294,171.00828241711676,302.28418071344345,785.5172595409247,440063.07347896806,4393943742.222223,614.5089771238079,307.25448856190394,5.263499824733966,0.5562280551048352,0.0640794070292108,hacabox
DQ789479.1/4-131,31704.000000000007,447.22819787058705,2195464.0,24.0,0.0013457818151232227,0.4137408328338648,204485.39124348224,205288.8732826728,263.97842639651145,312.4424253246202,447.22819787058705,1751.200831790648,2195440.0,42143521493.66929,1438.7584064660277,719.3792032330139,6.449829398293029,0.458567308090656,0.10286762352452922,hacabox
DQ789525.1/3-129,12544.0,302.28418071344345,440120.04773610516,56.97425713711328,0.0033747874149659867,0.6058355242093876,66025.34180146287,66286.82932696528,114.23870017488294,171.00828241711676,302.28418071344345,785.5172595409247,440063.07347896806,4393943742.222223,614.5089771238079,307.25448856190394,5.263499824733966,0.5562280551048352,0.0640794070292108,hacabox
