nameseq,average,median,maximum,minimum,peak,none_levated_peak,sample_standard_deviation,population_standard_deviation,percentile15,percentile25,percentile50,percentile75,amplitude,variance,interquartile_range,semi_interquartile_range,coefficient_of_variation,skewness,kurtosis,label
AY948712.1/1-127,72696.00000000003,929.9839996327112,6220152.0,259.3033623921126,0.0005823337368401744,0.3435494072732504,561613.9660799042,563838.188511337,429.5886848204556,509.3826104264219,929.9839996327112,2842.8143534220817,6219892.696637608,317913502823.74603,2333.43174299566,1166.71587149783,7.725514004620667,0.383355936647897,0.06378358844370209,hacabox
AM051026.1/1-124,24574.0,479.52593114552474,1792100.0,68.0,0.0016819945199533382,0.4661560515708636,167717.8548515333,168398.2546223978,133.55469587785424,176.40982828925704,479.52593114552474,1628.583864400355,1792032.0,28357972159.86992,1452.1740361110978,726.0870180555489,6.825012405450204,0.4309822724035551,0.0789994390667223,hacabox
