nameseq,average,median,maximum,minimum,peak,none_levated_peak,sample_standard_deviation,population_standard_deviation,percentile15,percentile25,percentile50,percentile75,amplitude,variance,interquartile_range,semi_interquartile_range,coefficient_of_variation,skewness,kurtosis,label
AY948676.1/1-131,13297.999999999993,264.9249482362827,1222892.0,43.82671279663354,0.0032837018097959607,0.6440130587125263,107310.8002113487,107722.74337754592,101.74140827587985,116.88807444641589,264.9249482362827,921.4247224092605,1222848.1732872033,11604189440.784615,804.5366479628447,402.2683239814223,8.069694706824242,0.3643549864345917,0.0682852368584011,hacabox
DQ789464.1/2-132,16577.99999999999,209.93449092843474,1678788.0,5.543904844671719,0.0026340129488880864,0.6678058622285589,146599.242187673,147162.00526343015,90.90598123496818,124.77225714869799,209.93449092843474,763.2392637977439,1678782.4560951553,21656655793.153847,638.4670066490459,319.2335033245229,8.842999287469725,0.33495532305925974,0.09830846022795801,hacabox
AM051048.1/1-129,15891.000000000015,258.7228300810407,1561899.0,47.16914589287009,0.0027059341765779347,0.6258741843120755,137548.62424611888,138084.87822621997,111.41682302325813,133.63581993886837,258.7228300810407,739.9681560569705,1561851.8308541072,19067433594.75,606.3323361181021,303.1661680590511,8.655756355554638,0.3409472960328804,0.06670720095026,hacabox
