nameseq,average,median,maximum,minimum,peak,none_levated_peak,sample_standard_deviation,population_standard_deviation,percentile15,percentile25,percentile50,percentile75,amplitude,variance,interquartile_range,semi_interquartile_range,coefficient_of_variation,skewness,kurtosis,label
DQ789475.1/2-133,17354.000000000004,539.0286695419151,683908.0,111.67276520065796,0.0025354385156159957,0.5051412474454665,88799.8124547569,89138.09867959793,262.6959414581481,319.654995010962,539.0286695419151,1393.5269164729466,683796.3272347994,7945600636.213738,1073.8719214619846,536.9359607309923,5.116965106301538,0.5680745555298973,0.06044755977011423,hacabox
AY948673.1/1-130,14742.99999999998,407.3583431183024,878715.0,36.41092260197109,0.002939248004702801,0.5738428278067914,86995.53551763447,87332.07656353549,162.6779162327815,184.76265070019244,407.3583431183024,998.1484552400759,878678.5890773981,7626891596.899225,813.3858045398835,406.6929022699417,5.900802788959818,0.4943578393390922,0.057274315828000494,hacabox
AY948674.1/1-129,11267.0,347.5115098555391,401509.9167591223,39.58321133964745,0.0038164551344634775,0.6167193349699821,56807.566538270235,57029.03937249864,158.14926721886408,187.07927419622217,347.5115098555391,1019.9598275464828,401470.3335477826,3252311331.7500005,832.8805533502606,416.4402766751303,5.041942534682723,0.576656728437128,0.047783124273584034,hacabox
ABLE03021145.1/2158-2290,14068.999999999993,346.7653773307033,984475.0,20.689066476621058,0.0031511360674769608,0.6216820698534025,91648.1894311066,91994.68665725573,164.68637596484865,194.77590296746615,346.7653773307033,997.37044683413,984454.3109335233,8463022373.166667,802.5945438666638,401.2972719333319,6.514193576736559,0.4491818564397667,0.07062861977833623,hacabox
