nameseq,average,median,maximum,minimum,peak,none_levated_peak,sample_standard_deviation,population_standard_deviation,percentile15,percentile25,percentile50,percentile75,amplitude,variance,interquartile_range,semi_interquartile_range,coefficient_of_variation,skewness,kurtosis,label
AY948684.1/1-125,13105.0,331.8919221380123,793299.0,68.42607848133375,0.0031794480478188987,0.5673827077666121,77755.3845723883,78068.2847684868,182.55650775745852,217.32195930963942,331.8919221380123,1025.1529244987669,793230.5739215186,6094657086.693548,807.8309651891275,403.91548259456374,5.933260936466104,0.4928189146555071,0.093425072999093,hacabox
AAGD02002937.1/70069-70193,14697.000000000011,339.5426284714756,870803.0,10.430867117832086,0.0028350457009366967,0.5399738058295664,85736.10388861859,86081.11978516393,160.46282193948306,212.49192662989228,339.5426284714756,1156.3693219676848,870792.5691328822,7409959183.467741,943.8773953377924,471.9386976688962,5.833578545867764,0.5023831287055188,0.0636440070140356,hacabox
DQ789460.1/2-126,6528.999999999996,246.1177841803565,257851.0,36.8399276236688,0.0063817838362179025,0.7021477973797655,29886.580634124075,30006.849050164445,93.84670377690264,121.76837901374168,246.1177841803565,739.3923854399934,257814.16007237634,900410989.9193548,617.6240064262518,308.8120032131259,4.577512733056225,0.6306725710179705,0.08094641184017594,hacabox
AM051029.1/1-120,9259.999999999996,243.42646211030907,364408.0,51.829904281236196,0.00431965442764579,0.595454969723778,44673.55566775494,44860.86699522229,141.99412664239082,174.68608777267337,243.42646211030907,1124.143173030055,364356.17009571876,2012497387.563025,949.4570852573818,474.7285426286909,4.824358063472458,0.6054973733195221,0.06849187274415895,hacabox
