nameseq,average,median,maximum,minimum,peak,none_levated_peak,sample_standard_deviation,population_standard_deviation,percentile15,percentile25,percentile50,percentile75,amplitude,variance,interquartile_range,semi_interquartile_range,coefficient_of_variation,skewness,kurtosis,label
AY948698.1/1-134,42105.000000000015,584.1547189056091,3030939.0,127.29047455904035,0.0010608399635831053,0.3921368602927743,285413.1914015188,286484.1639875914,287.2816567620265,396.92851154971044,584.1547189056091,1945.9190855791378,3030811.709525441,82073176215.66917,1548.9905740294273,774.4952870147137,6.778605662071458,0.4364287972522225,0.07505049042446543,hacabox
DQ789502.1/2-131,47215.000000000015,719.5591898997891,4238651.0,96.0483642297223,0.0009177874263122592,0.3825764880077853,375865.6608311006,377319.692027779,304.41293282106716,405.09452630238474,719.5591898997891,1900.507665312139,4238554.9516357705,142370149991.938,1495.413139009754,747.706569504877,7.960725634461516,0.37110685270336624,0.04333787527834391,hacabox
