nameseq,average,median,maximum,minimum,peak,none_levated_peak,sample_standard_deviation,population_standard_deviation,percentile15,percentile25,percentile50,percentile75,amplitude,variance,interquartile_range,semi_interquartile_range,coefficient_of_variation,skewness,kurtosis,label
AY948710.1/1-140,75886.00000000006,860.4986975682953,8626540.0,190.33869324834149,0.0006149575240053057,0.3764191219050564,728059.0796604352,730673.3037974647,316.60933723419805,522.8791125528154,860.4986975682953,2374.880371522283,8626349.661306752,533883476882.3022,1852.0012589694675,926.0006294847337,9.59411590623349,0.30914593361334136,0.09342278606833883,hacabox
DQ789495.1/2-142,103609.00000000003,1062.3581665378206,10811443.0,229.07015449811178,0.00045362854578270216,0.3100654728938994,916716.0106805161,919984.1708170775,454.63972126649935,602.093177348073,1062.3581665378206,3759.1222945585146,10811213.929845503,846370874553.9857,3157.0291172104417,1578.5145586052208,8.847841506823885,0.33558912674822033,0.07411388072389373,hacabox
AAGD02001053.1/226532-226393,62950.000000000015,812.8522235798229,6080580.0,205.0430144761129,0.0007413290971670636,0.3785436547849125,519364.86438341206,521229.73524667963,326.97852475851363,475.9379628466419,812.8522235798229,3032.31105510099,6080374.956985524,271680436905.32373,2556.373092254348,1278.186546127174,8.250434700292486,0.3589219373755048,0.07632867083834231,hacabox
AY948717.1/1-139,97038.00000000003,1049.5532434493284,9350436.0,201.17268820071908,0.00047747617771732025,0.3050143312510565,805954.6943879662,808869.5490900705,529.8770900246695,668.8806743105835,1049.5532434493284,3141.9133518898125,9350234.827311799,654269947445.174,2473.032677579229,1236.5163387896146,8.30555755877044,0.3572971809393456,0.0718641816322425,hacabox
DQ789494.1/1-141,87528.99999999997,1000.029284789711,9042443.0,179.3619946730862,0.0005369648916359152,0.3274963893836314,767589.1045279368,770325.6162539783,436.56981513845164,490.979088236269,1000.029284789711,3208.036856347931,9042263.638005327,593401555057.0714,2717.057768111662,1358.528884055831,8.769540432633036,0.33818472749854284,0.08811188551514451,hacabox
