nameseq,average,median,maximum,minimum,peak,none_levated_peak,sample_standard_deviation,population_standard_deviation,percentile15,percentile25,percentile50,percentile75,amplitude,variance,interquartile_range,semi_interquartile_range,coefficient_of_variation,skewness,kurtosis,label
AY948703.1/1-131,21002.000000000004,457.2214605368265,1381100.0,85.90609648709037,0.0020791670634542738,0.48759393213361607,130466.43903318584,130967.27173475882,202.40128882657712,236.50866539574344,457.2214605368265,1403.5731762284709,1381014.093903513,17152426265.646154,1167.0645108327274,583.5322554163637,6.212095944823627,0.47241525157831604,0.11394178471762721,hacabox
DQ789483.1/3-133,44889.999999999985,457.4872254203281,4358628.0,134.87467769492122,0.0009727481993019977,0.42360275671266134,382763.5633259781,384232.91062253056,220.31639694841982,267.8235650487777,457.4872254203281,1370.62195145551,4358493.125322305,147634929605.46155,1102.7983864067323,551.3991932033662,8.526700007261711,0.34825033283070617,0.08341901874300728,hacabox
DQ789473.1/5-135,27906.0,344.72846434646334,2646732.0,65.85875570540489,0.0015647769894168518,0.5133325914933962,232014.8948365169,232905.5502989273,139.3463646460144,169.9600123042694,344.72846434646334,1080.7842751360831,2646666.1412442946,54244995360.04615,910.8242628318137,455.41213141590686,8.314158060507307,0.3563728728072461,0.0737019217522401,hacabox
AY948702.1/1-131,69601.99999999997,593.7336571121339,6941684.0,72.19139504181001,0.000627376607951879,0.3648977770395148,608752.5298592196,611089.4003707326,311.92790858629223,374.5972585257589,593.7336571121339,1929.012927183595,6941611.8086049585,373430255245.46155,1554.415668657836,777.207834328918,8.746193067142034,0.34008039207088014,0.08260403360510227,hacabox
