nameseq,average,median,maximum,minimum,peak,none_levated_peak,sample_standard_deviation,population_standard_deviation,percentile15,percentile25,percentile50,percentile75,amplitude,variance,interquartile_range,semi_interquartile_range,coefficient_of_variation,skewness,kurtosis,label
DQ789487.1/2-127,19764.99999999999,373.3425165021071,1796259.0,73.8181270522007,0.0021249683784467506,0.5500187147330544,160437.2821946321,161077.752933619,173.88194662904812,235.2332182228081,373.3425165021071,1265.9642537873153,1796185.1818729478,25946042490.144,1030.7310355645072,515.3655177822536,8.117241699703122,0.3626025799908499,0.07823935009662095,hacabox
AY948714.1/1-132,39193.99999999997,500.0000000000001,4116788.0,68.0,0.0011226208093075478,0.4848573803622448,357858.6829518043,359221.9590616951,227.15557515647313,287.21803317766353,500.0000000000001,1997.991988037323,4116720.0,129040415872.12213,1710.7739548596594,855.3869774298297,9.130445551661085,0.32437944230525656,0.09894828364064037,hacabox
AAGD02001344.1/30481-30356,25037.000000000007,395.0987000039139,2162731.0,57.74946408437698,0.0016775172744338375,0.4991864227107418,194538.9738175875,195315.57959536152,158.03827324330302,193.8393960087094,395.0987000039139,1069.7097104020872,2162673.2505359156,38148175632.672,875.8703143933778,437.9351571966889,7.770059264991311,0.38000459470556197,0.05062946779510474,hacabox
