nameseq,average,median,maximum,minimum,peak,none_levated_peak,sample_standard_deviation,population_standard_deviation,percentile15,percentile25,percentile50,percentile75,amplitude,variance,interquartile_range,semi_interquartile_range,coefficient_of_variation,skewness,kurtosis,label
AACB02000001.1/458263-458113,36164.0,535.2991750346235,2814080.0,58.11524645551764,0.001391807690889651,0.4869132099567677,251003.28664780466,251838.57443619185,226.80495983850443,346.83163217883373,535.2991750346235,1528.2388729411236,2814021.8847535443,63422667574.05334,1181.4072407622898,590.7036203811449,6.940694797251539,0.4258354697357943,0.06045813560729265,hacabox
ACGJ01002895.1/16336-16188,20029.00000000001,323.37119737532885,1041083.0,43.64078112740251,0.0024797377136485414,0.61020107955005,116926.22574084911,117320.58175329868,142.97375352913568,197.64377764722397,323.37119737532885,1075.646122300826,1041039.3592188726,13764118902.93244,878.002344653602,439.001172326801,5.837846409748318,0.5055913336234635,0.04853874520712215,hacabox
