nameseq,average,median,maximum,minimum,peak,none_levated_peak,sample_standard_deviation,population_standard_deviation,percentile15,percentile25,percentile50,percentile75,amplitude,variance,interquartile_range,semi_interquartile_range,coefficient_of_variation,skewness,kurtosis,label
AACB02000068.1/10395-10508,93911.0,1148.2519725531133,8062427.0,386.71571846658924,0.000404638434262227,0.25386089441970644,757533.887722523,760878.4244604959,595.1443632993063,813.8114295367853,1148.2519725531133,3812.890054780537,8062040.284281533,578935976809.4867,2999.0786252437515,1499.5393126218758,8.066508584963668,0.3673607855603614,0.07613546115928746,hacabox
ACGJ01001903.1/4544-4655,37368.00000000001,449.9234034394326,3297248.0,32.0,0.0009990722900164132,0.409845061669812,311587.3815160043,312987.7812979315,224.40946692752195,271.0849334212692,449.9234034394326,1375.759170726225,3297216.0,97961351241.8018,1104.6742373049558,552.3371186524779,8.338347824769968,0.35545158873512656,0.07733185035762406,hacabox
