nameseq,average,median,maximum,minimum,peak,none_levated_peak,sample_standard_deviation,population_standard_deviation,percentile15,percentile25,percentile50,percentile75,amplitude,variance,interquartile_range,semi_interquartile_range,coefficient_of_variation,skewness,kurtosis,label
AACB02000004.1/98546-98434,22307.000000000025,243.61958456288454,1992083.0,62.15183630895449,0.0016885581506552482,0.4957899869460013,187236.61802115527,188070.63826487414,115.00263065716467,137.3351952298476,243.61958456288454,956.2894112924362,1992020.8481636911,35370564977.35714,818.9542160625886,409.4771080312943,8.393626127276418,0.35351066445150603,0.1163305358930207,hacabox
