nameseq,average,median,maximum,minimum,peak,none_levated_peak,sample_standard_deviation,population_standard_deviation,percentile15,percentile25,percentile50,percentile75,amplitude,variance,interquartile_range,semi_interquartile_range,coefficient_of_variation,skewness,kurtosis,label
ACGJ01001859.1/18807-18659,60637.0,630.1700732747665,7730307.0,95.4205317270807,0.000819081858711128,0.45891166150248686,631395.9702326267,633525.4736483062,197.36343610422165,255.14150051969054,630.1700732747665,1328.0909609844896,7730211.579468273,401354525761.3108,1072.9494604647991,536.4747302323996,10.412717816393071,0.28511504391428144,0.058845378124862964,hacabox
ACVC01000193.1/33186-33335,51001.000000000015,530.492963615787,6381579.0,79.4514677010921,0.0009803729338640416,0.47497570772217923,519813.66857942473,521555.0927825195,267.94230415447225,338.9073170226608,530.492963615787,1564.5661106676982,6381499.548532299,272019714807.38254,1225.6587936450373,612.8293968225187,10.192225026556825,0.29128037652980227,0.090303104068983,hacabox
