nameseq,average,median,maximum,minimum,peak,none_levated_peak,sample_standard_deviation,population_standard_deviation,percentile15,percentile25,percentile50,percentile75,amplitude,variance,interquartile_range,semi_interquartile_range,coefficient_of_variation,skewness,kurtosis,label
AACB02000002.1/624760-624649,11656.000000000004,203.4459605402073,703808.0,16.79472993770057,0.0032029283916723853,0.5670719451879372,70825.00100953053,71143.3172246679,86.26491279355074,99.30369633060684,203.4459605402073,529.7056274847714,703791.2052700623,5061371585.72973,430.4019311541646,215.2009655770823,6.076269818937072,0.485106411982346,0.06424165334291466,hacabox
ACGJ01002311.1/35790-35679,17704.000000000004,213.38207176123842,1443512.0,32.841959624159585,0.0021087513179695733,0.5222129022152003,136851.09233031352,137466.15651848263,91.584107232315,152.40662311616302,213.38207176123842,652.7891455162326,1443479.158040376,18896944187.963963,500.38252240006955,250.19126120003477,7.729953249565832,0.38342298107541956,0.068319477255944,hacabox
