nameseq,average,median,maximum,minimum,peak,none_levated_peak,sample_standard_deviation,population_standard_deviation,percentile15,percentile25,percentile50,percentile75,amplitude,variance,interquartile_range,semi_interquartile_range,coefficient_of_variation,skewness,kurtosis,label
AE009950.1/1226103-1226159,23031.000000000007,495.41537814453926,925995.0,144.3714298947642,0.0008249750336502972,0.20466884666295074,123472.91740296736,124570.47603121237,212.2621097403441,249.00000000000003,495.41537814453926,1478.5844631347163,925850.6285701052,15517803498.642857,1229.5844631347163,614.7922315673582,5.361161799442808,0.547543180217605,0.08185964574572131,hacabox
AP006878.1/1545183-1545239,28191.0,705.9853749966564,1129091.0,181.74574704669885,0.0006739739633216275,0.19209574096445306,150559.8930525656,151898.22953284968,317.8013263002729,349.4813989307658,705.9853749966564,2221.8103616656604,1128909.2542529532,23073072135.214287,1872.3289627348945,936.1644813674473,5.3407077809430525,0.5476561001954362,0.10517942080378954,hacabox
