nameseq,average,median,maximum,minimum,peak,none_levated_peak,sample_standard_deviation,population_standard_deviation,percentile15,percentile25,percentile50,percentile75,amplitude,variance,interquartile_range,semi_interquartile_range,coefficient_of_variation,skewness,kurtosis,label
AE009441.1/1883703-1883639,26074.999999999993,557.0740395481521,1375331.0,91.7733093734779,0.0008309364014062004,0.2367063942071081,169361.90877526152,170679.92016124804,237.30202161214095,299.86705682308485,557.0740395481521,1586.860616259567,1375239.2266906265,29131635146.25,1286.9935594364822,643.4967797182411,6.495183462138507,0.45201296108997113,0.05817837043911003,hacabox
CP000660.1/1502849-1502914,47255.0,823.9434199392542,2485811.0,107.0,0.00046555920008464714,0.18826678993719115,304348.79033109365,306680.99907573714,418.22863567021824,498.3379482241388,823.9434199392542,2663.36975675243,2485704.0,94053235194.0923,2165.031808528291,1082.5159042641455,6.44056269878518,0.45767610769422995,0.0599366071795508,hacabox
CP000561.1/1673249-1673185,27123.0,495.65443477760783,1358963.0,147.81151201416262,0.0007988300212611683,0.2288864044225286,167869.07331608163,169175.46713028458,248.71477963535284,368.09942392350774,495.65443477760783,1370.2045189401952,1358815.1884879859,28620338678.75,1002.1050950166874,501.0525475083437,6.189177941823605,0.4758591628444677,0.04028683490714323,hacabox
