nameseq,average,median,maximum,minimum,peak,none_levated_peak,sample_standard_deviation,population_standard_deviation,percentile15,percentile25,percentile50,percentile75,amplitude,variance,interquartile_range,semi_interquartile_range,coefficient_of_variation,skewness,kurtosis,label
AE009441.1/1001407-1001347,8609.0,283.8596087949197,235795.0,81.87540495441645,0.0023618693615208887,0.31312282601228003,34640.789915935806,34928.27028019949,128.25753432259248,152.52027751650292,283.8596087949197,1002.3980545905066,235713.12459504558,1219984064.7666667,849.8777770740037,424.93888853700184,4.023787886622814,0.7209830155208383,0.05666999222861495,hacabox
CP001014.1/643411-643351,9097.0,235.3885596710782,333083.0,88.7464591695298,0.0022351691033674105,0.32394091607067493,43732.29056429586,44095.22036041246,139.98057108954563,158.37722750703273,235.3885596710782,841.4733865725143,332994.25354083045,1944388458.6333334,683.0961590654815,341.54807953274076,4.807331050268864,0.6078994257550115,0.04640836431443892,hacabox
CP000561.1/585996-585937,9517.999999999998,257.96566018469684,349140.0,53.71406111645664,0.0021012817818869514,0.2886183899155524,45837.962476532484,46224.787583272286,143.64141888295484,159.92019696315208,257.96566018469684,1325.1023513803561,349086.28593888355,2136730987.118644,1165.182154417204,582.591077208602,4.81592377353777,0.6060501278534882,0.08304215363712555,hacabox
CP000660.1/700317-700377,9728.999999999998,227.7900592903845,375059.0,75.8116516075647,0.0020899715626820164,0.30326508810516123,48832.75873837152,49238.016796983204,90.6049156431057,138.08195849022863,227.7900592903845,726.3187534478969,374983.18834839243,2424382298.1,588.2367949576683,294.11839747883414,5.019298873303683,0.5836989463331594,0.03176281932364951,hacabox
