nameseq,average,median,maximum,minimum,peak,none_levated_peak,sample_standard_deviation,population_standard_deviation,percentile15,percentile25,percentile50,percentile75,amplitude,variance,interquartile_range,semi_interquartile_range,coefficient_of_variation,skewness,kurtosis,label
AE009441.1/2183899-2183840,15405.999999999996,297.49121968755765,746828.0,59.11297336704075,0.0012981955082435417,0.2804866547618045,95672.26333687313,96479.63852280712,134.0002467422232,198.33927280735924,297.49121968755765,1079.8023680854826,746768.8870266329,9308320649.491526,881.4630952781233,440.73154763906166,6.2100651263710995,0.4737582739246053,0.0690576566296734,hacabox
CP003316.1/2298976-2299035,10453.999999999996,346.43387743725293,499956.0,57.92106629502146,0.0019131432944327537,0.3145518897832679,63997.518858155745,64537.59188334885,139.42591832195552,159.44233888254172,346.43387743725293,1177.2480730511402,499898.078933705,4165100766.101695,1017.8057341685985,508.90286708429926,6.121821203190718,0.4738105306065932,0.12182008885552077,hacabox
CP000504.1/2947-3005,8262.000000000002,290.4442082722934,358180.0,34.759614394382155,0.002380376018720245,0.3479268219614672,46394.5507791594,46792.794570944585,142.41772180684637,186.48287508908646,290.4442082722934,739.8309942140496,358145.2403856056,2189565623.7586207,553.3481191249632,276.6740595624816,5.615414037661509,0.5154628501312202,0.12284791065032889,hacabox
