nameseq,average,median,maximum,minimum,peak,none_levated_peak,sample_standard_deviation,population_standard_deviation,percentile15,percentile25,percentile50,percentile75,amplitude,variance,interquartile_range,semi_interquartile_range,coefficient_of_variation,skewness,kurtosis,label
AJ632015.1/1-148,107657.99999999996,1314.5960204338476,11107116.0,268.0,0.0004582412206555329,0.305485754535182,919400.1897258887,922522.100881817,668.9373255914376,744.147766794285,1314.5960204338476,5182.528677817141,11106848.0,851047026615.4014,4438.380911022856,2219.190455511428,8.540008078599724,0.3469982011139398,0.06265873965039413,hacabox
X74615.1/3847-3701,104226.00000000004,1153.1168526527576,10710164.0,175.62050908836895,0.00047013221269165065,0.3121374848449708,889606.3334183272,892647.731464397,667.1604355962952,753.553661288078,1153.1168526527576,4266.897367787868,10709988.379490912,796819972488.5343,3513.3437064997897,1756.6718532498949,8.535359060295193,0.34759043166190606,0.05277872113135966,hacabox
