nameseq,average,median,maximum,minimum,peak,none_levated_peak,sample_standard_deviation,population_standard_deviation,percentile15,percentile25,percentile50,percentile75,amplitude,variance,interquartile_range,semi_interquartile_range,coefficient_of_variation,skewness,kurtosis,label
AB004535.1/423-644,317508.9999999998,2908.3547844737786,48326963.0,843.2510304895404,0.0002330642595957911,0.32665718724047466,3303659.108639086,3311125.014451311,1330.3933915530185,1517.792310222998,2908.3547844737786,8797.804086757324,48326119.74896951,10963548861325.195,7280.011776534326,3640.005888267163,10.404930596106214,0.28568381440401375,0.0772599195099172,hacabox
