nameseq,average,median,maximum,minimum,peak,none_levated_peak,sample_standard_deviation,population_standard_deviation,percentile15,percentile25,percentile50,percentile75,amplitude,variance,interquartile_range,semi_interquartile_range,coefficient_of_variation,skewness,kurtosis,label
CU329672.1/992602-992436,346195.9999999999,2799.792536135923,41763640.0,964.5988582904943,0.00016079523352859849,0.22829234313442437,3267246.4779743813,3277072.8053581817,1695.5028840976156,2036.084078699473,2799.792536135923,8756.763882535035,41762675.40114171,10739206171618.145,6720.679803835562,3360.339901917781,9.437562762060747,0.3153078989713336,0.054940485321870486,hacabox
