nameseq,average,median,maximum,minimum,peak,none_levated_peak,sample_standard_deviation,population_standard_deviation,percentile15,percentile25,percentile50,percentile75,amplitude,variance,interquartile_range,semi_interquartile_range,coefficient_of_variation,skewness,kurtosis,label
CU329670.1/3316609-3316466,120160.00000000003,1150.6041802963457,12806120.0,356.00000000000017,0.00039946737683089204,0.28528727368612317,1070070.1726522422,1073805.158432815,561.7270644708603,724.2255219891902,1150.6041802963457,4970.050033859688,12805764.0,1153057518276.923,4245.824511870497,2122.9122559352486,8.905377601966062,0.33364932187035196,0.09025502774418372,hacabox
