nameseq,average,median,maximum,minimum,peak,none_levated_peak,sample_standard_deviation,population_standard_deviation,percentile15,percentile25,percentile50,percentile75,amplitude,variance,interquartile_range,semi_interquartile_range,coefficient_of_variation,skewness,kurtosis,label
AJ632010.1/1-144,72111.99999999993,958.356459255415,7684616.0,172.4294423015468,0.0006656312402928784,0.3845222062939575,642510.572725461,644753.199344096,416.5192156882189,530.7883024464526,958.356459255415,2771.4348519804457,7684443.570557699,415706688064.4476,2240.646549533993,1120.3232747669965,8.909898113011172,0.33222944443817504,0.06568157052140508,hacabox
CU329671.1/2121215-2121358,72111.99999999993,958.356459255415,7684616.0,172.4294423015468,0.0006656312402928784,0.3845222062939575,642510.572725461,644753.199344096,416.5192156882189,530.7883024464526,958.356459255415,2771.4348519804457,7684443.570557699,415706688064.4476,2240.646549533993,1120.3232747669965,8.909898113011172,0.33222944443817504,0.06568157052140508,hacabox
