nameseq,average,median,maximum,minimum,peak,none_levated_peak,sample_standard_deviation,population_standard_deviation,percentile15,percentile25,percentile50,percentile75,amplitude,variance,interquartile_range,semi_interquartile_range,coefficient_of_variation,skewness,kurtosis,label
AJ632007.1/1-168,117900.00000000007,1779.2639194181274,11941208.0,535.3282655356348,0.0004749787955894823,0.35666456733989377,947241.8140010502,950073.6344115271,755.9338215090947,892.6229792100829,1779.2639194181274,5600.0,11940672.671734465,902639910803.9281,4707.377020789917,2353.6885103949585,8.034281713325273,0.3677648126303677,0.09610646168258904,hacabox
