nameseq,average,median,maximum,minimum,peak,none_levated_peak,sample_standard_deviation,population_standard_deviation,percentile15,percentile25,percentile50,percentile75,amplitude,variance,interquartile_range,semi_interquartile_range,coefficient_of_variation,skewness,kurtosis,label
CU329671.1/3172781-3172923,105152.00000000013,1052.5164532793715,11748168.0,357.9185447591189,0.00045331203083789754,0.3136973274434268,984515.9266360297,987976.450228973,492.8528185382272,602.3833068350289,1052.5164532793715,3375.95522058892,11747810.08145524,976097466207.0422,2773.571913753891,1386.7859568769454,9.362788407600696,0.317210155966951,0.05416649828366503,hacabox
