nameseq,average,median,maximum,minimum,peak,none_levated_peak,sample_standard_deviation,population_standard_deviation,percentile15,percentile25,percentile50,percentile75,amplitude,variance,interquartile_range,semi_interquartile_range,coefficient_of_variation,skewness,kurtosis,label
AJ632001.1/1-143,69368.0,1115.746471895801,5975000.0,248.26459797424278,0.0006871564217891055,0.33826645724104504,515501.4821239605,517313.44371119724,557.355387768032,633.8823561432579,1115.746471895801,4815.211060627526,5974751.735402026,267613199044.338,4181.328704484268,2090.664352242134,7.431401829719186,0.3971991695167921,0.0703758374892543,hacabox
CU329671.1/2266169-2266027,63231.99999999997,1012.4393728738155,5493176.0,230.5072393076752,0.0007538377192982459,0.3463904971988353,471975.4684896239,473634.4383445653,466.92785758838056,560.422792931177,1012.4393728738155,4553.040338658238,5492945.492760693,224329581185.97183,3992.6175457270615,1996.3087728635307,7.464186938411313,0.3954838637667077,0.07099482272079541,hacabox
