nameseq,average,median,maximum,minimum,peak,none_levated_peak,sample_standard_deviation,population_standard_deviation,percentile15,percentile25,percentile50,percentile75,amplitude,variance,interquartile_range,semi_interquartile_range,coefficient_of_variation,skewness,kurtosis,label
AJ632008.1/1-158,163988.99999999994,1845.4836854815123,19931307.0,356.53018650558363,0.0003211597525850312,0.2858598143744282,1591550.6364844318,1596611.223615858,751.0186206844987,1024.9801423267065,1845.4836854815123,5157.315142129224,19930950.469813496,2549167399376.1274,4132.334999802518,2066.167499901259,9.705228012149792,0.30563309629785285,0.05909536451378378,hacabox
CU329670.1/4937394-4937237,163988.99999999994,1845.4836854815123,19931307.0,356.53018650558363,0.0003211597525850312,0.2858598143744282,1591550.6364844318,1596611.223615858,751.0186206844987,1024.9801423267065,1845.4836854815123,5157.315142129224,19930950.469813496,2549167399376.1274,4132.334999802518,2066.167499901259,9.705228012149792,0.30563309629785285,0.05909536451378378,hacabox
