nameseq,average,median,maximum,minimum,peak,none_levated_peak,sample_standard_deviation,population_standard_deviation,percentile15,percentile25,percentile50,percentile75,amplitude,variance,interquartile_range,semi_interquartile_range,coefficient_of_variation,skewness,kurtosis,label
Z96806.1/1-140,29974.000000000007,528.7085915670331,2872916.0,88.64778672311304,0.0015569048731122524,0.4832673262814107,244611.7536750841,245490.0751856911,240.9251129400432,326.5233378337887,528.7085915670331,1567.413703271673,2872827.352213277,60265377014.67626,1240.8903654378844,620.4451827189422,8.160797813941551,0.3611268587797902,0.06757164454806769,hacabox
AK099797.1/1076-1214,47525.999999999956,647.7391284677049,5207380.0,173.94960864993368,0.0009749049643002436,0.41571512802953364,441203.26633197087,442798.94338975893,333.141005268092,409.00520259699175,647.7391284677049,1998.3195503533639,5207206.05039135,196070904267.08694,1589.3143477563722,794.6571738781861,9.283408372932106,0.3187528138306666,0.06393471042328482,hacabox
AL731784.3/25271-25133,47525.999999999956,647.7391284677049,5207380.0,173.94960864993368,0.0009749049643002436,0.41571512802953364,441203.26633197087,442798.94338975893,333.141005268092,409.00520259699175,647.7391284677049,1998.3195503533639,5207206.05039135,196070904267.08694,1589.3143477563722,794.6571738781861,9.283408372932106,0.3187528138306666,0.06393471042328482,hacabox
Z96808.1/1-140,97622.00000000003,908.245674526588,11252020.0,206.87521048063988,0.0004780343228643815,0.3226009558832784,949659.836170826,953069.7567872176,456.02589321796927,555.9960669261116,908.245674526588,2531.760215121755,11251813.12478952,908341961302.446,1975.7641481956437,987.8820740978218,9.727928501473292,0.305521252900738,0.07414879337176644,hacabox
AL731784.3/23367-23229,26229.999999999985,456.7670980347805,2501684.0,102.29802299803256,0.0017664252128605934,0.5200742663011214,213682.75505056555,214455.57043045576,191.42700628347131,236.10353479729093,456.7670980347805,1432.4991866860908,2501581.701977002,45991191688.652176,1196.3956518887999,598.1978259443999,8.146502289384891,0.36184341917343216,0.07476584859746283,hacabox
