nameseq,average,median,maximum,minimum,peak,none_levated_peak,sample_standard_deviation,population_standard_deviation,percentile15,percentile25,percentile50,percentile75,amplitude,variance,interquartile_range,semi_interquartile_range,coefficient_of_variation,skewness,kurtosis,label
AF375471.1/1-99,22121.99999999999,480.5128982248882,1449516.0,123.55020889984303,0.0014917276918904267,0.3534386513138861,147708.98264492923,148460.68715684174,273.33284243865523,289.86908634166366,480.5128982248882,1735.708189800545,1449392.4497911,22040575631.081635,1445.8391034588813,722.9195517294406,6.677017568254647,0.43954308087947636,0.1118098688773588,hacabox
AB032438.1/918-1016,22169.99999999999,465.50735876340894,1430644.0,114.39142753541158,0.0014884979702300414,0.35112416627278653,146258.40470208882,147002.72709028085,251.7919615639096,258.3837950951731,465.50735876340894,1862.8000814205982,1430529.6085724647,21609801771.97959,1604.416286325425,802.2081431627125,6.597131470549792,0.4451947773964733,0.12190916383955508,hacabox
AB032439.1/767-865,22673.999999999996,403.57579729896185,1489252.0,147.2318031388606,0.0014554114845197145,0.35005854464272435,152072.46967811103,152846.3803743177,207.6570148942857,263.3009302923637,403.57579729896185,1838.190607676006,1489104.768196861,23362015993.530613,1574.8896773836423,787.4448386918211,6.706909662084813,0.43933838090169297,0.093107474038456,hacabox
DQ185017.1/645-748,28036.000000000007,545.6326820871014,1867336.0,155.13274065597372,0.0012365054453797495,0.3496260850320055,187384.57913072783,188292.01581390045,242.15017627154612,290.999446294836,545.6326820871014,1885.4841180342244,1867180.867259344,35453883219.26214,1594.4846717393884,797.2423358696942,6.683713052173198,0.44011680329470015,0.12259323793812076,hacabox
AAKO01002130.1/31671-31576,15943.99999999999,411.423329283721,1080584.0,88.91056162641155,0.0020070245860511803,0.40051424787929757,110942.67290812854,111525.05314535243,155.0747986365213,213.18048988388244,411.423329283721,1290.1795646133683,1080495.0894383737,12437837479.073685,1076.9990747294858,538.4995373647429,6.958271005276506,0.4200162912131774,0.16080388228897916,hacabox
