nameseq,average,median,maximum,minimum,peak,none_levated_peak,sample_standard_deviation,population_standard_deviation,percentile15,percentile25,percentile50,percentile75,amplitude,variance,interquartile_range,semi_interquartile_range,coefficient_of_variation,skewness,kurtosis,label
U35631.2/189-333,29803.000000000007,468.6542248252888,2455227.0,86.87820027471693,0.0016217606728629107,0.5117967985223837,213207.2511149656,213946.27326543146,183.30714115227195,213.05793672847346,468.6542248252888,2347.0615815152996,2455140.121799725,45773007844.16667,2134.003644786826,1067.001822393413,7.153885552292237,0.41275818184096924,0.11309272303495588,hacabox
AF426408.1/2331-2471,10801.000000000004,345.60894934875967,432491.0,32.76947933510612,0.0043514489399129695,0.6984997558593952,61475.61427102619,61694.7793664215,139.64041197097742,185.65279650573015,345.60894934875967,887.3500822509657,432458.2305206649,3806245801.0714283,701.6972857452355,350.84864287261775,5.691659501067139,0.5102213865431319,0.06772635077475878,hacabox
AASV01043460.1/657-805,17052.999999999996,411.28503206459993,937635.0,38.84528460280538,0.0029124885161946096,0.620307164775881,97659.57400070922,97988.94955299806,168.10148110475296,199.71558524715155,411.28503206459993,1498.3793316636895,937596.1547153972,9601834234.5,1298.663746416538,649.331873208269,5.726826599466912,0.5112160831609159,0.09732981150048658,hacabox
AAPT01018955.1/17011-17152,8652.999999999998,379.6708731205987,351624.5036665361,15.271014153192088,0.005470164490157557,0.7302512815826433,44274.081695728026,44430.80459889247,151.29137654149343,193.88693345831143,379.6708731205987,1346.1847934704779,351609.2326523829,1974096397.304964,1152.2978600121664,576.1489300060832,5.116616398443087,0.5605985811566379,0.08727253412259393,hacabox
AAQB01006339.1/43171-43326,44334.00000000007,776.0,2969012.0,145.93939082584959,0.0011729146930121333,0.4912854564924279,284187.4271462409,285102.68693009764,346.75141703230094,463.2349008151686,776.0,3373.3028714824795,2968866.060609174,81283542094.76128,2910.067970667311,1455.0339853336554,6.4101463244065595,0.4598162603891561,0.10281944970912041,hacabox
