nameseq,average,median,maximum,minimum,peak,none_levated_peak,sample_standard_deviation,population_standard_deviation,percentile15,percentile25,percentile50,percentile75,amplitude,variance,interquartile_range,semi_interquartile_range,coefficient_of_variation,skewness,kurtosis,label
AC012160.7/77294-77140,77637.99999999996,1352.1533270588307,8290788.0,277.66792585004424,0.0006654816799333663,0.3265550124828333,669635.867514577,671806.4919025437,692.1200276462584,816.6951792004862,1352.1533270588307,5659.470591634956,8290510.3320741495,451323962562.4026,4842.775412434469,2421.3877062172346,8.625104555946539,0.3417641603760741,0.11982232911356659,hacabox
AC012160.7/77640-77489,66499.99999999997,1337.1682155813114,6899744.0,280.0233866709681,0.0007619047619047623,0.3403459673723067,562812.5319855626,564673.0743561104,676.2320595942344,837.3927855375639,1337.1682155813114,4995.2989873111765,6899463.976613329,318855680902.78143,4157.906201773612,2078.953100886806,8.463346345647562,0.3473421152574312,0.08151865325346572,hacabox
AC012160.7/77986-77835,21635.999999999985,843.7456503205503,1441568.0,192.68685045172998,0.0023417760522585827,0.47466584432607584,123976.10963407425,124385.94913088878,374.8993573560389,488.571346079155,843.7456503205503,2781.696883323933,1441375.3131495484,15471864341.192053,2293.125537244778,1146.562768622389,5.730084564340651,0.5031353478758809,0.1034145930948186,hacabox
AF426408.1/1766-1920,77518.00000000007,1061.9130364805815,8576180.0,208.72397688520687,0.0006665118639111769,0.37231470081267176,691970.8826865477,694213.9060169695,503.06919191192844,593.5237726600591,1061.9130364805815,4554.250665710157,8575971.276023114,481932947307.33765,3960.7268930500977,1980.3634465250489,8.926583279838837,0.33147097172650664,0.0906647491758294,hacabox
AF426408.1/186-341,121030.00000000007,1449.4094017066886,13528620.0,412.9189693602231,0.00042964554242749705,0.338178630952318,1090535.5126597208,1094047.7134197191,686.3270117645883,875.0249414496947,1449.4094017066886,6089.139158253956,13528207.081030639,1196940399238.916,5214.114216804262,2607.057108402131,9.010456189867968,0.3289592751729289,0.09879411304848691,hacabox
