nameseq,average,median,maximum,minimum,peak,none_levated_peak,sample_standard_deviation,population_standard_deviation,percentile15,percentile25,percentile50,percentile75,amplitude,variance,interquartile_range,semi_interquartile_range,coefficient_of_variation,skewness,kurtosis,label
AJ609454.1/1-139,45614.00000000003,791.9115897265434,3188836.0,53.61189846230515,0.001015770012130778,0.35465733698418356,294624.4767258824,295690.0298485571,380.5567222483211,499.2462545482647,791.9115897265434,2498.174124618983,3188782.3881015377,87432593751.84058,1998.9278700707184,999.4639350353592,6.459080035205906,0.4563988258040333,0.04626458968857314,hacabox
AC007448.14/61996-61858,45926.00000000005,958.6544518432981,2851924.0,108.55745155205275,0.0010088693405333206,0.33847140142732884,275310.22016263765,276305.9204115056,409.4379898738922,518.0998320803614,958.6544518432981,2772.5365804639273,2851815.4425484478,76344961654.44928,2254.436748383566,1127.218374191783,5.994648350882667,0.49000010448132936,0.04153096040328725,hacabox
Z77249.2/39964-40102,57173.999999999985,744.5453790539559,4398092.0,137.00713606354478,0.0008103916698732526,0.32674342247230853,392062.8838719626,393480.8374474332,437.1403649352461,476.94509070894344,744.5453790539559,2612.1534454339944,4397954.992863936,154827169438.33334,2135.208354725051,1067.6041773625254,6.857363204812724,0.4317888043646672,0.043961956456123864,hacabox
AJ236935.1/1495-1357,59438.00000000003,947.9128734852397,5303348.0,212.55077905205778,0.0007795237614545125,0.33911973098090936,458271.2448125018,459928.65074621286,372.48795294685397,446.3270686453293,947.9128734852397,2631.8135614693674,5303135.449220948,211534363777.23187,2185.486492824038,1092.743246412019,7.710071752288125,0.3828960759938946,0.05711157199039712,hacabox
