nameseq,average,median,maximum,minimum,peak,none_levated_peak,sample_standard_deviation,population_standard_deviation,percentile15,percentile25,percentile50,percentile75,amplitude,variance,interquartile_range,semi_interquartile_range,coefficient_of_variation,skewness,kurtosis,label
AJ609447.1/1-134,25409.000000000007,396.72259317750195,2252531.0,30.913264743116848,0.0017579073031865344,0.4950289775326743,196888.26586163027,197627.06119979158,163.35885378990133,190.89399192848373,396.72259317750195,1437.1106290097512,2252500.086735257,39056455318.46616,1246.2166370812674,623.1083185406337,7.748760906042356,0.38111378497894904,0.07129489159705152,hacabox
AC016876.10/19660-19526,25860.000000000015,460.77038352741596,2313944.0,65.70139611178477,0.00174013921113689,0.49872538752187867,201564.32425407035,202315.03197079373,173.61876660290295,204.65853853744807,460.77038352741596,1366.143358510748,2313878.298603888,40931372161.343285,1161.4848199732999,580.7424099866499,7.794444093351517,0.3780316240555108,0.06302216727529575,hacabox
AC141001.6/11830-11964,35044.0,740.4220583913238,2966984.0,96.42698448871904,0.0012840999885857778,0.428244644359345,262004.085609366,262979.8956372958,268.4722321389017,311.91455152528516,740.4220583913238,2191.8710461139544,2966887.5730155115,69158425509.40298,1879.9564945886693,939.9782472943347,7.476432074231424,0.39278293537094067,0.09465683056570247,hacabox
BS000596.1/82219-82353,42084.000000000015,660.5303379906708,4132688.0,121.19418694201246,0.0010692899914456796,0.4403281484710454,357156.624639667,358486.8215144767,249.98174484847036,313.42767326132616,660.5303379906708,2230.7070581830276,4132566.805813058,128512801199.55225,1917.2793849217014,958.6396924608507,8.48675564679372,0.3479437322810508,0.09685335386119918,hacabox
AP005270.2/124772-124639,26536.999999999985,460.53690265559544,2029739.0,35.865707820834324,0.001683184484556155,0.4837615201146316,182117.38127372685,182800.75095903728,191.32235151809567,216.3521876319615,460.53690265559544,2198.7801060258794,2029703.1342921793,33416114551.18797,1982.427918393918,991.213959196959,6.862772026744807,0.42955476706779844,0.1107380572604357,hacabox
