nameseq,average,median,maximum,minimum,peak,none_levated_peak,sample_standard_deviation,population_standard_deviation,percentile15,percentile25,percentile50,percentile75,amplitude,variance,interquartile_range,semi_interquartile_range,coefficient_of_variation,skewness,kurtosis,label
AJ609445.1/1-126,81141.00000000003,1178.520053144387,7485291.0,347.0,0.000517617480681776,0.31493295590441506,668660.5896551702,671329.9040198224,539.5318954954374,620.5959774723134,1178.520053144387,4489.461574954599,7484944.0,450683840031.264,3868.865597482286,1934.432798741143,8.240724044011905,0.35875815556032314,0.09385502666052949,hacabox
AC020602.6/136573-136700,100311.99999999991,1273.6250722586014,9838808.0,338.3549801218288,0.0004253396070925383,0.2909046559305694,869446.9557690106,872863.2634511448,637.7016966713716,730.5291454299438,1273.6250722586014,4075.7964153501757,9838469.645019878,761890276682.5826,3345.267269920232,1672.633634960116,8.66742718487331,0.3417288689226945,0.07648723624310862,hacabox
AC055866.19/124993-124866,82463.99999999985,928.0,8369480.0,254.16825534492497,0.0005173974906221713,0.32676313216678105,738784.6163855877,741687.5140766473,460.6932359290977,503.05668647061896,928.0,3161.5529727535113,8369225.831744655,550100368537.1969,2658.4962862828925,1329.2481431414462,8.958874374097656,0.33109514542508195,0.08151129558598294,hacabox
AL590730.6/8553-8680,86719.99999999994,1142.6848984383032,8603936.0,248.35053958411214,0.0004920049200492008,0.29067262461028304,759383.2587883407,762367.0944823631,574.8760599132715,692.0663940810592,1142.6848984383032,3499.3218012738475,8603687.649460416,581203586749.4803,2807.2554071927884,1403.6277035963942,8.756725770160761,0.3380795432787419,0.07628956066783144,hacabox
Z84480.1/104302-104429,106424.00000000003,1155.364225454423,10329552.0,332.629150101524,0.0004009120749705579,0.2895116130692693,914063.7458383305,917655.3657481453,640.7504205084226,787.1866135223374,1155.364225454423,3805.7719884777707,10329219.370849898,842091370286.3622,3018.5853749554335,1509.2926874777168,8.588887335923571,0.3454965901026919,0.06880963614211998,hacabox
