nameseq,average,median,maximum,minimum,peak,none_levated_peak,sample_standard_deviation,population_standard_deviation,percentile15,percentile25,percentile50,percentile75,amplitude,variance,interquartile_range,semi_interquartile_range,coefficient_of_variation,skewness,kurtosis,label
AL929577.9/115568-115437,51298.00000000007,472.0,4736876.0,23.655542910723618,0.000857733244960816,0.43722991396117405,418693.5119678832,420288.54064658924,189.42092909221503,221.56364001759766,472.0,1166.9704859001165,4736852.344457089,176642457398.8397,945.4068458825188,472.7034229412594,8.161985106005742,0.3641756932973358,0.12401445749051095,hacabox
AC102195.14/77372-77241,48194.000000000015,347.7365991397437,4373876.0,22.99564667407956,0.0009129767190936628,0.4503606212160004,387604.4779978683,389081.07183257025,132.84755538355296,171.55835143304404,347.7365991397437,1064.1540221234977,4373853.004353326,151384080458.38168,892.5956706904537,446.2978353452269,8.042587832466037,0.3703228377133718,0.16506410486530726,hacabox
AC124719.3/60776-60645,41730.00000000002,357.9418320127335,3674188.0,13.70522401485421,0.0010543973160795585,0.47471121054971316,327962.14196763624,329211.5260803959,134.52863988260017,167.75942939933213,357.9418320127335,1314.7343287877047,3674174.294775985,108380228904.1832,1146.9748993883727,573.4874496941864,7.859145506054063,0.3784466516754541,0.1794529768694387,hacabox
AL773512.6/105824-105955,55633.99999999993,705.4378574127204,5345716.0,93.74630395858135,0.000790883272818781,0.40154154581557927,467687.0632762895,469468.734731095,292.8887482394621,315.76466726365635,705.4378574127204,1583.113875700272,5345622.253696041,220400892890.01526,1267.3492084366158,633.6746042183079,8.406497164976276,0.3523417673206267,0.11011160534672236,hacabox
AL592546.7/54124-53993,30154.0,549.8795790115626,2437100.0,145.1460255007592,0.0014591762286927108,0.4585926932385329,217276.55984942324,218104.28307480007,254.18392154412135,295.9278951805478,549.8795790115626,1587.851818474476,2436954.8539744993,47569478295.57252,1291.923923293928,645.961961646964,7.20556343600926,0.408752611531193,0.09853585968411778,hacabox
