nameseq,average,median,maximum,minimum,peak,none_levated_peak,sample_standard_deviation,population_standard_deviation,percentile15,percentile25,percentile50,percentile75,amplitude,variance,interquartile_range,semi_interquartile_range,coefficient_of_variation,skewness,kurtosis,label
AC129195.3/135944-135814,14042.0,315.0845878577927,622796.0,30.817700870536516,0.003109718463656649,0.5657352793687392,69983.82888925126,70252.4818114032,122.47529706784672,166.94623265176205,315.0845878577927,1189.1594584524717,622765.1822991294,4935411200.661537,1022.2132258007096,511.1066129003548,4.983893240937991,0.5884323120073176,0.13241293032686208,hacabox
AF357412.1/1-113,11867.0,329.5191896648555,323531.0,57.176130716467995,0.003174068144153254,0.5271269394516926,53238.9084035351,53476.053935383075,111.37094860205985,149.91846813910988,329.5191896648555,1077.6644151679056,323473.82386928354,2859688344.4999995,927.7459470287957,463.87297351439787,4.48629884583594,0.6501343372529994,0.10783326719497602,hacabox
AL445435.11/96511-96381,61362.000000000044,727.3523523260774,5358788.0,229.9249695089057,0.0007116239149093353,0.36028409014464385,475815.2458780614,477641.7986437278,390.3728697875316,499.05009099346125,727.3523523260774,3270.891262780826,5358558.075030491,228141687811.6154,2771.8411717873646,1385.9205858936823,7.754233008670856,0.382299525958525,0.13525274237215526,hacabox
AC079121.5/42943-42813,44369.999999999956,460.5597288240857,3528276.0,114.53243235473917,0.0009841484486514923,0.39618130024530046,319557.9946895399,320784.70935252606,213.46155631597694,262.73999744578737,460.5597288240857,1460.7996115551132,3528161.4675676455,102902829754.38461,1198.0596141093258,599.0298070546629,7.2021184288830336,0.4122203887951719,0.07053284749689694,hacabox
AC122390.4/99926-99796,62146.000000000015,857.8982843253561,5019748.0,189.01959889954284,0.0007026464561945524,0.3459148610173313,453689.0098757077,455430.62476282986,422.0157459373447,533.477584368928,857.8982843253561,2745.115247097521,5019558.980401101,207417053971.86154,2211.637662728593,1105.8188313642966,7.300373473364457,0.4052650629500488,0.08230368940671051,hacabox
