nameseq,average,median,maximum,minimum,peak,none_levated_peak,sample_standard_deviation,population_standard_deviation,percentile15,percentile25,percentile50,percentile75,amplitude,variance,interquartile_range,semi_interquartile_range,coefficient_of_variation,skewness,kurtosis,label
AJ609453.1/1-134,9161.0,246.51738031036643,604507.0,8.510335495435765,0.00487574136739075,0.7522644475423446,56641.6833259747,56854.22322216257,86.01713890111961,119.33642413442495,246.51738031036643,1067.6952457640887,604498.4896645045,3232402698.195489,948.3588216296637,474.17941081483184,6.182914892039592,0.47215136077717723,0.15339209016117009,hacabox
AC013416.4/54383-54515,11116.999999999996,262.907003227365,799475.0,27.696057146860216,0.003987886420197297,0.6816804595794319,73478.87066361321,73756.67456812627,84.52248727179712,148.8610433081362,262.907003227365,1191.4786788752363,799447.3039428531,5440047043.348485,1042.6176355671,521.30881778355,6.609595274229849,0.44315159849677377,0.12311851594762775,hacabox
AC020634.16/18995-18865,19425.99999999999,285.2433376390321,1653684.0,13.824363453647102,0.002247846528707232,0.5841636730108026,147162.6642392696,147727.59017154618,96.38226297103554,161.72734644183072,285.2433376390321,1125.1018188874773,1653670.1756365465,21823440897.892307,963.3744724456466,481.6872362228233,7.575551541195804,0.39019591201285164,0.11232855101785896,hacabox
AL603787.8/33357-33225,4876.999999999999,243.07987199763932,240275.0,30.18413419596534,0.009090287745198553,0.845796962545356,24239.146890928318,24330.788604900656,103.58602599826696,110.485030443688,243.07987199763932,712.8375568560949,240244.81586580403,591987274.1363636,602.3525264124069,301.17626320620343,4.970093682782104,0.573525151135163,0.12158040028525567,hacabox
AC112261.4/56192-56327,19899.999999999985,367.99999999999994,1262440.0,26.932702122129832,0.0022780569514237875,0.5382730377496842,120507.88794099745,120953.38997028444,165.35115426136028,206.8594486850915,367.99999999999994,1303.4600282048218,1262413.067297878,14629722545.303703,1096.6005795197302,548.3002897598651,6.055672760854147,0.4862420294735352,0.10107822694679884,hacabox
