nameseq,average,median,maximum,minimum,peak,none_levated_peak,sample_standard_deviation,population_standard_deviation,percentile15,percentile25,percentile50,percentile75,amplitude,variance,interquartile_range,semi_interquartile_range,coefficient_of_variation,skewness,kurtosis,label
AC007233.7/16823-16971,16364.999999999987,398.0912173377387,880955.0,78.85469200506324,0.0030349322741623406,0.6301904216470814,95833.83174015321,96157.04962821344,206.52928638422213,224.88203654866578,398.0912173377387,1261.8929502038343,880876.1453079949,9246178193.202702,1037.0109136551685,518.5054568275842,5.856023937681227,0.4998310667350362,0.11250040085931821,hacabox
DQ108823.1/379-527,16364.999999999987,398.0912173377387,880955.0,78.85469200506324,0.0030349322741623406,0.6301904216470814,95833.83174015321,96157.04962821344,206.52928638422213,224.88203654866578,398.0912173377387,1261.8929502038343,880876.1453079949,9246178193.202702,1037.0109136551685,518.5054568275842,5.856023937681227,0.4998310667350362,0.11250040085931821,hacabox
Y11049.1/506-650,6163.000000000004,325.8601309166552,434411.0,38.91483213441968,0.007842500946508731,0.8027517671794572,37403.0506777188,37532.69768925934,101.99249956807428,175.99448373438165,325.8601309166552,780.1463102765689,434372.08516786556,1408703395.8333333,604.1518265421872,302.0759132710936,6.068968145013593,0.4681815865271571,0.05417173225780096,hacabox
AARH01014343.1/1683-1829,15377.999999999995,407.0359741032232,1003716.0,37.06189303033852,0.00318637013915984,0.6156637403995788,94601.88147177624,94925.30765103601,179.24050538443802,246.50099196105353,407.0359741032232,1352.4126515695302,1003678.9381069697,9010814032.643835,1105.9116596084766,552.9558298042383,6.151767555714415,0.4747568587321357,0.07872715098420034,hacabox
AM460179.2/5268-5416,30189.0,599.670334024704,3063675.0,54.53752683081235,0.0016451908531805181,0.553062860521625,254252.02632427533,255109.539808724,226.64972160968443,313.12724795860726,599.670334024704,1438.9034451866567,3063620.462473169,65080877301.41892,1125.7761972280493,562.8880986140247,8.422008888147184,0.3491338506962788,0.12621052251161147,hacabox
