nameseq,average,median,maximum,minimum,peak,none_levated_peak,sample_standard_deviation,population_standard_deviation,percentile15,percentile25,percentile50,percentile75,amplitude,variance,interquartile_range,semi_interquartile_range,coefficient_of_variation,skewness,kurtosis,label
U64705.1/82-210,34147.000000000015,545.034926271019,2563019.0,116.61880332646706,0.001259261428529592,0.41405426061599504,236370.62890300053,237292.15531755364,232.8974124303887,269.2730888047511,545.034926271019,1261.9669611971772,2562902.3811966735,56307566975.25,992.6938723924261,496.34693619621305,6.922149204996059,0.42647386305578056,0.03427354094186331,hacabox
U64706.1/79-207,31171.0,398.39314986019355,2244123.0,94.51601113638547,0.0013794873440056462,0.45069148500767126,211005.29544065948,211827.93129123695,188.73760495154426,223.73791069272443,398.39314986019355,1081.6711393445055,2244028.4839888634,44871072475.125,857.9332286517811,428.96661432589053,6.769282199501443,0.43751423563861097,0.03876425551143968,hacabox
U12212.1/198-329,64458.000000000044,832.3880295609819,4911620.0,260.0,0.0006826150361475685,0.31431290870259626,454056.5985909686,455786.3442779852,430.5467042168172,506.40883219576943,832.3880295609819,2479.8516756450495,4911360.0,207741191630.29007,1973.44284344928,986.72142172464,7.044224124095819,0.4203811518291936,0.05681383484722088,hacabox
U64704.1/88-217,35103.00000000002,455.1042766361408,2356331.0,18.61910151752288,0.0012344623916284451,0.40699691159058976,225961.48383297538,226835.61275982225,215.95569179585092,240.8020245291865,455.1042766361408,1550.4382061037816,2356312.3808984826,51454395216.12403,1309.636181574595,654.8180907872975,6.4370989326546235,0.4600062161342683,0.05646001969810918,hacabox
L07384.1/2-133,35810.00000000002,482.4064797868831,2527956.0,87.35911729542573,0.0012287070650656234,0.4244272916411032,239122.24221933013,240033.18739319654,179.342259155218,324.33293764806024,482.4064797868831,1472.080804110737,2527868.6408827044,57615931050.137405,1147.747866462677,573.8739332313385,6.677527009755096,0.4432159032007939,0.051057347980455935,hacabox
