nameseq,average,median,maximum,minimum,peak,none_levated_peak,sample_standard_deviation,population_standard_deviation,percentile15,percentile25,percentile50,percentile75,amplitude,variance,interquartile_range,semi_interquartile_range,coefficient_of_variation,skewness,kurtosis,label
AJ609452.1/1-137,34198.99999999999,420.8289216751107,3412819.0,67.74725514069242,0.0013353216955661474,0.46593207539484915,291875.4000939442,292946.50607913145,164.14135993744068,265.95493885781485,420.8289216751107,1429.860687010334,3412751.252744859,85817655423.97058,1163.9057481525192,581.9528740762596,8.534617974032699,0.34718415187562474,0.05164675905193025,hacabox
AC010746.8/140334-140470,64103.000000000015,812.9449358636793,6837043.0,144.7512889107611,0.0007123951557129409,0.3983813132294086,583722.4633094054,585864.5712908854,362.2361101110236,459.7513186655985,812.9449358636793,2406.3671215982345,6836898.24871109,343237295893.85297,1946.615802932636,973.307901466318,9.106008506768875,0.32527472750653297,0.0853467570820505,hacabox
X56953.1/4645-4782,74778.99999999994,787.5104451023449,7888467.0,179.76340406144598,0.0006151459634389339,0.38225169512367124,672506.8478967332,674956.7898826133,391.0028232582123,488.3712435532758,787.5104451023449,3388.1349499620824,7888287.236595939,455566668208.64233,2899.7637064088067,1449.8818532044033,8.993258105841663,0.33007019833168755,0.0851821461087212,hacabox
AC098709.3/37074-36935,61742.00000000003,1037.5435877782484,6285476.0,197.80494586621705,0.0007558334143154845,0.38745440846533824,532497.069486772,534409.0938414425,399.91721188790063,510.58725304551126,1037.5435877782484,2328.1767264329355,6285278.195054133,285593079580.43164,1817.5894733874243,908.7947366937121,8.624551674496642,0.3419988196595875,0.05347622613449757,hacabox
AC004830.1/58886-58743,84079.99999999994,1058.1098809978862,9238304.0,257.1195411923617,0.0005708848715509043,0.3663502049138019,771765.3525884665,774459.1316428924,474.6177770165287,611.178353398503,1058.1098809978862,3212.9472266800185,9238046.880458808,599786946585.063,2601.7688732815154,1300.8844366407577,9.17894092041469,0.32272201585838367,0.06072591338610149,hacabox
