nameseq,average,median,maximum,minimum,peak,none_levated_peak,sample_standard_deviation,population_standard_deviation,percentile15,percentile25,percentile50,percentile75,amplitude,variance,interquartile_range,semi_interquartile_range,coefficient_of_variation,skewness,kurtosis,label
BX901883.5/169709-169573,27247.0,568.9504420214472,2393067.0,95.61527026731353,0.0016760254951615468,0.4635287994520645,206676.46622680582,207434.91452324198,246.85901930559078,311.6911241718934,568.9504420214472,1928.8135094521049,2392971.3847297328,43029243763.26471,1617.1223852802113,808.5611926401057,7.585292554292429,0.3872436476928464,0.11502009792293755,hacabox
BX640401.2/48470-48342,25715.000000000015,562.7452665442778,2211747.0,67.64453298179781,0.0016721757728951963,0.4307750472082056,196467.96551091986,197233.9253963425,205.24625677229923,305.3580340980098,562.7452665442778,1729.7766509780838,2211679.355467018,38901221327.25,1424.418616880074,712.209308440037,7.640208652962075,0.38406650165150336,0.07657841400006112,hacabox
BX640401.2/45102-44982,17710.999999999985,368.5090101735276,1513171.0,74.8817579037203,0.0022773041236143284,0.5257109207871093,138369.3090970682,138944.6517412599,124.054349139787,159.74251216600786,368.5090101735276,1174.8601394353923,1513096.1182420964,19305616247.5,1015.1176272693845,507.5588136346922,7.812619789795512,0.37600442835904674,0.09806959575277009,hacabox
AJ609479.1/1-123,9390.000000000002,273.91765750904347,742220.0,26.858620169982714,0.004366347177848774,0.6635788806815042,67553.76328525302,67830.05794872851,101.54941449694837,137.0,273.91765750904347,702.1843192750098,742193.14137983,4600916761.327868,565.1843192750098,282.5921596375049,7.194223992039724,0.4048367655254373,0.04842213660162944,hacabox
