nameseq,average,median,maximum,minimum,peak,none_levated_peak,sample_standard_deviation,population_standard_deviation,percentile15,percentile25,percentile50,percentile75,amplitude,variance,interquartile_range,semi_interquartile_range,coefficient_of_variation,skewness,kurtosis,label
AJ609451.1/1-130,20759.0,412.58322669131576,766676.2138235997,86.75260590008814,0.0020874480145157926,0.477888590232543,110194.75530169302,110621.04221379002,161.78637072878442,252.94433967008948,412.58322669131576,1252.8357934045684,766589.4612176997,12237014980.465113,999.891453734479,499.9457268672395,5.308288226874754,0.55392155600157,0.06953893578498725,hacabox
AL670276.13/34787-34916,37159.00000000001,531.6367642313829,3537595.0,40.82506238504933,0.0011661598356611676,0.4443968983234396,312527.6626732424,313736.6716855237,202.2924051495933,259.6394791529274,531.6367642313829,1218.908538693548,3537554.174937615,98430699160.31007,959.2690595406207,479.63452977031034,8.410550947906088,0.35159156398322117,0.09867019977772137,hacabox
AL807234.6/143918-143791,14631.999999999996,256.0,1007544.0,39.97453667820491,0.0029159832330964103,0.6441547766876788,95948.5415418077,96325.5510159152,96.65871341338442,143.34048556430594,256.0,730.9256244015859,1007504.0254633218,9278611778.519684,587.5851388372799,293.79256941863997,6.557445430686696,0.44949093865285905,0.14634428740215907,hacabox
AL929545.8/89263-89392,11327.000000000002,191.12756188097424,782779.0,26.192696476612547,0.0038256672846590737,0.7441794116971671,74309.31139500621,74596.77595543748,94.28329749918333,105.61551716525446,191.12756188097424,720.679352249126,782752.8073035234,5564678982.945736,615.0638350838716,307.5319175419358,6.560370035755822,0.4495751163238766,0.13309831654652543,hacabox
ABDC01019451.1/1606-1737,18129.999999999996,314.41490209736486,845316.0,24.015389012145185,0.002426916712630999,0.5560572334773038,94989.76957546534,95351.6366747295,82.26615333088075,122.7176217922899,314.41490209736486,852.041474147311,845291.9846109878,9091934616.549618,729.323852355021,364.6619261775105,5.2393695298105545,0.5626580160429459,0.06634688814076906,hacabox
