nameseq,average,median,maximum,minimum,peak,none_levated_peak,sample_standard_deviation,population_standard_deviation,percentile15,percentile25,percentile50,percentile75,amplitude,variance,interquartile_range,semi_interquartile_range,coefficient_of_variation,skewness,kurtosis,label
AC005995.3/26676-26542,37660.00000000004,435.61752794031116,2893976.0,134.56800888724655,0.0011949017525225692,0.44477976191851426,263219.1451623533,264199.4805674106,222.80678665200284,283.09405007648104,435.61752794031116,1666.527598148656,2893841.431991113,69801365532.08955,1383.4335480721747,691.7167740360874,6.989355952266411,0.4242592131636143,0.09206603589138854,hacabox
AC101774.6/57905-57781,19704.999999999993,306.2234511826972,1571227.0,61.59579992576785,0.0021145225408102856,0.533794607576593,143427.40415276293,144004.57913726216,142.7821894662975,177.7589070237592,306.2234511826972,1285.263364628415,1571165.4042000743,20737318812.5,1107.5044576046557,553.7522288023279,7.278731497222176,0.40575460449990175,0.09903448578481686,hacabox
AC107774.8/124931-124798,65128.999999999985,578.9346009089702,6390755.0,137.05662873662422,0.000685818401428959,0.36046476412009076,555669.9808501446,557755.0537701163,254.60161824394194,324.6549907448841,578.9346009089702,2007.4713229081165,6390617.943371263,311090700006.1053,1682.8163321632323,841.4081660816162,8.53183652213522,0.34849857446140753,0.05150314346790979,hacabox
AC110037.13/145188-145321,66233.00000000003,685.7140563121782,6266315.0,100.53519576086497,0.00067438688669797,0.34486720470397514,546786.6224570605,548838.3618325505,288.2901692184083,370.3067501841906,685.7140563121782,2410.3295814642242,6266214.46480424,301223547419.0376,2040.0228312800336,1020.0114156400168,8.25550137328915,0.359631801062408,0.0533590244495288,hacabox
AC116348.3/101703-101837,21772.0,290.5335609456104,1568256.0,30.126215038732376,0.0020668748851736174,0.5247754838620735,145642.6511019351,146185.08370984276,138.39303692461363,171.74917872397478,290.5335609456104,1150.7358653613878,1568225.8737849612,21370078699.25373,978.9866866374131,489.49334331870654,6.689447506059852,0.44248301462226625,0.07301383520515968,hacabox
