nameseq,average,median,maximum,minimum,peak,none_levated_peak,sample_standard_deviation,population_standard_deviation,percentile15,percentile25,percentile50,percentile75,amplitude,variance,interquartile_range,semi_interquartile_range,coefficient_of_variation,skewness,kurtosis,label
AJ505656.1/1-130,51215.0,976.2675378480997,4290683.0,200.96428677292818,0.0008461062839662859,0.32707938852839485,381641.7084544088,383118.0842127564,544.2170664459051,658.9373204855663,976.2675378480997,2712.823797484662,4290482.0357132275,146779466450.85272,2053.886476999096,1026.943238499548,7.451756486467027,0.39491542472344937,0.0590766636622861,hacabox
AC155335.1/33339-33211,42603.00000000001,1008.0913174259258,3101075.0,246.97638041072526,0.0010093185925873762,0.3329021252098302,284266.8872732103,285375.14444805804,515.3052420778508,602.3791908629469,1008.0913174259258,2661.9425984484265,3100828.0236195894,81438973068.75,2059.5634075854796,1029.7817037927398,6.672461734460255,0.4389703185084341,0.05890665344712039,hacabox
AM429090.2/11963-11843,55815.0,720.4059676956621,5149403.0,173.70361873389064,0.0007226253396637703,0.34912831188437377,467983.6297350582,469929.51600656734,322.08549821926044,415.17523247152724,720.4059676956621,1717.9846170564358,5149229.296381266,220833750014.16666,1302.8093845849085,651.4046922924542,8.384549489116871,0.3531828286183556,0.04884722373401038,hacabox
AASG02017340.1/2450-2308,102647.99999999993,1286.1084841843112,9133016.0,219.37557325658048,0.0004643701452212094,0.27643266896366075,785875.4497908687,788637.7621735729,653.6955810564543,784.3831718280667,1286.1084841843112,3766.5728228115804,9132796.624426743,621949519926.1409,2982.1896509835137,1491.0948254917569,7.656023008639908,0.3869387631696191,0.07690428055913846,hacabox
AARH01010454.1/31951-31833,59331.999999999935,765.4356910705965,5249816.0,256.6895884350657,0.0006685543495359453,0.34095979024206813,481984.44101443776,484022.4392842526,390.50895726965234,485.86010398387157,765.4356910705965,1751.793085806152,5249559.310411565,234277721730.67798,1265.9329818222805,632.9664909111402,8.12351582644169,0.3645339516707033,0.03704001525180118,hacabox
