nameseq,average,median,maximum,minimum,peak,none_levated_peak,sample_standard_deviation,population_standard_deviation,percentile15,percentile25,percentile50,percentile75,amplitude,variance,interquartile_range,semi_interquartile_range,coefficient_of_variation,skewness,kurtosis,label
AJ609457.1/1-135,25164.000000000033,466.0828091972791,2398856.0,22.920311272864346,0.0017882689556509275,0.5005378601602375,207660.55651471225,208433.96908566984,184.99999999999997,250.67569538655832,466.0828091972791,1226.0401728747036,2398833.079688727,43444719468.80597,975.3644774881452,487.6822387440726,8.252287256187886,0.3568022392695403,0.09553965038760194,hacabox
AC093126.2/112985-113119,34380.00000000001,483.28012092470135,3626544.0,27.256698297269338,0.001308900523560209,0.4663293068053095,311773.1458801415,312934.31617823616,230.5329158702853,301.3280283259182,483.28012092470135,1485.83419284091,3626516.7433017027,97927886241.94029,1184.5061645149917,592.2530822574959,9.068445197211794,0.3261671538456356,0.08917530586899733,hacabox
AJ609456.1/1-134,17481.000000000007,327.33843132764935,1583019.0,45.14807492855486,0.0025551551207978174,0.578342996556191,137808.04308167213,138325.148249643,124.15380509959817,187.83057210788897,327.33843132764935,1183.7552703771103,1582973.8519250713,19133846638.285713,995.9246982692213,497.96234913461063,7.883304335087929,0.3734251176872067,0.09080031430348982,hacabox
AAFC03054517.1/102386-102252,9131.999999999993,274.78372496871424,640504.0,14.759380798110966,0.004927726675427074,0.698264129840623,58086.61680628336,58302.955047865566,130.06894573712032,165.074003565115,274.78372496871424,895.1549433138841,640489.2406192019,3399234567.3134327,730.0809397487692,365.0404698743846,6.36077713603629,0.457448725473361,0.07611134134613673,hacabox
AAQQ01663584.1/95-227,16901.000000000004,323.90477239178193,1262355.0,55.333500628399676,0.0026231189475967886,0.5931969534338082,114224.84718308884,114656.7006976201,125.56654801803079,185.5586106869847,323.90477239178193,875.7553497561905,1262299.6664993716,13146159014.863636,690.1967390692058,345.0983695346029,6.758466787946797,0.43538062785158577,0.07551022395527072,hacabox
