nameseq,average,median,maximum,minimum,peak,none_levated_peak,sample_standard_deviation,population_standard_deviation,percentile15,percentile25,percentile50,percentile75,amplitude,variance,interquartile_range,semi_interquartile_range,coefficient_of_variation,skewness,kurtosis,label
CT963106.2/109334-109194,158760.9999999998,1346.1826787038635,17890595.0,337.1516172009234,0.0002960424789463411,0.25684731006073264,1508260.3800398656,1513637.4394477648,707.8303640564163,861.3964860706894,1346.1826787038635,4479.427055409697,17890257.8483828,2291098298097.986,3618.0305693390073,1809.0152846695037,9.500194506458561,0.31310538830928225,0.09140768261234834,hacabox
BABX01073478.1/2260-2117,133855.99999999994,1458.954059036555,15263232.0,191.46873718215858,0.00035859431030361,0.2895616754933343,1273320.169660404,1277764.5816712633,644.6721199603014,842.0309674880639,1458.954059036555,3826.1901628429846,15263040.531262819,1632682326173.5386,2984.1591953549205,1492.0795976774602,9.512611834063506,0.31193343770626164,0.06272696461133882,hacabox
CACC01011386.1/29905-29765,228200.99999999994,1738.96559097443,25473051.0,602.7227117056177,0.0002059587819509994,0.2187980835440508,2147951.233680597,2155608.83812451,974.5330640423131,1112.9631425220516,1738.96559097443,5605.650232253811,25472448.277288295,4646649463000.5,4492.687089731759,2246.3435448658797,9.412540846361749,0.31629493843904566,0.0681651150870241,hacabox
AGQN01031781.1/5472-5330,297712.0000000001,2194.3850126992547,34524632.0,759.5646527225272,0.0001601099944465344,0.20909509803038473,2885562.729361467,2895705.336132688,1235.8655746612355,1500.1724221615884,2194.3850126992547,6429.6638710726,34523872.435347274,8385109393707.324,4929.4914489110115,2464.7457244555058,9.692463620416596,0.30723741887187594,0.05842537204488509,hacabox
AFAN01000020.1/1148380-1148530,184756.0000000002,1794.9609001006952,21946760.0,400.98381658844414,0.0002724313869824703,0.26937898567090474,1789859.204197917,1795815.4908910734,838.8905559585272,1027.4886723638529,1794.9609001006952,4806.399104777489,21946359.01618341,3224953277324.3467,3778.910432413636,1889.455216206818,9.687691897410179,0.30666273414822454,0.06564558428653881,hacabox
