nameseq,average,median,maximum,minimum,peak,none_levated_peak,sample_standard_deviation,population_standard_deviation,percentile15,percentile25,percentile50,percentile75,amplitude,variance,interquartile_range,semi_interquartile_range,coefficient_of_variation,skewness,kurtosis,label
AJ505674.1/1-108,45365.999999999985,752.1906124175307,3730196.0,48.275506574875365,0.0007935458272715251,0.3186470812908731,359126.3596061977,360800.6174450236,393.98392347156994,486.45042241149673,752.1906124175307,2330.564962418294,3730147.7244934253,130177085548.71028,1844.1145400067971,922.0572700033986,7.916200670241983,0.3726861718240678,0.07403026709896171,hacabox
AAAA02021081.1/8772-8665,63541.999999999985,649.7700745628036,5560980.0,155.3025812943615,0.0005665544049604987,0.3053313556983894,533683.2581709865,536171.3054962311,321.07432346188875,388.50721958348515,649.7700745628036,2762.355491000074,5560824.697418706,287479668837.5327,2373.848271416589,1186.9241357082944,8.398905576956764,0.3535368346066076,0.15702630386854974,hacabox
AARH01005974.1/1135-1242,11910.000000000002,275.6150637965444,756396.0,45.946092796825155,0.0030226700251889164,0.5172593350899651,74099.19116967471,74444.64381704522,110.49679087571388,168.57283354493939,275.6150637965444,879.7376049216101,756350.0539072031,5542004993.046729,711.1647713766707,355.58238568833536,6.22159455664775,0.47103287171769537,0.07271732545684102,hacabox
AASG02001178.1/42223-42328,17290.999999999996,460.4514117804231,1173955.0,116.1868577192779,0.0020434522776781763,0.4371719045573516,115674.42346517228,116223.9487600186,225.18390900941841,252.20782819943315,460.4514117804231,1593.7569881619897,1173838.8131422808,13508006265.37143,1341.5491599625566,670.7745799812783,6.6898631348778155,0.43649792453783826,0.11778822821337297,hacabox
AP009482.1/31951-32059,58424.99999999996,889.2738978754719,4907051.0,213.83674836622038,0.0006218799030095569,0.30341668608688666,470147.3322076815,472318.92497468356,396.2008451769998,455.0576207264578,889.2738978754719,3072.5005904771488,4906837.163251634,223085166889.24075,2617.442969750691,1308.7214848753456,8.047023229913252,0.3671342289572463,0.10436535379471212,hacabox
