nameseq,average,median,maximum,minimum,peak,none_levated_peak,sample_standard_deviation,population_standard_deviation,percentile15,percentile25,percentile50,percentile75,amplitude,variance,interquartile_range,semi_interquartile_range,coefficient_of_variation,skewness,kurtosis,label
AJ505682.1/1-130,43679.000000000015,516.3779764901915,3688243.0,85.60009219232076,0.0009920862046597523,0.4059210049876054,329878.5183184864,331154.6488798378,241.31411450703843,288.23997318765646,516.3779764901915,1383.0413726460408,3688157.399907808,109663401474.72868,1094.8013994583844,547.4006997291922,7.55233678240084,0.3925319742873144,0.0521860383603409,hacabox
AARH01010739.1/167276-167404,34235.00000000003,432.5414621572664,3001723.0,48.73025947466279,0.001256024536293266,0.44385100652723014,268659.04765706294,269706.4553238854,183.73043170960884,220.31063915200622,432.5414621572664,1153.332203844514,3001674.269740525,72741572043.375,933.0215646925078,466.5107823462539,7.847496645452394,0.37745751165980634,0.05783372622023055,hacabox
AASG02008398.1/9109-8983,46879.99999999997,532.5595957904962,4517208.0,111.0405029988614,0.0009030147895335615,0.389470564916706,402052.8080936632,403645.1026739144,224.85437338817718,287.86473305604335,532.5595957904962,1499.912802224018,4517096.959497001,162929368912.63492,1212.0480691679745,606.0240345839873,8.576211776741967,0.3458309913861783,0.07371606299092122,hacabox
AM485814.2/5099-4974,79805.0,605.011293488433,8049307.0,78.40568215013697,0.0005262828143600025,0.34103267042462837,718309.9484748906,721177.4646608309,310.7343641007568,369.1227734926126,605.011293488433,1856.0,8049228.59431785,520096935534.624,1486.8772265073874,743.4386132536937,9.000813839670329,0.33077638229013095,0.08522472620293571,hacabox
AC162440.26/27224-27101,26406.000000000015,510.4333348014751,1816364.0,90.66694752759567,0.0015653008154712304,0.4038253551776285,168765.83489557356,169450.48612423582,248.1168427200625,332.6099573164148,510.4333348014751,1639.211722639154,1816273.3330524724,28713467247.739838,1306.601765322739,653.3008826613695,6.391192717396557,0.46032243459504385,0.05164611453244622,hacabox
