nameseq,average,median,maximum,minimum,peak,none_levated_peak,sample_standard_deviation,population_standard_deviation,percentile15,percentile25,percentile50,percentile75,amplitude,variance,interquartile_range,semi_interquartile_range,coefficient_of_variation,skewness,kurtosis,label
AJ609455.1/1-133,37948.99999999997,563.3823309441404,3360099.0,88.85153249754637,0.0011682345604188086,0.40799600842297923,294861.6131848973,295976.4058687531,271.073725969016,374.94713793966883,563.3823309441404,2009.1491411762304,3360010.1484675026,87602032830.98485,1634.2020032365615,817.1010016182807,7.7699442194760735,0.3803711571530944,0.06516412123660696,hacabox
AJ278435.1/9043-9175,46652.99999999997,569.1003579120481,4438643.0,21.744078767193994,0.0009502782957866239,0.38752966433605435,386782.01551002864,388244.3345839841,258.40562940718905,312.12463445719436,569.1003579120481,1949.1352255404906,4438621.2559212325,150733663336.5606,1637.0105910832963,818.5052955416481,8.290614012175613,0.35744086690266264,0.05897044248989626,hacabox
AC132358.3/106983-106852,47426.000000000015,463.3775744751776,4614148.0,107.34832340730007,0.0009277611436764641,0.42420632029490946,402610.1194207617,404143.8778107475,272.7478536572424,321.0256402449588,463.3775744751776,1646.742598333097,4614040.651676592,163332273971.9084,1325.7169580881382,662.8584790440691,8.489227837489175,0.3499362298177477,0.04969284040567499,hacabox
AAHX01070284.1/5211-5345,70636.00000000003,745.9378398087235,6700256.0,78.75377862678107,0.0006370689166996996,0.33140324392183645,581218.0533293851,583382.7463093955,347.44947690964665,440.9657414767731,745.9378398087235,2777.84714414471,6700177.246221373,340335428691.49255,2336.881402667937,1168.4407013339685,8.228354568907992,0.3607427286188418,0.07040904345556566,hacabox
AAIY01236626.1/2232-2365,48465.0,637.8462677403353,4233995.0,128.19674157964664,0.0009216272911723236,0.3640460571144787,372328.80060774233,373725.91171006433,246.62389583212325,390.00469795042375,637.8462677403353,2251.839419830812,4233866.80325842,139671057083.5188,1861.8347218803883,930.9173609401942,7.682426505885532,0.3853622415525687,0.08120575286748152,hacabox
