nameseq,average,median,maximum,minimum,peak,none_levated_peak,sample_standard_deviation,population_standard_deviation,percentile15,percentile25,percentile50,percentile75,amplitude,variance,interquartile_range,semi_interquartile_range,coefficient_of_variation,skewness,kurtosis,label
AF357394.1/1-116,12273.99999999998,216.8007273016048,1057196.0,28.494307555401747,0.003150290587148992,0.6224341895847,98167.99333795105,98593.886848857,80.284367499921,109.06801993439898,216.8007273016048,674.1843613147375,1057167.5056924445,9720754523.965218,565.1163413803386,282.5581706901693,7.998044104444452,0.3684663054440927,0.09518456189031399,hacabox
AL929577.9/131453-131576,31614.000000000015,487.2913646015699,2081060.0,38.011942207015274,0.0013074376331161295,0.4269021551930396,200437.45179980708,201250.5888173177,230.33329680571097,321.13203056567403,487.2913646015699,1758.8391384470106,2081021.988057793,40501799499.31708,1437.7071078813365,718.8535539406682,6.340148408926646,0.46588162575256414,0.0962376600546811,hacabox
AC140395.2/70817-70690,12295.999999999982,190.04859938388893,893616.0,37.845157769457785,0.0034699631316417313,0.7204306389812235,84418.43211052903,84750.13646146076,96.8615340729883,117.81396126250647,190.04859938388893,536.5856056712839,893578.1548422305,7182585630.236219,418.77164440877743,209.38582220438872,6.865519852840692,0.4302123753530192,0.0912818228087135,hacabox
AL606832.4/24041-23913,29635.000000000007,370.9402361496126,2871475.0,39.87608381504615,0.00145098700860469,0.5336235014505217,253857.47383916038,254847.175346324,129.73662486169206,171.37016991298833,370.9402361496126,1273.581620455851,2871435.123916185,64947082782.0,1102.2114505428626,551.1057252714313,8.5661371297169,0.34583255700076315,0.20705771938830334,hacabox
AL844536.13/202595-202468,77824.00000000006,577.7077366161795,8927592.0,123.71176830248672,0.0005482456140350873,0.36913300036070135,785940.2276712905,789028.4133503316,264.43800679958844,346.91690076853115,577.7077366161795,1684.2018422640708,8927468.288231697,622565837074.1417,1337.2849414955397,668.6424707477698,10.098944126121632,0.29485559923148946,0.0976087512543062,hacabox
