nameseq,average,median,maximum,minimum,peak,none_levated_peak,sample_standard_deviation,population_standard_deviation,percentile15,percentile25,percentile50,percentile75,amplitude,variance,interquartile_range,semi_interquartile_range,coefficient_of_variation,skewness,kurtosis,label
AJ609477.1/1-132,7858.0000000000055,174.1358743225257,246644.0,36.0,0.005599389157546445,0.7384142238668904,34747.930758535826,34880.30430744767,72.0,96.32010167018618,174.1358743225257,631.9665360709437,246608.0,1216635628.5801528,535.6464344007575,267.82321720037874,4.421981516739094,0.6633946791599905,0.10494793444301496,hacabox
AC007240.2/163812-163679,13625.000000000007,242.05270412561893,928523.0,35.05398027563719,0.0032782874617736982,0.6629575135486871,85697.44669475283,86019.01422867029,80.17431545383977,113.67649009750394,242.05270412561893,663.8623347507892,928487.9460197244,7399270808.872181,550.1858446532852,275.0929223266426,6.28972085833048,0.4684951936856415,0.09078379548871138,hacabox
AL833804.16/186436-186568,11061.000000000002,241.05086677151576,545059.0,22.32466630243993,0.004008076424675285,0.7053735497565984,58870.10366901013,59092.67574327635,80.41450327900937,106.75579131030143,241.05086677151576,534.9485787540942,545036.6753336976,3491944326.5000005,428.1927874437928,214.0963937218964,5.322312961668034,0.5513808431897271,0.07778614280839498,hacabox
AC020918.6/165518-165651,14681.0,235.0190433149582,643920.6062092412,65.75095303046616,0.0030424812115432643,0.593682652401866,81102.7673140689,81407.09396421943,122.82566000303092,145.3809384249982,235.0190433149582,665.6918443133326,643854.8552562108,6627114947.69925,520.3109058883344,260.1554529441672,5.524335352773578,0.5343583740149059,0.056663880385880445,hacabox
AL844850.9/118508-118640,10181.000000000002,207.56084316350046,578091.0,18.517556738920252,0.004354516583177814,0.7285113880553645,57828.45820182309,58047.09209392497,73.17570393820792,108.23791336698625,207.56084316350046,596.0156921213373,578072.4824432611,3369464900.5606065,487.77777875435106,243.88888937717553,5.680037147807001,0.5173978072541149,0.08998237841417597,hacabox
