nameseq,average,median,maximum,minimum,peak,none_levated_peak,sample_standard_deviation,population_standard_deviation,percentile15,percentile25,percentile50,percentile75,amplitude,variance,interquartile_range,semi_interquartile_range,coefficient_of_variation,skewness,kurtosis,label
AM055743.1/3-203,94287.00000000012,966.4739309496894,10991811.0,95.78283317006243,0.0007105963706555508,0.4509844755075825,817503.6071235405,819544.8178094351,378.2717251087683,518.0785205990929,966.4739309496894,2420.516023529284,10991715.21716683,671653708398.3,1902.4375029301914,951.2187514650957,8.670374570444913,0.34245913506390646,0.050756623011023426,hacabox
X94290.1/2-199,170977.00000000012,1378.330068491127,22992683.0,338.00736737153295,0.00038601683267340027,0.4217754459149351,1665261.8330634974,1669483.0358637893,627.121909048888,773.6356747325237,1378.330068491127,4050.7885768182164,22992344.992632627,2787173607036.9746,3277.1529020856924,1638.5764510428462,9.739683308652603,0.30553514149695055,0.041234293642237706,hacabox
X94291.1/4-200,82500.99999999999,873.7601346516897,10628243.0,169.80284910596404,0.0007959499480814376,0.507411055394538,768504.2178791213,770462.1935820838,443.8204052861108,527.9141429381255,873.7601346516897,2791.3407417384124,10628073.197150894,593611991739.3163,2263.426598800287,1131.7132994001436,9.315089730780493,0.31864720309780076,0.041986432042203065,hacabox
AC007318.4/80306-80504,200692.00000000035,1244.2869485061374,28001608.0,298.159124869429,0.00033052305688982726,0.4115895635364037,2016417.209507001,2021502.7590959019,613.9115411684949,795.8254348300808,1244.2869485061374,3994.6295339923413,28001309.84087513,4086473405032.3438,3198.8040991622606,1599.4020495811303,10.04732231233431,0.2967357828198526,0.043376139404995066,hacabox
AAPY01563514.1/105-305,174702.99999999983,1208.786437459387,24577075.0,356.86127831611265,0.00038350801073822467,0.43416984181981455,1758095.296433046,1762485.0543186744,612.6606223806866,782.0139653233966,1208.786437459387,3986.804638048952,24576718.138721682,3106353566696.7,3204.790672725555,1602.3953363627775,10.063337758556223,0.2960491628318528,0.03801700750127921,hacabox
