nameseq,average,median,maximum,minimum,peak,none_levated_peak,sample_standard_deviation,population_standard_deviation,percentile15,percentile25,percentile50,percentile75,amplitude,variance,interquartile_range,semi_interquartile_range,coefficient_of_variation,skewness,kurtosis,label
AJ609439.1/1-126,52420.999999999956,530.6864117080067,4935755.0,27.0,0.0008012056237004261,0.3684557241713864,440787.6386991813,442547.27698793943,224.23654540025242,274.80584630602175,530.6864117080067,1619.629553915873,4935728.0,195848092369.44,1344.8237076098512,672.4118538049256,8.40860797579561,0.35316539552760595,0.06868709630686293,hacabox
AC092324.3/97410-97533,50965.99999999994,541.6917660603465,4547876.0,91.86143244494937,0.0008109981817943999,0.38630336316263264,411781.3000368035,413451.81926947157,256.34220660598066,338.00045594839406,541.6917660603465,1664.98421988467,4547784.138567555,170942406857.23578,1326.9837639362759,663.4918819681379,8.079529490970529,0.36736229811382537,0.07027045452100736,hacabox
AL121933.15/171786-171653,47288.99999999993,493.49439759910297,4935803.0,112.37312921791282,0.000944546652850911,0.4325529932827364,426218.3610334027,427817.6850804311,165.03472895157793,227.37712878516913,493.49439759910297,1295.4263877002527,4935690.626870782,183027971667.57895,1068.0492589150836,534.0246294575418,9.013055066366455,0.3293769805383875,0.059730270768102854,hacabox
AAIY01376848.1/1110-1236,50159.99999999997,470.38073582847073,4511640.0,77.90973122360501,0.0008439659755449235,0.38665503212619756,403445.81302573945,405043.6244787969,206.3120436647057,264.2495155872883,470.38073582847073,1772.1996343986475,4511562.090268777,164060337730.92062,1507.9501188113593,753.9750594056796,8.043178090624794,0.369489168011279,0.07158520208866269,hacabox
ABDC01394715.1/4253-4128,45332.99999999998,607.4830066222352,4088491.0,150.41042195085407,0.0009264774005691222,0.3885668222906821,366036.1087952936,367497.3365965201,261.4887352854338,303.99999999999994,607.4830066222352,1868.6782663613399,4088340.5895780493,135054292405.536,1564.6782663613399,782.3391331806699,8.074385299788096,0.3665664336279231,0.0789437052453259,hacabox
