nameseq,average,median,maximum,minimum,peak,none_levated_peak,sample_standard_deviation,population_standard_deviation,percentile15,percentile25,percentile50,percentile75,amplitude,variance,interquartile_range,semi_interquartile_range,coefficient_of_variation,skewness,kurtosis,label
AJ609435.1/1-128,127624.0,1368.0,11697336.0,327.2651898619101,0.00033431538477611317,0.2611381645119551,1046790.468263826,1050903.6097206862,661.0854300360675,797.4428568501082,1368.0,4346.761902332486,11697008.734810138,1104398396923.9685,3549.319045482378,1774.659522741189,8.202144332287235,0.3618374559984414,0.05713563918515388,hacabox
AL355598.26/27295-27168,127624.0,1368.0,11697336.0,327.2651898619101,0.00033431538477611317,0.2611381645119551,1046790.468263826,1050903.6097206862,661.0854300360675,797.4428568501082,1368.0,4346.761902332486,11697008.734810138,1104398396923.9685,3549.319045482378,1774.659522741189,8.202144332287235,0.3618374559984414,0.05713563918515388,hacabox
AC123930.4/14152-14283,125170.00000000006,1305.3594856517925,12287188.0,342.604334139024,0.0003515219301749619,0.27999702086814543,1077752.08030233,1081857.8173808379,566.2497788363108,696.9598014430094,1305.3594856517925,3366.3312614729557,12286845.395665862,1170416337028.0305,2669.3714600299463,1334.6857300149732,8.61030662540808,0.3447860860902311,0.07994858977932395,hacabox
AANG01055650.1/1827-1698,121190.99999999991,1101.9380698467276,11672651.0,328.0975835206643,0.0003575623052316869,0.2712913245793272,1032260.8290388626,1036254.116015951,633.7139498204301,758.5365588848631,1101.9380698467276,3778.9058097520183,11672322.902416479,1073822592960.0,3020.369250867155,1510.1846254335776,8.517636037650183,0.3490079015454884,0.0650295761420296,hacabox
AAPY01661099.1/194-62,116068.99999999988,1297.0273370229665,10786355.0,418.5252677318209,0.0003819567096583358,0.27960603685220686,950147.0620498701,953739.313282302,612.0177837642603,747.162648393629,1297.0273370229665,3441.038814608764,10785936.474732269,909618677700.197,2693.876166215135,1346.9380831075675,8.186053658167737,0.3623817109386154,0.05339097711410115,hacabox
