nameseq,average,median,maximum,minimum,peak,none_levated_peak,sample_standard_deviation,population_standard_deviation,percentile15,percentile25,percentile50,percentile75,amplitude,variance,interquartile_range,semi_interquartile_range,coefficient_of_variation,skewness,kurtosis,label
EU379009.1/172-328,73841.0000000001,943.5141332713399,7668699.0,236.57190694943057,0.0007087300190047976,0.3993309750587287,624986.9837028609,626986.9471624508,447.62350202131364,516.6248441804656,943.5141332713399,2967.5718103155573,7668462.428093051,393112631912.0898,2450.9469661350918,1225.4734830675459,8.463956117913625,0.3499152195210513,0.05408422295193051,hacabox
AENI01002408.1/123894-123737,101709.00000000004,1050.4482111111272,11032171.0,197.20134934197588,0.000517817171210676,0.3632112247922503,891355.8722474431,894190.0793114296,547.7892452449538,702.1594747340043,1050.4482111111272,3378.395082400625,11031973.798650658,799575897938.9808,2676.235607666621,1338.1178038333105,8.763785626123969,0.33878237050850707,0.06595180256503325,hacabox
AFAN01000028.1/556194-556354,135698.99999999983,1619.9622489145586,14985067.0,377.09152076183796,0.0003954831403817768,0.33448662065079476,1197220.536723289,1200956.0232942337,819.7860978521254,908.8566157754445,1619.9622489145586,4591.377414732235,14984689.908479238,1442295369886.7,3682.5207989567903,1841.2603994783951,8.822618712910858,0.33597578801492284,0.06664882864584132,hacabox
ACYM01102254.1/4052-3899,19514.999999999993,518.21305006477,1085508.6196105457,99.04300721823313,0.0026304552053975586,0.5847602436415131,124778.5585266956,125185.66746649827,172.60449461472305,254.08765785562548,518.21305006477,1434.612258910768,1085409.5766033274,15671451339.032682,1180.5246010551427,590.2623005275714,6.39398198958215,0.45673200205797326,0.16577756805510244,hacabox
AEKW01011406.1/14938-15087,19232.999999999996,530.6627252585736,926862.1912465425,67.09421897947831,0.0025996984349815427,0.5333352180497308,108985.59336903202,109350.70525729797,216.9391217426123,275.6235330949056,530.6627252585736,1673.3928041263061,926795.097027563,11957576740.268454,1397.7692710314004,698.8846355157002,5.666593530340147,0.5148112708277177,0.1219770779282451,hacabox
