nameseq,average,median,maximum,minimum,peak,none_levated_peak,sample_standard_deviation,population_standard_deviation,percentile15,percentile25,percentile50,percentile75,amplitude,variance,interquartile_range,semi_interquartile_range,coefficient_of_variation,skewness,kurtosis,label
AC112907.7/62863-62686,100231.00000000001,991.3196486532657,11888555.0,250.68067540841923,0.0005919658921225302,0.4166025937523335,908637.3438198542,911200.5007983128,451.6804389034741,558.5071782255038,991.3196486532657,3700.7567986818667,11888304.319324592,830286352655.0961,3142.249620456363,1571.1248102281816,9.065432289609543,0.32765441909139253,0.07658593260483955,hacabox
ABDC01304434.1/1589-1766,114086.99999999994,1004.7701396160553,14737107.0,298.5900451260119,0.0005200709400136156,0.40860727834702854,1113359.1107167534,1116499.7632483423,499.4454533249536,614.9973782293378,1004.7701396160553,4098.548624954163,14736808.409954874,1246571721333.6045,3483.551246724825,1741.7756233624125,9.758860437357052,0.30470554048168064,0.08269616345162235,hacabox
AALT01246665.1/603-780,123702.99999999991,1083.189585129644,15710971.0,261.5067358331535,0.0004796434470735017,0.3984710019538106,1192423.6172401148,1195787.3012627845,429.09907769476354,566.9073415669668,1083.189585129644,3682.8952748744814,15710709.493264167,1429907269861.3333,3115.9879333075146,1557.9939666537573,9.639407429408468,0.30849727053882736,0.06613519300873921,hacabox
DQ351284.1/3156-3333,137775.00000000012,1140.4557421742606,18030419.0,270.6629357909916,0.0004306538438274962,0.39270071743447926,1362521.2027091542,1366364.7116214558,472.4301083534341,634.8622539290895,1140.4557421742606,4481.232460878477,18030148.33706421,1866952525164.3843,3846.370206949387,1923.1851034746935,9.889466178255512,0.3008420213633741,0.0821993073000577,hacabox
AAYZ01178903.1/11910-11732,96049.99999999994,1021.0124748850369,12186404.0,199.08437740204081,0.0006212042339059521,0.4357482205763448,918893.2561957346,921470.8019494605,434.1306285834361,540.4598986916953,1021.0124748850369,3967.8319025049987,12186204.915622598,849108438845.382,3427.3720038133033,1713.6860019066517,9.566822032230455,0.31025035895422653,0.07931886478383976,hacabox
