nameseq,average,median,maximum,minimum,peak,none_levated_peak,sample_standard_deviation,population_standard_deviation,percentile15,percentile25,percentile50,percentile75,amplitude,variance,interquartile_range,semi_interquartile_range,coefficient_of_variation,skewness,kurtosis,label
AJ505652.1/1-127,68927.99999999997,915.1734095738743,4562448.0,159.53458883930722,0.0006141674404209226,0.2854660683749929,449211.182906214,450990.24405820854,395.1465454861378,549.9022007628548,915.1734095738743,3495.487820258386,4562288.465411161,203392200235.68253,2945.5856194955313,1472.7928097477657,6.517107458597582,0.45421504970386567,0.07446308753681086,hacabox
AC189511.1/15225-15099,67591.99999999996,1071.2562972238102,5290136.0,76.40182934721093,0.0006263068607724784,0.29080049620812853,488096.1963056053,490029.2581133407,379.08327996540686,501.9188806478668,1071.2562972238102,3051.882880187998,5290059.598170653,240128673807.1111,2549.963999540131,1274.9819997700656,7.221212514877584,0.4088584025419841,0.0635876610842418,hacabox
CU459035.1/58207-58333,106311.99999999994,1301.6789210119464,9176152.0,308.29193697331607,0.0003981990117139491,0.2359685535201104,827331.021635234,830607.5929594581,645.9809275431362,761.7288415524158,1301.6789210119464,4341.463073466566,9175843.708063027,689908973481.9048,3579.7342319141503,1789.8671159570752,7.782103823041938,0.38077982693589785,0.07579027535646352,hacabox
AARH01008775.1/79980-79856,28121.000000000015,447.0161103611872,2401067.0,56.23926314068427,0.0014816922110403841,0.46534245883653375,219183.37668263077,220065.40590700787,160.85192852573655,200.70031396211246,447.0161103611872,1179.290853610778,2401010.7607368594,48428782877.01613,978.5905396486655,489.29526982433276,7.79429524848443,0.3787785046725014,0.079984130153594,hacabox
AP006087.1/71365-71244,26763.000000000007,608.3854265626123,1887091.0,54.09420264963367,0.001519510767352937,0.41102068384126017,177657.7915769528,178390.4041348776,161.36871380117276,269.148998154669,608.3854265626123,2209.771998223091,1887036.9057973505,31823136287.404957,1940.623000068422,970.311500034211,6.63818673455714,0.4416572052587146,0.12460355772445718,hacabox
