nameseq,average,median,maximum,minimum,peak,none_levated_peak,sample_standard_deviation,population_standard_deviation,percentile15,percentile25,percentile50,percentile75,amplitude,variance,interquartile_range,semi_interquartile_range,coefficient_of_variation,skewness,kurtosis,label
AJ609436.1/1-133,15252.999999999996,439.3069743293334,619295.172190649,108.74620882998471,0.002906532048340218,0.5195013805002006,77863.60958753455,78157.99101402547,166.83889771450654,243.90831544961395,439.3069743293334,907.3143036670774,619186.4259818189,6108671559.348486,663.4059882174635,331.70299410873173,5.104806240577891,0.5707554441982448,0.02909049923756082,hacabox
AK095288.1/748-880,15252.999999999996,439.3069743293334,619295.172190649,108.74620882998471,0.002906532048340218,0.5195013805002006,77863.60958753455,78157.99101402547,166.83889771450654,243.90831544961395,439.3069743293334,907.3143036670774,619186.4259818189,6108671559.348486,663.4059882174635,331.70299410873173,5.104806240577891,0.5707554441982448,0.02909049923756082,hacabox
AF357384.1/1-128,16807.999999999996,351.99999999999994,883968.0,19.260450539909694,0.0025384737426622245,0.5429254231087872,93859.94792242322,94228.75071022351,150.72446201991497,215.07365214953563,351.99999999999994,1161.6300544903015,883948.7395494601,8879057460.409449,946.5564023407659,473.27820117038294,5.5842424989542625,0.5259751480024626,0.0634857542961435,hacabox
AC145397.1/50734-50599,10771.999999999993,209.7390042673795,434324.02242611675,12.103110545446924,0.004208441638816688,0.6639761532902818,56543.12860109527,56752.1612126896,90.47258478636516,132.43816474527003,209.7390042673795,859.7205428133782,434311.9193155713,3220807802.3111095,727.2823780681082,363.6411890340541,5.249083605745944,0.560400242631499,0.0319816418526882,hacabox
