nameseq,average,median,maximum,minimum,peak,none_levated_peak,sample_standard_deviation,population_standard_deviation,percentile15,percentile25,percentile50,percentile75,amplitude,variance,interquartile_range,semi_interquartile_range,coefficient_of_variation,skewness,kurtosis,label
AK096147.1/2648-2777,31311.0,453.40656577578875,2604747.0,95.13328407828182,0.0013839651666613438,0.4721976671625213,234888.19941410425,235796.8612187621,268.7530668687696,322.33802885635066,453.40656577578875,1541.416661348828,2604651.8667159216,55600159760.620155,1219.0786324924775,609.5393162462387,7.501778908821317,0.394114223420259,0.0532961054661882,hacabox
AB061840.1/3761-3890,31311.0,453.40656577578875,2604747.0,95.13328407828182,0.0013839651666613438,0.4721976671625213,234888.19941410425,235796.8612187621,268.7530668687696,322.33802885635066,453.40656577578875,1541.416661348828,2604651.8667159216,55600159760.620155,1219.0786324924775,609.5393162462387,7.501778908821317,0.394114223420259,0.0532961054661882,hacabox
AJ609473.1/1-130,31311.0,453.40656577578875,2604747.0,95.13328407828182,0.0013839651666613438,0.4721976671625213,234888.19941410425,235796.8612187621,268.7530668687696,322.33802885635066,453.40656577578875,1541.416661348828,2604651.8667159216,55600159760.620155,1219.0786324924775,609.5393162462387,7.501778908821317,0.394114223420259,0.0532961054661882,hacabox
AC116119.12/257476-257604,55843.000000000015,655.1721946643719,5166891.0,87.68725151273243,0.0007700159375391721,0.3935831714700762,461149.32882093627,462947.1887730554,290.07362445717814,371.20633991488705,655.1721946643719,1766.021582355649,5166803.312748487,214320099592.875,1394.8152424407617,697.4076212203809,8.257961227386353,0.35902358101510984,0.0679240639609533,hacabox
AF357393.1/1-105,12543.0,277.9216610969902,903363.0,74.37810600581521,0.002790401020489516,0.4952193021247465,88776.91688721793,89202.70790021327,141.93121802030495,179.49109176457407,277.9216610969902,844.8955060909354,903288.6218939942,7957123096.730769,665.4044143263613,332.7022071631807,7.077805699371596,0.414468493690242,0.056617308905665076,hacabox
