nameseq,average,median,maximum,minimum,peak,none_levated_peak,sample_standard_deviation,population_standard_deviation,percentile15,percentile25,percentile50,percentile75,amplitude,variance,interquartile_range,semi_interquartile_range,coefficient_of_variation,skewness,kurtosis,label
Y11161.1/1-137,6814.999999999999,365.02453550612285,254401.26135851847,40.4460407036624,0.006700904866715579,0.7198553271730919,31742.416480161046,31858.902803658206,103.00829967769045,132.24000073610452,365.02453550612285,1065.3553231427145,254360.81531781482,1014989687.8529408,933.11532240661,466.557661203305,4.657728023501255,0.6095921022766272,0.07303954785216647,hacabox
AC002069.2/21330-21191,8613.999999999998,273.3278124539264,475916.0,12.77861238275879,0.005417537342310968,0.7437839426552819,46580.93640106433,46748.19344333883,82.55556489369506,116.09262929332576,273.3278124539264,737.9263226430126,475903.22138761723,2185393590.2158275,621.8336933496868,310.9168466748434,5.4075849084123915,0.537172897238418,0.05591147364443909,hacabox
AL512326.25/75899-76039,15704.999999999987,333.25660014790316,1222947.0,28.412289488874585,0.002992677491244829,0.6529709105003195,108752.03331432476,109139.7423277018,73.39600354389218,126.6605520188081,333.25660014790316,1100.3153019931856,1222918.5877105112,11911483355.357143,973.6547499743775,486.82737498718876,6.924675792061436,0.4240401654493202,0.09870343121777755,hacabox
AC012119.8/92875-93023,19076.999999999996,246.98586371771935,1378851.0,12.834040347001084,0.0026034841257360523,0.7085198915596103,129778.8036699368,130216.50745445116,80.26401154595948,103.52810286734271,246.98586371771935,651.0504456452455,1378838.165959653,16956338813.635136,547.5223427779028,273.7611713889514,6.802893729094555,0.4352794201471956,0.06709406280290105,hacabox
AL022724.2/112300-112159,10197.000000000002,299.664283603871,390403.0,53.48050301880467,0.004641888137033767,0.6639985173347288,48368.090700378074,48539.30571613335,114.18963121036926,143.07829943137122,299.664283603871,803.7162019899072,390349.5194969812,2356064199.4042554,660.637902558536,330.318951279268,4.743364783797006,0.6138759400927997,0.05794556269705971,hacabox
