nameseq,average,median,maximum,minimum,peak,none_levated_peak,sample_standard_deviation,population_standard_deviation,percentile15,percentile25,percentile50,percentile75,amplitude,variance,interquartile_range,semi_interquartile_range,coefficient_of_variation,skewness,kurtosis,label
AC079041.4/65653-65823,87901.99999999996,741.1238008206435,10602764.0,105.26238530093187,0.0006484494095697485,0.43395763030332635,825072.0505931587,827495.1749017669,311.1382548464702,379.38939273779914,741.1238008206435,2498.893502853478,10602658.737614699,684748264485.7058,2119.504110115679,1059.7520550578395,9.386271650169041,0.3169209627323499,0.080317638575684,hacabox
AC146468.1/16214-16379,50993.00000000002,752.3675271020159,5833395.0,75.43652939777336,0.001085116257787016,0.5035265735919494,455896.9439884413,457276.36300764885,347.0755356186893,424.4135444921521,752.3675271020159,2013.0557241397926,5833319.563470602,209101672165.50302,1588.6421796476404,794.3210898238202,8.940382875854356,0.33060519357751034,0.04743204620483305,hacabox
