nameseq,average,median,maximum,minimum,peak,none_levated_peak,sample_standard_deviation,population_standard_deviation,percentile15,percentile25,percentile50,percentile75,amplitude,variance,interquartile_range,semi_interquartile_range,coefficient_of_variation,skewness,kurtosis,label
ABGY01000889.1/1819-1978,403855.99999999953,4654.706303639562,44274872.0,1677.8642450554007,0.00013206027230828167,0.20987175272497202,3549540.3253311547,3560684.906365222,2461.6506140059405,2711.139380928127,4654.706303639562,14278.745418327127,44273194.13575494,12678477002417.107,11567.606037399,5783.8030186995,8.789123661233605,0.33739689405482365,0.07405064380721826,hacabox
