nameseq,average,median,maximum,minimum,peak,none_levated_peak,sample_standard_deviation,population_standard_deviation,percentile15,percentile25,percentile50,percentile75,amplitude,variance,interquartile_range,semi_interquartile_range,coefficient_of_variation,skewness,kurtosis,label
AJ609437.1/1-134,48104.999999999956,637.4872146162843,3711803.0,27.0,0.0009285244084121548,0.375492564243739,337277.67940674635,338543.26614001923,311.79928083505604,399.76575673008176,637.4872146162843,2288.1037898212758,3711776.0,114611543048.75188,1888.3380330911941,944.1690165455971,7.011281143472543,0.42221156943035654,0.11821825451065493,hacabox
AC073210.8/129951-130084,43648.999999999985,521.1361199471894,3485651.0,19.0,0.001023314776207168,0.40301333996845873,314712.31231396075,315893.22570248606,310.2366914626838,332.2478556087177,521.1361199471894,2044.9786376911547,3485632.0,99788530044.7218,1712.7307820824371,856.3653910412186,7.210069241310474,0.4111170315798887,0.130308463888672,hacabox
AC092579.3/114744-114881,51554.99999999997,710.7536163841582,4274979.0,59.0,0.0008922509940839884,0.3745549746967372,378779.8224668258,380159.71710041637,313.71274806349106,405.65131492768813,710.7536163841582,2240.057366657239,4274920.0,144521410505.86862,1834.4060517295509,917.2030258647754,7.347101589890912,0.40269499615230037,0.10005699704527886,hacabox
AC121336.3/155535-155667,90813.00000000003,1106.3326215169625,7582523.0,322.9147061212534,0.0004881826757549395,0.27559289975052215,681076.4090599527,683651.3763124404,503.95844597493505,629.9814534761524,1106.3326215169625,2719.0215109314836,7582200.085293879,467379204333.8939,2089.0400574553314,1044.5200287276657,7.499767754175641,0.3951392216137669,0.06435630315512875,hacabox
AB022159.1/10119-10254,40964.000000000015,466.2552194858991,3052832.0,32.0,0.0011066627607980988,0.4057413279104269,281720.5280415327,282762.0122885701,202.75134383954645,301.1461123049716,466.2552194858991,1672.6645700830804,3052800.0,79954355593.48148,1371.5184577781088,685.7592288890544,6.877270970645753,0.4312544605327133,0.07815312126041168,hacabox
