nameseq,average,median,maximum,minimum,peak,none_levated_peak,sample_standard_deviation,population_standard_deviation,percentile15,percentile25,percentile50,percentile75,amplitude,variance,interquartile_range,semi_interquartile_range,coefficient_of_variation,skewness,kurtosis,label
AJ505662.1/1-144,124192.00000000006,1083.9333109435875,12668840.0,262.33594139532295,0.00038649832517392407,0.30278624673188415,1075529.203486358,1079283.2435337089,484.7732369018021,645.5429809603163,1083.9333109435875,2985.22017498904,12668577.664058605,1164852319772.6433,2339.6771940287235,1169.8385970143618,8.66021324631504,0.3433883513994736,0.06453971953805195,hacabox
AARH01005662.1/240390-240253,50555.0,635.8100548491807,4511755.0,61.35280582668095,0.0009099001087924043,0.3852486026268215,394321.92209411843,395758.4365859971,260.99631358877855,288.51785546706043,635.8100548491807,1978.8194703739364,4511693.647194173,156624740128.9927,1690.301614906876,845.150807453438,7.799859995927573,0.3797850473038314,0.052675618719730866,hacabox
