nameseq,average,median,maximum,minimum,peak,none_levated_peak,sample_standard_deviation,population_standard_deviation,percentile15,percentile25,percentile50,percentile75,amplitude,variance,interquartile_range,semi_interquartile_range,coefficient_of_variation,skewness,kurtosis,label
Z75131.1/340-137,240301.9999999997,1505.0290779501092,37771524.0,352.17460357879077,0.00028297725362252534,0.3862743551447061,2660116.897549429,2666660.8604453425,616.9889447717256,825.7830255468803,1505.0290779501092,4420.061163328365,37771171.82539642,7111080144631.094,3594.278137781485,1797.1390688907425,11.069890793873677,0.2693080568850592,0.05590347485774463,hacabox
AABZ01000977.1/1380-1584,273121.0000000001,1436.8002994702515,43843379.0,339.7290290244312,0.00025019435830028926,0.36859209986157543,3074273.9163578125,3081799.6899599438,805.9728465591311,1002.1753938472538,1436.8002994702515,5311.396846181333,43843039.27097098,9497489329037.205,4309.221452334079,2154.6107261670395,11.256087654767708,0.2651203572865776,0.059791452430142986,hacabox
AACI02000292.1/2431-2225,243055.9999999997,1416.1451544751021,38919752.0,334.71467461240445,0.0002838851951813577,0.40664954498277267,2716941.476373755,2723528.0108304485,742.7207829720289,920.8970772608641,1416.1451544751021,5165.563835162458,38919417.285325386,7417604825778.059,4244.666757901594,2122.333378950797,11.178253062560719,0.26681456735097175,0.05573351552068735,hacabox
AACA01000231.1/7126-7331,232557.00000000015,1333.0748061269385,39176891.0,229.05618071681283,0.00029526811348042255,0.42719436664471394,2732679.296451378,2739336.2595347036,650.2287108280382,742.9440687035355,1333.0748061269385,4311.859411329531,39176661.943819284,7503963142801.58,3568.9153426259954,1784.4576713129977,11.750578552575826,0.25384309694972723,0.050290101516178465,hacabox
AAEG01000064.1/26266-26063,226909.99999999985,1355.3184277493046,36194564.0,306.280378754241,0.00029967828654532653,0.4041484231286202,2546385.404442148,2552649.584644422,535.082261643165,762.7535423760605,1355.3184277493046,3963.5035151588354,36194257.71962125,6516019901985.34,3200.749972782775,1600.3749863913874,11.222006101283105,0.2657351253805952,0.0554174783779225,hacabox
