nameseq,average,median,maximum,minimum,peak,none_levated_peak,sample_standard_deviation,population_standard_deviation,percentile15,percentile25,percentile50,percentile75,amplitude,variance,interquartile_range,semi_interquartile_range,coefficient_of_variation,skewness,kurtosis,label
U10398.3/28338-28525,182438.00000000012,1658.5335766399776,27564548.0,417.02359900238054,0.0003434956898599339,0.38602723348502915,2010857.5880802702,2016227.0438018285,690.14422180065,879.7059034025185,1658.5335766399776,5333.121404286385,27564130.976400997,4065171492157.861,4453.415500883866,2226.707750441933,11.022142251506095,0.2697050265940718,0.07046229583404577,hacabox
AABY01000073.1/24549-24361,188008.9999999999,1615.2194493867128,27889547.0,246.68608305110814,0.0003350903414198258,0.37550925385314865,2032822.8835090378,2038222.156985626,810.657512437962,1020.927386991374,1615.2194493867128,5765.923815992401,27889300.313916948,4154349561227.138,4744.996429001027,2372.4982145005133,10.812370064779019,0.27507627260009326,0.07960219181009161,hacabox
AACH01000131.1/10994-11183,197052.9999999999,1626.944988665147,29363219.0,609.7936315075368,0.0003214025329902786,0.38072596529400726,2133101.292540511,2138736.97288401,932.0861436561922,1050.0542330764965,1626.944988665147,6307.67539125865,29362609.20636849,4574195839181.059,5257.6211581821535,2628.8105790910768,10.825013029695118,0.2748477848118269,0.07518303249915242,hacabox
AACI02000057.1/7740-7551,177125.0,1912.3226134014067,22978907.0,325.4342520370278,0.00035756292637026583,0.33766464862478834,1699346.571526244,1703836.266461704,866.7759169090356,1023.0894669347782,1912.3226134014067,5749.107993644931,22978581.56574796,2903058022910.1587,4726.018526710153,2363.0092633550767,9.594052626824244,0.3093177348089162,0.06943186279743115,hacabox
AACA01000258.1/7199-7388,226077.00000000015,1902.0805038060514,32625683.0,373.00605610824994,0.000280140542086693,0.34908599914536864,2380795.610953196,2387085.702789649,878.6281199969238,1063.6054769977425,1902.0805038060514,6763.715823079135,32625309.993943892,5698178152462.751,5700.110346081392,2850.055173040696,10.530905890263911,0.282478997942761,0.07962605096515886,hacabox
