nameseq,average,median,maximum,minimum,peak,none_levated_peak,sample_standard_deviation,population_standard_deviation,percentile15,percentile25,percentile50,percentile75,amplitude,variance,interquartile_range,semi_interquartile_range,coefficient_of_variation,skewness,kurtosis,label
X59720.2/107708-107500,132307.0,1920.8950808296404,19284627.0,499.4143409550129,0.0005265531428168326,0.3680727192566103,1343341.6055523627,1346566.9201722837,778.777251628366,979.7960642008677,1920.8950808296404,6283.627486467305,19284127.585659046,1813242470502.2693,5303.831422266438,2651.915711133219,10.153216425074733,0.29118305659614585,0.08053752040680938,hacabox
AABZ01000112.1/9647-9855,143099.0,1871.7147482998514,20048587.0,367.9066072672267,0.00048684244241166375,0.3540440805924612,1404537.378524331,1407909.6219823286,850.2097232514078,1090.2670026373357,1871.7147482998514,5737.638181284262,20048219.093392733,1982209503670.423,4647.371178646927,2323.6855893234633,9.815144609845847,0.3016522466637658,0.07291380029283104,hacabox
AABY01000162.1/1359-1151,156202.99999999977,1959.2272311730198,21274171.0,406.57519193443994,0.0004460008237144407,0.36195964713414525,1501473.6024239655,1505078.586250348,892.1545950190515,1161.3268665380683,1959.2272311730198,7029.852704984826,21273764.424808066,2265261550789.346,5868.525838446758,2934.262919223379,9.612322442103979,0.30818478430753027,0.08515020791861592,hacabox
AACI02000137.1/4593-4383,194297.99999999956,2185.766216138008,29897835.999999993,453.552976793766,0.0003619869135726229,0.3304328980493307,2068322.1637090284,2073240.8916152664,1004.6842462075423,1224.9463568469907,2185.766216138008,6658.721769328706,29897382.447023198,4298327794665.6646,5433.775412481715,2716.8877062408574,10.645102696420102,0.27864938618559604,0.07712751200185473,hacabox
AACG02000009.1/53495-53284,165569.99999999997,2086.6043773367614,23277636.0,495.52844529300785,0.0004268083992671781,0.3340983575827369,1621078.028346569,1624914.9047868229,895.4287788096,1130.1926312261066,2086.6043773367614,5862.026136035396,23277140.471554708,2640348447798.3696,4731.8335048092895,2365.9167524046447,9.790892241025363,0.30254570001681413,0.06975728368677958,hacabox
