nameseq,average,median,maximum,minimum,peak,none_levated_peak,sample_standard_deviation,population_standard_deviation,percentile15,percentile25,percentile50,percentile75,amplitude,variance,interquartile_range,semi_interquartile_range,coefficient_of_variation,skewness,kurtosis,label
Z71666.1/727-896,130906.9999999996,1821.4949283315516,13900643.0,481.49271901842366,0.00043287728438255274,0.3202946670694659,1088049.4855676373,1091263.8189680069,952.3208997237118,1118.4353901976137,1821.4949283315516,5298.235634734485,13900161.507280981,1190856722588.639,4179.800244536871,2089.9001222684356,8.31162188093563,0.3559181088284526,0.061892109889622966,hacabox
AACA01000197.1/7672-7842,125293.99999999996,1595.3002690525145,13996204.0,453.2218669255685,0.0004549300046291125,0.33741043521715763,1083933.7784560458,1087117.1444246422,833.9305053532153,1033.795168985192,1595.3002690525145,4212.623671462385,13995750.778133074,1181823685701.9883,3178.8285024771926,1589.4142512385963,8.651122786853689,0.342360489698394,0.04113499579804781,hacabox
AACI02000264.1/1524-1695,92349.99999999996,1164.4400533289722,10661300.0,305.43701437726236,0.0006208265656018773,0.3933813725795673,821032.0959499696,823429.275054112,566.9751126979334,689.8765718007901,1164.4400533289722,3398.097831292417,10660994.562985623,678035771016.1404,2708.2212594916273,1354.1106297458136,8.890439587980184,0.3331863409353029,0.06067760429923133,hacabox
AACH01000736.1/1244-1414,103325.99999999999,1433.7054381296384,10868404.0,333.17348039147873,0.0005516520527263226,0.34688702775617936,847910.3379945311,850400.535244623,664.5978807647143,894.969905849049,1433.7054381296384,3420.3877582631508,10868070.826519608,723181070344.3412,2525.4178524141016,1262.7089262070508,8.206166289167598,0.3605061407891251,0.04255064624227413,hacabox
AACF01000082.1/45350-45178,23545.000000000004,346.0587169905707,2891315.0,47.61773300277774,0.002449210731223897,0.7783728104280909,221406.6994063188,222049.39074195203,143.20751389580954,172.52550072994904,346.0587169905707,947.9874100540053,2891267.3822669974,49305931928.87209,775.4619093240563,387.7309546620281,9.403554869667394,0.31433928618982904,0.11956596757452585,hacabox
