nameseq,average,median,maximum,minimum,peak,none_levated_peak,sample_standard_deviation,population_standard_deviation,percentile15,percentile25,percentile50,percentile75,amplitude,variance,interquartile_range,semi_interquartile_range,coefficient_of_variation,skewness,kurtosis,label
Z28287.1/412-62,2567048.0000000014,8827.387716210236,688678688.0,2945.473232819603,4.557764404872832e-05,0.22199627102616487,37091927.949455306,37144878.62302197,4439.927735629244,5043.728871285819,8827.387716210236,26658.506189692518,688675742.5267671,1379742007919034.2,21614.777318406697,10807.388659203349,14.449253753515823,0.20690921882813793,0.06155561640607036,hacabox
AABY01000005.1/88923-89269,2140262.0000000005,6969.797438716945,540049740.0,2869.5029714665175,5.404322772943997e-05,0.23884739878930175,29446157.737044983,29488679.286614247,3962.4986770914047,4430.402925639406,6969.797438716945,23360.409524620954,540046870.4970286,869582206068792.1,18930.00659898155,9465.003299490774,13.758202377580398,0.2173416533605141,0.06030405376698735,hacabox
AACG02000132.1/12491-12835,1017982.9999999993,3510.9277848752467,252208955.0,1084.8033503966888,0.00011296848768594375,0.33224549308542284,13790602.366938004,13810632.301047947,1961.3042615280988,2270.393813660728,3510.9277848752467,13320.041630807855,252207870.1966496,190733564554748.9,11049.647817147126,5524.823908573563,13.546986901488545,0.2206876926523346,0.062376489193223555,hacabox
AACH01000061.1/2082-2427,1702187.0000000007,5116.786087495861,443705859.0,1595.6648280580932,6.775597119078767e-05,0.2711688819207875,24099950.64885429,24134852.840420224,2926.5588695078222,3243.4061054574313,5116.786087495861,18814.113633447167,443704263.33517194,582491121628740.1,15570.707527989736,7785.353763994868,14.158227414998633,0.21125398619766678,0.06943560599833443,hacabox
