nameseq,average,median,maximum,minimum,peak,none_levated_peak,sample_standard_deviation,population_standard_deviation,percentile15,percentile25,percentile50,percentile75,amplitude,variance,interquartile_range,semi_interquartile_range,coefficient_of_variation,skewness,kurtosis,label
AF064277.1/1-100,97642.00000000012,1226.5213630822163,7870284.0,346.6548483250785,0.0003413831479622836,0.2560075167366269,784714.7510911211,788667.9990382966,618.6129318865144,745.77017800872,1226.5213630822163,4777.311732577855,7869937.345151675,621997212707.0707,4031.541554569135,2015.7707772845674,8.036651759397802,0.36860073741262755,0.07525091192613016,hacabox
AABY01000060.1/33829-33929,113941.0,1559.8418304639154,9059571.0,518.3303851970995,0.0002954745584703194,0.21614126732448002,900083.2404539037,904572.461521718,822.4799359528332,1025.1132308800304,1559.8418304639154,5501.115603483457,9059052.669614803,818251338143.46,4476.002372603426,2238.001186301713,7.899555387910442,0.37456921688552924,0.058534838425349074,hacabox
AACI02000034.1/7813-7912,88314.00000000001,1128.6763234944524,6884500.0,272.1618866816476,0.0003774411003162956,0.24976170666049863,688121.3029139558,691587.9309139645,662.2691441571495,769.3115765822125,1128.6763234944524,3935.5068407973454,6884227.838113318,478293866185.8586,3166.1952642151327,1583.0976321075664,7.791757851687792,0.3801015459366213,0.0624785371347565,hacabox
AABZ01000039.1/17906-17807,107866.00000000004,1577.7622955009679,8641644.0,467.56571529747424,0.0003090253957070191,0.21763014851305798,861799.448913725,866141.035327843,777.3783434721197,960.7634950562775,1577.7622955009679,4972.377922729509,8641176.434284702,750200293078.7878,4011.6144276732316,2005.8072138366158,7.989537471619645,0.3699987433450064,0.04936714476081477,hacabox
