nameseq,average,median,maximum,minimum,peak,none_levated_peak,sample_standard_deviation,population_standard_deviation,percentile15,percentile25,percentile50,percentile75,amplitude,variance,interquartile_range,semi_interquartile_range,coefficient_of_variation,skewness,kurtosis,label
Z49808.1/21552-21857,747887.0000000009,4724.530937916879,137999819.0,1257.2184417248973,0.00013638423986511315,0.3146990947494549,8209757.175893085,8223204.780607564,2353.458139436403,2797.5489379115834,4724.530937916879,16176.410809235902,137998561.78155828,67621096863807.1,13378.86187132432,6689.43093566216,10.977269528542514,0.27156557245479324,0.06971856631116848,hacabox
AABY01000043.1/27193-26893,764112.9999999997,4991.75297422435,146205099.0,1328.748977107822,0.00013130693147915738,0.3176728137572918,8668861.896512942,8683297.979612933,2503.6548905435657,2836.3224644595857,4991.75297422435,16089.964326624415,146203770.2510229,75399663802750.05,13253.64186216483,6626.820931082415,11.344999884196378,0.2627061969914871,0.0681282630632181,hacabox
AACH01000838.1/496-192,494610.9999999998,3237.715441805436,82265243.0,976.0335063392973,0.00020554873762748243,0.34366019965519845,5013227.137353344,5021465.807064772,1729.1761968191254,2090.6317843009356,3237.715441805436,12449.642171275726,82264266.96649367,25215118851520.66,10359.01038697479,5179.505193487395,10.13569681497853,0.29404609312252744,0.07113030840009257,hacabox
AACI02000694.1/1595-1913,888976.0,4585.220304935532,176387096.0,1278.7797950083407,0.00011961327789876591,0.3090653464026374,10237181.353349956,10253264.916061006,2341.605615691193,2745.5916889317887,4585.220304935532,15633.988666989291,176385817.22020498,105129441438927.5,12888.396978057503,6444.198489028751,11.515700483871282,0.2591702000294236,0.06747025318215377,hacabox
