nameseq,average,median,maximum,minimum,peak,none_levated_peak,sample_standard_deviation,population_standard_deviation,percentile15,percentile25,percentile50,percentile75,amplitude,variance,interquartile_range,semi_interquartile_range,coefficient_of_variation,skewness,kurtosis,label
Z74794.1/3074-3261,85406.00000000001,471.9999999999999,11864884.0,55.00435211908926,0.0007337501658743724,0.5511045195574852,874666.0690274889,877001.6301117906,176.51942043795466,246.5543716851572,471.9999999999999,1349.4939918884356,11864828.995647881,769131859218.7379,1102.9396202032785,551.4698101016393,10.241271913302214,0.2913134612427639,0.053915816522801745,hacabox
AACH01001718.1/854-667,147126.00000000003,747.5672752478608,21828812.0,52.088733662107245,0.000425938764505707,0.4597616796068727,1599589.8972486663,1603861.1729356383,249.96585383999616,348.92327431886434,747.5672752478608,2683.275525834796,21828759.911266338,2572370662050.4814,2334.3522515159316,1167.1761257579658,10.872244859838954,0.2745299272829742,0.08152379173155702,hacabox
