nameseq,average,median,maximum,minimum,peak,none_levated_peak,sample_standard_deviation,population_standard_deviation,percentile15,percentile25,percentile50,percentile75,amplitude,variance,interquartile_range,semi_interquartile_range,coefficient_of_variation,skewness,kurtosis,label
Z72621.1/2505-2772,382909.99999999936,2301.4230839401553,71643044.0,657.3779762091423,0.00023330112384981714,0.3601989270319217,4451487.304392993,4459815.632168744,1190.126603323918,1435.8776116517874,2301.4230839401553,6572.109230568891,71642386.62202379,19889955472936.688,5136.231618917103,2568.1158094585517,11.625414077441176,0.2565043215154979,0.05500746879526457,hacabox
AABZ01000003.1/73091-72822,460708.99999999965,3062.491066404291,84836891.0,654.310595287252,0.00019535107844648154,0.3233976778797898,5260377.195738534,5270145.778332081,1352.1269005863949,1727.080013114119,3062.491066404291,7573.29247239022,84836236.68940471,27774436524871.45,5846.212459276101,2923.1062296380505,11.418003980253346,0.2609964030550914,0.050992183351817266,hacabox
AACI02000309.1/1028-1298,440287.99999999936,2815.450789438659,80513624.0,789.6112449565901,0.0002051687380381329,0.3264885926314389,4985121.941421293,4994345.1166359475,1390.606572805047,1685.4668108113747,2815.450789438659,7975.624839365471,80512834.38875504,24943483144065.332,6290.158028554097,3145.0790142770484,11.322411561117496,0.2632669096269895,0.06380883824612486,hacabox
AACA01000219.1/3705-3437,365872.9999999999,2182.4920609273167,69003371.0,615.466955335281,0.0002450759325412553,0.37060001455938546,4271768.9295052,4279731.227056646,1037.3047742916508,1269.6399290119612,2182.4920609273167,6829.661865972415,69002755.53304467,18316099375843.785,5560.021936960455,2780.0109684802273,11.6755511598429,0.2554144528467266,0.07316669593825956,hacabox
