nameseq,average,median,maximum,minimum,peak,none_levated_peak,sample_standard_deviation,population_standard_deviation,percentile15,percentile25,percentile50,percentile75,amplitude,variance,interquartile_range,semi_interquartile_range,coefficient_of_variation,skewness,kurtosis,label
X80835.1/7645-7470,149680.0,692.6601483823991,21608536.0,110.8057736106611,0.00039194726527703544,0.45864197596638995,1632695.6804401733,1637353.880149882,299.0655680275427,406.0109874587067,692.6601483823991,2101.772877539992,21608425.194226388,2680927728841.8745,1695.7618900812852,847.8809450406426,10.907908073491269,0.2737570907484439,0.06345930359936651,hacabox
AABY01000008.1/67645-67824,165098.00000000003,789.2263907543008,24918180.0,164.0,0.00036342051387660656,0.42454340478467467,1858265.4640594278,1863448.9203319957,389.7869371247985,500.64970195957767,789.2263907543008,2823.4682343117975,24918016.0,3472441878686.4805,2322.81853235222,1161.40926617611,11.255529831127134,0.2652615196059917,0.0723013442831622,hacabox
AACH01000096.1/3948-3770,161145.9999999999,735.9489667567968,23991316.0,123.13905842399325,0.0003702646461386984,0.43705798534488677,1794782.1442375674,1799816.6061443782,322.7632160290238,385.8383230831423,735.9489667567968,2416.720525652429,23991192.860941578,3239339815753.0674,2030.8822025692866,1015.4411012846433,11.13761523238286,0.26812733492184276,0.06570655743369266,hacabox
AACI02000115.1/14713-14893,129189.00000000012,838.917227844391,18901347.0,159.2759171568023,0.00046701602561621564,0.4208252825627289,1406182.236136554,1410082.8878353727,387.13005418022783,498.51264174295073,838.917227844391,2538.2909343542256,18901187.724082842,1988333750566.1445,2039.7782926112748,1019.8891463056374,10.884690152695297,0.27382670497558115,0.04890497653790574,hacabox
