nameseq,average,median,maximum,minimum,peak,none_levated_peak,sample_standard_deviation,population_standard_deviation,percentile15,percentile25,percentile50,percentile75,amplitude,variance,interquartile_range,semi_interquartile_range,coefficient_of_variation,skewness,kurtosis,label
AAHA01000001.1/1740119-1740181,2936.0,199.99293241110902,49554.759830046605,31.91697479436282,0.00715258855585831,0.4543123104535044,9615.679695164557,9692.915310978758,111.96980898826413,127.49481154605495,199.99293241110902,409.2499851375371,49522.842855252245,93952607.22580643,281.75517359148216,140.87758679574108,3.2750952640206257,0.8536080093115254,0.05833168664278342,hacabox
AAHK01011372.1/778-716,2855.999999999999,144.4323609274781,80408.0,22.448120613008406,0.007352941176470591,0.49987303301664454,11288.939719920556,11379.615391198988,54.672681549830685,77.83256439034791,144.4323609274781,307.2195710190809,80385.55187938699,129495646.4516129,229.387006628733,114.6935033143665,3.9527099859665826,0.7205905177138114,0.10617508257511271,hacabox
FR799573.1/931352-931418,13746.000000000011,471.39448196424485,504740.0,111.43335468607638,0.0016247150686260232,0.2739943102384893,65403.52346777658,65897.1419684197,251.1158609261863,300.49125286754514,471.39448196424485,1190.036604234654,504628.5666453139,4342433319.606061,889.5453513671089,444.77267568355444,4.758004035193985,0.6088940540600682,0.07481922560360295,hacabox
FR799010.1/957384-957450,15401.999999999993,473.2207538855961,579332.0,125.37751356592673,0.0014500281348742595,0.2722583663603763,74788.52886639768,75352.97860131947,279.04082140150547,348.22497743394234,473.2207538855961,1203.7396070870147,579206.6224864341,5678071384.090909,855.5146296530725,427.75731482653623,4.855767359199955,0.5988396672215541,0.07666352424199893,hacabox
