nameseq,average,median,maximum,minimum,peak,none_levated_peak,sample_standard_deviation,population_standard_deviation,percentile15,percentile25,percentile50,percentile75,amplitude,variance,interquartile_range,semi_interquartile_range,coefficient_of_variation,skewness,kurtosis,label
AAHK01011372.1/313-243,12116.0,265.02190364099374,568616.0,37.213297925669295,0.001953339936172554,0.3335531755887264,68401.99456156231,68888.84764189753,113.67782655572842,148.97586771076942,265.02190364099374,798.7931704352563,568578.7867020743,4745673329.428572,649.8173027244869,324.90865136224346,5.645592155955952,0.5197645845996364,0.06801707073206821,hacabox
FN554973.1/1694836-1694906,6332.0,98.49942556514856,296064.0,3.331081076038121,0.003737628974520952,0.5208209018957729,35612.237615741025,35865.70869786348,45.38257669912557,60.35064048344032,98.49942556514856,349.90288911052926,296060.66891892394,1286349060.4,289.55224862708894,144.77612431354447,5.624168922258532,0.5251144824170979,0.06182523421350729,hacabox
FR799010.1/957243-957312,9441.0,192.45220546748212,411411.0,7.040225968199635,0.002471489602090174,0.37173258038285434,50827.82578470184,51194.81846233371,67.43296178003543,90.97093572139718,192.45220546748212,599.9739447512836,411403.9597740318,2620909437.3913045,509.00300902988647,254.50150451494324,5.383733268160348,0.5458750783699357,0.08938314415723658,hacabox
