nameseq,average,median,maximum,minimum,peak,none_levated_peak,sample_standard_deviation,population_standard_deviation,percentile15,percentile25,percentile50,percentile75,amplitude,variance,interquartile_range,semi_interquartile_range,coefficient_of_variation,skewness,kurtosis,label
AAHA01000001.1/2715113-2715179,7618.0,199.9405038580912,352884.0,61.59402161440332,0.0029316531023015663,0.396784363245504,43395.43462162811,43722.951982114646,110.04193547691234,120.78454362918536,199.9405038580912,509.50747625259896,352822.4059783856,1911696530.030303,388.7229326234136,194.3614663117068,5.696434053771084,0.5128230350142486,0.04671974524697257,hacabox
AAHA01000001.1/2715588-2715654,7618.0,199.9405038580912,352884.0,61.59402161440332,0.0029316531023015663,0.396784363245504,43395.43462162811,43722.951982114646,110.04193547691234,120.78454362918536,199.9405038580912,509.50747625259896,352822.4059783856,1911696530.030303,388.7229326234136,194.3614663117068,5.696434053771084,0.5128230350142486,0.04671974524697257,hacabox
