nameseq,average,median,maximum,minimum,peak,none_levated_peak,sample_standard_deviation,population_standard_deviation,percentile15,percentile25,percentile50,percentile75,amplitude,variance,interquartile_range,semi_interquartile_range,coefficient_of_variation,skewness,kurtosis,label
AAHK01000645.1/2940-3009,9625.000000000007,159.9479313794463,532043.0,32.26718719546977,0.002424242424242422,0.4477920362629173,63277.24850212752,63734.12987571489,58.67308884902979,75.74972599442003,159.9479313794463,447.10389063376147,532010.7328128045,4062039311.014493,371.35416463934143,185.67708231967072,6.5742595846366205,0.4487419550947601,0.05096561961081147,hacabox
