nameseq,average,median,maximum,minimum,peak,none_levated_peak,sample_standard_deviation,population_standard_deviation,percentile15,percentile25,percentile50,percentile75,amplitude,variance,interquartile_range,semi_interquartile_range,coefficient_of_variation,skewness,kurtosis,label
AAHK01030140.1/350-422,6255.000000000004,129.6257598785329,330171.0,14.652375011915524,0.0038902211564082042,0.5207294254373198,38882.99180875875,39152.08146801109,49.0486658690341,76.04665501428627,129.6257598785329,652.2771404215134,330156.34762498806,1532885483.2777777,576.2304854072272,288.1152427036136,6.216305644885488,0.47260053472081387,0.1200983357378947,hacabox
AC013353.9/110422-110350,5582.999999999999,150.87006677185488,314315.0,37.01704946594093,0.00435846916233805,0.5176297652587821,36614.79695423696,36868.18957598964,53.74211454713706,58.555895417548,150.87006677185488,562.998258612843,314277.98295053403,1359263402.6111112,504.44236319529494,252.22118159764747,6.558265619601821,0.44507661260698755,0.0818402775775851,hacabox
FR798998.1/765999-765924,9118.000000000005,202.7187210489722,576740.0,52.78318528314113,0.002778387073188563,0.45183820030858257,65666.12950372513,66102.45410108966,90.98049420364939,99.12783818154689,202.7187210489722,776.3114044350315,576687.2168147168,4369534438.1866665,677.1835662534846,338.5917831267423,7.201812843137211,0.4073004460440424,0.09171730400481488,hacabox
