nameseq,average,median,maximum,minimum,peak,none_levated_peak,sample_standard_deviation,population_standard_deviation,percentile15,percentile25,percentile50,percentile75,amplitude,variance,interquartile_range,semi_interquartile_range,coefficient_of_variation,skewness,kurtosis,label
AAHK01000712.1/945-879,4442.0,193.30813982293364,200196.0,56.393318595143484,0.005027765270898994,0.4772629186038618,24356.546265839916,24540.371864387555,85.54233187152595,97.08240702733852,193.30813982293364,986.1031569761597,200139.60668140487,602229851.2424242,889.0207499488212,444.5103749744106,5.4832386910940825,0.5233121084333531,0.12098345661791193,hacabox
AC013353.9/109432-109370,8424.0,204.56390984741043,419064.0,45.57111139238874,0.002492877492877493,0.36505367634124325,52333.81484279547,52754.17352210155,103.76877030121899,126.41905674929129,204.56390984741043,810.9910076615633,419018.4288886076,2783002824.0,684.5719509122721,342.28597545613604,6.2124661494296625,0.47117352985881844,0.07057788561519986,hacabox
AC013353.9/111577-111515,8824.000000000002,347.0439521373887,432632.0,85.06658121718225,0.002379873073436083,0.34182030892244025,54009.16396316462,54442.979478088935,137.19134635741855,155.8390906475498,347.0439521373887,1246.115694869406,432546.93341878284,2964038014.451613,1090.2766042218564,545.1383021109282,6.120712144510948,0.4708620959386119,0.0953831794575847,hacabox
FR798998.1/766101-766038,4383.999999999999,167.6688440586302,199896.0,25.208291842934205,0.0048661800486618015,0.44301627768766993,24881.399317562507,25078.09328211909,63.17398386943604,72.53135373127894,167.6688440586302,430.92075698725387,199870.79170815708,628910762.6666666,358.3894032559749,179.19470162798746,5.675501669152033,0.5083714668288704,0.05653996294414357,hacabox
