nameseq,average,median,maximum,minimum,peak,none_levated_peak,sample_standard_deviation,population_standard_deviation,percentile15,percentile25,percentile50,percentile75,amplitude,variance,interquartile_range,semi_interquartile_range,coefficient_of_variation,skewness,kurtosis,label
AAHK01028594.1/483-419,16003.000000000004,235.03632069300014,728883.0,74.29170463490647,0.0013539128080151635,0.2969666744957254,91684.41010335399,92397.91821924345,99.7254856289233,143.76467764191983,235.03632069300014,974.9066240015211,728808.7082953651,8537375291.25,831.1419463596012,415.5709731798006,5.729201406195961,0.5159425793828666,0.08540115374113448,hacabox
AC099045.21/121306-121367,8037.0,159.17946755732177,382979.0,17.044908903575376,0.0025714404213844303,0.38153605445966193,48364.76715544075,48759.588132178396,58.37038742417089,70.40487759233105,159.17946755732177,373.21912774578254,382961.9550910964,2377497434.819672,302.8142501534515,151.40712507672575,6.017763737145795,0.48865037479394563,0.024636488975326786,hacabox
FR799615.1/552183-552122,8821.000000000002,407.54326297449734,267675.0,75.0,0.002342893851793069,0.27367095548773945,36814.524497812,37115.056214911834,121.56156676374574,165.07597537552977,407.54326297449734,874.5301409032952,267600.0,1377527397.8360655,709.4541655277654,354.7270827638827,4.17350918238431,0.6856090240300843,0.038391431958211514,hacabox
FR796432.1/1078115-1078052,13696.000000000004,351.7469575699854,550296.0,24.0,0.0015576323987538936,0.26677996417028726,70522.91156780186,71080.41361546816,173.6650817614729,231.77207890587505,351.7469575699854,1419.744299452284,550272.0,5052425199.746032,1187.9722205464088,593.9861102732044,5.149161183396746,0.5676560742788096,0.0817636442624117,hacabox
HE575323.1/1787813-1787874,8581.0,130.472254388594,391835.0,8.567345115279075,0.002408421706871771,0.40388846221586344,49917.87830026431,50325.37794569504,35.1696433261263,66.36097127393973,130.472254388594,352.5542614964976,391826.4326548847,2532643665.377049,286.19329022255783,143.09664511127892,5.817256531903544,0.5078658007926588,0.028669783323146906,hacabox
