nameseq,average,median,maximum,minimum,peak,none_levated_peak,sample_standard_deviation,population_standard_deviation,percentile15,percentile25,percentile50,percentile75,amplitude,variance,interquartile_range,semi_interquartile_range,coefficient_of_variation,skewness,kurtosis,label
AAHK01000232.1/46030-46097,30705.999999999993,638.3119907925709,1560820.0,132.0,0.000738183634034608,0.20837922580160853,189083.11984944606,190488.96165833768,332.9676295793523,384.5349450647142,638.3119907925709,2368.1657134212974,1560688.0,36286044513.67164,1983.6307683565833,991.8153841782917,6.157855788752886,0.477055086141189,0.07676388908808406,hacabox
