nameseq,average,median,maximum,minimum,peak,none_levated_peak,sample_standard_deviation,population_standard_deviation,percentile15,percentile25,percentile50,percentile75,amplitude,variance,interquartile_range,semi_interquartile_range,coefficient_of_variation,skewness,kurtosis,label
AAHK01023180.1/143-203,5785.000000000002,287.0328361374121,214883.0,69.47367771718515,0.0035148372227023898,0.3494419319284928,27898.89069479287,28130.42072857544,103.42507631688306,161.7967804327784,287.0328361374121,575.0914981144296,214813.52632228282,791320570.3666667,413.29471768165115,206.64735884082558,4.822625876368688,0.5912027711792226,0.06906894558471643,hacabox
FR799008.1/635706-635771,7559.000000000002,204.64735200868176,332819.0,9.350716589352942,0.0029104378886096035,0.39146395514399135,41635.56479741809,41954.61593674765,83.08104167197557,99.17556640062162,204.64735200868176,601.8876919165618,332809.64928341063,1760189798.4,502.7121255159402,251.3560627579701,5.508078422730266,0.5299089384597981,0.09968931029644269,hacabox
FN554972.1/1641980-1642041,12877.000000000004,284.6831430816728,500587.0,39.56480621288783,0.001604928684217338,0.31240588034734534,65633.37174029686,66169.16325674944,108.59583355943295,140.14119221214713,284.6831430816728,1144.8049454461889,500547.4351937871,4378358166.09836,1004.6637532340417,502.33187661702084,5.096945852317841,0.5755753448144294,0.09550315412403076,hacabox
