nameseq,average,median,maximum,minimum,peak,none_levated_peak,sample_standard_deviation,population_standard_deviation,percentile15,percentile25,percentile50,percentile75,amplitude,variance,interquartile_range,semi_interquartile_range,coefficient_of_variation,skewness,kurtosis,label
AAHK01019181.1/18-80,8920.000000000005,283.8984017294657,395688.0,65.99803285517697,0.002354260089686097,0.3322297007445347,49991.930548839584,50393.47861034812,129.47637613735094,173.30496722082015,283.8984017294657,789.3414878888765,395622.00196714484,2539502686.451613,616.0365206680564,308.0182603340282,5.604476518928201,0.5182497357148573,0.09236136816198708,hacabox
AAGZ01000003.1/384014-383952,4120.000000000003,118.77959307726033,180456.0,21.458058189619408,0.005097087378640773,0.4941129863122604,22977.773260261754,23162.33665297624,56.99503423788495,80.43709439623822,118.77959307726033,261.081084336303,180434.54194181037,536493839.2258065,180.64398994006476,90.32199497003238,5.577129432102364,0.5224031539003656,0.04865497451499217,hacabox
FR799613.1/642090-642154,6530.999999999996,243.53606214915249,311915.0,48.676867698765726,0.003317511356096567,0.38743639443048766,38564.73165989879,38864.850829509174,96.67862235162166,119.01729167306264,243.53606214915249,897.0160977533803,311866.3231323012,1510476630.0,777.9988060803176,388.9994030401588,5.904873933532202,0.48910989398031857,0.15638462631147512,hacabox
