nameseq,average,median,maximum,minimum,peak,none_levated_peak,sample_standard_deviation,population_standard_deviation,percentile15,percentile25,percentile50,percentile75,amplitude,variance,interquartile_range,semi_interquartile_range,coefficient_of_variation,skewness,kurtosis,label
AAHK01026543.1/41-107,8154.0,211.15064120130515,310148.0,18.04235810780427,0.0027389420325402663,0.3476725693648695,39876.4746937339,40177.43348930938,103.38354055854809,116.444526826544,211.15064120130515,681.2529253927073,310129.9576418922,1614226161.7878788,564.8083985661633,282.40419928308165,4.89041877529236,0.5975590435064323,0.050068564787074596,hacabox
AAGZ01000003.1/1401153-1401084,11760.999999999993,232.02340627921922,493475.0,58.00457582894985,0.001983958280191595,0.3396031128247233,61317.441580679144,61760.172540027066,98.56665174935117,148.22144147606707,232.02340627921922,829.6591164718037,493416.99542417104,3814318912.173913,681.4376749957366,340.7188374978683,5.213624826177977,0.5640634848675832,0.07275529955840868,hacabox
FR796431.1/1679987-1680052,11438.999999999996,355.8833224562943,514147.0,44.22531439469388,0.0019232450389020026,0.3232234561948994,63800.81128010834,64289.713535382456,122.994072278226,144.5524627157953,355.8833224562943,805.0583254402092,514102.7746856053,4133167266.4615383,660.5058627244139,330.25293136220694,5.577481535108695,0.5211430601823319,0.04816152081393477,hacabox
