nameseq,average,median,maximum,minimum,peak,none_levated_peak,sample_standard_deviation,population_standard_deviation,percentile15,percentile25,percentile50,percentile75,amplitude,variance,interquartile_range,semi_interquartile_range,coefficient_of_variation,skewness,kurtosis,label
X66431.1/1-135,83312.00000000009,1055.1413261388636,7447524.0,428.6133978079945,0.0005401382753985014,0.324924370507586,650977.251384409,653401.7560572184,618.1824736902961,799.8305288464555,1055.1413261388636,4223.1611018432095,7447095.386602192,426933854818.65674,3423.330572996754,1711.665286498377,7.813727330809588,0.37907711136877037,0.06831104087442694,hacabox
AFXF01000011.1/357419-357290,85023.00000000004,953.9067167017738,7567483.0,188.1638384506707,0.0005096660119418664,0.327188930529585,671428.8509857169,674026.2643634764,499.91442456732005,631.812567350994,953.9067167017738,3655.423740661463,7567294.836161549,454311405051.78296,3023.611173310469,1511.8055866552345,7.897026110413847,0.37562770720923333,0.06176622789773844,hacabox
