nameseq,average,median,maximum,minimum,peak,none_levated_peak,sample_standard_deviation,population_standard_deviation,percentile15,percentile25,percentile50,percentile75,amplitude,variance,interquartile_range,semi_interquartile_range,coefficient_of_variation,skewness,kurtosis,label
JF909330.1/1-130,120382.99999999991,1617.8499923575991,9900595.0,436.18452494630355,0.00035996223165507893,0.2553785863256533,892392.1312248332,895844.3380468186,972.030253544695,1247.1647312685147,1617.8499923575991,7269.025097250467,9900158.815475054,802537078010.5426,6021.860365981953,3010.9301829909764,7.412941455395146,0.3992588432328526,0.07845977082152189,hacabox
AFXY01000417.1/558034-558164,134666.0000000001,1775.6204938904207,11604644.0,488.2098627107234,0.0003242590309853017,0.2595199304136566,1035422.7625091115,1039397.5286118767,923.4911370259185,1115.7753952770347,1775.6204938904207,5896.475637163602,11604155.79013729,1080347222484.4769,4780.700241886568,2390.350120943284,7.6888209533892065,0.38503223316458696,0.08199331222119449,hacabox
