nameseq,average,median,maximum,minimum,peak,none_levated_peak,sample_standard_deviation,population_standard_deviation,percentile15,percentile25,percentile50,percentile75,amplitude,variance,interquartile_range,semi_interquartile_range,coefficient_of_variation,skewness,kurtosis,label
JF909335.1/1-133,68485.00000000007,1192.9401699160842,6499107.0,203.90874325573347,0.0006473437005670335,0.35516306457483665,567162.3619969859,569306.6507868464,503.8311535829024,639.0824220044569,1192.9401699160842,2952.7883825943773,6498903.091256744,324110062630.13635,2313.7059605899203,1156.8529802949602,8.281555990318832,0.3559407200073069,0.07165665230873555,hacabox
AFXF01001355.1/514018-514150,67756.99999999997,993.5744611279567,6583651.0,136.26789906168864,0.0006542989408228427,0.37573652073270547,573883.3856891136,576053.0848671191,441.55401328779874,538.0413021284545,993.5744611279567,2858.3108171218614,6583514.732100938,331837156584.92426,2320.269514993407,1160.1347574967035,8.469728377719113,0.3490086690279584,0.08097877821131613,hacabox
