nameseq,average,median,maximum,minimum,peak,none_levated_peak,sample_standard_deviation,population_standard_deviation,percentile15,percentile25,percentile50,percentile75,amplitude,variance,interquartile_range,semi_interquartile_range,coefficient_of_variation,skewness,kurtosis,label
EF503653.1/1-104,69348.00000000003,1204.870453247023,5141624.0,200.0,0.0004998942531387588,0.28252850963575693,510237.8970637129,512708.7972150932,575.7138281180953,684.1859762016295,1204.870453247023,3945.543321669634,5141424.0,262870310741.74756,3261.3573454680045,1630.6786727340022,7.357644013723722,0.4006550470215898,0.07812941928587316,hacabox
AFXY01000467.1/5487-5384,47796.00000000005,817.7684104720468,3726848.0,64.0,0.0007253047674840286,0.3386611480334241,367156.53914917546,368934.54731631617,410.10152317669093,487.04213185612946,817.7684104720468,3067.234068046315,3726784.0,136112700203.49515,2580.1919361901855,1290.0959680950928,7.681741968975961,0.38385451365016365,0.09903076563023824,hacabox
