nameseq,average,median,maximum,minimum,peak,none_levated_peak,sample_standard_deviation,population_standard_deviation,percentile15,percentile25,percentile50,percentile75,amplitude,variance,interquartile_range,semi_interquartile_range,coefficient_of_variation,skewness,kurtosis,label
EF503656.1/1-117,60588.99999999997,821.6674261584432,4682291.0,267.4849241607859,0.0006436811962567465,0.3104128387363149,440288.37294891174,442182.0951203053,387.64801535217765,460.4889488952375,821.6674261584432,3303.5946963362767,4682023.515075839,195525005244.98276,2843.105747441039,1421.5528737205195,7.266803758915182,0.40723763955113496,0.09298507441778397,hacabox
