nameseq,average,median,maximum,minimum,peak,none_levated_peak,sample_standard_deviation,population_standard_deviation,percentile15,percentile25,percentile50,percentile75,amplitude,variance,interquartile_range,semi_interquartile_range,coefficient_of_variation,skewness,kurtosis,label
JF909334.1/1-134,193752.99999999977,2294.37438818466,19204611.0,675.5543420026972,0.00023053406484888861,0.22531310801909646,1671462.070826018,1677733.9955668633,1053.8087587747343,1257.0142106158767,2294.37438818466,6732.536444397092,19203935.445658,2814791359880.752,5475.522233781216,2737.761116890608,8.62676743496111,0.34363679969812005,0.07779487568603827,hacabox
