nameseq,average,median,maximum,minimum,peak,none_levated_peak,sample_standard_deviation,population_standard_deviation,percentile15,percentile25,percentile50,percentile75,amplitude,variance,interquartile_range,semi_interquartile_range,coefficient_of_variation,skewness,kurtosis,label
JF909329.1/1-130,116727.0,1727.2152188304672,10022931.0,494.4034703612758,0.0003712365890782196,0.27847714511359956,893913.4349409903,897371.52690571,900.101189134689,1025.800115839594,1727.2152188304672,6154.559591826272,10022436.596529638,805275657301.0853,5128.759475986678,2564.379737993339,7.658154796585111,0.3859426884732781,0.0823126842530277,hacabox
