nameseq,average,median,maximum,minimum,peak,none_levated_peak,sample_standard_deviation,population_standard_deviation,percentile15,percentile25,percentile50,percentile75,amplitude,variance,interquartile_range,semi_interquartile_range,coefficient_of_variation,skewness,kurtosis,label
JF909326.1/1-152,216659.99999999994,1928.8717773475,24888408.0,469.8768334169691,0.0002338533493338257,0.28492668500385543,2026314.117844516,2033012.6951824948,1167.8241702914966,1284.890694008062,1928.8717773475,7293.74668030008,24887938.123166583,4133140618773.192,6008.855986292017,3004.4279931460087,9.352506774875456,0.3179138806737504,0.07752235753888316,hacabox
