nameseq,average,median,maximum,minimum,peak,none_levated_peak,sample_standard_deviation,population_standard_deviation,percentile15,percentile25,percentile50,percentile75,amplitude,variance,interquartile_range,semi_interquartile_range,coefficient_of_variation,skewness,kurtosis,label
X66429.1/1-134,72548.99999999996,1216.6188516446964,5639691.0,281.1849855384501,0.0006156758420745522,0.29646833229784125,515273.7687579294,517207.26061215036,562.2660594714007,709.4460659933877,1216.6188516446964,3719.70981121846,5639409.815014462,267503350429.9248,3010.263745225072,1505.131872612536,7.102424137588798,0.41530766054889073,0.09054921647425233,hacabox
