nameseq,average,median,maximum,minimum,peak,none_levated_peak,sample_standard_deviation,population_standard_deviation,percentile15,percentile25,percentile50,percentile75,amplitude,variance,interquartile_range,semi_interquartile_range,coefficient_of_variation,skewness,kurtosis,label
EF503652.1/1-123,107261.99999999997,1194.900117809872,10011332.0,317.7198840793156,0.0003822416139919078,0.3015061448533242,908020.5148288225,911734.3156649669,556.8305562828248,657.1518654823525,1194.900117809872,3344.585828615585,10011014.280115921,831259462361.0656,2687.4339631332323,1343.7169815666161,8.465444564047125,0.35043404245834325,0.0689852761380202,hacabox
