nameseq,average,median,maximum,minimum,peak,none_levated_peak,sample_standard_deviation,population_standard_deviation,percentile15,percentile25,percentile50,percentile75,amplitude,variance,interquartile_range,semi_interquartile_range,coefficient_of_variation,skewness,kurtosis,label
EF503658.1/1-117,87157.00000000003,1522.7149360969238,7805299.0,467.3843214505624,0.00044746836169211866,0.2829845284137721,721036.030252303,724137.2748019083,755.9835153038875,900.9999999999999,1522.7149360969238,4198.834179287336,7804831.61567855,524374792757.5345,3297.834179287336,1648.917089643668,8.272841312256075,0.3562968345726282,0.05355802806187471,hacabox
