nameseq,average,median,maximum,minimum,peak,none_levated_peak,sample_standard_deviation,population_standard_deviation,percentile15,percentile25,percentile50,percentile75,amplitude,variance,interquartile_range,semi_interquartile_range,coefficient_of_variation,skewness,kurtosis,label
X66430.1/1-130,55571.0,1041.0464108569968,3846675.0,317.5544129750998,0.0007797832202647664,0.3294669127431275,363864.60827071377,365272.2135587917,523.3037680029239,592.3305335572816,1041.0464108569968,3109.7983852219086,3846357.445587025,133423789998.13953,2517.4678516646272,1258.7339258323136,6.547742676408806,0.4495899217703494,0.06724202700145834,hacabox
