nameseq,average,median,maximum,minimum,peak,none_levated_peak,sample_standard_deviation,population_standard_deviation,percentile15,percentile25,percentile50,percentile75,amplitude,variance,interquartile_range,semi_interquartile_range,coefficient_of_variation,skewness,kurtosis,label
EF503649.1/1-113,87691.0000000001,1223.0286697403244,7484819.0,225.3803446249531,0.0004295385691424048,0.26434660448139263,706386.3217305386,709532.8242599894,540.2172182258635,723.1431412495414,1223.0286697403244,4719.73099215767,7484593.619655375,503436828702.3571,3996.5878509081285,1998.2939254540643,8.055402740652266,0.3672266945306633,0.09706339777856202,hacabox
