nameseq,k1,k2,label
AM921939.1/1-79,1.9667915315967248,3.808600419399703,cdbox
ABFN01002286.1/18465-18539,1.9474776902922422,3.7179571319851066,cdbox
