nameseq,k1,k2,label
EU780959.1/1-95,1.9631875669774315,3.8538508725263627,cdbox
ABBS02000011.1/58644-58737,1.9728096448516343,3.7575552455043204,cdbox
AM921933.1/1-97,1.9556728218556079,3.764171801269259,cdbox
AM920431.1/2305920-2305824,1.9535190240526257,3.81499528875636,cdbox
