nameseq,k1,k2,label
AY948605.1/1-109,1.960351365934896,3.8289036982694595,cdbox
CAAC02000457.1/320111-319995,1.9525440870551614,3.8455780320648016,cdbox
DQ789513.1/1-115,1.950920755288494,3.838511379416425,cdbox
