nameseq,k1,k2,label
AY948649.1/1-78,1.9164982778331632,3.547863428302385,cdbox
AM050290.1/2-78,1.9219744349667276,3.55282547869039,cdbox
