nameseq,k1,k2,label
AY948701.1/1-71,1.9844073188871565,3.799746055492617,cdbox
DQ789437.1/1-70,1.9934048348558266,3.816250808322155,cdbox
