nameseq,k1,k2,label
AAFI02000039.1/102443-102507,1.8793321837312917,3.6192074798493064,cdbox
