nameseq,k1,k2,label
ACGJ01002918.1/30690-30632,1.963441818631194,3.6708802377061733,cdbox
ACVC01000099.1/120002-119944,1.9864830217049296,3.820826203430656,cdbox
