nameseq,k1,k2,label
CAAI01002424.1/3270-3195,1.766118411602323,3.31910073369062,cdbox
CAAJ01001830.1/5076-5001,1.8550217033273761,3.548053014010746,cdbox
ABGX01001459.1/817-896,1.7517768397511002,3.2910788576658936,cdbox
ABGV01003715.1/582-661,1.7793100078131692,3.3749399256357946,cdbox
