nameseq,k1,k2,label
AY948656.1/6-128,1.9878580689113352,3.8831658751844786,cdbox
DQ789410.1/2-123,1.9857812018847452,3.8508937539700474,cdbox
