nameseq,k1,k2,label
Z72511.1/19566-19656,1.9905567165236984,3.918554070611395,cdbox
DQ789428.1/2-92,1.9872413302041527,3.9033228537568463,cdbox
AAGD02011065.1/170533-170623,1.9848582862239321,3.9033228537568467,cdbox
