nameseq,k1,k2,label
AM051017.1/1-66,1.971415772692052,3.742061513263965,cdbox
AAGD02011076.1/1329-1395,1.9763306314584475,3.749469543865601,cdbox
