nameseq,k1,k2,label
AC018761.6/48391-48315,1.9712417225275536,3.8013680689157594,cdbox
CAEC01248628.1/1603-1530,1.9669548253533826,3.788805471247348,cdbox
AAPE02050986.1/14566-14492,1.9638394687391103,3.7713871972201276,cdbox
AAHY01072741.1/86035-86109,1.964971647718445,3.7432847735177868,cdbox
