nameseq,k1,k2,label
CP002684.1/14284343-14284424,1.9521833870694585,3.743343447426069,cdbox
CP002686.1/11415463-11415382,1.9452077464629611,3.8078047110712268,cdbox
