nameseq,k1,k2,label
AASS01027918.1/1012-1092,1.8555402659528137,3.5228638230860456,cdbox
AE014296.4/20447343-20447428,1.8684747826398178,3.6117987465015506,cdbox
AJ784844.1/652-737,1.825095300079457,3.4993728864742017,cdbox
AAPP01019315.1/203189-203276,1.8833651106915752,3.6509095144837582,cdbox
