nameseq,k1,k2,label
AC008186.5/23701-23785,1.8416428405797922,3.563973376544931,cdbox
AC008186.5/24468-24549,1.7945916724459432,3.442440696747264,cdbox
AAPP01018724.1/106634-106550,1.8085826677852306,3.464703180977819,cdbox
AAEU02000094.1/193595-193512,1.8366192093631524,3.519637237970292,cdbox
