nameseq,k1,k2,label
AC008234.9/100346-100423,1.8959931265282108,3.6668634506205,cdbox
AC008234.9/101391-101468,1.8903657114712002,3.6236993903424892,cdbox
AAKO01000332.1/5610-5532,1.9271858608120778,3.6850823064125637,cdbox
AAPQ01006469.1/479113-479035,1.8831128753352218,3.609569357963428,cdbox
