nameseq,k1,k2,label
AY060937.1/627-715,1.9666385608085926,3.821386615561965,cdbox
AY060937.1/872-959,1.9287524859271168,3.7221133902458634,cdbox
AY060937.1/1109-1197,1.9185572463970813,3.721582027400479,cdbox
AY060937.1/1349-1435,1.94185885319038,3.661137144847365,cdbox
