nameseq,k1,k2,label
AF141346.1/240-319,1.9884886827406265,3.7498003264848947,cdbox
AL591203.15/7971-8050,1.983422032770703,3.735833199298056,cdbox
AJ224026.1/1-80,2.0591383418589575,3.8509899980684654,cdbox
AC107390.4/33836-33915,1.9567918999211498,3.626090543351776,cdbox
