nameseq,k1,k2,label
BX784024.10/48132-48213,1.93496264715236,3.570072658489782,cdbox
AC010553.6/712-633,1.936278124459133,3.6101075730819714,cdbox
AC106804.4/74513-74420,1.9247894274956208,3.62053391564282,cdbox
AC132945.3/142528-142616,1.935026450565421,3.5749100258779487,cdbox
