nameseq,k1,k2,label
FM245454.1/1310-1382,1.9875306546131029,3.9053197949053557,cdbox
X96652.1/1-78,1.959066266956994,3.6918958636247554,cdbox
AF357377.1/1-68,1.9465846629624899,3.6706612151434665,cdbox
AC097720.5/99784-99861,1.962545647718334,3.685229466456218,cdbox
