nameseq,k1,k2,label
AC007202.3/26176-26247,1.9329316468984659,3.6779167549079563,cdbox
AP006084.1/89100-89169,1.9420403566940405,3.69365081270196,cdbox
AARH01004368.1/118009-118095,1.9566527730495502,3.811147937229712,cdbox
AASG02001221.1/37908-37990,1.9618617523233297,3.8022331404492653,cdbox
