nameseq,k1,k2,label
AC064836.7/31785-31868,1.901997011431579,3.667806716137221,cdbox
AAFC03122356.1/14349-14432,1.9167522655761045,3.732449144951582,cdbox
ABDC01102575.1/7482-7565,1.9040820192748362,3.6439863149694025,cdbox
AAPY01283634.1/685-768,1.9219968659846653,3.698313571265408,cdbox
