nameseq,k1,k2,label
ADBK01001495.1/70498-70425,1.8899619521866033,3.6039761796891696,cdbox
AENI01009318.1/96185-96101,1.8252294066282966,3.465167972761139,cdbox
AFAN01000032.1/9627848-9627934,1.9016671989708476,3.7033260034324544,cdbox
