nameseq,k1,k2,label
X52138.1/4300-4372,1.9653545971882438,3.7015554273628952,cdbox
X52138.1/3930-4011,1.9854003976178927,3.7168091007288093,cdbox
AB052962.1/8100-8020,1.9073610966120569,3.641536317932861,cdbox
AB052962.1/8576-8491,1.8897308647955233,3.5794535456858183,cdbox
