nameseq,k1,k2,label
AF317946.1/1-83,1.8326684112187455,3.552223821212486,cdbox
AL021636.3/72356-72274,1.8326684112187455,3.552223821212486,cdbox
AF326226.1/1-81,1.8593042962084505,3.5653821947812374,cdbox
AL021636.3/72154-72074,1.8593042962084505,3.5653821947812374,cdbox
