nameseq,k1,k2,label
AC025750.10/4277-4336,1.9165446416786356,3.629933465962102,cdbox
CR759968.6/152594-152667,1.8663603190798261,3.6417374434483367,cdbox
CR759968.6/152857-152927,1.8790516580641463,3.6853200680931972,cdbox
AJ224031.1/3-64,1.9493802169292855,3.762625150865657,cdbox
