nameseq,k1,k2,label
ABGU01005326.1/920-838,1.8100354576220665,3.584854586810969,cdbox
CAAI01002564.1/5984-5906,1.7529130620903157,3.4451930914133166,cdbox
