nameseq,k1,k2,label
AF357363.1/1-90,1.9769128812311507,3.830459595959589,cdbox
X67692.1/35-134,1.9762812879803628,3.851509934737567,cdbox
Z70298.1/1-100,1.9782041554686458,3.891985441356766,cdbox
X72205.1/148-246,1.9819137154901565,3.860044878746715,cdbox
