nameseq,k1,k2,label
BX293565.25/6224-6291,1.8434450521647319,3.345794719326682,cdbox
AL359396.5/115844-115908,1.933101212391289,3.7189060030802024,cdbox
AC155932.6/138556-138619,1.981594405843275,3.600107313496753,cdbox
X94606.1/1-64,1.969734892948779,3.451131800725136,cdbox
