nameseq,k1,k2,label
AJ490367.1/4-94,1.9827871324283959,3.83281428061309,cdbox
AARH01002868.1/80604-80517,1.9512567958006906,3.7802903326437973,cdbox
AM450475.1/12728-12644,1.932361015509898,3.7454033616511193,cdbox
AASG02000099.1/88593-88520,1.9357013634749103,3.753324779935252,cdbox
