nameseq,k1,k2,label
AJ532522.1/1-93,1.900590772201868,3.6821272360428665,cdbox
AJ532523.1/1-92,1.9395104313590692,3.7297706750062205,cdbox
AC087551.3/49489-49580,1.9395104313590692,3.7297706750062205,cdbox
U72863.1/1-65,1.9706660080308582,3.6637024457395038,cdbox
