nameseq,k1,k2,label
AJ505639.1/22-116,1.9859965937648938,3.8489934445728946,cdbox
AY013245.2/64306-64401,1.997492414092985,3.9251339046654548,cdbox
AY013245.2/62208-62303,1.9981460146003358,3.9251339046654548,cdbox
AY013245.2/60110-60205,1.996866063061069,3.9320306110994236,cdbox
