nameseq,k1,k2,label
AANN01433628.1/978-1063,1.9222872090496073,3.761429204795942,cdbox
AAQQ01276054.1/1184-1267,1.9516793146431124,3.777569524858756,cdbox
AAFC03122356.1/13561-13646,1.9331365820350852,3.784976613295642,cdbox
AAYZ01276509.1/4776-4861,1.9830340528360924,3.828057302201201,cdbox
