nameseq,k1,k2,label
AF468960.1/1-128,1.9779006718666114,3.7641653149410206,cdbox
AJ248283.1/230575-230449,1.9374736136495778,3.8155922971701126,cdbox
BA000001.2/215834-215709,1.946896314077035,3.77459898260229,cdbox
AP006878.1/47908-47779,1.9364739498605341,3.792580852268103,cdbox
