nameseq,k1,k2,label
AF141346.1/2553-2637,1.8496238899657234,3.6011935031409363,cdbox
AK025846.1/2178-2094,1.8316476580353758,3.5399405623346665,cdbox
X67268.1/1201-1284,1.8533878668545933,3.5938432765297796,cdbox
AL591203.15/10289-10373,1.8316476580353758,3.5399405623346665,cdbox
