nameseq,k1,k2,label
AJ505626.1/1-73,1.877568491658127,3.6399134905514035,cdbox
AASG02000099.1/88757-88676,1.8439239067786042,3.525226201927221,cdbox
AARH01001054.1/12320-12396,1.8646061912049268,3.518253791541363,cdbox
