nameseq,k1,k2,label
U72852.1/1-68,1.9261909053585644,3.6671914753627215,cdbox
AC114820.4/4566-4635,1.912536667986456,3.610023691001252,cdbox
AANU01297394.1/4437-4506,1.8986327063611277,3.6189500970120614,cdbox
AAHX01094491.1/84642-84714,1.9103558406721146,3.5907048217193145,cdbox
