nameseq,k1,k2,label
ACBS01000723.1/11593-11697,1.8644386431839866,3.6103288459420964,cdbox
ABGW01001570.1/334-439,1.8964439175828078,3.6211841820306914,cdbox
AM910991.1/1216709-1216813,1.9553796881888705,3.752950537556454,cdbox
