nameseq,k1,k2,label
AC068602.2/61774-61577,1.9447346334263065,3.758422344744996,cdbox
ADBK01001126.1/71340-71543,1.9550287779198343,3.783235912098588,cdbox
AFAN01000020.1/4183674-4183865,1.9651617763515814,3.7948245068473865,cdbox
AENI01003131.1/43685-43490,1.9591259954054916,3.808608421220621,cdbox
