nameseq,k1,k2,label
AP004752.3/112622-112715,1.9260299642236325,3.733016409328402,cdbox
AJ490459.1/2-95,1.9260299642236325,3.6869563665399494,cdbox
AP004591.3/13337-13431,1.9362194972966793,3.698377625846796,cdbox
AJ490465.1/2-92,1.9495378449693732,3.668817434258572,cdbox
