nameseq,k1,k2,label
AC115088.6/123021-122911,1.9888885789179802,3.7117411616350746,cdbox
AANN01521896.1/8940-8830,1.9872547646714298,3.7959725809212754,cdbox
AAPY01607636.1/641-751,1.9831426991048589,3.7162356262636345,cdbox
AANG01792695.1/556-445,1.987083553062785,3.7251458976836958,cdbox
