nameseq,k1,k2,label
CAAJ01009251.1/10-101,1.7838197075823254,3.520035939904218,cdbox
ABGS01009239.1/169-258,1.7960202865439214,3.4559536297506304,cdbox
