nameseq,k1,k2,label
AL031584.2/110885-110818,1.8734067399877432,3.52542145680949,cdbox
AP004219.2/12572-12638,1.879035320544448,3.5842316755759622,cdbox
AL136170.14/9004-8937,1.9055913623694185,3.5936478596892996,cdbox
AC018515.7/88497-88433,1.8922443718109745,3.6503469305477325,cdbox
