nameseq,k1,k2,label
U40580.1/1686-1760,1.8791070093514826,3.6208342805297944,cdbox
U40654.1/1539-1614,1.9355368183745925,3.7303365212646993,cdbox
U72860.1/1-83,1.9537362291625104,3.727613787486514,cdbox
U72861.1/1-83,1.9553546074599084,3.743274915719981,cdbox
