nameseq,k1,k2,label
AF064276.1/1-101,1.9753628643735948,3.8497653377800307,cdbox
CR382122.1/1258384-1258281,1.945761685324932,3.8228980985912115,cdbox
AAZN01000105.1/58834-58734,1.9353026438092331,3.813291579295595,cdbox
AACI02000800.1/1219-1117,1.9310068790354973,3.722331916864632,cdbox
