nameseq,k1,k2,label
CM000208.1/3814615-3814725,1.9475085956215417,3.735871179528439,cdbox
FR799008.1/90689-90589,1.9894869549025376,3.860279682949394,cdbox
LGTL01000019.1/510774-510874,1.984230203926777,3.8649185421515626,cdbox
AHKC01019934.1/77-178,1.9078615135710921,3.6535882984900208,cdbox
