nameseq,k1,k2,label
AC068667.6/51178-51267,1.973531896022779,3.85020103700394,cdbox
AC150706.4/101697-101776,1.9658964271842336,3.799750796305353,cdbox
AASG02001667.1/15770-15853,1.9299554879852687,3.79055162113934,cdbox
AARH01004696.1/63929-64010,1.9461433826499572,3.7524822093329955,cdbox
