nameseq,k1,k2,label
AF357382.1/1-99,1.9851062713151788,3.8365074137913036,cdbox
AL161747.5/13638-13529,1.9940225679307737,3.842231850689952,cdbox
AJ243222.1/1-109,1.988817419739065,3.8385178753783946,cdbox
AL161747.5/8490-8387,1.9874808113277216,3.8883858021191493,cdbox
