nameseq,k1,k2,label
X58062.1/52-155,1.950378150487902,3.692791976697377,cdbox
AANU01284163.1/3535-3432,1.9655518543214943,3.6938150762010555,cdbox
AANG01408182.1/948-1051,1.9772531291736621,3.8383266599602397,cdbox
AC097004.3/70903-71006,1.97717469942752,3.818743998466089,cdbox
