nameseq,k1,k2,label
AP000603.1/65098-65183,1.905132539710455,3.760771124995248,cdbox
AARH01002519.1/12521-12439,1.9643659794455473,3.7437344018967846,cdbox
AASG02002801.1/14167-14078,1.9086515609631594,3.7039996901641294,cdbox
AM475808.2/15755-15675,1.9246694578726578,3.7402341158120502,cdbox
