nameseq,k1,k2,label
DQ108823.1/109-181,1.9369456192494812,3.790085733132147,cdbox
AJ300655.1/3-68,1.9314680366586832,3.8061353138236655,cdbox
AJ320263.1/4-65,1.9932338197397066,3.906833863687458,cdbox
AJ489964.1/2-63,1.9934166845316552,3.9472337562564768,cdbox
