nameseq,k1,k2,label
AJ238851.1/5294-5387,1.9775455944058995,3.7955423969357422,cdbox
AL022326.1/46948-46856,1.9712188572373033,3.790755569596734,cdbox
AJ238851.1/3934-4027,1.9759697300320678,3.7782344348450247,cdbox
AF227523.1/526-433,1.979896044323592,3.7856073622725477,cdbox
