nameseq,k1,k2,label
AJ490412.1/1-152,1.8881263963635309,3.683952089484403,cdbox
AJ490410.1/1-152,1.8881263963635309,3.683952089484403,cdbox
AJ490411.1/1-152,1.8881263963635309,3.683952089484403,cdbox
AJ490409.1/1-152,1.8827575182210372,3.6734472570854444,cdbox
