nameseq,k1,k2,label
AJ240058.1/1-60,1.8773637709696849,3.5517440074521502,cdbox
AJ240057.1/1-60,1.8773637709696849,3.5517440074521502,cdbox
AC010361.3/23932-23994,1.9141021983426518,3.5745341183921124,cdbox
U58655.1/2127-2188,1.9114632452754623,3.596675100760507,cdbox
