nameseq,k1,k2,label
AC136222.2/290-162,1.9754813453851097,3.819760078056333,cdbox
AJ494955.1/1-137,1.9464996645566595,3.7902039962237644,cdbox
AJ494959.1/1-139,1.9386012101969827,3.750229491273783,cdbox
AP004158.3/94593-94731,1.9458344468817885,3.7617377529992613,cdbox
