nameseq,k1,k2,label
AB092809.1/7232-7313,1.9665707962248808,3.7623015530222403,cdbox
AJ490357.1/1-86,1.9099867396627404,3.691744915281995,cdbox
AJ490358.1/3-88,1.9327617419468597,3.758316204807924,cdbox
AJ490364.1/1-93,1.93512375598694,3.6778522213748737,cdbox
