nameseq,k1,k2,label
AJ007735.1/1-92,1.9744590504038664,3.8332683873722635,cdbox
AASS01022858.1/652-560,1.9690536649534185,3.8245102461982112,cdbox
AAEU02000846.1/77664-77572,1.9803786482859165,3.838529354328325,cdbox
AAPQ01006057.1/692543-692451,1.9857915401363182,3.858273338784383,cdbox
