nameseq,k1,k2,label
AC078839.4/76753-76859,1.994632647858741,3.8896302912870793,cdbox
AJ490403.1/1-105,1.9950381931128565,3.884892474609339,cdbox
AJ490392.1/1-107,1.9967522761877392,3.875676378215184,cdbox
