nameseq,k1,k2,label
U56648.1/1-99,1.8735184931817648,3.7002744665089495,cdbox
AADM01000045.1/22801-22708,1.8945134215437358,3.622207433642769,cdbox
AACF01000157.1/2944-2847,1.8398118925366829,3.5517870455568854,cdbox
AAZN01000317.1/31446-31541,1.9003980362805262,3.667751558985467,cdbox
