nameseq,k1,k2,label
AJ223034.1/8-96,1.9161528261362684,3.7386588155429226,cdbox
AACI02000236.1/11645-11732,1.8734516273629285,3.680946043818094,cdbox
