nameseq,k1,k2,label
AF064268.1/2-88,1.8617545926065182,3.599729056909152,cdbox
AAZN01000252.1/47075-47158,1.8743742215537398,3.616232319299945,cdbox
AADM01000047.1/81966-82047,1.8941494523763571,3.643598302150875,cdbox
CR382125.1/1819986-1819898,1.8771159661236085,3.576910665445072,cdbox
