nameseq,k1,k2,label
AF064279.1/1-82,1.9143278312743255,3.683693257475834,cdbox
AAZN01000148.1/12872-12778,1.9284277114247153,3.8069935035648697,cdbox
AADM01000162.1/1080-1164,1.9530077620510597,3.8011030303967437,cdbox
AAPO01000010.1/296734-296826,1.9755589348333107,3.8654378022410483,cdbox
