nameseq,k1,k2,label
U51033.2/34867-34704,1.9209226064131053,3.810877100816502,cdbox
AABY01000114.1/30471-30635,1.945042902888825,3.8640832211809526,cdbox
AACI02000085.1/17022-16859,1.925482431636673,3.8119636261579464,cdbox
AACH01001819.1/243-406,1.9472216279632404,3.8376939184391237,cdbox
