nameseq,k1,k2,label
AJ010796.1/1-103,1.9459329165656198,3.781316008338579,cdbox
AACF01000013.1/100163-100061,1.8978860969097813,3.6819177432395804,cdbox
CR382124.1/957592-957696,1.9239157982992856,3.75053568672536,cdbox
AAZN01000292.1/2511-2408,1.9305169570743077,3.7330443935834836,cdbox
