nameseq,k1,k2,label
BA000001.2/56302-56359,1.9352575446302007,3.7588565144333073,cdbox
AJ248283.1/65334-65391,1.9244466206226032,3.7363995600179423,cdbox
AP006878.1/1826866-1826924,1.9660155773417944,3.887671840389033,cdbox
AE009950.1/1889551-1889494,1.9261619284440894,3.7087731289548267,cdbox
