nameseq,k1,k2,label
CP002952.1/1713086-1713138,1.9474447165840103,3.596591825520752,cdbox
CP002779.1/1194791-1194843,1.9223208737187636,3.52592697858407,cdbox
AJ248288.1/156856-156803,1.9659902819357726,3.4115401532328535,cdbox
BA000001.2/262667-262720,1.9817014136832012,3.5073433890592183,cdbox
