nameseq,k1,k2,label
BA000001.2/1484845-1484791,1.985672021252437,3.742511752156091,cdbox
AF254825.1/1-53,1.9893390139378797,3.703353729064855,cdbox
CP000077.1/808273-808328,1.9204785627962146,3.6813605155907037,cdbox
U95207.1/9-63,1.8995408608753428,3.7059022630135767,cdbox
