nameseq,k1,k2,label
AE009950.1/1849547-1849600,1.9093718938927116,3.675203708912799,cdbox
AJ248288.1/255929-255876,1.916179340144675,3.642159370714438,cdbox
AP006878.1/1226898-1226844,1.9105274841157138,3.6870217072977645,cdbox
