nameseq,k1,k2,label
AJ248284.1/107848-107786,1.9828694687461397,3.667039561835816,cdbox
BA000001.2/1615276-1615214,1.9905439495031572,3.702777358145868,cdbox
