nameseq,k1,k2,label
AJ248285.1/36404-36458,1.9606081430524753,3.7773520880121643,cdbox
X59857.1/407-462,1.9766212957073799,3.8657552328648186,cdbox
