nameseq,k1,k2,label
BA000001.2/266350-266296,1.9875472476587834,3.4752995383992213,cdbox
AJ248288.1/153186-153240,1.9953806815174855,3.759246420814248,cdbox
D88253.1/2344-2290,1.9776603248136857,3.4987847251425688,cdbox
L22346.1/2711-2655,1.9215261343697252,3.530108717855275,cdbox
