nameseq,k1,k2,label
JF909318.1/1-63,1.9079024822752617,3.6719389573809473,cdbox
