nameseq,k1,k2,label
JF909324.1/1-64,1.9690753436872923,3.715986520247885,cdbox
