nameseq,k1,k2,label
JF909303.1/1-72,1.8380182473274906,3.487349520291706,cdbox
AFXY01000473.1/88470-88399,1.8659790191710581,3.5203083336296643,cdbox
