nameseq,k1,k2,label
JF909322.1/1-77,1.8995126372945428,3.5806052388043432,cdbox
