nameseq,k1,k2,label
AC147499.5/74526-74608,1.8989187706711057,3.6533862934709793,cdbox
BT018726.1/381-464,1.9600570446000272,3.80394731808346,cdbox
AC121328.3/104144-104228,1.909383953036249,3.689088830740387,cdbox
BT018726.1/784-862,1.9629923024072713,3.7891536224814,cdbox
