nameseq,k1,k2,label
AM286188.1/1-127,0.7464814929629859,0.934618291761149,hacabox
DQ789479.1/4-131,0.7388916015625,0.9264058528117056,hacabox
DQ789525.1/3-129,0.7464814929629859,0.934618291761149,hacabox
