nameseq,k1,k2,label
AY948676.1/1-131,0.7485577763533593,0.9331360946745562,hacabox
DQ789464.1/2-132,0.7485577763533593,0.9326627218934911,hacabox
AM051048.1/1-129,0.7480319692326183,0.93359375,hacabox
