nameseq,k1,k2,label
AY948682.1/1-127,0.7395374790749581,0.9286974048878811,hacabox
AM051058.1/1-124,0.7393340270551509,0.9285478220635865,hacabox
DQ789500.1/1-127,0.7345774691549383,0.9239103048626858,hacabox
