nameseq,k1,k2,label
AY948698.1/1-134,0.7383604366228559,0.927921307026966,hacabox
DQ789502.1/2-131,0.7351479289940829,0.9227810828676162,hacabox
