nameseq,k1,k2,label
AY948710.1/1-140,0.7345918367346939,0.9252109104083639,hacabox
DQ789495.1/2-142,0.7281323877068558,0.9227551020408163,hacabox
AAGD02001053.1/226532-226393,0.7358163265306122,0.925210910408364,hacabox
AY948717.1/1-139,0.7286372340976139,0.9245956731779038,hacabox
DQ789494.1/1-141,0.7312509431115135,0.9212244897959183,hacabox
