nameseq,k1,k2,label
AACB02000068.1/10221-10367,0.7454301448470545,0.9308500656783637,hacabox
ACGJ01001903.1/4369-4514,0.748358040908238,0.9306064209274674,hacabox
