nameseq,k1,k2,label
AACB02000002.1/624760-624649,0.7488839285714286,0.931742553364175,hacabox
ACGJ01002311.1/35790-35679,0.7474489795918368,0.9306062819576333,hacabox
