nameseq,k1,k2,label
AF468961.1/1-132,0.7106290174471992,0.9085717615523571,hacabox
AJ248287.2/141310-141179,0.7165977961432507,0.9130004079016374,hacabox
BA000001.2/592118-592247,0.7310059171597634,0.92073793642209,hacabox
