nameseq,k1,k2,label
CP001398.1/1107569-1107637,0.6994328922495274,0.8992214532871973,hacabox
AP006878.1/899083-899151,0.6851501785339214,0.888840830449827,hacabox
AE009950.1/1865162-1865095,0.6682525951557093,0.8848295834261528,hacabox
