nameseq,k1,k2,label
AE009950.1/1226103-1226159,0.6919052016004925,0.8845663265306123,hacabox
AP006878.1/1545183-1545239,0.6654355186211143,0.8686224489795918,hacabox
