nameseq,k1,k2,label
AE009441.1/1238265-1238321,0.6654355186211143,0.8667091836734694,hacabox
CP003316.1/101700-101755,0.7072704081632653,0.9031404958677687,hacabox
CP000504.1/1691249-1691305,0.7134502923976609,0.8998724489795918,hacabox
CP001014.1/1126009-1125953,0.701138811942136,0.889030612244898,hacabox
