nameseq,k1,k2,label
AE009441.1/2183899-2183840,0.7150000000000001,0.9135305946567078,hacabox
CP003316.1/2298976-2299035,0.7238888888888889,0.9198506176386096,hacabox
CP000504.1/2947-3005,0.7268026429187016,0.9209274673008323,hacabox
