nameseq,k1,k2,label
AE009441.1/1001407-1001347,0.7239989250201558,0.905,hacabox
CP001014.1/643411-643351,0.7256113947863478,0.9022222222222223,hacabox
CP000561.1/585996-585937,0.7205555555555556,0.9049123814995691,hacabox
CP000660.1/700317-700377,0.7282988443966676,0.9011111111111112,hacabox
