nameseq,k1,k2,label
AE009441.1/1883703-1883639,0.6991715976331361,0.8994140625,hacabox
CP000660.1/1502849-1502914,0.6652892561983471,0.874792899408284,hacabox
CP000561.1/1673249-1673185,0.6953846153846153,0.89697265625,hacabox
