nameseq,k1,k2,label
AJ632003.1/1-145,0.7207609988109394,0.9192708333333334,hacabox
CU329671.1/2448048-2447904,0.7207609988109394,0.9192708333333334,hacabox
