nameseq,k1,k2,label
AATM01000002.1/50041-50225,0.7420306793279766,0.9299385633270322,hacabox
AATM01000025.1/2059-2243,0.7420306793279766,0.9299385633270322,hacabox
AJ577639.1/1-190,0.7408864265927978,0.927185689090451,hacabox
AATM01000007.1/38232-38049,0.7427930056710774,0.9321269670638119,hacabox
