nameseq,k1,k2,label
AJ632006.1/1-208,0.7420488165680472,0.9319704077107984,hacabox
AATM01000125.1/1699-1489,0.7454010466970643,0.9304761904761905,hacabox
