nameseq,k1,k2,label
AJ632016.1/1-212,0.739809540761837,0.9301228633678489,hacabox
