nameseq,k1,k2,label
AJ632012.1/1-210,0.732108843537415,0.925894553696115,hacabox
CU329672.1/923877-924086,0.732108843537415,0.925894553696115,hacabox
