nameseq,k1,k2,label
AF375471.1/1-99,0.7321701867156412,0.9256559766763848,hacabox
AB032438.1/918-1016,0.7325783083358841,0.9258642232403165,hacabox
AB032439.1/767-865,0.7333945515763698,0.9256559766763849,hacabox
DQ185017.1/645-748,0.7324334319526626,0.9212932415873315,hacabox
AAKO01002130.1/31671-31576,0.7380642361111112,0.927202216066482,hacabox
