nameseq,k1,k2,label
AJ629213.1/2-130,0.7480319692326183,0.931884765625,hacabox
AJ629256.1/2-132,0.7342229473806887,0.9247337278106509,hacabox
AJ629215.1/2-133,0.7264692378328742,0.9222073305751413,hacabox
AJ629214.1/2-135,0.7490532412564046,0.9289388885748205,hacabox
AJ629257.1/2-132,0.7322417108560108,0.9227218934911242,hacabox
