nameseq,k1,k2,label
AAPU01010147.1/87506-87365,0.7380480063479469,0.9218852170413963,hacabox
AANI01014934.1/201555-201413,0.7398894811482224,0.9236262646300337,hacabox
AAPT01021484.1/866747-866600,0.739682249817385,0.92424452774307,hacabox
AASS01007470.1/1742-1886,0.743115338882283,0.9264081790123456,hacabox
AAPP01018740.1/148667-148811,0.7448275862068965,0.9287229938271605,hacabox
