nameseq,k1,k2,label
AC012160.7/76008-75871,0.723062381852552,0.9224785550642016,hacabox
AC012160.7/76359-76220,0.7303061224489795,0.9263495678277522,hacabox
AC012160.7/76180-76044,0.7368533219670734,0.9294982698961938,hacabox
AF426408.1/2971-3114,0.7412229938271604,0.9281627463445645,hacabox
AF426408.1/2797-2940,0.7406442901234568,0.9263044647660033,hacabox
