nameseq,k1,k2,label
CT963106.2/109334-109194,0.7237060510034707,0.9189795918367347,hacabox
BABX01073478.1/2260-2117,0.7236689814814814,0.9178932955156731,hacabox
CACC01011386.1/29905-29765,0.7087168653488255,0.909795918367347,hacabox
AGQN01031781.1/5472-5330,0.6966599833732701,0.9052767308073795,hacabox
AFAN01000020.1/1148380-1148530,0.7190912679268453,0.9195555555555556,hacabox
