nameseq,k1,k2,label
AJ609455.1/1-133,0.738425009893154,0.9195362718089991,hacabox
AJ278435.1/9043-9175,0.7393295268245803,0.9238980716253443,hacabox
AC132358.3/106983-106852,0.7397842056932966,0.9264028902744595,hacabox
AAHX01070284.1/5211-5345,0.7341563786008231,0.9218088661171753,hacabox
AAIY01236626.1/2232-2365,0.7368010692804634,0.9177454915484199,hacabox
