nameseq,k1,k2,label
AJ505681.1/1-83,0.7037305849905646,0.907792980368828,hacabox
