nameseq,k1,k2,label
AC008581.11/95393-95256,0.7371350556605756,0.9206670573818531,hacabox
ABDC01238968.1/714-577,0.743121193026675,0.9217326442538227,hacabox
AAQQ01634086.1/1372-1509,0.7453266120562907,0.9276999307368533,hacabox
AAPY01231828.1/609-746,0.7380802352446965,0.9193883531354894,hacabox
AAFC03042691.1/8218-8081,0.7339844570468389,0.9184293249507166,hacabox
