nameseq,k1,k2,label
EU379009.1/172-328,0.735770213801777,0.9242274819197897,hacabox
AENI01002408.1/123894-123737,0.73225444640282,0.9221469430808552,hacabox
AFAN01000028.1/556194-556354,0.7246634003317773,0.918828125,hacabox
ACYM01102254.1/4052-3899,0.7445606341710238,0.9210132854884874,hacabox
AEKW01011406.1/14938-15087,0.7442666666666666,0.9284266474483132,hacabox
