nameseq,k1,k2,label
AJ609453.1/1-134,0.7493873914012029,0.9272429193283962,hacabox
AC013416.4/54383-54515,0.7481485669059869,0.9248163452708907,hacabox
AC020634.16/18995-18865,0.748091603053435,0.9249704142011834,hacabox
AL603787.8/33357-33225,0.7496184069195546,0.9245867768595041,hacabox
AC112261.4/56192-56327,0.7455666089965398,0.9221399176954732,hacabox
