nameseq,k1,k2,label
AJ505676.1/1-103,0.7271184843057781,0.9192618223760092,hacabox
AC189545.1/54648-54751,0.7255917159763314,0.9192195305872373,hacabox
AARH01003329.1/32990-33097,0.7265089163237312,0.9221766093108569,hacabox
AM424485.2/33101-33205,0.7254421768707483,0.917344674556213,hacabox
AC155101.19/100263-100159,0.713469387755102,0.9134615384615384,hacabox
