nameseq,k1,k2,label
U66590.1/515-647,0.7484877607552717,0.9288337924701561,hacabox
Y11160.1/1-133,0.7460003391938493,0.9276859504132231,hacabox
AL162740.13/8947-9079,0.745887274577421,0.9287190082644629,hacabox
ABDC01226271.1/3744-3876,0.7435129176324269,0.9287190082644629,hacabox
AAFC03018486.1/23431-23299,0.7445304991802816,0.9317033976124885,hacabox
