nameseq,k1,k2,label
AC073153.16/108503-108650,0.7260774287801315,0.9198944884076079,hacabox
AP001458.6/72689-72837,0.7252826449259042,0.918553688823959,hacabox
BC027679.1/72-219,0.7260774287801315,0.9198944884076079,hacabox
AANG01067663.1/173-320,0.7097333820306794,0.9085103429126753,hacabox
AAFC03050887.1/142806-142954,0.7223998918967613,0.920836376917458,hacabox
