nameseq,k1,k2,label
AFSP01066114.1/1322-1172,0.7406692688917152,0.9281777777777778,hacabox
AASG02003814.1/14641-14787,0.7493174140404462,0.9326327641208482,hacabox
ACYM01129633.1/2287-2137,0.7467216350160081,0.9301333333333334,hacabox
AEKV01000424.1/18275-18422,0.7444302410518627,0.930630755703642,hacabox
AARH01006065.1/328881-329029,0.7466330345479932,0.9296018991964938,hacabox
