nameseq,k1,k2,label
AJ505682.1/1-130,0.7413017751479289,0.9278288564389159,hacabox
AARH01010739.1/167276-167404,0.7434649360014423,0.9251708984375,hacabox
AASG02008398.1/9109-8983,0.7409014818029636,0.9240362811791383,hacabox
AM485814.2/5099-4974,0.7367094986142605,0.920064,hacabox
AC162440.26/27224-27101,0.7388137356919875,0.920616035428647,hacabox
