nameseq,k1,k2,label
AC122188.4/123823-124068,0.7391103179324476,0.9250145772594752,hacabox
X77337.1/5898-6146,0.7356332962371575,0.9277770551508845,hacabox
AC140410.3/155965-155720,0.7391103179324476,0.9250145772594752,hacabox
AC013283.23/46245-46493,0.7349881453524942,0.926931581685744,hacabox
AAFC03044145.1/50535-50782,0.7362447970863684,0.9278631021652544,hacabox
