nameseq,k1,k2,label
AJ609447.1/1-134,0.7437068389396302,0.9229464639041212,hacabox
AC016876.10/19660-19526,0.7438134430727024,0.9233682334595679,hacabox
AC141001.6/11830-11964,0.7382167352537723,0.9204722655379818,hacabox
BS000596.1/82219-82353,0.7379972565157751,0.922699933169971,hacabox
AP005270.2/124772-124639,0.7418133214524393,0.9226072700548363,hacabox
