nameseq,k1,k2,label
AJ609451.1/1-130,0.7435502958579882,0.9268673757586683,hacabox
AL670276.13/34787-34916,0.7437869822485207,0.9278288564389159,hacabox
AL807234.6/143918-143791,0.748779296875,0.9275218550437101,hacabox
AL929545.8/89263-89392,0.7497041420118343,0.9266270055886064,hacabox
ABDC01019451.1/1606-1737,0.7475895316804408,0.9302488199988346,hacabox
