nameseq,k1,k2,label
AM055742.1/1-134,0.7396970372020495,0.9280343716433942,hacabox
AAFC03012751.1/570-436,0.7427160493827161,0.931053686789931,hacabox
ABDC01105195.1/1988-2122,0.7407407407407407,0.9304967698819336,hacabox
AADA01032425.1/12845-12711,0.7382167352537723,0.9281577188683449,hacabox
AAIY01155199.1/1916-1782,0.739753086419753,0.9278235687235464,hacabox
