nameseq,k1,k2,label
Z75093.1/322-141,0.7244897959183674,0.9213393974542902,hacabox
AABY01000157.1/7666-7486,0.725985165287995,0.9232098765432099,hacabox
AACH01000064.1/11375-11554,0.7251234567901235,0.9243781405074748,hacabox
AACA01000382.1/3439-3617,0.7324365656502606,0.9257038252745865,hacabox
AACI02000001.1/14209-14385,0.7288454786300234,0.9225206611570248,hacabox
