nameseq,k1,k2,label
Z28287.1/412-62,0.7184844278861373,0.9178448979591837,hacabox
AABY01000005.1/88923-89269,0.7213248179122823,0.917103812355909,hacabox
AACG02000132.1/12491-12835,0.7355765595463137,0.9263284207679827,hacabox
AACH01000061.1/2082-2427,0.7282067559891744,0.9225792900651124,hacabox
