nameseq,k1,k2,label
Z71666.1/727-896,0.7226989619377162,0.9192955428731487,hacabox
AACA01000197.1/7672-7842,0.7265825382168873,0.9226297577854672,hacabox
AACI02000264.1/1524-1695,0.734518658734451,0.9278752436647173,hacabox
AACH01000736.1/1244-1414,0.7303443794671866,0.9235294117647059,hacabox
AACF01000082.1/45350-45178,0.7489057435931705,0.9328015143320714,hacabox
