nameseq,k1,k2,label
X59720.2/107708-107500,0.7342780613996932,0.9275147928994083,hacabox
AABZ01000112.1/9647-9855,0.7331791854582084,0.9274685650887574,hacabox
AABY01000162.1/1359-1151,0.7322176690094091,0.9261279585798816,hacabox
AACI02000137.1/4593-4383,0.730486736596213,0.9258049886621316,hacabox
AACG02000009.1/53495-53284,0.7317105731577074,0.9228004761797803,hacabox
