nameseq,k1,k2,label
U33057.1/55298-54749,0.7208462809917355,0.9164999452556561,hacabox
AABZ01000102.1/5093-4533,0.7120973814902724,0.9119132653061225,hacabox
AACG02000122.1/7707-7140,0.721266861733783,0.9165352469291328,hacabox
AAEG01000088.1/36121-36653,0.7187606700717029,0.9149542088303466,hacabox
AABY01000065.1/22048-22610,0.71446103562178,0.9127923911804562,hacabox
