nameseq,k1,k2,label
AAHK01000100.1/7901-7970,0.7391836734693877,0.9241755933627389,hacabox
AAHA01000001.1/3203800-3203735,0.7451790633608815,0.9311242603550296,hacabox
FR798992.1/176034-175968,0.7337937179772778,0.9178145087235996,hacabox
