nameseq,k1,k2,label
AAHK01000100.1/7483-7548,0.7304866850321395,0.9244970414201183,hacabox
