nameseq,k1,k2,label
FR796426.1/380009-380073,0.74698224852071,0.92138671875,hacabox
FN554974.1/4230305-4230238,0.7422145328719723,0.9244820672755625,hacabox
HE575324.1/4513176-4513109,0.7262110726643598,0.9133437291156159,hacabox
AAHK01000645.1/3393-3461,0.7448015122873346,0.926038062283737,hacabox
