nameseq,k1,k2,label
AAHK01023180.1/143-203,0.7293738242407954,0.915,hacabox
FR799008.1/635706-635771,0.7382920110192837,0.9192899408284023,hacabox
FN554972.1/1641980-1642041,0.722684703433923,0.9153453372749261,hacabox
