nameseq,k1,k2,label
AAHK01002462.1/4028-3959,0.7053061224489796,0.9103129594622978,hacabox
FR796458.1/633802-633887,0.707409410492158,0.911833910034602,hacabox
FN554972.1/374434-374365,0.7351020408163265,0.9258559126233984,hacabox
FR798998.1/764012-763927,0.702271498107085,0.9098961937716263,hacabox
