nameseq,k1,k2,label
X66432.1/1-127,0.7278814557629115,0.9245401864449484,hacabox
