nameseq,k1,k2,label
EF503649.1/1-113,0.7112538178400815,0.9154974489795918,hacabox
