nameseq,average,median,maximum,minimum,peak,none_levated_peak,sample_standard_deviation,population_standard_deviation,percentile15,percentile25,percentile50,percentile75,amplitude,variance,interquartile_range,semi_interquartile_range,coefficient_of_variation,skewness,kurtosis,label
BC028232.1/151-277,131247.99999999994,1562.9210660122485,10630800.0,623.9978198361462,0.000322544597504978,0.2629639889378863,969350.0040088717,973189.0289495713,945.5117584841636,1060.9036454668108,1562.9210660122485,5376.0932563774495,10630176.002180165,947096886067.8094,4315.189610910638,2157.594805455319,7.3856363830981975,0.4013568217805489,0.07039879174501512,hacabox
ABDC01310736.1/270-396,83871.99999999997,1126.0365964033383,6598872.0,382.6286885138511,0.0005047373775912504,0.3050956620262682,602720.8802090732,605107.9029375343,559.4570295933418,764.3663765081732,1126.0365964033383,4235.511113071687,6598489.371311486,366155574197.4603,3471.1447365635136,1735.5723682817568,7.1861989723516,0.4118621046025161,0.07160664008636865,hacabox
AANG01147281.1/396-522,77159.99999999999,972.2222398838271,5533640.0,227.895759885328,0.0005486435113184726,0.3197724463315648,518296.06658742833,520348.73230988847,521.6723745653082,662.488247133158,972.2222398838271,2895.0895196061592,5533412.104240115,270762803216.50797,2232.6012724730012,1116.3006362365006,6.717160012797154,0.44098990522011516,0.05578258174799822,hacabox
AAFC03057820.1/30291-30417,36640.00000000001,622.4290722335585,2544392.0,110.88681899182255,0.0011553857350800581,0.40362845767912453,239883.4521345731,240833.4893262965,299.48701449070217,362.02984802780566,622.4290722335585,2549.053958240467,2544281.113181008,58000769581.07937,2187.0241102126615,1093.5120551063308,6.547037449087693,0.45043837672755543,0.0831487352637568,hacabox
AANU01174700.1/2922-2796,18927.99999999999,478.48475831804586,1137592.0,104.1602610074085,0.0022365455057762763,0.47000792296028315,109468.81492004926,109902.35647776203,223.6899685324844,262.7248147990158,478.48475831804586,2025.5379842495279,1137487.8397389925,12078527959.365082,1762.813169450512,881.406584725256,5.783432740915539,0.5056101663790709,0.11971469200574159,hacabox
