nameseq,average,median,maximum,minimum,peak,none_levated_peak,sample_standard_deviation,population_standard_deviation,percentile15,percentile25,percentile50,percentile75,amplitude,variance,interquartile_range,semi_interquartile_range,coefficient_of_variation,skewness,kurtosis,label
AY948646.1/1-142,152628.99999999988,1049.901754982141,17726595.0,308.03246172682145,0.00031012018249044,0.2835393427746216,1485434.424463766,1490692.6158603102,523.4205075895542,664.6501032393616,1049.901754982141,3084.7218577208214,17726286.967538275,2222164474980.454,2420.0717544814597,1210.0358772407299,9.732321016738412,0.3061308444492331,0.056306245953565724,hacabox
AAGD02009255.1/32794-32653,133325.00000000006,1719.0356770794729,13511099.0,540.9051885171144,0.00035502218888680526,0.2901219180504927,1142038.161844866,1146080.787448689,854.4716141688932,945.1725479752042,1719.0356770794729,4505.038210426955,13510558.094811482,1313501171359.007,3559.8656624517507,1779.9328312258754,8.565821577685096,0.34571339746735513,0.04789153745192463,hacabox
DQ789505.1/1-143,99296.0,1328.3852484105178,10168384.0,250.34919778815288,0.00048004619185734233,0.3223897441343521,856843.9544794606,859855.7175599001,652.2513329935732,747.6236096769546,1328.3852484105178,4785.598231189921,10168133.650802212,739351855020.4507,4037.974621512966,2018.987310756483,8.629189035605267,0.3430062646976563,0.08248663817168515,hacabox
