nameseq,average,median,maximum,minimum,peak,none_levated_peak,sample_standard_deviation,population_standard_deviation,percentile15,percentile25,percentile50,percentile75,amplitude,variance,interquartile_range,semi_interquartile_range,coefficient_of_variation,skewness,kurtosis,label
AY948601.1/1-137,20519.000000000022,347.2707255717719,1893275.0,13.405333692838298,0.0022255795441623186,0.5560572616873116,162988.51855268824,163586.64356658937,142.07765926549817,202.8409870193085,347.2707255717719,795.3780649345581,1893261.594666307,26760589953.382355,592.5370779152496,296.2685389576248,7.943297361113508,0.3712849736941587,0.05459154983301582,hacabox
DQ789470.1/1-139,28269.999999999993,371.04969573588994,2816388.0,59.30223032019236,0.0016389576700860753,0.5501031229593115,240314.9557684665,241184.0904526929,148.39915138179828,205.91117785561613,371.04969573588994,1427.415772038928,2816328.6977696796,58169765487.49275,1221.5045941833118,610.7522970916559,8.500705899132173,0.34827982571933963,0.13533188541118604,hacabox
AM051030.1/1-135,18803.999999999993,332.6547242980612,1658384.0,5.269093064060519,0.002393107849393747,0.5693135181001093,144073.65364979123,144610.24267154242,124.4175180240992,199.73174238014133,332.6547242980612,1141.8740534803205,1658378.7309069359,20912122285.52239,942.1423111001792,471.0711555500896,7.6618620320033655,0.38462296487464764,0.07725071465296443,hacabox
