nameseq,average,median,maximum,minimum,peak,none_levated_peak,sample_standard_deviation,population_standard_deviation,percentile15,percentile25,percentile50,percentile75,amplitude,variance,interquartile_range,semi_interquartile_range,coefficient_of_variation,skewness,kurtosis,label
DQ789461.1/2-136,17204.0,319.0380508715954,1374432.0,44.7168198590907,0.002615670774238549,0.5780627677602946,121372.52702321064,121824.56779467026,122.53690573553692,164.57509525819154,319.0380508715954,1245.6439892234816,1374387.283180141,14841225318.35821,1081.06889396529,540.534446982645,7.054901594002014,0.4173505083048838,0.11049720097874687,hacabox
AAGD02001955.1/2837-2971,25484.00000000003,322.8395574563765,2021064.0,30.490815617270023,0.0017658138439805347,0.5291757297980475,180431.53550308218,181103.53609913844,127.85668519558291,142.40067577447547,322.8395574563765,888.3806940076167,2021033.5091843826,32798490787.611942,745.9800182331412,372.9900091165706,7.080188961822397,0.41834971429560064,0.1329820311343046,hacabox
