nameseq,average,median,maximum,minimum,peak,none_levated_peak,sample_standard_deviation,population_standard_deviation,percentile15,percentile25,percentile50,percentile75,amplitude,variance,interquartile_range,semi_interquartile_range,coefficient_of_variation,skewness,kurtosis,label
AY948691.1/1-139,9750.000000000007,263.4732389849777,666484.0,32.13556628040986,0.004752136752136748,0.7299867189637874,60652.4554325709,60871.81403441645,92.45222368295902,118.54543216125994,263.4732389849777,936.5306694696487,666451.8644337195,3705377743.8405795,817.9852373083888,408.9926186541944,6.2207646597508575,0.46922387692423156,0.09444939651414426,hacabox
DQ789463.1/2-141,12645.999999999993,193.7526507840335,1153604.0,19.611531487159446,0.0036902314302282692,0.7176997458344917,98715.46028864982,99069.91550553267,98.16311375116047,123.32148317722323,193.7526507840335,820.2543719941089,1153584.3884685128,9814848158.273382,696.9328888168857,348.46644440844284,7.806062018713417,0.3784284846407499,0.07746189275305135,hacabox
