nameseq,average,median,maximum,minimum,peak,none_levated_peak,sample_standard_deviation,population_standard_deviation,percentile15,percentile25,percentile50,percentile75,amplitude,variance,interquartile_range,semi_interquartile_range,coefficient_of_variation,skewness,kurtosis,label
AY948705.1/1-134,23848.999999999993,501.1262216898533,1331459.0,97.32092564472475,0.001872894740520218,0.49256631840406623,134874.43767445337,135380.53490353376,202.67491424599234,326.3816239971419,501.1262216898533,1455.6705740453733,1331361.6790743552,18327889230.76692,1129.2889500482315,564.6444750241158,5.655349812338186,0.5193246588652686,0.061827112683655934,hacabox
DQ789482.1/2-135,59224.999999999985,1052.7138353367452,4838195.0,301.11823077539225,0.000754186013789222,0.3585746460063348,431863.0451080527,433483.55003278103,517.4556832903464,588.0280160769239,1052.7138353367452,2506.501144211305,4837893.881769225,187907988149.02255,1918.473128134381,959.2365640671906,7.291904518498148,0.4041023201008675,0.054138345457060574,hacabox
AAGD02002634.1/3105-2972,56576.99999999997,723.9185068010272,5246531.0,115.0,0.000789484537297253,0.3996105159196475,457929.57741775096,459647.89331393637,312.0367959848314,439.71329859793474,723.9185068010272,2633.8563708868605,5246416.0,211276185827.93985,2194.143072288926,1097.071536144463,8.09391762408313,0.3659061409058957,0.07510623238004827,hacabox
DQ789492.1/2-135,64448.999999999985,972.8161157832283,5797739.0,171.0,0.0006930544564953168,0.37313253717078354,508969.8015265739,510879.6386364044,407.744650137782,513.3022486677513,972.8161157832283,2810.8747432132673,5797568.0,260998005173.26315,2297.572494545516,1148.786247272758,7.897249011258111,0.374145088925689,0.05069597404958075,hacabox
AY948709.1/1-134,43792.999999999935,715.4704018379764,3812971.0,123.0,0.0010199499158921913,0.4310272658589678,335826.65462110064,337086.7965893312,293.5959086826756,418.7529967426931,715.4704018379764,2421.0804316733966,3812848.0,113627508434.85715,2002.3274349307035,1001.1637174653517,7.668500779145095,0.38481933168852744,0.07054037414780179,hacabox
