nameseq,average,median,maximum,minimum,peak,none_levated_peak,sample_standard_deviation,population_standard_deviation,percentile15,percentile25,percentile50,percentile75,amplitude,variance,interquartile_range,semi_interquartile_range,coefficient_of_variation,skewness,kurtosis,label
DQ789486.1/2-127,94588.99999999994,1237.7202944594715,8137091.0,237.52215490221096,0.0004440262609817212,0.255849359803673,733346.2066323109,736273.7480395834,582.2948558003616,691.6151387594791,1237.7202944594715,3711.1960393430636,8136853.477845098,542099032052.256,3019.5809005835845,1509.7904502917922,7.7529755746684215,0.38188489499753603,0.07779940920360127,hacabox
AY948704.1/1-126,85077.00000000004,1188.1612437386298,7125155.0,314.7862466940851,0.0004936704397193128,0.2937768442965692,647124.5467126092,649707.888508108,643.8006111907671,738.8195801581064,1188.1612437386298,3647.917889371508,7124840.213753306,422120340389.664,2909.0983092134015,1454.5491546067008,7.6063395125898765,0.3888996601152736,0.07970475661364017,hacabox
