nameseq,average,median,maximum,minimum,peak,none_levated_peak,sample_standard_deviation,population_standard_deviation,percentile15,percentile25,percentile50,percentile75,amplitude,variance,interquartile_range,semi_interquartile_range,coefficient_of_variation,skewness,kurtosis,label
AACB02000068.1/10221-10367,25537.99999999999,356.78647532583886,1556836.0,68.42884188197411,0.0019187093742658009,0.5240885040679107,154564.6880564898,155093.1158819079,157.44621169710348,188.9625764236111,356.78647532583886,1291.7091115878477,1556767.571158118,24053874593.958908,1102.7465351642365,551.3732675821183,6.05234114090727,0.4887509658507058,0.05060856061459298,hacabox
ACGJ01001903.1/4369-4514,22406.999999999967,308.8180250740918,2182899.0,39.858843304369515,0.0021719403162702164,0.5968100530934756,183081.3905780705,183711.62098087504,121.71765947409594,165.1438308333088,308.8180250740918,925.237164934772,2182859.141156696,33749959683.42069,760.0933341014631,380.04666705073157,8.170723014150523,0.3621042297934042,0.06132721695221583,hacabox
