nameseq,average,median,maximum,minimum,peak,none_levated_peak,sample_standard_deviation,population_standard_deviation,percentile15,percentile25,percentile50,percentile75,amplitude,variance,interquartile_range,semi_interquartile_range,coefficient_of_variation,skewness,kurtosis,label
AACB02000040.1/79498-79351,185770.0000000001,2670.9586951716374,16221572.0,1111.9949646939185,0.0002655613572338554,0.24043121875014745,1390654.0992108716,1395376.1980258154,1407.2522912183388,1735.5268455950281,2670.9586951716374,9945.782088012664,16220460.005035305,1947074734016.9795,8210.255242417636,4105.127621208818,7.48589168978237,0.39499191368017733,0.09537381031648784,hacabox
ACGJ01002360.1/10522-10369,113595.0,1519.3583714010429,11567419.0,500.68218930422995,0.0004518978241413208,0.3302919456347324,944191.7579284412,947272.3264979074,770.2938950871909,878.4482989275011,1519.3583714010429,4561.8091968165845,11566918.317810696,897324860548.7582,3683.3608978890834,1841.6804489445417,8.311913006104504,0.3561002540664827,0.05293936266377222,hacabox
