nameseq,average,median,maximum,minimum,peak,none_levated_peak,sample_standard_deviation,population_standard_deviation,percentile15,percentile25,percentile50,percentile75,amplitude,variance,interquartile_range,semi_interquartile_range,coefficient_of_variation,skewness,kurtosis,label
AE009441.1/724028-724085,14099.000000000004,375.054729922632,638195.0,41.746600165211234,0.0013712556446083641,0.28114701096761235,83172.25429192118,83898.66331787602,156.87376921250157,195.49731671720411,375.054729922632,1039.839817387696,638153.2533998347,7038985706.526316,844.342500670492,422.171250335246,5.899159819272371,0.4950188757145576,0.1158545454331345,hacabox
CP001014.1/224637-224694,20115.0,566.5918363179865,909803.0,99.0,0.0009611401110282542,0.2695703870530676,118568.82536316196,119604.38061742218,228.4744534169101,264.417692236227,566.5918363179865,1320.4578176483644,909704.0,14305207862.877193,1056.0401254121375,528.0200627060688,5.894547619346853,0.4946091378692739,0.10041437835137167,hacabox
CP000504.1/1173049-1172992,8795.0,291.0393430444243,358531.0,26.51558987523976,0.002198218684858821,0.3250521479777035,46968.22785671182,47378.43850855336,140.33565409603995,180.79322673389126,291.0393430444243,991.0316137256088,358504.4844101248,2244716435.508772,810.2383869917176,405.1191934958588,5.340332900137785,0.5431731861099173,0.15840498599519068,hacabox
CP003316.1/1875733-1875794,16821.000000000004,445.89411214956016,792371.0,90.4893420737445,0.0012286229514693933,0.2697102164903415,100021.40601891179,100837.9208403755,201.44454732377335,248.70999223297684,445.89411214956016,1112.6417388208938,792280.5106579262,10168286279.409836,863.9317465879169,431.96587329395845,5.9462223422455125,0.49114804139288787,0.052127079233835555,hacabox
CP000561.1/255861-255803,16893.999999999996,510.6251208600181,714732.0,115.25632537905976,0.001164121384317904,0.24465242151803546,92795.75407312557,93592.29876087469,201.21557490564598,241.20319459757252,510.6251208600181,919.8272596220352,714616.743674621,8759518387.344828,678.6240650244627,339.3120325122313,5.4928231368015625,0.5296591975392355,0.03479334060177735,hacabox
