nameseq,average,median,maximum,minimum,peak,none_levated_peak,sample_standard_deviation,population_standard_deviation,percentile15,percentile25,percentile50,percentile75,amplitude,variance,interquartile_range,semi_interquartile_range,coefficient_of_variation,skewness,kurtosis,label
AE009441.1/1238265-1238321,27463.000000000007,544.6108741595338,1148275.0,202.8903257470315,0.0006918399300877543,0.22108855473830144,151747.3200422334,153096.21163666985,322.7953494306873,371.85465379587595,544.6108741595338,1895.2469826613021,1148072.109674253,23438450017.5,1523.3923288654262,761.6961644327131,5.525518699422253,0.5321686561254995,0.04892173545020467,hacabox
CP003316.1/101700-101755,13604.000000000004,343.02309612002125,569232.0,65.51211912736477,0.001372145447417426,0.28272492477860844,75578.59538255524,76262.57851302004,143.77471123986578,193.9984361799884,343.02309612002125,1002.2465359836197,569166.4878808727,5815980881.454545,808.2480998036312,404.1240499018156,5.5556156558773315,0.5263782756251446,0.036226759878726526,hacabox
CP000504.1/1691249-1691305,11287.000000000004,280.6134754341256,482867.0,59.5788954294521,0.0016833525294586687,0.28953022427052044,63402.05047157387,63965.63533704194,146.12535837581632,165.2270389416661,280.6134754341256,1309.088502359773,482807.42110457056,4091602504.071429,1143.861463418107,571.9307317090535,5.617263264957371,0.5207900900382028,0.05537399994665528,hacabox
CP001014.1/1126009-1125953,16735.0,338.01361730579106,700251.0,104.12526023375229,0.0011353450851508814,0.2614281022315256,92286.76110905615,93107.10400738956,140.54039355192057,194.36706191321383,338.01361730579106,1180.8483040533338,700146.8747397662,8668932816.642857,986.48124214012,493.24062107006,5.514595823666338,0.5330229228648863,0.030738407298239036,hacabox
