nameseq,average,median,maximum,minimum,peak,none_levated_peak,sample_standard_deviation,population_standard_deviation,percentile15,percentile25,percentile50,percentile75,amplitude,variance,interquartile_range,semi_interquartile_range,coefficient_of_variation,skewness,kurtosis,label
AE009441.1/648915-648982,38714.000000000015,693.172286662851,2063668.0,183.06622704011232,0.0005854901758192556,0.23525521086688655,249078.4837676671,250930.39390356245,376.4773172370546,465.6133282271295,693.172286662851,2289.601830581015,2063484.93377296,62966062584.597015,1823.9885023538855,911.9942511769427,6.43380905532022,0.45793792147219564,0.06399412634873038,hacabox
CP001014.1/177705-177772,39625.999999999985,693.9275170953083,2144556.0,132.64745819560503,0.0005720150069819482,0.21586607881262854,258648.97127187645,260572.0384284282,363.4154387950704,381.0456979456373,693.9275170953083,2217.533824023808,2144423.3525418043,67897787210.74627,1836.4881260781706,918.2440630390853,6.527254107703945,0.45156265990304195,0.05461859613865614,hacabox
CP000504.1/1136982-1136915,28609.999999999985,379.6282982659679,1559364.0,84.38561019859631,0.0007922637772340678,0.25037677833340216,187890.90469738017,189287.88233104922,197.64709684530268,226.1904751465675,379.6282982659679,1413.6216414248377,1559279.6143898014,35829902397.37313,1187.4311662782702,593.7155831391351,6.567315788094382,0.45074622021543187,0.04338172778284021,hacabox
CP000660.1/236305-236238,33738.00000000002,648.4565857738908,1782788.0,120.93520955788769,0.0006718438160728748,0.22660707993777776,215116.8405216105,216716.2442570827,276.1381007330995,375.3183462749808,648.4565857738908,2156.4812744346527,1782667.0647904421,46965930524.89552,1781.162928159672,890.581464079836,6.376099369304948,0.46146377941389455,0.05267163054864646,hacabox
