nameseq,average,median,maximum,minimum,peak,none_levated_peak,sample_standard_deviation,population_standard_deviation,percentile15,percentile25,percentile50,percentile75,amplitude,variance,interquartile_range,semi_interquartile_range,coefficient_of_variation,skewness,kurtosis,label
AJ632006.1/1-208,181175.99999999968,1024.827923647801,31424456.0,267.9441136244806,0.00038268497667093575,0.49283275442305025,2180449.901817512,2185710.343484009,443.02902720618977,578.1684831751501,1024.827923647801,2931.953318672551,31424188.055886377,4777329705612.985,2353.784835497401,1176.8924177487006,12.03498201647854,0.24786330370560727,0.06026425483370393,hacabox
AATM01000125.1/1699-1489,58938.0,765.2223278210812,7317684.0,159.49732637078898,0.0011933444184284048,0.6100819299075171,523306.2201139979,524550.7075316479,359.0264133632411,434.32729085369465,765.2223278210812,2260.3659170298433,7317524.50267363,275153444771.9524,1826.0386261761487,913.0193130880743,8.878927349316195,0.3334917994640297,0.07298158831278181,hacabox
