nameseq,average,median,maximum,minimum,peak,none_levated_peak,sample_standard_deviation,population_standard_deviation,percentile15,percentile25,percentile50,percentile75,amplitude,variance,interquartile_range,semi_interquartile_range,coefficient_of_variation,skewness,kurtosis,label
CU329671.1/3393616-3393802,156973.9999999999,979.4649853425944,24669364.0,150.93151927118956,0.00039709336153333273,0.37824183925762844,1801547.7016537753,1806384.080024782,456.07370911151554,662.4311266320301,979.4649853425944,2910.7446221951923,24669213.06848073,3263023444566.9785,2248.313495563162,1124.156747781581,11.476726729609847,0.25976753466720576,0.06325828272089884,hacabox
AATM01000023.1/268758-268938,145309.00000000023,1344.4765178642192,20873963.0,299.48289200780397,0.00041520713330442876,0.35458918314756255,1550527.2362219244,1554828.290909296,552.6621948564211,700.7470786485823,1344.4765178642192,4180.902851466488,20873663.517107993,2417491014211.9224,3480.1557728179055,1740.0778864089527,10.670551970090786,0.27854626501033086,0.06007440530903049,hacabox
