nameseq,average,median,maximum,minimum,peak,none_levated_peak,sample_standard_deviation,population_standard_deviation,percentile15,percentile25,percentile50,percentile75,amplitude,variance,interquartile_range,semi_interquartile_range,coefficient_of_variation,skewness,kurtosis,label
AJ632000.1/1-167,73355.99999999991,772.8698660717358,6513800.0,102.10640357850676,0.0007588563534907401,0.4317514507017771,554421.147269835,556088.5830566059,349.30099745163,426.88605054603113,772.8698660717358,3220.3346053650007,6513697.893596422,309234512205.9037,2793.4485548189696,1396.7242774094848,7.55795227752107,0.39275087444636486,0.08416968930500543,hacabox
AATM01000018.1/5521-5685,22676.999999999993,432.8394121293216,1851515.0,50.65051764141572,0.002425364907174671,0.6399610567644569,153207.6129766403,153673.99948310756,158.86712387317192,226.38107298806392,432.8394121293216,1367.8010516683146,1851464.3494823587,23615698117.134144,1141.4199786802506,570.7099893401253,6.7560794186462205,0.43556896727962713,0.06432293264325914,hacabox
