nameseq,average,median,maximum,minimum,peak,none_levated_peak,sample_standard_deviation,population_standard_deviation,percentile15,percentile25,percentile50,percentile75,amplitude,variance,interquartile_range,semi_interquartile_range,coefficient_of_variation,skewness,kurtosis,label
AJ632003.1/1-145,142179.00000000015,1522.607553580047,15225923.0,436.54920328542516,0.0003399470620368218,0.315039308837809,1272501.1352230695,1276911.8976174295,795.9949379969665,905.9603794431263,1522.607553580047,5606.104362339464,15225486.450796714,1630503994276.9446,4700.1439828963385,2350.0719914481692,8.949993566019371,0.33160613036725434,0.09940693179290831,hacabox
CU329671.1/2448048-2447904,142179.00000000015,1522.607553580047,15225923.0,436.54920328542516,0.0003399470620368218,0.315039308837809,1272501.1352230695,1276911.8976174295,795.9949379969665,905.9603794431263,1522.607553580047,5606.104362339464,15225486.450796714,1630503994276.9446,4700.1439828963385,2350.0719914481692,8.949993566019371,0.33160613036725434,0.09940693179290831,hacabox
