nameseq,average,median,maximum,minimum,peak,none_levated_peak,sample_standard_deviation,population_standard_deviation,percentile15,percentile25,percentile50,percentile75,amplitude,variance,interquartile_range,semi_interquartile_range,coefficient_of_variation,skewness,kurtosis,label
AATM01000002.1/50041-50225,91439.00000000004,904.1497239915708,12178451.0,65.7925770938578,0.0006744022426608628,0.44052826831525305,900380.2667873169,902823.6369967883,393.24926092524623,484.48665564384237,904.1497239915708,3478.2202680866058,12178385.207422907,815090519520.1086,2993.7336124427634,1496.8668062213817,9.846786018955987,0.30165537922898794,0.10886821679041783,hacabox
AATM01000025.1/2059-2243,91439.00000000004,904.1497239915708,12178451.0,65.7925770938578,0.0006744022426608628,0.44052826831525305,900380.2667873169,902823.6369967883,393.24926092524623,484.48665564384237,904.1497239915708,3478.2202680866058,12178385.207422907,815090519520.1086,2993.7336124427634,1496.8668062213817,9.846786018955987,0.30165537922898794,0.10886821679041783,hacabox
AJ577639.1/1-190,135861.00000000003,1004.385419412722,20554691.0,131.0,0.0004661627202312166,0.4343888134427066,1491818.460139839,1495759.863204606,437.1511572087357,525.402505063101,1004.385419412722,3477.8426633095496,20554560.0,2237297568373.8623,2952.440158246449,1476.2200791232244,10.980476075841034,0.27119241017022855,0.13800973402593886,hacabox
AATM01000007.1/38232-38049,95932.00000000001,934.0219565047494,12863440.0,61.55230257284049,0.0006393417559660314,0.46453629678138203,955774.6248901987,958382.4731885804,313.67930298091744,408.26247623127364,934.0219565047494,2924.1709634012004,12863378.447697427,918496964915.06,2515.908487169927,1257.9542435849635,9.96304283127839,0.29818110536595016,0.1310756406363855,hacabox
