nameseq,average,median,maximum,minimum,peak,none_levated_peak,sample_standard_deviation,population_standard_deviation,percentile15,percentile25,percentile50,percentile75,amplitude,variance,interquartile_range,semi_interquartile_range,coefficient_of_variation,skewness,kurtosis,label
AK229744.1/602-742,68169.00000000003,727.1979684045522,7282891.0,130.60454866864296,0.0006894629523683783,0.391975920822826,616093.536909778,618289.9557726132,271.4471659531932,329.0292863237361,727.1979684045522,1973.5599920721713,7282760.3954513315,382282469409.3,1644.5307057484351,822.2653528742176,9.037737636018978,0.3284004683925379,0.06733604298126576,hacabox
AASG02004941.1/7144-6992,86239.00000000004,760.791093650075,9584923.0,141.56023510855408,0.0005913797701735871,0.36584349003841604,779407.7892579724,781967.4276400015,401.84762539842086,507.5847481383176,760.791093650075,2848.4368426531114,9584781.43976489,611473057889.921,2340.852094514794,1170.426047257397,9.037764691821241,0.3290121426207275,0.07559200704758687,hacabox
AARH01009459.1/70100-69949,85804.00000000004,1077.7346668317273,7900760.0,111.82736212332465,0.0005904930617065246,0.32571236394214537,661897.5276219122,664085.6245904654,479.84607535611167,577.7203147417578,1077.7346668317273,3375.2782209151233,7900648.172637877,441009716787.7086,2797.5579061733656,1398.7789530866828,7.714063768844248,0.3840153277392153,0.06390661040679056,hacabox
EF533698.1/29127-29267,57225.00000000003,778.1000054262787,5279083.0,128.30201236680898,0.0008213193534294447,0.36072242964215534,450400.15800840926,452005.86776448885,384.343322976261,428.14898705725096,778.1000054262787,2266.2780899894,5278954.697987633,204309304493.52856,1838.1291029321492,919.0645514660746,7.870688650212478,0.3759783316518276,0.050993194605482906,hacabox
AP006458.4/149212-149071,65660.99999999994,1267.1082851517458,5749763.0,151.05359124363588,0.0007208743901758026,0.31163635785399796,493289.9678910975,495036.13252983795,491.1947511615997,630.2132116923647,1267.1082851517458,3384.5051983841017,5749611.946408756,245060772510.0993,2754.2919866917373,1377.1459933458686,7.512678270070482,0.39161890109063174,0.04789864207113023,hacabox
