nameseq,average,median,maximum,minimum,peak,none_levated_peak,sample_standard_deviation,population_standard_deviation,percentile15,percentile25,percentile50,percentile75,amplitude,variance,interquartile_range,semi_interquartile_range,coefficient_of_variation,skewness,kurtosis,label
AJ505648.1/1-133,59485.0,802.5464000449814,5215339.0,244.47313047028115,0.0007452859264240285,0.37506750482155293,461192.74506219197,462936.3911492135,412.50924259266264,484.62732243081985,802.5464000449814,2195.3297256703927,5215094.52686953,214310102250.25757,1710.702403239573,855.3512016197865,7.753093133768042,0.38172187807534796,0.0687034770552852,hacabox
AARH01003870.1/147742-147873,37770.00000000001,465.96053720031,2638500.0,60.24190438243927,0.0011649457241196715,0.43242670458154964,252197.42667204197,253158.18225277,182.1899912477941,238.60896869518075,465.96053720031,1246.501314909155,2638439.7580956174,64089065241.52671,1007.8923462139744,503.9461731069872,6.677188950808629,0.4437480582778896,0.06955956364207252,hacabox
AASG02001200.1/36745-36620,68884.99999999997,864.6668363357269,5428771.0,150.77948065637446,0.0006097118385715325,0.2921204398781496,500533.72505556507,502531.8716234265,514.4080519334833,563.2768142602479,864.6668363357269,3249.316612578283,5428620.220519343,252538281997.344,2686.0397983180355,1343.0198991590178,7.266222327873489,0.4076868136474512,0.09297970912350877,hacabox
AK059482.1/298-435,63146.99999999997,925.2982570589252,5707579.0,182.02252338584418,0.0007284589925095415,0.3895082770679906,494766.60180331493,496569.0361945188,348.0664384910349,492.2846948516786,925.2982570589252,2597.8759071687323,5707396.9774766145,246580807707.1533,2105.5912123170538,1052.7956061585269,7.835156092978528,0.37727911412870246,0.09079226093180734,hacabox
