nameseq,average,median,maximum,minimum,peak,none_levated_peak,sample_standard_deviation,population_standard_deviation,percentile15,percentile25,percentile50,percentile75,amplitude,variance,interquartile_range,semi_interquartile_range,coefficient_of_variation,skewness,kurtosis,label
U66590.1/515-647,17748.999999999996,238.44439059172365,1305171.0,29.26688220462126,0.002497793302909085,0.6550706781633685,122262.9381701585,122725.18155106729,94.36962082725003,127.44098883163576,238.44439059172365,792.3380809701313,1305141.7331177953,15061470186.742426,664.8970921384955,332.44854606924775,6.888440935836302,0.42966141346214237,0.06083530959082273,hacabox
Y11160.1/1-133,26317.000000000015,353.827472969257,1954547.0,66.73967448076873,0.0016845891755645898,0.5310430957834363,183596.8090408981,184290.939339133,150.98145871403895,183.53033269843405,353.827472969257,1051.7460036827358,1954480.2603255191,33963150322.5,868.2156709843018,434.1078354921509,6.976357831093894,0.4242422185221181,0.06097141935952729,hacabox
AL162740.13/8947-9079,27173.000000000007,341.85270233793915,2034771.0,59.7959862726201,0.0016315214857885888,0.5315721867899709,190415.4645032803,191135.3743092005,143.6427377826811,192.9609709280859,341.85270233793915,980.8547117806928,2034711.2040137274,36532731312.318184,787.8937408526069,393.94687042630346,7.0075245465454765,0.4227253395776557,0.06700059418611297,hacabox
ABDC01226271.1/3744-3876,20349.000000000004,489.79395250615187,1171875.0,82.88214576248936,0.0021786492374727667,0.5201293682693157,124906.12334869737,125378.35990392031,186.478460719003,293.1758606174962,489.79395250615187,1136.3380980568456,1171792.1178542376,15719733132.196972,843.1622374393494,421.5811187196747,6.138194670435763,0.476979162792205,0.05290900020377621,hacabox
AAFC03018486.1/23431-23299,29869.00000000001,382.32573061432095,2212211.0,119.20353209377787,0.0014842590422623227,0.4787898567597137,208488.9766726289,209277.21758113088,173.04382404095634,240.6993589647444,382.32573061432095,1072.6573968882678,2212091.7964679063,43796953798.5,831.9580379235234,415.9790189617617,6.98011237981281,0.42429112665777874,0.0859703270198478,hacabox
