nameseq,average,median,maximum,minimum,peak,none_levated_peak,sample_standard_deviation,population_standard_deviation,percentile15,percentile25,percentile50,percentile75,amplitude,variance,interquartile_range,semi_interquartile_range,coefficient_of_variation,skewness,kurtosis,label
AJ505681.1/1-83,40906.00000000006,780.5984721550516,2310500.0,264.75318767438694,0.0006763473980997074,0.2122971981421463,257165.94383004916,258729.27703697002,406.90391606920775,464.26035314557043,780.5984721550516,2141.1855957505386,2310235.2468123254,66940838796.07317,1676.9252426049682,838.4626213024841,6.28675362611961,0.46808765885068715,0.06278707854263768,hacabox
