nameseq,average,median,maximum,minimum,peak,none_levated_peak,sample_standard_deviation,population_standard_deviation,percentile15,percentile25,percentile50,percentile75,amplitude,variance,interquartile_range,semi_interquartile_range,coefficient_of_variation,skewness,kurtosis,label
AJ505676.1/1-103,30684.000000000025,623.2230893684412,1915208.0,181.11626948040643,0.0011189327771259714,0.32884944363777435,195470.3318971961,196426.18274108798,335.3720061510441,442.12403085380663,623.2230893684412,2802.2800513685243,1915026.8837305196,38583245266.23529,2360.1560205147175,1180.0780102573588,6.3704318829747075,0.4613607080757628,0.07867730602153343,hacabox
AC189545.1/54648-54751,36627.99999999997,638.6890350693368,2426088.0,192.54940671154472,0.0009464526227658265,0.32112213038825077,243503.92249818068,244683.12514546534,381.37640898221855,437.5771197682768,638.6890350693368,3351.1334634425116,2425895.4505932885,59869831730.951454,2913.556343674235,1456.7781718371175,6.648026714485663,0.4433929925527117,0.07735766170032093,hacabox
AARH01003329.1/32990-33097,33934.000000000015,720.2944725421451,1958148.0,125.92316030881693,0.0010608828903164963,0.31067794038978225,202835.9610424148,203781.58836462928,347.9999999999999,433.1954344029214,720.2944725421451,2225.529696103794,1958022.0768396913,41526935756.41122,1792.3342617008725,896.1671308504363,5.977366683633368,0.49123989686196595,0.08594489801705876,hacabox
AM424485.2/33101-33205,43727.0,711.8123748587352,2433011.0,137.79162491708624,0.0008004207926452764,0.28081268676795357,260585.41180196562,261835.22910080157,355.76233672792625,458.49532498392574,711.8123748587352,2605.6382282059967,2432873.208375083,68557687198.26924,2147.142903222071,1073.5714516110354,5.959370910466431,0.495214071973811,0.09757075904489836,hacabox
AC155101.19/100263-100159,58359.00000000005,926.7849982134085,3792819.0,205.88299550673423,0.0005997361161089116,0.2456300477523353,384472.4473613162,386316.4504937829,462.37542066773096,519.0588551530751,926.7849982134085,2610.2031356178604,3792613.1170044933,149240399922.1154,2091.1442804647854,1045.5721402323927,6.58805749518182,0.4481378215470418,0.06324800744521364,hacabox
