nameseq,average,median,maximum,minimum,peak,none_levated_peak,sample_standard_deviation,population_standard_deviation,percentile15,percentile25,percentile50,percentile75,amplitude,variance,interquartile_range,semi_interquartile_range,coefficient_of_variation,skewness,kurtosis,label
EU240328.1/8-136,11315.000000000002,269.95959598569823,360339.0,17.733976057442145,0.0038002651347768444,0.5915685509629806,50002.66056921372,50197.60345499574,103.44938810164369,146.59454461650762,269.95959598569823,886.1584229776412,360321.26602394256,2519799392.625,739.5638783611336,369.7819391805668,4.419148083889855,0.6626671628038123,0.048950475155941954,hacabox
BT056663.1/385-510,27972.999999999993,414.98902389750975,2352395.0,68.90511428276012,0.0015014478246880925,0.47070129399918925,212824.72513784666,213674.3282171258,119.04574882791567,183.07087119281422,414.98902389750975,1525.8765161494987,2352326.094885717,45656718539.04,1342.8056449566845,671.4028224783423,7.608219538049073,0.38846065876396385,0.08296870155027132,hacabox
BX324171.9/130678-130552,12743.999999999998,404.9213488588731,588536.0,3.807520863462588,0.003321824649508266,0.5903303872321873,72328.64373123557,72615.09492643113,138.23677874801064,186.83089923968188,404.9213488588731,1057.7278005006604,588532.1924791365,5272952011.174604,870.8969012609784,435.4484506304892,5.675505628628027,0.5117922035283132,0.057933002368751534,hacabox
BX324171.9/129405-129279,12416.000000000004,366.06640011811095,987384.0,21.441121166850202,0.0034095790378006864,0.6562846789772946,90041.31487267384,90397.91553503524,108.2392202959872,175.49449364861303,366.06640011811095,931.223483925784,987362.5588788332,8171783133.079366,755.728990277171,377.8644951385855,7.252038891162518,0.4014801522030704,0.07765171595792099,hacabox
BX324171.9/130123-129997,12279.999999999989,370.0157365294915,950792.0,44.36292908751457,0.003447339847991317,0.6116111714397799,86053.44097710446,86394.24801767583,112.7286481010816,151.46162945289515,370.0157365294915,952.4228354775668,950747.6370709125,7463966090.539682,800.9612060246716,400.4806030123358,7.007609200089946,0.4152065551907201,0.05042389958310238,hacabox
