nameseq,average,median,maximum,minimum,peak,none_levated_peak,sample_standard_deviation,population_standard_deviation,percentile15,percentile25,percentile50,percentile75,amplitude,variance,interquartile_range,semi_interquartile_range,coefficient_of_variation,skewness,kurtosis,label
AF375472.1/1-148,17673.999999999993,313.06027121301247,1468652.0,48.65950127957038,0.0027912941797744346,0.6638728443345137,125231.47375959448,125656.70918957627,175.3452842322206,211.48593056183728,313.06027121301247,719.3644206627824,1468603.3404987205,15789608564.35374,507.87849010094516,253.93924505047258,7.085632780332382,0.4158924080566501,0.0454286079687569,hacabox
AJ609429.1/1-149,17925.0,298.4750113299117,1506315.0,60.48488322149474,0.0027708042770804276,0.6635837439926049,127968.76460292957,128400.3636852326,152.71412194962153,184.1639436370584,298.4750113299117,820.399036899228,1506254.5151167784,16486653394.5,636.2350932621696,318.1175466310848,7.13912215358045,0.4132225166827913,0.05442679036877971,hacabox
U64700.1/1-155,15118.00000000001,323.54888318820565,1531828.0,48.493650232333465,0.0034175596419279424,0.694485081263878,123736.40320455417,124137.4947044345,155.1233096816667,213.76211527874733,323.54888318820565,1002.043582981106,1531779.5063497676,15410117591.493505,788.2814677023587,394.14073385117933,8.184707183791117,0.3586927710922978,0.11789054792141583,hacabox
L22739.1/569-721,47446.99999999995,565.8034662340177,5739611.0,144.99438271230036,0.0010748835542816206,0.503710607559981,463822.7461822026,465345.97769200883,292.2867318169435,354.9806943874436,565.8034662340177,1652.4879713702712,5739466.005617288,216546878954.1316,1297.5072769828275,648.7536384914138,9.775596901431136,0.30322702100954974,0.06422408427316792,hacabox
AC099332.2/52634-52482,47446.99999999995,565.8034662340177,5739611.0,144.99438271230036,0.0010748835542816206,0.503710607559981,463822.7461822026,465345.97769200883,292.2867318169435,354.9806943874436,565.8034662340177,1652.4879713702712,5739466.005617288,216546878954.1316,1297.5072769828275,648.7536384914138,9.775596901431136,0.30322702100954974,0.06422408427316792,hacabox
