nameseq,average,median,maximum,minimum,peak,none_levated_peak,sample_standard_deviation,population_standard_deviation,percentile15,percentile25,percentile50,percentile75,amplitude,variance,interquartile_range,semi_interquartile_range,coefficient_of_variation,skewness,kurtosis,label
AJ609446.1/1-136,35060.00000000003,389.484953192784,3586424.0,59.80318464838325,0.001293021486974709,0.4831749367098758,308339.64563772845,309479.5373094546,169.4528530611375,202.98689701175095,389.484953192784,1304.2867093210468,3586364.1968153515,95777584013.27408,1101.299812309296,550.649906154648,8.794627656523907,0.3373278351063101,0.0678889127246485,hacabox
AK090585.1/1147-1282,35059.99999999999,357.9550765119408,3589544.0,54.67768690024166,0.0012930214869747104,0.4906995576577369,308617.85667067295,309758.77685249783,144.63478168147194,174.41578614551935,357.9550765119408,1288.4789085205655,3589489.3223130996,95950499837.15555,1114.063122375046,557.031561187523,8.802562939836651,0.3373302371209069,0.06781163666953323,hacabox
AC096587.1/25864-25727,8499.00000000001,383.1701251652141,302964.66478761274,17.6291673165954,0.00541240145899517,0.6913985925807362,40873.021762526936,41021.922152789106,129.06761951386574,151.29922546872754,383.1701251652141,1056.5721425381203,302947.03562029614,1682798097.1094897,905.2729170693927,452.6364585346964,4.809156578718307,0.5956860680857848,0.09072135042686282,hacabox
AC026161.4/89260-89123,12139.0,320.44485047354937,398617.61901154614,24.18910839122726,0.0037894389982700387,0.6361267274402337,57866.5528608712,58077.36067327546,130.06343406503615,180.5985312365145,320.44485047354937,1080.0718748715205,398593.4299031549,3372979822.7737236,899.473343635006,449.736671817503,4.766995045792174,0.6127143176097868,0.09975049935574513,hacabox
AC034186.5/119166-119029,12355.000000000002,305.0072990663499,457675.0,30.746862932286948,0.003723188992310805,0.6387556256046382,59758.79761173246,59976.49887046696,120.73018106134687,162.8777379627228,305.0072990663499,830.4286904094004,457644.2531370677,3597180416.7591243,667.5509524466776,333.7754762233388,4.836810814385467,0.6049314836900872,0.06953725255683449,hacabox
