nameseq,average,median,maximum,minimum,peak,none_levated_peak,sample_standard_deviation,population_standard_deviation,percentile15,percentile25,percentile50,percentile75,amplitude,variance,interquartile_range,semi_interquartile_range,coefficient_of_variation,skewness,kurtosis,label
AANI01014830.1/134411-134552,15885.000000000004,360.74283594369825,628207.1270778164,27.391200304694664,0.0029797502885321576,0.6207390578666933,82185.32008820066,82476.24248497088,147.94276400651495,203.30837503070507,360.74283594369825,831.0805273856894,628179.7358775117,6802330574.439715,627.7721523549843,313.88607617749216,5.173768969984303,0.5666799307003656,0.031084665227654663,hacabox
AAQB01006286.1/232569-232425,21595.000000000015,375.4608215588679,1752531.0,70.5247250384643,0.002238172416454425,0.57685670075897,154050.50140781756,154584.4735510509,144.0801065438615,202.07422056110016,375.4608215588679,1314.5625420683373,1752460.4752749614,23896359463.055553,1112.488321507237,556.2441607536185,7.133618958454154,0.41323213461538905,0.042473970700657206,hacabox
AAPT01021461.1/4272-4413,10652.999999999996,272.1879792721794,404353.46331020916,48.94216021204744,0.004443192840827312,0.6612396651980141,52534.02392735588,52719.98565551522,124.3327082012193,173.1934327277984,272.1879792721794,1094.8405328633182,404304.52114999713,2779396887.5177307,921.6471001355198,460.8235500677599,4.931383077757992,0.5928050762920285,0.035565905608338375,hacabox
AAPP01018787.1/102387-102251,13254.999999999987,367.1220043004259,577459.0,40.66783670783731,0.003445240789639133,0.5843659553481078,68677.11697501577,68929.1439393083,142.26266903655974,194.79382538537337,367.1220043004259,1255.0504952360243,577418.3321632922,4751226884.205882,1060.256669850651,530.1283349253255,5.181223460959324,0.562976952005196,0.049281142653659925,hacabox
AADE01000218.1/100180-100042,9109.999999999993,183.5483009014826,419466.85053633584,62.27723473954751,0.005085986095865354,0.7824650160446313,51172.70129668746,51357.77496153818,93.02613154802992,110.05512954554922,183.5483009014826,748.0706858790834,419404.5733015963,2637621048.9999986,638.0155563335342,319.0077781667671,5.61720102049259,0.5233132982766542,0.07058600800652852,hacabox
