nameseq,average,median,maximum,minimum,peak,none_levated_peak,sample_standard_deviation,population_standard_deviation,percentile15,percentile25,percentile50,percentile75,amplitude,variance,interquartile_range,semi_interquartile_range,coefficient_of_variation,skewness,kurtosis,label
AC016710.7/58672-58803,28770.000000000015,457.4610394523616,2983796.0,52.37577738004972,0.001529370872436565,0.4883871845778505,259291.52890906404,260279.30973903593,182.29961226976354,246.6300062165451,457.4610394523616,1207.9937861447165,2983743.62422262,67745319078.229004,961.3637799281714,480.6818899640857,9.012566176887866,0.3275757493467184,0.06904066601450193,hacabox
AC068057.5/62929-63057,49795.000000000015,678.6200590891142,4790035.0,168.4552838466556,0.0008635405161160756,0.3669123005450021,421683.6189941459,423327.61594626686,346.97508678294,475.4749346577356,678.6200590891142,2468.441807691613,4789866.544716153,179206270422.75,1992.9668730338776,996.4834365169388,8.468392790323241,0.34943055216185265,0.06299795973174549,hacabox
Y11167.1/1-132,42250.000000000044,596.9147242376966,4030316.0,108.0,0.0010414201183431941,0.39405507576784365,351799.9345594027,353140.1296394549,332.71992323431675,406.5452791086726,596.9147242376966,1774.7251806544068,4030208.0,124707951161.771,1368.179901545734,684.089950772867,8.326625670045026,0.35519976995955704,0.04654950880855825,hacabox
AB070559.1/4340-4471,44673.999999999985,641.8020682217089,4206636.0,108.0,0.000984912924743699,0.37625182300116267,367206.21690270986,368605.10279469826,365.24111152363406,451.9340097159685,641.8020682217089,1871.2157468822643,4206528.0,135869721806.29007,1419.281737166296,709.640868583148,8.219685206220843,0.35973408868056667,0.04552731636199054,hacabox
K02928.1/2768-2899,26177.99999999998,482.735460201304,2450100.0,20.0,0.00168080067232027,0.47527631214745,213743.01647539268,214557.27853440816,221.6714369461613,263.203245512662,482.735460201304,984.6924733346873,2450080.0,46034825772.091606,721.4892278220252,360.7446139110126,8.164986495354604,0.3606470746531763,0.03782320601009984,hacabox
