nameseq,average,median,maximum,minimum,peak,none_levated_peak,sample_standard_deviation,population_standard_deviation,percentile15,percentile25,percentile50,percentile75,amplitude,variance,interquartile_range,semi_interquartile_range,coefficient_of_variation,skewness,kurtosis,label
DQ108711.1/84-227,25840.0,496.0185963285717,1114820.5520010565,87.85702469493722,0.0018575851393188853,0.4761243115598643,143987.7488121819,144490.32537971414,214.5087362626215,249.51241252244654,496.0185963285717,1859.221088545411,1114732.6949763615,20877454128.335663,1609.7086760229645,804.8543380114822,5.572281300781033,0.528044537387626,0.1011407521458925,hacabox
AARH01005974.1/108-255,29018.00000000001,520.6367905695715,2352044.0,28.92571466369488,0.001700094194408068,0.522292947415826,205697.60267927288,206396.06853530408,249.90789868522887,308.86506956103506,520.6367905695715,2008.480290699471,2352015.0742853363,42599337106.82993,1699.615221138436,849.807610569218,7.088620948351809,0.4156202528115605,0.10351218910085908,hacabox
AC151806.21/724-586,11654.000000000004,282.0194685763088,426468.0,27.422828025391908,0.0039757450946742165,0.6227721675928669,56693.88056924662,56898.92239791082,88.95766687750223,132.32229677929192,282.0194685763088,1042.6182429354058,426440.5771719746,3237487370.043478,910.2959461561138,455.1479730780569,4.864757213767513,0.6017570371215186,0.08695791081638742,hacabox
AP003829.2/18223-18074,12505.000000000013,435.79262206606177,987947.0,85.7717039903396,0.003998400639744098,0.6953500985432994,83826.6430796319,84107.47014122496,158.87883496075645,207.9498630930769,435.79262206606177,1000.2696840403692,987861.2282960097,7074066533.557047,792.3198209472922,396.1599104736461,6.703450066344008,0.4319345354126382,0.10422624569926243,hacabox
