nameseq,average,median,maximum,minimum,peak,none_levated_peak,sample_standard_deviation,population_standard_deviation,percentile15,percentile25,percentile50,percentile75,amplitude,variance,interquartile_range,semi_interquartile_range,coefficient_of_variation,skewness,kurtosis,label
AC010287.9/54576-54441,12500.000000000004,378.72640976895786,923768.0,61.61345763086881,0.0036266666666666656,0.5873443555322447,81287.08443535172,81587.59224184902,169.40728078137099,259.86139513557697,378.72640976895786,1215.0407272154146,923706.3865423691,6656535207.822223,955.1793320798376,477.5896660399188,6.502966754828136,0.4473505357374895,0.06320221586014427,hacabox
AJ609468.1/1-136,12500.000000000004,378.72640976895786,923768.0,61.61345763086881,0.0036266666666666656,0.5873443555322447,81287.08443535172,81587.59224184902,169.40728078137099,259.86139513557697,378.72640976895786,1215.0407272154146,923706.3865423691,6656535207.822223,955.1793320798376,477.5896660399188,6.502966754828136,0.4473505357374895,0.06320221586014427,hacabox
AC127300.3/141571-141705,17843.999999999993,480.79851339999396,1532984.0,93.3616356011544,0.0025218560860793553,0.5551949931974618,133054.42668321863,133549.9756114575,175.5004310338755,217.03578307960115,480.79851339999396,1371.818086642685,1532890.6383643989,17835595985.820896,1154.782303563084,577.391151781542,7.456535904686095,0.3914909541778497,0.0813316623947652,hacabox
AAIY01789533.1/679-813,14411.999999999998,404.23031685932847,1182632.0,90.05217418303975,0.003122398001665279,0.5928956448423879,103223.9587498949,103608.40685434519,135.3741369389615,203.74890970673226,404.23031685932847,1547.2719902383496,1182541.947825817,10734701970.895523,1343.5230805316173,671.7615402658087,7.162361833881135,0.4071080934925371,0.0997201735072219,hacabox
AAFR03049113.1/29769-29632,33202.99999999999,697.7032624640265,2962923.0,118.99317430238469,0.0013854169803933383,0.4287379472202723,254830.98324183424,255759.33233909597,244.04435733182922,319.7251150606659,697.7032624640265,2051.7775060625154,2962804.0068256976,65412836078.540146,1732.0523910018494,866.0261955009247,7.674938506816682,0.3826688928169517,0.08079358709011436,hacabox
