nameseq,average,median,maximum,minimum,peak,none_levated_peak,sample_standard_deviation,population_standard_deviation,percentile15,percentile25,percentile50,percentile75,amplitude,variance,interquartile_range,semi_interquartile_range,coefficient_of_variation,skewness,kurtosis,label
AJ609428.1/1-130,19127.0,357.3911918659155,1830019.0,41.58504273218794,0.0022655582858437462,0.6100249430066792,161032.77102503082,161655.72410949247,128.75597306623226,174.93606510455092,357.3911918659155,1119.2481269870186,1829977.4149572677,26132573137.36434,944.3120618824677,472.15603094123384,8.419133738957015,0.34967308868857294,0.08074261279309004,hacabox
AB020236.1/2404-2533,19127.0,357.3911918659155,1830019.0,41.58504273218794,0.0022655582858437462,0.6100249430066792,161032.77102503082,161655.72410949247,128.75597306623226,174.93606510455092,357.3911918659155,1119.2481269870186,1829977.4149572677,26132573137.36434,944.3120618824677,472.15603094123384,8.419133738957015,0.34967308868857294,0.08074261279309004,hacabox
AB020237.1/3193-3322,31431.0,405.3767202782891,2594491.0,55.35252149601384,0.0013786813443203631,0.49878588775633925,234994.03396682226,235903.1051910078,165.82429973968772,228.52478225650728,405.3767202782891,1210.9003955911353,2594435.647478504,55650275038.75969,982.375613334628,491.187806667314,7.476505168999467,0.396081842027982,0.08688651333466635,hacabox
AB020236.1/3615-3745,7737.9999999999945,209.5770014692261,270132.6543901951,15.2257836240104,0.005643146377186184,0.7648269953260882,37205.80817560612,37348.63330029627,94.04752150551892,128.9908723409738,209.5770014692261,507.9109499399532,270117.4286065711,1394920409.3999994,378.9200775989794,189.4600387994897,4.80819438816311,0.6070361081526048,0.06415299505653173,hacabox
AC104360.8/62127-61997,7737.9999999999945,209.5770014692261,270132.6543901951,15.2257836240104,0.005643146377186184,0.7648269953260882,37205.80817560612,37348.63330029627,94.04752150551892,128.9908723409738,209.5770014692261,507.9109499399532,270117.4286065711,1394920409.3999994,378.9200775989794,189.4600387994897,4.80819438816311,0.6070361081526048,0.06415299505653173,hacabox
