nameseq,average,median,maximum,minimum,peak,none_levated_peak,sample_standard_deviation,population_standard_deviation,percentile15,percentile25,percentile50,percentile75,amplitude,variance,interquartile_range,semi_interquartile_range,coefficient_of_variation,skewness,kurtosis,label
AC125101.3/38731-38592,35413.99999999996,319.76119332170833,4130540.0,31.75858351900634,0.0013177462773667676,0.5703364886295365,348090.9317347983,349340.81342852925,112.10437505887109,177.38266375385365,319.76119332170833,920.0436967973474,4130508.241416481,122039003926.90648,742.6610330434937,371.33051652174686,9.82918991739986,0.30245750986770037,0.048630396243078224,hacabox
AP005857.3/135498-135653,105102.00000000012,648.0,14043620.0,139.742413881987,0.0004947574736922222,0.37036143636319274,1121382.1279064508,1124993.6739002867,353.3966655396641,466.11779611029374,648.0,2318.1754343060265,14043480.257586118,1265610766315.6646,1852.0576381957328,926.0288190978664,10.669465166280846,0.27944265580995775,0.05023583615044038,hacabox
AC015982.9/45601-45748,92738.00000000004,595.1101337097176,11419940.0,36.83243777378317,0.0005319646027877818,0.3847732474414354,937593.4324535341,940777.120502777,233.04928346241974,272.717509024134,595.1101337097176,2010.2953042421725,11419903.167562226,885061590461.4966,1737.5777952180385,868.7888976090193,10.110132119018457,0.2948278646486471,0.06868446268007833,hacabox
AL138921.14/151404-151258,106594.0000000001,724.4165368085504,13523396.0,196.1825461899764,0.0004596881625607441,0.3562772789237474,1112165.6722817873,1115967.959176021,339.46682152647264,403.21811004916515,724.4165368085504,2242.9669011592664,13523199.817453811,1245384485907.4932,1839.7487911101011,919.8743955550506,10.433661109272437,0.2855768329352848,0.0766147632754904,hacabox
ABDC01397106.1/1705-1558,84705.9999999999,683.6906315464173,10836404.0,132.0,0.0005824065985093546,0.3786792059522472,887910.4572714525,890925.4420332543,306.6861869544993,402.77332664083826,683.6906315464173,2601.2964922137758,10836272.0,793748143262.1497,2198.5231655729376,1099.2615827864688,10.482261672980115,0.28388777949520017,0.0928709694605227,hacabox
