nameseq,average,median,maximum,minimum,peak,none_levated_peak,sample_standard_deviation,population_standard_deviation,percentile15,percentile25,percentile50,percentile75,amplitude,variance,interquartile_range,semi_interquartile_range,coefficient_of_variation,skewness,kurtosis,label
AJ505675.1/1-117,81389.0,1409.7795310815986,6800211.0,415.4618673217012,0.0004791802332010468,0.23439592084540412,632413.0849073253,635133.1537393666,785.8751005873714,903.201455946549,1409.7795310815986,3674.1398677365523,6799795.538132679,403394122978.9138,2770.9384117900036,1385.4692058950018,7.770252551417579,0.37940021661935724,0.06047672207369353,hacabox
AJ298137.1/1505-1621,81389.0,1409.7795310815986,6800211.0,415.4618673217012,0.0004791802332010468,0.23439592084540412,632413.0849073253,635133.1537393666,785.8751005873714,903.201455946549,1409.7795310815986,3674.1398677365523,6799795.538132679,403394122978.9138,2770.9384117900036,1385.4692058950018,7.770252551417579,0.37940021661935724,0.06047672207369353,hacabox
AC005287.4/31785-31897,68466.99999999996,1405.7344643198594,5485771.0,210.34654991918728,0.0005501433780750828,0.2653605123373555,519830.3064731798,522145.8204120624,504.28208864476323,656.599161327897,1405.7344643198594,5459.547484297165,5485560.653450081,272636257773.7857,4802.948322969269,2401.4741614846344,7.592421260945859,0.38701821363972394,0.13955364264143577,hacabox
