nameseq,average,median,maximum,minimum,peak,none_levated_peak,sample_standard_deviation,population_standard_deviation,percentile15,percentile25,percentile50,percentile75,amplitude,variance,interquartile_range,semi_interquartile_range,coefficient_of_variation,skewness,kurtosis,label
AJ505677.1/1-117,39412.999999999985,712.7792514880687,2840259.0,106.74568029810126,0.0009895212239616374,0.3479132164843607,272687.9756681618,273860.8325890398,308.0328702843246,335.0720998732437,712.7792514880687,2321.4899548692674,2840152.254319702,74999755626.36208,1986.4178549960238,993.2089274980119,6.91873178058412,0.42576377620266037,0.12691705729890718,hacabox
AF370437.1/575-689,21337.999999999996,400.23169964413654,830924.0,51.7287491655041,0.001796482019558222,0.43747248566624997,107598.27482817744,108069.16668334026,184.62027105869916,234.31473018308893,400.23169964413654,1671.751249815838,830872.2712508345,11678944787.63158,1437.4365196327492,718.7182598163746,5.042566071242734,0.5837761339703028,0.13748301743205865,hacabox
AM468511.2/12308-12196,28834.999999999975,431.63999807575743,2078627.0,32.51620389905145,0.0013062828738223235,0.41523173647232764,202239.7041334861,203140.55359933147,126.42328527318784,209.58254912205507,431.63999807575743,1287.540078050374,2078594.483796101,41266084516.64286,1077.9575289283189,538.9787644641594,7.0136883694637175,0.4213321037570876,0.14223798820842243,hacabox
AASG02009538.1/7602-7720,34371.99999999999,620.1995021668693,1811256.0,104.03408709258957,0.0011540401101671905,0.3725203042844619,195007.37226064046,195831.9314236538,256.9984335951608,332.8729079644795,620.1995021668693,2224.9943923113046,1811151.9659129074,38350145365.118645,1892.1214843468251,946.0607421734126,5.673436874800434,0.519238838612546,0.12237453661530699,hacabox
AARH01001401.1/4929-4813,36381.0,509.6590255122569,2977771.0,49.7221268112677,0.0010719881256699925,0.4079121254004927,278513.82195144286,279711.7363913279,185.66025040110253,268.9891425877873,509.6590255122569,1444.9975874622555,2977721.2778731887,78238655475.05173,1176.0084448744683,588.0042224372341,7.655474614536238,0.3863866510087426,0.11271561115817902,hacabox
