nameseq,average,median,maximum,minimum,peak,none_levated_peak,sample_standard_deviation,population_standard_deviation,percentile15,percentile25,percentile50,percentile75,amplitude,variance,interquartile_range,semi_interquartile_range,coefficient_of_variation,skewness,kurtosis,label
AJ609471.1/1-132,32074.000000000007,464.0196107535434,2967572.0,81.77010285382221,0.0013718276485626985,0.46812138448872576,261150.43959373303,262145.302013862,218.75288343054092,298.2261522840631,464.0196107535434,1268.503477128111,2967490.229897146,68720159367.93893,970.2773248440478,485.1386624220239,8.142122578840587,0.3631238044832113,0.0757842842115246,hacabox
AC026355.13/69334-69207,47096.0,611.0082371524013,4763024.0,38.90803582563931,0.0009059509654039975,0.39217385526658244,421146.5958167061,422801.4021749855,314.7474087388751,332.0218387585554,611.0082371524013,1370.038671967512,4762985.091964174,178761025681.13385,1038.0168332089565,519.0084166044783,8.942300743517626,0.3311316692898955,0.08754054937492498,hacabox
AC079969.5/116696-116565,52473.999999999985,662.9812518777159,4927300.0,93.2012028080804,0.0008385105004383125,0.38175524177317505,434700.62463723234,436356.6330135957,295.2123508033645,361.82556549135893,662.9812518777159,1506.1896094629444,4927206.798797192,190407111174.96182,1144.3640439715855,572.1820219857927,8.284114506941199,0.35756345271893564,0.07888638728959822,hacabox
BC021677.1/1965-1834,56778.00000000006,696.4093663770977,5552948.0,98.52367287368291,0.00077494804325619,0.3783635083152012,486367.60356339527,488220.43923890154,236.5585572136421,348.0086681842139,696.4093663770977,1881.8279002915006,5552849.476327126,238359197290.62595,1533.8192321072866,766.9096160536433,8.566127788287625,0.345921008447552,0.07016614306161925,hacabox
BC056964.1/2999-3129,12593.999999999993,262.85670505300783,1074372.0,24.919278353277043,0.0034672595415806487,0.6742542455887287,95279.29379461208,95645.05058592743,79.05422238919247,97.73148173314661,262.85670505300783,780.824451757635,1074347.0807216468,9147975701.584616,683.0929700244883,341.54648501224415,7.565451309719878,0.38826305707707587,0.11055186947712792,hacabox
