nameseq,average,median,maximum,minimum,peak,none_levated_peak,sample_standard_deviation,population_standard_deviation,percentile15,percentile25,percentile50,percentile75,amplitude,variance,interquartile_range,semi_interquartile_range,coefficient_of_variation,skewness,kurtosis,label
AJ609480.1/1-137,23638.999999999978,421.59935890379455,1613747.0,62.47779758008148,0.0019318358080573082,0.4869145085528097,147769.83301066564,148312.10944957376,207.12073310256613,238.13310844372353,421.59935890379455,1331.769268796527,1613684.5222024198,21996481809.38235,1093.6361603528035,546.8180801764017,6.251103388919403,0.47135603055233366,0.08183691063765869,hacabox
AC124598.5/176959-176830,14023.000000000025,315.2220946965798,917171.0,82.30035416296644,0.0030901614015070426,0.5716736337054941,85432.83209633167,85763.32784530213,162.5410076348894,194.89082412350632,315.2220946965798,1044.487651795012,917088.6996458371,7355348403.100776,849.5968276715057,424.79841383575285,6.09233631151191,0.48135280906456224,0.07499691303589867,hacabox
AL606917.12/4887-5017,30457.999999999993,499.7395618582348,2567252.0,111.18284403217854,0.001433668220719242,0.4459081248449907,227348.41747854766,228221.15933436822,220.67123168808806,293.8638246364987,499.7395618582348,1770.0361071080306,2567140.817155968,52084897567.92308,1476.1722824715318,738.0861412357659,7.46432521762912,0.3953173825056678,0.09240602754042071,hacabox
AALT01049511.1/846-979,19064.999999999996,414.3193315725751,1361235.0,54.08402724965638,0.0023428621382988028,0.5524430683261959,123314.46774000203,123777.18781880135,186.46916485609827,215.58144670141462,414.3193315725751,1352.1112676019252,1361180.9159727504,15320792224.330826,1136.5298209005105,568.2649104502552,6.468107408339997,0.45373461063183873,0.12610356212344034,hacabox
AAQQ01076179.1/4047-4179,40620.99999999999,498.83690706342094,3823211.0,95.17922018865067,0.0010913895111723823,0.4178654688494031,333328.7379899909,334588.9645566722,324.33210801215046,387.21359788098,498.83690706342094,1793.4427372027442,3823115.820779811,111949775203.10606,1406.2291393217643,703.1145696608821,8.20582304694594,0.36110444603316516,0.07765498841112403,hacabox
