nameseq,average,median,maximum,minimum,peak,none_levated_peak,sample_standard_deviation,population_standard_deviation,percentile15,percentile25,percentile50,percentile75,amplitude,variance,interquartile_range,semi_interquartile_range,coefficient_of_variation,skewness,kurtosis,label
AJ009730.1/1-133,12285.000000000002,245.3489471746922,460131.0,58.91769466121096,0.003608736942070275,0.6629938897563298,65836.50575478624,66085.4159270983,114.44113509053085,136.61966214096168,245.3489471746922,647.9044353714487,460072.0823053388,4367282198.257577,511.284773230487,255.6423866152435,5.359096927536527,0.5486158893821627,0.05513906916650674,hacabox
AJ009731.1/1-129,22483.0,375.24918764948586,2294651.0,42.968462614657824,0.001912556153538229,0.550940186466154,202002.48956881696,202790.02662791382,136.0722343351821,176.00912553693948,375.24918764948586,1023.7497590011678,2294608.031537385,41123794899.75,847.7406334642284,423.8703167321142,8.984676847787972,0.32832888633512086,0.06393163106613106,hacabox
AJ009728.1/1-142,25452.999999999993,392.4240351158692,2658443.0,86.95663538496693,0.0018596367160387125,0.5620582170352204,224166.41576739372,224959.9276850993,158.83324863777554,233.34241726662736,392.4240351158692,1087.1223741946778,2658356.043364615,50606969064.085106,853.7799569280505,426.88997846402526,8.80707247740517,0.33538354814337884,0.0610005583853304,hacabox
M55022.1/344-480,39727.00000000001,622.6209789625057,3341971.0,55.52357538501741,0.001149512086658108,0.424131965322239,293913.65732813434,294992.24318151944,321.49853968409525,376.66181208154217,622.6209789625057,2218.1506801279093,3341915.476424615,87020423537.26471,1841.488868046367,920.7444340231835,7.3983350700564925,0.39914149662035087,0.0853572338249073,hacabox
X07699.1/9946-10078,46037.000000000015,852.1278484235098,4103555.0,233.7481233790378,0.0009629935341862702,0.3670095458492215,359634.0712919175,360993.751269284,358.0574974694222,451.1061629928648,852.1278484235098,2347.5705748326004,4103321.251876621,130316488455.4697,1896.4644118397355,948.2322059198677,7.811848541215054,0.37692373241438204,0.08530008691538479,hacabox
