nameseq,average,median,maximum,minimum,peak,none_levated_peak,sample_standard_deviation,population_standard_deviation,percentile15,percentile25,percentile50,percentile75,amplitude,variance,interquartile_range,semi_interquartile_range,coefficient_of_variation,skewness,kurtosis,label
AJ609448.1/1-134,56464.999999999985,646.645222344898,5515315.0,108.27763730954106,0.0007910505032616077,0.39625288729377395,479561.84790910967,481361.3358371727,350.1203531384949,441.79331148257944,646.645222344898,2093.9306890611747,5515206.722362691,231708735638.94736,1652.1373775785953,826.0686887892977,8.493081517915696,0.34918345790656524,0.10258256413477836,hacabox
AB061837.1/2430-2563,56464.999999999985,646.645222344898,5515315.0,108.27763730954106,0.0007910505032616077,0.39625288729377395,479561.84790910967,481361.3358371727,350.1203531384949,441.79331148257944,646.645222344898,2093.9306890611747,5515206.722362691,231708735638.94736,1652.1373775785953,826.0686887892977,8.493081517915696,0.34918345790656524,0.10258256413477836,hacabox
AC109542.6/197354-197221,45297.000000000015,679.2404963968579,4505307.0,122.26063460115321,0.0009860844353194837,0.39001023768592447,389843.4611815364,391306.29356757604,297.6932314812253,372.3122012575173,679.2404963968579,2096.081773121066,4505184.739365399,153120615385.594,1723.7695718635487,861.8847859317743,8.606385879451977,0.3433513495522725,0.10121521878031166,hacabox
X55153.1/1676-1809,45297.000000000015,679.2404963968579,4505307.0,122.26063460115321,0.0009860844353194837,0.39001023768592447,389843.4611815364,391306.29356757604,297.6932314812253,372.3122012575173,679.2404963968579,2096.081773121066,4505184.739365399,153120615385.594,1723.7695718635487,861.8847859317743,8.606385879451977,0.3433513495522725,0.10121521878031166,hacabox
AAFC03097110.1/4392-4258,58467.99999999997,692.433785576106,5967360.0,47.1504442433467,0.0007696517753300955,0.4148207467904125,515026.1910660467,516944.3585660681,295.13330268338404,375.47665179465474,692.433785576106,2026.2197191904265,5967312.849555757,267231469853.28357,1650.7430673957717,825.3715336978859,8.808684939899551,0.3365395811900453,0.1726397571360351,hacabox
