nameseq,average,median,maximum,minimum,peak,none_levated_peak,sample_standard_deviation,population_standard_deviation,percentile15,percentile25,percentile50,percentile75,amplitude,variance,interquartile_range,semi_interquartile_range,coefficient_of_variation,skewness,kurtosis,label
AF357400.1/1-112,27799.999999999993,417.69004927863296,2261904.0,67.59841312246371,0.0013429256594724224,0.4111448609904084,214226.31927940136,215189.139048746,222.52987052741148,269.92344735884694,417.69004927863296,1228.1112740883225,2261836.4015868776,46306365564.54054,958.1878267294755,479.0939133647378,7.7059827078921375,0.38345862510490697,0.10101263917694846,hacabox
AL845471.7/44715-44842,39727.99999999999,648.6813911567999,3668088.0,122.69161868663546,0.001073969660357095,0.4071454263825752,325892.09880572435,327172.62279089616,263.7610071270011,325.12988673572295,648.6813911567999,1820.9384223184286,3667965.3083813135,107041925103.87402,1495.8085355827056,747.9042677913528,8.203083437518234,0.3597447015627685,0.06847495866861053,hacabox
AJ609441.1/1-130,38814.99999999999,489.6598311062945,3304931.0,107.15698391785004,0.0011164068873717207,0.4044100282795432,294004.94178159663,295142.2959000409,218.9779954019336,290.13884993432805,489.6598311062945,1996.4205712288476,3304823.843016082,87108974829.1473,1706.2817212945197,853.1408606472598,7.574518659837606,0.39106832630075905,0.15391090892756734,hacabox
AJ225898.1/4306-4432,31728.0,583.3174203440437,2466512.0,84.58870571248136,0.0013342578584636074,0.40464316829569996,224184.21978364134,225072.08155441692,262.28223733487886,332.9988256179194,583.3174203440437,1975.5707301006935,2466427.4112942875,50657441895.2381,1642.571904482774,821.285952241387,7.065816306846991,0.4167735259383574,0.12165458109853236,hacabox
