nameseq,average,median,maximum,minimum,peak,none_levated_peak,sample_standard_deviation,population_standard_deviation,percentile15,percentile25,percentile50,percentile75,amplitude,variance,interquartile_range,semi_interquartile_range,coefficient_of_variation,skewness,kurtosis,label
AF308283.1/1-330,544602.9999999994,2528.6491004650416,126494459.0,808.080149533995,0.00020198199422331517,0.3906283039814511,7061702.746871466,7072426.675216389,1347.6614132404138,1541.8202800659947,2528.6491004650416,9483.780249291833,126493650.91985047,50019219076312.34,7941.959969225838,3970.979984612919,12.96669821295783,0.23028766729370848,0.05599109938612781,hacabox
AF308282.1/1-316,52757.99999999996,653.9825954077983,9450884.0,107.36798136715336,0.001996537649898279,0.9378285482481703,545382.6417076364,546247.6424759442,273.36661253036317,355.62239134184347,653.9825954077983,2013.8283460379723,9450776.632018633,298386486910.527,1658.2059546961289,829.1029773480644,10.337439662376072,0.2866098776527816,0.04687009444780403,hacabox
AACN010346788.1/508-835,549051.9999999994,2544.9805939529333,131271704.0,780.9632261771969,0.0001991311084074613,0.3769142636606612,7311581.2416860955,7322752.495323264,1412.4960364723538,1660.2256043658251,2544.9805939529333,10250.332929583145,131270923.03677382,53622704107763.086,8590.10732521732,4295.05366260866,13.316737288428243,0.224236181480226,0.06713422344341215,hacabox
AAQQ01201317.1/367-42,500353.00000000035,2627.0551849231633,116845427.0,690.0273282558626,0.00021718000425033246,0.3881145990947845,6533421.844342366,6543465.542576604,1329.8611006663773,1635.5090331319316,2627.0551849231633,10143.581897508848,116844736.97267175,42816941306887.32,8508.072864376916,4254.036432188458,13.057625005430888,0.22854453149053172,0.06117947685042638,hacabox
AAPY01657622.1/489-161,388663.0000000002,2061.4452294299745,93571139.0,338.49888942328334,0.00028216389691497934,0.4434847341602609,5193911.040271291,5201822.562054604,1028.0088759415876,1223.206701147677,2061.4452294299745,7604.506170442466,93570800.50111058,27058957967100.33,6381.299469294789,3190.6497346473943,13.363533550328404,0.22330083347964524,0.07261236725944534,hacabox
