nameseq,average,median,maximum,minimum,peak,none_levated_peak,sample_standard_deviation,population_standard_deviation,percentile15,percentile25,percentile50,percentile75,amplitude,variance,interquartile_range,semi_interquartile_range,coefficient_of_variation,skewness,kurtosis,label
Z72610.1/833-1077,146381.00000000006,1167.4670128245373,16328331.0,162.70471327294683,0.000557904828267785,0.4716097005022564,1228677.4693246393,1231192.676602468,589.6094461346137,744.1888636631379,1167.4670128245373,3485.4086425625555,16328168.295286726,1515835406919.549,2741.2197788994176,1370.6098894497088,8.393695010449708,0.35456058228282056,0.04470260438579335,hacabox
AABZ01000003.1/45202-44958,140445.00000000003,1234.525547557973,19175227.0,181.7455034393455,0.0005814850415939809,0.49715589318947645,1319191.4349547606,1321891.9320183806,621.868256392635,689.3860802584251,1234.525547557973,3852.8810872670692,19175045.25449656,1747398279935.2869,3163.4950070086443,1581.7475035043221,9.39293983377664,0.316581363622671,0.06822912418818969,hacabox
AACA01000537.1/2766-2521,88120.99999999997,871.070456085791,7951371.0,197.1134256277344,0.000930538691117895,0.5740857799973343,680209.8245997333,681596.5942851461,355.3972885919139,515.278627702223,871.070456085791,2592.1833477441583,7951173.886574373,464573917341.1101,2076.9047200419354,1038.4523600209677,7.719043413031327,0.38480742142436436,0.0520266070201985,hacabox
AADM01000052.1/7763-8010,72764.00000000003,805.1353125392593,5438849.915174032,85.01107963939691,0.0011360929397321016,0.6377929609971291,521920.292933701,522975.7445535001,324.6384760254068,431.8200404306903,805.1353125392593,2285.915275286655,5438764.904094392,273503629391.28775,1854.0952348559645,927.0476174279822,7.172781773042999,0.41361985150825487,0.07863703413444252,hacabox
CR382125.1/1700339-1700595,51347.000000000015,564.5635254542852,3994718.9473037263,25.036430523840757,0.0016683869878798498,0.7993857799444998,373996.4392343862,374726.1890780219,161.757332521522,285.29416254058384,564.5635254542852,1672.5584369180128,3994693.9108732026,140419716780.93744,1387.264274377429,693.6321371887145,7.283705751735956,0.40734962540154035,0.07391223855933184,hacabox
