nameseq,average,median,maximum,minimum,peak,none_levated_peak,sample_standard_deviation,population_standard_deviation,percentile15,percentile25,percentile50,percentile75,amplitude,variance,interquartile_range,semi_interquartile_range,coefficient_of_variation,skewness,kurtosis,label
L22435.1/168-350,221596.00000000023,1816.9325429011603,28849568.0,332.275754255072,0.000275275726998682,0.28382105889130393,2150705.0299480865,2156605.466357827,975.5959049564519,1139.7923922726713,1816.9325429011603,5964.378678856841,28849235.724245746,4650947137524.462,4824.58628658417,2412.293143292085,9.705522798011174,0.30656793618379746,0.06063735150787619,hacabox
AABY01000200.1/15394-15212,225260.0,1970.9166375783802,29129264.0,489.0116584722109,0.0002707981887596555,0.28497286785840015,2176416.349945019,2182387.325088124,1076.464612819392,1283.5594137748872,1970.9166375783802,6453.274549533174,29128774.98834153,4762814436705.297,5169.715135758286,2584.857567879143,9.661796812328062,0.30778451471575613,0.07481980526898148,hacabox
AACI02000300.1/6456-6274,194819.9999999997,1749.9394435157806,25684120.0,419.6549479144789,0.00031310953700852115,0.28812843407469646,1912262.5090431492,1917508.780928984,964.9133159217201,1107.3109564098995,1749.9394435157806,5323.0864439228835,25683700.345052086,3676839924939.7583,4215.775487512984,2107.887743756492,9.815534899102515,0.30289260963405845,0.06427427908672906,hacabox
AABZ01000064.1/7080-7262,217276.0000000001,1899.7445807481035,28780344.0,341.51515010937237,0.00028074890922145094,0.30329717868655814,2145144.2419240717,2151029.4223709228,1058.1737242213399,1243.106435308434,1899.7445807481035,6536.363247037042,28780002.48484989,4626927575905.385,5293.256811728608,2646.628405864304,9.87290009906327,0.3012052773095647,0.07474076180973242,hacabox
