nameseq,average,median,maximum,minimum,peak,none_levated_peak,sample_standard_deviation,population_standard_deviation,percentile15,percentile25,percentile50,percentile75,amplitude,variance,interquartile_range,semi_interquartile_range,coefficient_of_variation,skewness,kurtosis,label
U33057.1/55298-54749,8050560.999999996,19241.445949851386,3296738691.0,6677.690860362941,2.2772740102625572e-05,0.2355753912940198,142278460.7893335,142407981.49051932,9591.956480062945,10974.338411300745,19241.445949851386,60235.118081962195,3296732013.3091397,2.0280033192204096e+16,49260.779670661446,24630.389835330723,17.67311132594779,0.169343683706457,0.06968410622112739,hacabox
AABZ01000102.1/5093-4533,10735594.999999966,25042.847339618376,4323213891.0,8372.100172096081,1.741868988165077e-05,0.19375639776848852,185708794.4867749,185874531.953485,12807.722312647762,14600.07042967808,25042.847339618376,78740.2737569182,4323205518.899828,3.4549341628927124e+16,64140.203327240124,32070.101663620062,17.298416574654265,0.17302172762889415,0.06045271469393248,hacabox
AACG02000122.1/7707-7140,10456723.999999996,20469.441082570163,4514674840.0,6105.1839086088075,1.8106371874531012e-05,0.2142517796606396,191634809.5800603,191803725.26695862,9789.60580422135,11618.996213783927,20469.441082570163,63754.19688062635,4514668734.816092,3.678866902628294e+16,52135.20066684242,26067.60033342121,18.326467216698113,0.16337722643063052,0.06494054283739507,hacabox
AAEG01000088.1/36121-36653,7895509.000000007,19067.40569560265,3151977923.0,6341.9976980740075,2.250224357500783e-05,0.22514859003501644,138049138.83546132,138178823.35333622,9639.345813715132,11144.807044737481,19067.40569560265,61622.14757988961,3151971581.0023017,1.9093387223312496e+16,50477.340535152136,25238.670267576068,17.484514150444408,0.17116604262976715,0.066044847281679,hacabox
AABY01000065.1/22048-22610,10424409.999999972,23352.768232514703,4210128836.0,7784.611545470916,1.800261757420009e-05,0.2008857337008501,180690067.21184477,180850752.0521468,12342.413364474187,14033.117026147038,23352.768232514703,76263.33595195739,4210121051.3884544,3.270699451782707e+16,62230.218925810346,31115.109462905173,17.33336152471413,0.17268891520594282,0.0697866583845806,hacabox
