nameseq,average,median,maximum,minimum,peak,none_levated_peak,sample_standard_deviation,population_standard_deviation,percentile15,percentile25,percentile50,percentile75,amplitude,variance,interquartile_range,semi_interquartile_range,coefficient_of_variation,skewness,kurtosis,label
U18795.1/49843-49668,264040.0,2840.8593667927544,30044504.0,648.0,0.0002221885572892996,0.2408722025468069,2320295.5918658297,2326915.5642109234,1438.535125051867,1721.027007204054,2840.8593667927544,9958.91948288264,30043856.0,5414536042967.04,8237.892475678585,4118.946237839293,8.78766698934188,0.33771448114052743,0.08453812880012652,hacabox
AABZ01000047.1/10323-10499,288458.9999999996,2971.663092264805,32392811.0,1005.3686972931855,0.00020453513324250616,0.24084497509861252,2508044.1478395076,2515159.1809936203,1569.0356163900678,1738.2646174885429,2971.663092264805,10266.197070759586,32391805.631302707,6326025705736.5,8527.932453271043,4263.966226635522,8.694629558583754,0.3414860186815221,0.06869057509087063,hacabox
AABY01000108.1/9971-10148,233503.00000000017,2608.005483266651,26793459.0,875.1986444409949,0.00025410094659740256,0.2786218702404092,2057393.6303877293,2063197.2910858416,1393.3524869962823,1574.6111668444619,2608.005483266651,8643.90170482336,26792583.80135556,4256783061943.9546,7069.290537978898,3534.645268989449,8.810994421432392,0.33668082437858987,0.07080461193231341,hacabox
AACI02000833.1/1493-1320,210093.00000000012,2558.016617206543,23449211.0,790.2657767930773,0.00027606821740848084,0.2891283789940209,1825771.7016598762,1831040.8950160567,1312.643382619774,1517.1255101508461,2558.016617206543,8131.733441162298,23448420.734223206,3352710759221.202,6614.607931011452,3307.303965505726,8.690302397794667,0.34100920152412684,0.07639843760582538,hacabox
AACA01000046.1/28759-28583,189779.00000000012,2408.9887759606127,21133963.0,546.4856664261993,0.0003108879275367663,0.2900122860286761,1640411.9986418046,1645065.659051569,1204.3555501523065,1337.347348506179,2408.9887759606127,7087.828260047107,21133416.514333572,2706241022590.773,5750.480911540928,2875.240455770464,8.64380146718975,0.34266393694847586,0.06785421801063662,hacabox
