nameseq,average,median,maximum,minimum,peak,none_levated_peak,sample_standard_deviation,population_standard_deviation,percentile15,percentile25,percentile50,percentile75,amplitude,variance,interquartile_range,semi_interquartile_range,coefficient_of_variation,skewness,kurtosis,label
AAHK01020514.1/750-683,13962.0,452.256367390596,563012.0,97.6501181567427,0.001623454137420618,0.2773617151732677,70395.62671075526,70919.02147635836,206.55499498799028,294.88025275269996,452.256367390596,1178.4945273425583,562914.3498818433,5029507607.164179,883.6142745898583,441.80713729492913,5.0419443282305725,0.5757350675256655,0.04172477932054806,hacabox
AAHA01000001.1/3813320-3813388,31389.000000000007,560.7022315463261,1745715.0,117.87644833008808,0.0007327407690592244,0.2675771955055927,208987.44605836974,210518.51008773272,259.83651717417877,326.1466267272507,560.7022315463261,1760.2252504128962,1745597.12355167,44318043089.55882,1434.0786236856457,717.0393118428228,6.657983562979696,0.4425380330239081,0.052592198993616765,hacabox
FR796465.1/103544-103472,29015.0,595.273032398009,1662707.0,152.1378636457094,0.0008386466770061462,0.26495168507684475,194041.5378933078,195384.40192931925,237.4402416824763,295.6665278352335,595.273032398009,2221.989876241374,1662554.8621363542,38175064517.27778,1926.3233484061407,963.1616742030703,6.687628395426772,0.4393862356918911,0.12194777717192168,hacabox
FR799008.1/88022-87950,19662.999999999993,437.7341143693247,1084691.0,112.35349491704598,0.0012375188594483722,0.2927387001792216,126765.64346856762,127642.92482525008,212.17557936568437,241.49819264585872,437.7341143693247,1776.8732750948773,1084578.646505083,16292716257.944445,1535.3750824490185,767.6875412245092,6.4469126516079776,0.45497972541111353,0.13490225795171412,hacabox
FN554973.1/3774444-3774512,26261.000000000022,521.2137549845603,1405155.0,124.31983186365052,0.0008758234644529904,0.28083582847716104,168524.8099539056,169759.44045177576,229.86544928197708,305.103169522754,521.2137549845603,1524.1500307087563,1405030.6801681363,28818267622.5,1219.0468611860024,609.5234305930012,6.4173036043526706,0.45820765949041675,0.04526552520985505,hacabox
