nameseq,average,median,maximum,minimum,peak,none_levated_peak,sample_standard_deviation,population_standard_deviation,percentile15,percentile25,percentile50,percentile75,amplitude,variance,interquartile_range,semi_interquartile_range,coefficient_of_variation,skewness,kurtosis,label
AAHK01023897.1/136-197,11260.999999999996,408.8403055390669,486667.0,95.43722123557663,0.0018352425776278017,0.3055353952583389,61932.41127228941,62437.99036526127,205.7996883600445,245.04926662434,408.8403055390669,1307.6503511489775,486571.5627787644,3898502640.852459,1062.6010845246376,531.3005422623188,5.499725714615881,0.5256775638889039,0.0980036697007096,hacabox
FN554973.1/3774657-3774718,1828.9999999999995,161.49884192701586,55787.0,50.74466119969005,0.011299435028248591,0.5424323370703128,7498.301541015804,7559.513181480908,83.71857003010135,102.846669593124,161.49884192701586,690.2263084261037,55736.25533880031,57146239.54098361,587.3796388329797,293.68981941648985,4.099672794431824,0.667151547167741,0.20253898484648195,hacabox
FR796468.1/933944-934009,6351.0000000000055,203.1941455181156,246403.0,27.0,0.003464021413950556,0.41536528060194405,31832.03995976381,32075.967204794884,117.49070226090257,144.73171471240644,203.1941455181156,501.3126290921008,246376.0,1028867672.1230769,356.5809143796944,178.2904571898472,5.012130366834165,0.5793979143893522,0.05683883127621908,hacabox
