nameseq,average,median,maximum,minimum,peak,none_levated_peak,sample_standard_deviation,population_standard_deviation,percentile15,percentile25,percentile50,percentile75,amplitude,variance,interquartile_range,semi_interquartile_range,coefficient_of_variation,skewness,kurtosis,label
AAHK01016749.1/680-745,12782.999999999989,247.13462438433643,596699.0,59.940469776776524,0.0017210357506062754,0.3164977601516411,73975.99307883605,74542.86721611934,99.9552168856992,132.59804981705952,247.13462438433643,796.11926172687,596639.0595302233,5556639052.8,663.5212119098105,331.76060595490526,5.787060398876329,0.5083756846193146,0.05640697376628864,hacabox
FR796465.1/255542-255610,15404.999999999989,274.28456228449596,822779.0,39.51936617799929,0.0014930217461863041,0.3051815269086932,98765.29075540658,99488.85567223391,161.04828844852875,185.0,274.28456228449596,911.2965767697435,822739.480633822,9898032402.970589,726.2965767697435,363.14828838487176,6.411248994184138,0.45959613914933606,0.08229462997330486,hacabox
FR799008.1/262789-262857,15309.000000000004,236.24409619012744,814859.0,50.9704041520278,0.0015023842184336007,0.30808540098196324,97864.9565983657,98581.92557238281,152.91560589741226,172.5416228409046,236.24409619012744,755.286859198274,814808.0295958479,9718396049.558825,582.7452363573693,291.37261817868466,6.392642014394518,0.46204759377765625,0.06949586199581212,hacabox
