nameseq,average,median,maximum,minimum,peak,none_levated_peak,sample_standard_deviation,population_standard_deviation,percentile15,percentile25,percentile50,percentile75,amplitude,variance,interquartile_range,semi_interquartile_range,coefficient_of_variation,skewness,kurtosis,label
AAHK01000300.1/41988-42062,8470.000000000005,229.3704047483976,188900.0,51.51349399496572,0.002951593860684768,0.4102517257470766,32482.987516544723,32701.73064475583,88.26543145766144,122.68321998719728,229.3704047483976,940.0492891829924,188848.48650600502,1069403187.1621624,817.3660691957951,408.6830345978976,3.8350634612213343,0.7610718925764788,0.07805724670509127,hacabox
AAHA01000001.1/2180510-2180579,8160.999999999996,191.049088578711,221075.0,40.482684219686796,0.002859126741003963,0.3972258600285928,33751.67720277023,33995.374787704895,85.4254507336355,104.4813676275998,191.049088578711,707.6189344956713,221034.5173157803,1155685506.9565215,603.1375668680715,301.56878343403577,4.13572812189318,0.708404876907907,0.05876210091698708,hacabox
FR799010.1/2243945-2243878,5538.000000000003,171.18927465070928,188748.0,25.340564640641976,0.004092933670398457,0.4309859149005747,24848.69034778292,25033.441518669715,56.01788077385715,88.00000000000001,171.18927465070928,318.5572921847395,188722.65943535935,626673194.2686566,230.55729218473948,115.27864609236974,4.486943002488788,0.6479388632038877,0.027335103830524253,hacabox
FR796468.1/2237480-2237410,9436.0,156.34840434235934,418456.0,27.896727120857186,0.0025081249116857426,0.41093992319577616,51154.68819179724,51518.78309399121,87.19120540330445,109.8663339888626,156.34840434235934,747.847925736409,418428.10327287915,2654185011.4857144,637.9815917475464,318.9907958737732,5.421225963522387,0.5442112105657787,0.13434679657128268,hacabox
FR796468.1/2238206-2238139,5658.0,169.79073040888866,230132.0,24.637905264118277,0.004006127017791917,0.4659544674095352,28706.555697261905,28919.990276829976,66.04727554710333,99.86406832442601,169.79073040888866,339.4148750803839,230107.36209473587,836365837.6119403,239.55080675595792,119.77540337797896,5.073622427936003,0.5735494004369102,0.03405975666796341,hacabox
