nameseq,average,median,maximum,minimum,peak,none_levated_peak,sample_standard_deviation,population_standard_deviation,percentile15,percentile25,percentile50,percentile75,amplitude,variance,interquartile_range,semi_interquartile_range,coefficient_of_variation,skewness,kurtosis,label
AAHK01000100.1/7483-7548,9303.0,284.504659724216,368187.0,37.17282440156083,0.00236482854993013,0.32981728937903454,46737.413022117515,47095.55935558452,87.41329244336168,111.98555374070534,284.504659724216,895.0147866101095,368149.8271755984,2217991711.0153847,783.0292328694042,391.5146164347021,5.023907666571806,0.5788828322188886,0.09904160694729375,hacabox
