nameseq,average,median,maximum,minimum,peak,none_levated_peak,sample_standard_deviation,population_standard_deviation,percentile15,percentile25,percentile50,percentile75,amplitude,variance,interquartile_range,semi_interquartile_range,coefficient_of_variation,skewness,kurtosis,label
AAHK01025874.1/529-592,13560.000000000007,435.2911180745422,492744.0,118.23934013383388,0.0015732546705998023,0.29000813483776877,63768.09283646485,64272.196276634444,177.44658223466763,259.78198396524897,435.2911180745422,1673.9918013263455,492625.76065986615,4130915214.2222223,1414.2098173610966,707.1049086805483,4.7026617136036,0.6174581188550284,0.07086132543564715,hacabox
FR796423.1/378278-378215,9719.999999999998,238.541351134787,365864.0,28.785853538016156,0.0021947873799725653,0.3184375296811054,47597.19151378577,47973.45975260613,131.1508687683151,167.1580966122989,238.541351134787,569.5419941235984,365835.214146462,2301452840.6349206,402.38389751129955,201.19194875564978,4.896830402652858,0.5976061830950082,0.05491389884495527,hacabox
FR796459.1/382440-382377,4959.999999999998,169.54895891353814,167960.0,38.62138120370382,0.004301075268817206,0.42799138688368943,22143.720373957036,22318.772270950292,69.87761177849819,98.93364641443367,169.54895891353814,437.5395422202062,167921.3786187963,498127595.6825397,338.60589580577255,169.30294790288627,4.46445975281392,0.6490035495643883,0.07395020255215659,hacabox
FN554974.1/454562-454500,2024.0000000000005,167.1412671271095,66728.0,21.50342377638762,0.010375494071146242,0.5607894671593644,8703.645213357448,8773.555133320777,39.92380851671376,62.91021272035494,167.1412671271095,277.33701565534375,66706.49657622361,76975269.67741935,214.4268029349888,107.2134014674944,4.300219967073836,0.6400279494469205,0.08885487522283819,hacabox
FR799002.1/383101-383165,4811.000000000001,178.46383760180927,115275.0,31.863581362594815,0.004503568211736991,0.4107333079086637,18100.860973997897,18241.72582981117,93.17260902873356,108.50500388071586,178.46383760180927,468.11337947216873,115243.13641863741,332760561.25,359.60837559145284,179.80418779572642,3.762390557887735,0.7677871515149836,0.05496691765506706,hacabox
