nameseq,average,median,maximum,minimum,peak,none_levated_peak,sample_standard_deviation,population_standard_deviation,percentile15,percentile25,percentile50,percentile75,amplitude,variance,interquartile_range,semi_interquartile_range,coefficient_of_variation,skewness,kurtosis,label
HE575324.1/2850424-2850494,5731.999999999999,226.086321760813,119160.0,64.426107876909,0.004128867178413586,0.4068683425270428,21967.46312162604,22123.817145459194,123.02693911607022,145.58495901331545,226.086321760813,942.8029450994545,119095.5738921231,489463285.0857142,797.217986086139,398.6089930430695,3.832425527150391,0.7519184597358691,0.14833531167833955,hacabox
HE573027.1/2943773-2943842,4025.0,175.93774341881107,87315.0,49.722644988711195,0.005797101449275362,0.4496292539660599,15155.528694176262,15264.956315179805,93.31403788176324,111.57685435453175,175.93774341881107,560.852559246915,87265.27735501129,233018891.3043478,449.27570489238326,224.63785244619163,3.7653487438947235,0.761912500893535,0.11040296365050388,hacabox
Z50171.1/232-303,5243.999999999996,160.0,191504.0,35.958816227937255,0.004576659038901605,0.47004805054378607,24484.152262228727,24655.972982592066,87.29489712719823,121.82282342488088,160.0,439.05854488632076,191468.04118377206,607917003.7183099,317.2357214614399,158.61786073071994,4.668984031698845,0.6229335545968231,0.16396588649202026,hacabox
AF177033.1/1-70,7777.000000000005,228.19901490018432,335555.0,77.95623335708406,0.0030003000300029984,0.36695474989080573,40981.88812146166,41277.79007327467,144.62796486978897,185.4296746422837,228.19901490018432,927.5274684184096,335477.0437666429,1703855953.3333333,742.097793776126,371.048896888063,5.269626864017184,0.5525954023440869,0.08323887485455887,hacabox
FR796401.1/453256-453325,12753.0,289.5650346110921,652499.0,109.57963542681695,0.0018296348571577928,0.3519569752589264,78321.50326698282,78887.00882926787,134.98085074716786,165.8927144335462,289.5650346110921,1032.7664131310376,652389.4203645731,6223160162.028986,866.8736986974914,433.4368493487457,6.14141796181156,0.47739513845527737,0.0883757223393172,hacabox
