nameseq,average,median,maximum,minimum,peak,none_levated_peak,sample_standard_deviation,population_standard_deviation,percentile15,percentile25,percentile50,percentile75,amplitude,variance,interquartile_range,semi_interquartile_range,coefficient_of_variation,skewness,kurtosis,label
AAHK01031442.1/205-276,15739.99999999999,258.4577360057305,688664.0,72.0,0.001524777636594664,0.30273200426908725,83488.18963182757,84074.07885236233,181.97551599793275,209.43467011547884,258.4577360057305,1187.4980792064946,688592.0,7068450734.8732395,978.0634090910157,489.03170454550786,5.304205186266049,0.5563017595278775,0.09194610648602193,hacabox
FR799002.1/383424-383494,7035.999999999996,129.1707233521878,323656.0,22.1940179720551,0.003363653591055526,0.4705275380334017,39356.22232887705,39636.3413253184,54.022062484358486,65.39717371557367,129.1707233521878,350.8095598854509,323633.80598202796,1571039553.6571429,285.4123861698772,142.7061930849386,5.593550643672124,0.5264856890174664,0.08369940764976311,hacabox
FR796423.1/375700-375630,7923.999999999998,143.2129531600034,416432.0,32.89677912946573,0.0029867070503112915,0.5168854754620672,49658.74581581778,50012.193306946945,61.40391746388883,78.9640264647966,143.2129531600034,484.3687855769846,416399.10322087054,2501219479.3714285,405.404759112188,202.702379556094,6.266878573424759,0.470055390184356,0.1238983247933207,hacabox
FN554974.1/453914-453844,6356.000000000004,190.19176035201411,278008.0,14.478918807459646,0.003723515838053281,0.45636208453725896,34176.88920893767,34420.144159239906,48.184695809127234,64.48643112733266,190.19176035201411,543.7211214748564,277993.52108119254,1184746323.942857,479.2346903475238,239.6173451737619,5.377106546403028,0.5412261076735642,0.1004237618070081,hacabox
