nameseq,average,median,maximum,minimum,peak,none_levated_peak,sample_standard_deviation,population_standard_deviation,percentile15,percentile25,percentile50,percentile75,amplitude,variance,interquartile_range,semi_interquartile_range,coefficient_of_variation,skewness,kurtosis,label
AAHK01000562.1/23818-23886,5573.000000000002,162.11779916372456,197475.0,19.384767525759983,0.004127041090974339,0.4743842626448141,26495.93814153407,26690.05017351421,58.59098990378901,69.95384824949693,162.11779916372456,535.9776452266474,197455.61523247423,712358778.2647059,466.0237969771505,233.01189848857524,4.7543402371315375,0.612646607030801,0.09342842885497574,hacabox
