nameseq,average,median,maximum,minimum,peak,none_levated_peak,sample_standard_deviation,population_standard_deviation,percentile15,percentile25,percentile50,percentile75,amplitude,variance,interquartile_range,semi_interquartile_range,coefficient_of_variation,skewness,kurtosis,label
AAHK01012838.1/375-440,12358.999999999996,357.5398329607433,624083.0,51.929903297596695,0.0017800792944412983,0.3117355359198985,76423.62315410071,77009.25335168895,122.65740147457498,142.51958533974098,357.5398329607433,1193.0439453053655,624031.0700967024,5930425101.7846155,1050.5243599656244,525.2621799828122,6.183641326490876,0.4711158541714055,0.11330240743876467,hacabox
AC013353.9/110996-110931,1942.9999999999995,128.53924220555882,34011.0,17.049395508217756,0.011322696860524964,0.6020826668612546,6512.410306484074,6562.314563533908,46.76027917622022,60.454307301626194,128.53924220555882,443.6816080226032,33993.95060449178,43063972.43076922,383.227300720977,191.6136503604885,3.351729442348984,0.835847561380404,0.06919148032675917,hacabox
AAHK01012125.1/639-574,14982.999999999993,426.2484108300198,743475.0,61.16576720884637,0.001468330774878196,0.28187035285136264,91190.0120846576,91888.79634260265,153.18773902061628,184.51455172190046,426.2484108300198,1313.6994880802336,743413.8342327912,8443550893.292308,1129.184936358333,564.5924681791665,6.086231868428062,0.4788929595378054,0.10976371438268832,hacabox
FR796458.1/633590-633657,3697.999999999999,123.49107026789403,125012.0,15.939095581817071,0.0061294393365783325,0.5326205882303596,16817.58329844095,16942.622814100996,55.43910415974472,81.37669400404185,123.49107026789403,386.0878898902568,124996.06090441818,287052467.8208955,304.71119588621497,152.35559794310748,4.547751027160885,0.63763779842199,0.06336814187528753,hacabox
FR799579.1/612347-612414,4849.999999999999,138.63353171580573,188020.0,17.316711854352718,0.0046735395189003446,0.4710627114652983,24063.976811823934,24242.893600996846,77.52044950206992,93.38041775406509,138.63353171580573,401.28543982633914,188002.68328814564,587717890.1492537,307.90502207227405,153.95251103613703,4.961644703468854,0.5873550957673684,0.05875773842721237,hacabox
