nameseq,average,median,maximum,minimum,peak,none_levated_peak,sample_standard_deviation,population_standard_deviation,percentile15,percentile25,percentile50,percentile75,amplitude,variance,interquartile_range,semi_interquartile_range,coefficient_of_variation,skewness,kurtosis,label
AAHK01023180.1/366-436,5339.999999999998,216.21338568842432,258664.0,19.944789000018787,0.00443196004993758,0.47725344068688313,30867.788194167715,31087.49052685248,73.6077266904999,96.53111502732214,216.21338568842432,628.2328672664248,258644.05521099997,966432067.2571429,531.7017522391027,265.85087611955134,5.7804846805557535,0.4979741258506836,0.14504523670999245,hacabox
AAGZ01000003.1/1698082-1698152,6580.0,207.20714353623057,334824.0,40.54230913486057,0.0035967578520770013,0.4461456841643255,39643.57375414079,39925.73798226617,84.40159157280848,107.32225766340443,207.20714353623057,617.930596349259,334783.45769086515,1594064553.4285715,510.6083386858545,255.30416934292725,6.024859233152095,0.48225668775369646,0.09366201360844471,hacabox
FR799009.1/1588669-1588741,16343.0,304.8973134406801,908939.0,53.37528095277558,0.0014889147239388932,0.32054050822085894,106253.4774395643,106988.8043963791,150.47569105692386,164.75134280703398,304.8973134406801,888.2051270586576,908885.6247190472,11446604266.166666,723.4537842516236,361.7268921258118,6.501467138197657,0.4528257259819548,0.08526378187768448,hacabox
FN554972.1/1645844-1645914,6580.0,207.20714353623057,334824.0,40.54230913486057,0.0035967578520770013,0.4461456841643255,39643.57375414079,39925.73798226617,84.40159157280848,107.32225766340443,207.20714353623057,617.930596349259,334783.45769086515,1594064553.4285715,510.6083386858545,255.30416934292725,6.024859233152095,0.48225668775369646,0.09366201360844471,hacabox
