nameseq,average,median,maximum,minimum,peak,none_levated_peak,sample_standard_deviation,population_standard_deviation,percentile15,percentile25,percentile50,percentile75,amplitude,variance,interquartile_range,semi_interquartile_range,coefficient_of_variation,skewness,kurtosis,label
AAHK01028073.1/132-194,4808.0,221.0,183872.0,58.44641478460864,0.004367720465890183,0.4154654728305684,23624.73585037513,23814.49581323757,70.09212737551442,94.25693613193867,221.0,480.9988329891496,183813.55358521538,567130210.8387097,386.7418968572109,193.37094842860546,4.913630584520618,0.5824827031783084,0.07979785249493117,hacabox
FN554972.1/1587207-1587268,8077.000000000004,117.19243667066947,328331.0,17.609755718485808,0.0025587057901035855,0.41212724695618314,42807.34682271257,43156.80035010724,63.23390695148949,83.32103874103643,117.19243667066947,406.54516546903574,328313.3902442815,1862509416.4590163,323.2241267279993,161.61206336399965,5.299906750366788,0.5578346817167875,0.14211181021978922,hacabox
