nameseq,average,median,maximum,minimum,peak,none_levated_peak,sample_standard_deviation,population_standard_deviation,percentile15,percentile25,percentile50,percentile75,amplitude,variance,interquartile_range,semi_interquartile_range,coefficient_of_variation,skewness,kurtosis,label
JF909331.1/1-141,128241.00000000006,1636.9251456072927,13599323.0,400.8143712250806,0.00036649745401236717,0.2713937827848712,1149347.700921701,1153445.2101780437,852.0877499010481,939.1122943283536,1636.9251456072927,6410.481186786842,13598922.185628776,1330435852882.6714,5471.3688924584885,2735.6844462292443,8.962404386441937,0.3304589414139811,0.09823327022091821,hacabox
