nameseq,average,median,maximum,minimum,peak,none_levated_peak,sample_standard_deviation,population_standard_deviation,percentile15,percentile25,percentile50,percentile75,amplitude,variance,interquartile_range,semi_interquartile_range,coefficient_of_variation,skewness,kurtosis,label
JF909333.1/1-131,389625.9999999999,3116.4401821191564,41188844.0,1479.8742110048345,0.00011207328737473032,0.19465211495050966,3600266.986957772,3614087.640413359,1621.5275759208846,1853.8951605718853,3116.4401821191564,10707.849650276476,41187364.125788994,13061629472588.6,8853.95448970459,4426.977244852295,9.240315037902432,0.3220674143484688,0.07870719669990657,hacabox
