nameseq,average,median,maximum,minimum,peak,none_levated_peak,sample_standard_deviation,population_standard_deviation,percentile15,percentile25,percentile50,percentile75,amplitude,variance,interquartile_range,semi_interquartile_range,coefficient_of_variation,skewness,kurtosis,label
EF503655.1/1-111,91048.0,981.480950295542,7945400.0,259.0992442239643,0.00040637905280731045,0.26848655575919217,754316.0513471791,757737.0033708626,572.1190190637723,666.5200624311101,981.480950295542,3613.604631891659,7945140.900755776,574165366277.4546,2947.084569460549,1473.5422847302746,8.284817363886951,0.3582047030108235,0.09566250548349618,hacabox
