nameseq,average,median,maximum,minimum,peak,none_levated_peak,sample_standard_deviation,population_standard_deviation,percentile15,percentile25,percentile50,percentile75,amplitude,variance,interquartile_range,semi_interquartile_range,coefficient_of_variation,skewness,kurtosis,label
AAGF03001292.1/36463-36591,5579.0,223.46710293701028,204475.0,30.78914102336355,0.007707474457788134,0.7653145021078802,25305.79317073464,25404.451607936746,84.96097759192749,104.16456977409813,223.46710293701028,796.2201078814667,204444.21085897664,645386161.4999999,692.0555381073685,346.02776905368427,4.535901267383875,0.6348980481579803,0.12625477509581085,hacabox
