nameseq,average,median,maximum,minimum,peak,none_levated_peak,sample_standard_deviation,population_standard_deviation,percentile15,percentile25,percentile50,percentile75,amplitude,variance,interquartile_range,semi_interquartile_range,coefficient_of_variation,skewness,kurtosis,label
AY948647.1/1-169,40679.000000000015,649.9589277497053,3653459.0,98.46916594615448,0.0013848259134524772,0.516765462252022,303338.17861258413,304239.63135358726,292.041576443558,355.86713480998355,649.9589277497053,1912.0681198762375,3653360.5308340536,92561753286.16667,1556.200985066254,778.100492533127,7.456874028677795,0.39588529134713096,0.07669937670843961,hacabox
AY948716.1/2-197,112394.00000000025,1126.012593887494,14821316.0,52.637733720521155,0.0005812884436298485,0.4021081250592653,1071098.1381311426,1073841.031580316,579.2968416719273,718.3540577835546,1126.012593887494,3361.4152271950325,14821263.36226628,1153134561105.4768,2643.0611694114777,1321.5305847057389,9.529851576873678,0.31164647788554756,0.07082576224908185,hacabox
DQ789490.1/2-146,53578.999999999985,768.4190221398455,6191355.0,119.47853297340748,0.0009020947261675908,0.41889273831908347,513092.85541702877,514871.3455172294,355.0054106878641,451.6953588046652,768.4190221398455,1662.4301637851804,6191235.521467026,265092502434.72223,1210.7348049805153,605.3674024902576,9.5763798394339,0.30877791663033616,0.058580189675013786,hacabox
ABEG02009257.1/8953-8799,44677.99999999997,723.1535656766846,4792676.0,184.80817132735734,0.0011564229971499777,0.4297911146156614,388278.7338060121,389537.3391612724,316.9800595283936,412.4093145618937,723.1535656766846,2596.6498222539694,4792491.191828673,151739338600.84415,2184.240507692076,1092.120253846038,8.690602395049293,0.3396130867389989,0.08852311008180744,hacabox
