nameseq,average,median,maximum,minimum,peak,none_levated_peak,sample_standard_deviation,population_standard_deviation,percentile15,percentile25,percentile50,percentile75,amplitude,variance,interquartile_range,semi_interquartile_range,coefficient_of_variation,skewness,kurtosis,label
AY948678.1/1-137,25079.000000000007,334.7808985628225,1809251.0,9.949143112113266,0.0018209125829046872,0.5417614465651673,169510.85358760954,170132.91385638673,128.6648848372411,190.94264316057377,334.7808985628225,1077.9290698971158,1809241.0508568878,28945208377.264706,886.9864267365421,443.49321336827103,6.7590754650348694,0.43792273906487844,0.11011755346718224,hacabox
DQ789485.1/2-135,22145.000000000007,355.54402005606744,1413955.0,39.00248514304361,0.0020170091066455927,0.532341337609361,139701.8909607168,140226.1025246839,169.9603454542105,213.29989602825253,355.54402005606744,1156.8408485343773,1413915.997514857,19663359829.263157,943.5409525061248,471.7704762530624,6.308507155597956,0.4679132650982724,0.12557739854206984,hacabox
