nameseq,average,median,maximum,minimum,peak,none_levated_peak,sample_standard_deviation,population_standard_deviation,percentile15,percentile25,percentile50,percentile75,amplitude,variance,interquartile_range,semi_interquartile_range,coefficient_of_variation,skewness,kurtosis,label
AY948680.1/1-129,19819.00000000001,453.9320498747482,1393787.0,30.547962785362845,0.002169635198546848,0.4966307030491543,128929.11453973458,129431.76406605142,151.19266172819638,192.87521355588734,453.9320498747482,1237.747645915779,1393756.4520372145,16752581549.25,1044.8724323598917,522.4362161799459,6.505328954020612,0.45059802091847506,0.05283514432853294,hacabox
DQ789471.1/2-129,10191.999999999996,401.54573399613395,367272.0,60.07690336852788,0.004186289900575616,0.5535438403124249,47357.906710495554,47543.989575506865,139.97834770040615,191.89794480843904,401.54573399613395,1194.4816092577362,367211.9230966315,2260430944.755905,1002.5836644492972,501.2918322246486,4.64657640409101,0.6201997689121307,0.07830634002616706,hacabox
AM051039.1/1-128,16151.999999999993,387.80969963743155,920744.0,89.60973611984184,0.0026415717351824346,0.5041796931068396,90813.48410891413,91170.31646233614,217.9049367794815,249.26712509462084,387.80969963743155,1144.5958293256406,920654.3902638801,8312026603.842519,895.3287042310197,447.66435211550987,5.622429674895627,0.5207659563459641,0.04529495828442093,hacabox
