nameseq,average,median,maximum,minimum,peak,none_levated_peak,sample_standard_deviation,population_standard_deviation,percentile15,percentile25,percentile50,percentile75,amplitude,variance,interquartile_range,semi_interquartile_range,coefficient_of_variation,skewness,kurtosis,label
AAFI02000024.1/236827-236973,120234.0,1453.5555349562005,11252132.0,231.77471821186077,0.0004075386329989853,0.2984980759972762,951759.4487064471,955013.3366554024,747.3129462817881,913.6953154277969,1453.5555349562005,4523.239767439843,11251900.225281788,912050473189.6849,3609.5444520120454,1804.7722260060227,7.915892748361089,0.37440272736923297,0.08569521057699851,hacabox
AJ699379.1/1-147,119985.99999999996,1329.7891521033412,11233908.0,168.33147231654226,0.0004083809777807412,0.30286667970687065,950312.452614402,953561.3935537401,621.9844382329541,777.163513251407,1329.7891521033412,4383.64389756544,11233739.668527683,909279331276.1508,3606.480384314033,1803.2401921570165,7.920194461140486,0.37458062510323364,0.08567537708367778,hacabox
