nameseq,average,median,maximum,minimum,peak,none_levated_peak,sample_standard_deviation,population_standard_deviation,percentile15,percentile25,percentile50,percentile75,amplitude,variance,interquartile_range,semi_interquartile_range,coefficient_of_variation,skewness,kurtosis,label
CP001857.1/451659-451932,221391.00000000038,1148.7959885090636,38619363.0,79.50229595119217,0.00041254311753112445,0.5163773204892605,2411372.551242964,2415784.947524536,464.5391895098782,641.6705262764852,1148.7959885090636,3454.4770528272215,38619283.49770405,5836016912686.124,2812.806526550736,1406.403263275368,10.891917698745477,0.2740043680491828,0.0478581061579441,hacabox
AF468963.1/1-277,188725.00000000006,1439.5288849145322,20798966.58861934,219.8462774846872,0.0004892480240208415,0.5432175021337851,1772485.6136561448,1775693.73503892,567.1078933123449,678.8345851233561,1439.5288849145322,3850.2987936893705,20798746.742341854,3153088240656.4707,3171.4642085660143,1585.7321042830072,9.39189621754481,0.316987855368994,0.05087767221856106,hacabox
AJ248284.1/75232-75504,359530.9999999997,2697.0477269135854,41986475.0,677.3254766856659,0.00025310752063104454,0.38157115532635677,3146218.519499242,3151996.7034662655,1188.4569133037514,1374.1074363245082,2697.0477269135854,7152.083763010953,41985797.67452332,9935083218662.205,5777.976326686445,2888.9881633432224,8.750896360812403,0.3402503196089639,0.05219579687307093,hacabox
AP006878.1/462004-462277,730702.9999999998,4658.237701812188,112851051.0,1091.0,0.00012499378452440096,0.28778850692876823,7329566.476820849,7342978.320565687,2270.013486017933,2613.6696464914357,4658.237701812188,12749.50319722961,112849960.0,53919330616297.67,10135.833550738174,5067.916775369087,10.030842184609686,0.2971709573523527,0.056155044339272445,hacabox
