nameseq,average,median,maximum,minimum,peak,none_levated_peak,sample_standard_deviation,population_standard_deviation,percentile15,percentile25,percentile50,percentile75,amplitude,variance,interquartile_range,semi_interquartile_range,coefficient_of_variation,skewness,kurtosis,label
ABGU01000965.1/1561-1359,1362573.9999999993,7680.708438205209,205257812.0,3350.5786109941464,4.9660911382916966e-05,0.16524957172731877,14580184.03868092,14616229.048047354,4262.857725341082,4717.166705912226,7680.708438205209,26008.029774323026,205254461.421389,213634151584983.25,21290.8630684108,10645.4315342054,10.700471342239709,0.27878110892852054,0.0765405244023757,hacabox
