nameseq,average,median,maximum,minimum,peak,none_levated_peak,sample_standard_deviation,population_standard_deviation,percentile15,percentile25,percentile50,percentile75,amplitude,variance,interquartile_range,semi_interquartile_range,coefficient_of_variation,skewness,kurtosis,label
AE009441.1/1650846-1650787,22933.999999999993,516.3635517664455,1041572.0,36.0,0.0008720676724513825,0.23619867662029798,133984.0080755909,135114.69485626536,259.0967347612168,312.5104435849547,516.3635517664455,2022.8392233828408,1041536.0,18255980766.101696,1710.328779797886,855.164389898943,5.842156103409389,0.5019472869236603,0.09901075836825482,hacabox
CP003098.1/1477287-1477344,28195.000000000007,544.2807581438117,1273995.0,35.0,0.0006857007743689777,0.2229513228425713,166590.85932907605,168045.8289567295,266.2294809169433,318.0622833434508,544.2807581438117,1859.1778362333312,1273960.0,28239400629.754387,1541.1155528898803,770.5577764449401,5.908524891969356,0.4979394311287431,0.09855334917166231,hacabox
CP001014.1/1643612-1643672,34057.00000000001,601.437412085309,1699547.0,158.7197204814334,0.0005970382985387242,0.23030965612579013,216028.67673991804,217821.47658170288,274.16179566447295,298.68913449941346,601.437412085309,1673.8269664726881,1699388.2802795186,47446195660.23334,1375.1378319732746,687.5689159866373,6.343150504739643,0.46459891010015253,0.0694181382500806,hacabox
