nameseq,average,median,maximum,minimum,peak,none_levated_peak,sample_standard_deviation,population_standard_deviation,percentile15,percentile25,percentile50,percentile75,amplitude,variance,interquartile_range,semi_interquartile_range,coefficient_of_variation,skewness,kurtosis,label
AJ632012.1/1-210,269958.99999999965,1860.1520816153743,44456867.0,187.0,0.00025929863423705115,0.38958719888149745,3075236.289004147,3082584.534340838,811.6361862967254,1058.1394996034228,1860.1520816153743,7501.125347493691,44456680.0,9502327411357.32,6442.985847890268,3221.492923945134,11.391493852785612,0.26153975440228955,0.12095082942340817,hacabox
CU329672.1/923877-924086,269958.99999999965,1860.1520816153743,44456867.0,187.0,0.00025929863423705115,0.38958719888149745,3075236.289004147,3082584.534340838,811.6361862967254,1058.1394996034228,1860.1520816153743,7501.125347493691,44456680.0,9502327411357.32,6442.985847890268,3221.492923945134,11.391493852785612,0.26153975440228955,0.12095082942340817,hacabox
