nameseq,average,median,maximum,minimum,peak,none_levated_peak,sample_standard_deviation,population_standard_deviation,percentile15,percentile25,percentile50,percentile75,amplitude,variance,interquartile_range,semi_interquartile_range,coefficient_of_variation,skewness,kurtosis,label
AJ632005.1/1-164,229249.99999999985,1965.4770970688255,27396836.0,323.23970600007635,0.0002384587422755363,0.26294253503190845,2158446.673351,2165057.5515364553,983.0539823362806,1120.7080234746377,1965.4770970688255,6597.200570798977,27396512.760294,4687474201465.03,5476.49254732434,2738.24627366217,9.415252664562711,0.3159001225868655,0.07383241335025273,hacabox
