nameseq,average,median,maximum,minimum,peak,none_levated_peak,sample_standard_deviation,population_standard_deviation,percentile15,percentile25,percentile50,percentile75,amplitude,variance,interquartile_range,semi_interquartile_range,coefficient_of_variation,skewness,kurtosis,label
AJ632016.1/1-212,120018.00000000017,1182.6291385837812,16698644.0,336.7126504086989,0.0005888005688035675,0.43258810613785226,1171072.8173721735,1173844.5912314367,532.000297702273,747.0074393291973,1182.6291385837812,2976.911974951744,16698307.287349591,1377911124363.2986,2229.904535622547,1114.9522678112735,9.757476523289606,0.3044269385265302,0.04161021637874366,hacabox
