nameseq,average,median,maximum,minimum,peak,none_levated_peak,sample_standard_deviation,population_standard_deviation,percentile15,percentile25,percentile50,percentile75,amplitude,variance,interquartile_range,semi_interquartile_range,coefficient_of_variation,skewness,kurtosis,label
AJ629213.1/2-130,8482.999999999996,260.2368380473564,431027.0,35.233155798622974,0.0050689614523164,0.6530798238015925,43263.9042158703,43432.575047422644,114.07364381523418,148.31964058062988,260.2368380473564,789.0393954708519,430991.76684420137,1886388575.25,640.719754890222,320.359877445111,5.100071226673385,0.5701817700680135,0.05699977401675985,hacabox
AJ629256.1/2-132,32274.0,636.9338746416714,2351532.0,210.5344494629607,0.001352998285513623,0.3991100067906902,214429.35415189777,215252.50249205538,328.7341147918365,374.1476051866519,636.9338746416714,2699.7063038302654,2351321.465550537,46333639829.09231,2325.5586986436133,1162.7793493218066,6.644027828961324,0.44262222749988633,0.10573886090403849,hacabox
AJ629215.1/2-133,72450.0,949.4312734515753,6611756.0,127.91832347327238,0.0006073153899240856,0.36618527016887414,580975.9578399092,583189.2075987554,444.5971379938098,530.7022985812166,949.4312734515753,3200.7323804755943,6611628.081676527,340109651859.6641,2670.030081894378,1335.015040947189,8.018991826637809,0.3692092646607457,0.05981681867825319,hacabox
AJ629214.1/2-135,4536.999999999998,221.18330268512767,205403.0,13.369423670005464,0.009844978326353688,0.835696464775595,21528.186221788408,21608.967692182905,77.23512123959351,118.40962736986329,221.18330268512767,777.6451270521075,205389.63057633,466947484.7218046,659.2354996822442,329.6177498411221,4.745026718489843,0.6014185291114149,0.07285108519469588,hacabox
AJ629257.1/2-132,51618.00000000003,751.4764918459167,4422668.0,186.49928940875932,0.0008459581283014963,0.3800689049841723,392795.8042163893,394303.66313589405,351.87556231325215,427.95056361881734,751.4764918459167,2608.4291918341796,4422481.500710592,155475378762.3846,2180.4786282153623,1090.2393141076811,7.609667252051398,0.3884959281296089,0.07626259393985332,hacabox
