nameseq,average,median,maximum,minimum,peak,none_levated_peak,sample_standard_deviation,population_standard_deviation,percentile15,percentile25,percentile50,percentile75,amplitude,variance,interquartile_range,semi_interquartile_range,coefficient_of_variation,skewness,kurtosis,label
AJ609459.1/1-132,42985.99999999997,665.3851278256125,3962516.0,70.87612489378563,0.0010235890755129584,0.42266055183574125,349284.28518328734,350614.89680244087,272.9255711564654,347.7167961445172,665.3851278256125,1617.8520984697902,3962445.123875106,122930805859.78625,1270.135302325273,635.0676511626365,8.125535876408309,0.3634914309125007,0.07057751587082037,hacabox
AC092174.5/156814-156683,91634.00000000003,1206.8779012290145,8700236.0,161.743392624711,0.00048017111552480505,0.32464424400115616,765106.8763434294,768021.5797605118,520.6460194135426,700.3766994182355,1206.8779012290145,2940.771565749841,8700074.256607376,589857146977.832,2240.3948663316055,1120.1974331658027,8.349595961580082,0.35456662942674216,0.06068762828495395,hacabox
AC034114.17/7622-7492,112849.99999999997,1589.3806463651536,10107236.0,400.10323979622694,0.00038694432137055095,0.30050220526526666,898324.5186646082,901772.9939882704,717.922538711151,851.7958640254412,1589.3806463651536,3693.356943450729,10106835.896760203,813194532686.5692,2841.561079425288,1420.780539712644,7.960341326226039,0.37156044516861586,0.05825852966380665,hacabox
AY057819.1/673-800,41551.99999999998,608.0895018110883,3851096.0,122.7780376549327,0.001026825824669491,0.39063478212104347,342149.3692994333,343493.7727860625,342.2566803176737,364.19486471712275,608.0895018110883,1619.6372153953887,3850973.2219623453,117987971942.80315,1255.442350678266,627.721175339133,8.234245506821175,0.35900031540631017,0.04721446628048151,hacabox
AC011749.2/64633-64502,129586.00000000006,1743.7887930176626,12173828.0,546.176234930493,0.0003395428518512801,0.2786801196401322,1069795.2566598898,1073870.6819195177,814.2107721301104,955.4842704604021,1743.7887930176626,4413.8464136725,12173281.82376507,1153198241486.29,3458.3621432120976,1729.1810716060488,8.255484825983434,0.35850470567460957,0.04400499934967988,hacabox
