nameseq,average,median,maximum,minimum,peak,none_levated_peak,sample_standard_deviation,population_standard_deviation,percentile15,percentile25,percentile50,percentile75,amplitude,variance,interquartile_range,semi_interquartile_range,coefficient_of_variation,skewness,kurtosis,label
AJ609449.1/1-129,27218.999999999993,466.5037900975633,1989539.0,80.6916433951688,0.0015797788309636655,0.4883294664517617,181755.24756110896,182463.84770482618,202.50042211880987,236.08623795682317,466.5037900975633,1127.7434636516537,1989458.3083566048,33293055719.25,891.6572256948305,445.82861284741523,6.677513779386055,0.44156903146757,0.07331715490407495,hacabox
AF067021.1/482-610,27218.999999999993,466.5037900975633,1989539.0,80.6916433951688,0.0015797788309636655,0.4883294664517617,181755.24756110896,182463.84770482618,202.50042211880987,236.08623795682317,466.5037900975633,1127.7434636516537,1989458.3083566048,33293055719.25,891.6572256948305,445.82861284741523,6.677513779386055,0.44156903146757,0.07331715490407495,hacabox
AJ010396.1/584-712,27218.999999999993,466.5037900975633,1989539.0,80.6916433951688,0.0015797788309636655,0.4883294664517617,181755.24756110896,182463.84770482618,202.50042211880987,236.08623795682317,466.5037900975633,1127.7434636516537,1989458.3083566048,33293055719.25,891.6572256948305,445.82861284741523,6.677513779386055,0.44156903146757,0.07331715490407495,hacabox
AF067020.1/980-1114,9768.000000000005,239.00000000000003,382004.0,4.112375547192898,0.004606879606879604,0.6464071054765739,43536.74682380391,43698.89541791953,93.85768353682019,138.0679774340058,239.00000000000003,1049.361102494121,381999.8876244528,1909593460.7462685,911.2931250601152,455.6465625300576,4.4570789131658355,0.6566177329623064,0.07924883025633352,hacabox
AAPY01755613.1/4896-5019,36454.000000000015,502.7638180475948,3305364.0,77.65926757342086,0.0011338490517730103,0.44052031256563906,297666.2909837122,298873.8671022994,232.61877067475862,283.84540545967224,502.7638180475948,1605.9979889355875,3305286.3407324264,89325588436.68292,1322.1525834759152,661.0762917379576,8.165531655887202,0.36233094513130093,0.08426326277477378,hacabox
