nameseq,average,median,maximum,minimum,peak,none_levated_peak,sample_standard_deviation,population_standard_deviation,percentile15,percentile25,percentile50,percentile75,amplitude,variance,interquartile_range,semi_interquartile_range,coefficient_of_variation,skewness,kurtosis,label
AF357392.1/1-124,50589.999999999956,521.0183731597429,4552876.0,140.0,0.0008170257626671946,0.3616974994438618,411645.60352322465,413315.5722606768,333.3487149348537,399.61598437802235,521.0183731597429,1720.7417773160796,4552736.0,170829762273.17075,1321.1257929380572,660.5628964690286,8.136896689528069,0.36489383973718575,0.06403305161991278,hacabox
AJ609472.1/1-140,123190.0,1139.5177060385013,14024628.0,246.01211663630718,0.00037881862705306166,0.29809798554227923,1184647.9853813115,1188901.6722644027,552.3881748346275,661.9937734870846,1139.5177060385013,3192.9444767736995,14024381.987883363,1413487186313.0935,2530.950703286615,1265.4753516433075,9.61642978635694,0.30908037780018555,0.059426749842065626,hacabox
S46763.1/4187-4324,65826.99999999993,488.39206589393757,6728387.0,60.422727710544,0.0006988014036793421,0.38010261610219376,576460.3625194018,578560.4072248926,237.11958412321195,335.1783572159542,488.39206589393757,1237.2850134440537,6728326.577272289,334732144808.2336,902.1066562280995,451.05332811404975,8.757202402044792,0.34003348113240084,0.04266467220162459,hacabox
AAQQ01007810.1/1923-1784,103790.00000000006,1087.6233382411665,10929316.0,202.41616723273688,0.0004496258470629795,0.32114632933501636,927428.7293824792,930758.8253011471,433.71815327523774,614.094420563381,1087.6233382411665,3116.700113217674,10929113.583832767,866311990875.9712,2502.605692654293,1251.3028463271464,8.935627029410142,0.3322165037850696,0.060081486270802315,hacabox
AAHX01002920.1/48724-48860,48031.000000000015,519.0795658188841,4438763.0,83.41275799488022,0.00095077484680033,0.40427352514222453,385099.6338559672,386512.8482706927,231.6612322943453,269.7718611360599,519.0795658188841,1460.4711590586105,4438679.587242005,149392181878.32352,1190.6992979225506,595.3496489612753,8.017730920779645,0.3701269717536367,0.05179625141053498,hacabox
