nameseq,average,median,maximum,minimum,peak,none_levated_peak,sample_standard_deviation,population_standard_deviation,percentile15,percentile25,percentile50,percentile75,amplitude,variance,interquartile_range,semi_interquartile_range,coefficient_of_variation,skewness,kurtosis,label
AC122188.4/123823-124068,280552.9999999996,1675.9424848930355,50584651.0,360.12084275612926,0.00029227989007424667,0.38259882162372905,3251136.4601360555,3257764.6759056677,824.3986955678613,1063.9038916436991,1675.9424848930355,4667.4331723749665,50584290.879157245,10613030683578.76,3603.529280731267,1801.7646403656336,11.588314721767581,0.25733499125727494,0.054089221168086184,hacabox
X77337.1/5898-6146,367615.0000000006,2171.047559001593,66969067.0,499.08451413442697,0.00022577968798879227,0.35597176709618683,4287964.388266767,4296600.780477308,1052.1868234620426,1276.7247531067596,2171.047559001593,5794.126765671702,66968567.91548587,18460778266798.21,4517.402012564942,2258.701006282471,11.664280261324377,0.2556765304121716,0.05268262800120089,hacabox
AC140410.3/155965-155720,280552.9999999996,1675.9424848930355,50584651.0,360.12084275612926,0.00029227989007424667,0.38259882162372905,3251136.4601360555,3257764.6759056677,824.3986955678613,1063.9038916436991,1675.9424848930355,4667.4331723749665,50584290.879157245,10613030683578.76,3603.529280731267,1801.7646403656336,11.588314721767581,0.25733499125727494,0.054089221168086184,hacabox
AC013283.23/46245-46493,373734.99999999965,2256.005593868124,68020907.0,596.4304406272288,0.00022208249160501445,0.3466585095214398,4353760.758737668,4362529.671466095,1073.0384777324168,1328.9480484348815,2256.005593868124,6592.659696196522,68020310.56955937,19031665134422.082,5263.711647761641,2631.8558238808205,11.6493257488265,0.255971112097008,0.060577209515898636,hacabox
AAFC03044145.1/50535-50782,340635.9999999993,2062.0823539440817,57881304.0,548.8500246504657,0.00024268329438657934,0.3374560434303875,3744103.876843163,3751675.3787659896,1058.7595088232893,1245.6514399720775,2062.0823539440817,6008.509822432688,57880755.14997535,14075068147638.932,4762.858382460611,2381.4291912303056,10.991509637393495,0.27128567645259094,0.05693012180287973,hacabox
