nameseq,average,median,maximum,minimum,peak,none_levated_peak,sample_standard_deviation,population_standard_deviation,percentile15,percentile25,percentile50,percentile75,amplitude,variance,interquartile_range,semi_interquartile_range,coefficient_of_variation,skewness,kurtosis,label
AJ609432.1/1-133,28468.999999999985,368.0746846020823,2643691.0,64.8103233771414,0.0015572494057864118,0.5104307300908967,230966.52613311738,231839.7486281301,135.24825614187844,207.05834037987563,368.0746846020823,955.3807069286049,2643626.189676623,53749669043.954544,748.3223665487293,374.16118327436465,8.112913208511626,0.36499997362217707,0.04269629569774878,hacabox
AB007147.1/104-236,29169.000000000022,377.91372561026515,2751811.0,66.85017111116147,0.0015198784097272208,0.5042502453796625,240077.88866532463,240985.55877859847,134.32936716087005,206.83173424590183,377.91372561026515,1063.1339130765175,2751744.149828889,58074039539.833336,856.3021788306157,428.15108941530787,8.230583450420804,0.35977181948470077,0.0460578017324221,hacabox
AC016907.6/186868-187000,25252.999999999993,317.0698705779335,2284267.0,41.49976462774501,0.0017555669953404883,0.530586499349005,200328.78144190862,201086.17084063363,120.59523611921995,181.71755544804142,317.0698705779335,746.4633561491122,2284225.500235372,40435648103.34849,564.7458007010707,282.37290035053536,7.93287060713217,0.37342507576705325,0.04177456501415534,hacabox
AC026222.5/26043-25912,19514.000000000015,322.3999439731439,1771364.0,34.8774193955993,0.0022547914317925574,0.5997430874489558,155433.75140554254,156025.88212656914,120.29855800851887,152.0,322.3999439731439,622.8253771753245,1771329.1225806044,24344075893.374046,470.82537717532455,235.41268858766227,7.965242974558903,0.3704137592218441,0.05849092117991195,hacabox
AC008083.23/27997-28128,19546.0,288.5395135685858,1784916.0,31.27399902168335,0.0022510999693031823,0.6016899912453957,156578.21469157195,157174.70528852392,120.25532549584638,145.35678134966903,288.5395135685858,589.5939924423402,1784884.7260009784,24703887982.53435,444.23721109267115,222.11860554633557,8.010754870130562,0.3689681963298303,0.04829084138598072,hacabox
