nameseq,average,median,maximum,minimum,peak,none_levated_peak,sample_standard_deviation,population_standard_deviation,percentile15,percentile25,percentile50,percentile75,amplitude,variance,interquartile_range,semi_interquartile_range,coefficient_of_variation,skewness,kurtosis,label
AJ609431.1/1-133,21557.00000000003,273.2932133596219,1922371.0,22.560942841749604,0.0020565632199904104,0.582181963051356,169100.39068553332,169739.71391359682,85.68163985980509,112.66589287616301,273.2932133596219,937.7429265886146,1922348.4390571583,28811570479.469696,825.0770337124516,412.5385168562258,7.844337833906995,0.37759297953759097,0.22052252262252683,hacabox
Z78021.1/341-473,9309.0,211.16235913954972,792811.0,15.684798893985715,0.004762416299638343,0.7470144036549111,69375.80409624094,69638.09540641769,78.23495213448385,107.84382061626125,211.16235913954972,707.9307301598827,792795.315201106,4849464331.833333,600.0869095436215,300.04345477181073,7.4525517344764145,0.3934154461794587,0.11286315994065461,hacabox
AL646047.9/33135-33004,17498.000000000004,214.89681399930328,1508292.0,45.563471573632484,0.0025145730940678928,0.6035057646187459,132920.00519109226,133426.36894929115,65.53202606177103,99.4213100413375,214.89681399930328,974.679382316544,1508246.4365284264,17802595930.992367,875.2580722752065,437.62903613760324,7.596297016292847,0.39007905155782235,0.18023959716587246,hacabox
AC117503.8/209801-209669,18948.999999999996,310.77806932495434,1619475.0,28.245430818686735,0.002339613348109839,0.6093530816921782,143290.46813378762,143832.21096635377,94.53382218754552,137.687354346427,310.77806932495434,669.835117412269,1619446.7545691812,20687704911.469696,532.147763065842,266.073881532921,7.561901321113919,0.3902190181960928,0.08842482764461188,hacabox
AC114006.3/20483-20615,9196.99999999999,247.60522002038627,336123.0,3.98023348350568,0.004820412453336238,0.6817838624355902,43189.62210994674,43352.910488608875,71.17052571777865,101.52637812312668,247.60522002038627,854.3932021856623,336119.0197665165,1879474847.8333333,752.8668240625357,376.43341203126784,4.6960554648196995,0.6216350833446068,0.14506998593566725,hacabox
