nameseq,average,median,maximum,minimum,peak,none_levated_peak,sample_standard_deviation,population_standard_deviation,percentile15,percentile25,percentile50,percentile75,amplitude,variance,interquartile_range,semi_interquartile_range,coefficient_of_variation,skewness,kurtosis,label
BX005219.12/41617-41744,14472.000000000004,295.0577304205319,865592.0,31.761275450540584,0.0029482218536944897,0.5670262213757434,87970.61272947915,88316.27462187597,144.48286913803955,203.98338924061602,295.0577304205319,1082.5704628583705,865560.2387245494,7799764363.086615,878.5870736177545,439.29353680887726,6.078676943717463,0.4834663018606694,0.07062737173452253,hacabox
AC007025.2/13587-13714,27296.000000000022,272.5965140947109,2659400.0,42.98452908597234,0.0015631105900742463,0.5201557544949212,235750.33017156096,236676.66116701358,138.000511721176,185.81500832665066,272.5965140947109,1719.3906024780415,2659357.015470914,56015841941.16535,1533.5755941513908,766.7877970756954,8.636808696203135,0.34388164122069,0.11618563180371667,hacabox
AF357423.1/1-119,11420.0,259.3337125684653,473992.0,37.854952745100725,0.00347343841214244,0.5883268242855424,61178.888417492504,61437.574088925445,118.6441201446686,161.23363427407412,259.3337125684653,720.8742078559976,473954.1450472549,3774575509.932203,559.6405735819235,279.82028679096175,5.357170614491463,0.5472802747544087,0.033595196478738605,hacabox
AAPY01752721.1/3925-4052,23735.999999999985,299.0955089964192,2103992.0,30.219172013499275,0.0017975508369846094,0.5130877719377861,188531.9172978411,189272.7135397722,131.60259922580292,187.1155789929853,299.0955089964192,1269.4637795817628,2103961.7808279865,35824160090.708664,1082.3482005887774,541.1741002943887,7.94286810321205,0.37293798567769526,0.07943975777243535,hacabox
AAHX01113643.1/8045-7918,9703.999999999995,302.28647264268363,345452.3421189613,65.23851716819162,0.004396812311074473,0.6108136504809191,50504.911761134674,50703.360116023054,129.8519856737293,202.32450082999645,302.28647264268363,908.0907262735398,345387.10360179306,2570830727.0551176,705.7662254435434,352.8831127217717,5.204545729712974,0.5584633176960977,0.07301584912057331,hacabox
