nameseq,average,median,maximum,minimum,peak,none_levated_peak,sample_standard_deviation,population_standard_deviation,percentile15,percentile25,percentile50,percentile75,amplitude,variance,interquartile_range,semi_interquartile_range,coefficient_of_variation,skewness,kurtosis,label
Z35905.1/390-230,90491.0,964.7461595683999,9649195.0,147.57108612250272,0.0005930608200447189,0.3417362887911421,773246.6092004542,775659.2409889152,499.18221572580023,616.0222247082911,964.7461595683999,3218.8187935306296,9649047.428913878,601647258131.5,2602.7965688223385,1301.3982844111692,8.545011207749436,0.34733907439828066,0.04501837564546062,hacabox
AY737251.1/371-211,84274.99999999997,942.8940103581081,9030251.0,191.16332068684076,0.0006368041135172552,0.3646969027726225,723205.8496666078,725462.3476605798,493.42810449916186,612.2561587927634,942.8940103581081,3256.037004714066,9030059.836679313,526295617873.2,2643.7808459213024,1321.8904229606512,8.581499254424301,0.34567795335750107,0.05987802271705664,hacabox
AABZ01000048.1/20077-20240,84121.99999999997,1348.2323532137652,8373476.0,196.0,0.0006498498212912994,0.34945738164746754,674722.9019886608,676789.4394524096,633.1135508830756,696.3889003392728,1348.2323532137652,3112.982082282553,8373280.0,458043945354.30676,2416.5931819432803,1208.2965909716402,8.020766291679477,0.36803449565512425,0.05236754615572456,hacabox
AACI02000039.1/22783-22621,46202.0,583.1694884871932,5028164.0,94.88634776996028,0.0011759952671601518,0.48444696358242195,401368.88435702136,402605.7713703059,251.33513509026764,325.37959254255287,583.1694884871932,1630.1531265963254,5028069.11365223,162091407140.67902,1304.7735340537724,652.3867670268862,8.687262117592775,0.3409743427265859,0.048593999121440856,hacabox
AACA01000196.1/11253-11093,20283.0,571.694710469063,1806451.0,51.47761790086998,0.0026458939341649,0.6147730609262004,149227.05352582686,149692.66168854103,156.0440113186973,298.12004750032384,571.694710469063,1415.4034334319638,1806399.5223820992,22407892963.4,1117.28338593164,558.64169296582,7.357247622433904,0.3962680658193017,0.049692063909054895,hacabox
