nameseq,average,median,maximum,minimum,peak,none_levated_peak,sample_standard_deviation,population_standard_deviation,percentile15,percentile25,percentile50,percentile75,amplitude,variance,interquartile_range,semi_interquartile_range,coefficient_of_variation,skewness,kurtosis,label
Z72815.1/1165-1361,206589.00000000003,1897.8760772795752,26717451.0,628.3395735010728,0.0003178613898448933,0.32330202904809213,1938450.4981665122,1943389.2335546927,970.5065323368714,1144.9626373481574,1897.8760772795752,6620.354017586228,26716822.660426497,3776761713096.296,5475.39138023807,2737.695690119035,9.383125423747208,0.3167856864794763,0.07260767853636517,hacabox
AABY01000137.1/29506-29307,288164.0000000003,2484.983934065387,37576952.0,870.9565751457178,0.0002313497406569405,0.29931743094620716,2728274.7562369886,2735121.1277450193,1245.7209280632019,1417.3070857365692,2484.983934065387,8226.279071936797,37576081.04342485,7480887583437.187,6808.971986200228,3404.485993100114,9.467784859444572,0.31413150242238985,0.060115565764477304,hacabox
AACA01000278.1/3590-3786,241477.0000000001,2422.92737833859,30549731.0,745.9635173452416,0.0002719375620314425,0.30953686837678646,2230265.4450558126,2235947.6592206573,1425.0264692356004,1564.521221307231,2422.92737833859,7503.663181691872,30548985.036482655,4999461934774.337,5939.141960384641,2969.5709801923203,9.235933215402758,0.321559130754966,0.06250741717946993,hacabox
AACH01000553.1/3305-3502,168256.9999999999,1779.4418869941137,20746419.0,539.8091660639229,0.00039225708291482694,0.3431367069398745,1516019.8950838344,1519862.7907170414,930.3559397278634,1143.9067167766232,1779.4418869941137,5920.517602441008,20745879.190833937,2309982902606.193,4776.610885664385,2388.3054428321925,9.010144571006467,0.3294367547276807,0.07588844457029126,hacabox
AACI02000653.1/4337-4144,219494.99999999985,2190.9882457494596,27499755.0,587.0763609145067,0.0002946156708201404,0.31535031665516533,2024147.196260193,2029384.3258317958,1191.6948285684698,1361.182475109426,2190.9882457494596,6688.123948029986,27499167.923639085,4118400741931.772,5326.94147292056,2663.47073646028,9.221837382446955,0.32206750401710976,0.06288237863978088,hacabox
