nameseq,average,median,maximum,minimum,peak,none_levated_peak,sample_standard_deviation,population_standard_deviation,percentile15,percentile25,percentile50,percentile75,amplitude,variance,interquartile_range,semi_interquartile_range,coefficient_of_variation,skewness,kurtosis,label
AAFW02000032.1/134926-135122,310261.0000000003,2932.660256883046,41078075.0,1064.2240561027852,0.0002116497615448497,0.2847675899116778,2988894.12229239,2996509.151506318,1475.2247248364833,1806.9254470871888,2932.660256883046,9859.311483212794,41077010.7759439,8979067095061.111,8052.386036125605,4026.1930180628024,9.633483171563256,0.30847028416055683,0.06587700659785774,hacabox
AACG02000027.1/92648-92843,218978.0000000003,1987.2617116686947,29820164.0,490.38868087124524,0.0002983556947882127,0.3217619155185314,2166076.853854452,2171623.7947007967,1008.1081611927368,1165.5881044924545,1987.2617116686947,7428.332370728633,29819673.61131913,4715949905710.6875,6262.744266236178,3131.372133118089,9.89175558208792,0.300530525362761,0.07471490714834472,hacabox
X89633.1/18639-18835,310261.0000000003,2932.660256883046,41078075.0,1064.2240561027852,0.0002116497615448497,0.2847675899116778,2988894.12229239,2996509.151506318,1475.2247248364833,1806.9254470871888,2932.660256883046,9859.311483212794,41077010.7759439,8979067095061.111,8052.386036125605,4026.1930180628024,9.633483171563256,0.30847028416055683,0.06587700659785774,hacabox
AAEG01000065.1/19439-19634,297065.99999999994,2787.6744086541084,39346676.0,1095.567167309297,0.0002199286802708265,0.2898119255693654,2866654.0215721885,2873995.017001922,1430.6081787207115,1670.9825362165632,2787.6744086541084,9393.808585036162,39345580.43283269,8259847357751.877,7722.826048819599,3861.4130244097996,9.649889322817788,0.30796704803946146,0.06573712045630868,hacabox
AACH01000317.1/2583-2779,314709.0000000002,2794.8275760669453,41614715.0,989.4441715996277,0.00020865836905416317,0.2848263528692568,3026642.026365523,3034353.228739328,1527.670357132182,1851.0375922546543,2794.8275760669453,10281.872235771923,41613725.5558284,9207299516760.785,8430.83464351727,4215.417321758635,9.617271912673363,0.3091685468979844,0.07122075813961778,hacabox
