nameseq,average,median,maximum,minimum,peak,none_levated_peak,sample_standard_deviation,population_standard_deviation,percentile15,percentile25,percentile50,percentile75,amplitude,variance,interquartile_range,semi_interquartile_range,coefficient_of_variation,skewness,kurtosis,label
M20764.1/402-590,47560.99999999997,411.6619355454817,6136139.0,49.98004267384329,0.001324614705325793,0.6449816658707096,451629.6054666921,452829.15500434244,174.20662655946,241.9375416095375,411.6619355454817,1360.3574016496473,6136089.019957326,205054243621.9468,1118.4198600401098,559.2099300200549,9.495797091455024,0.3131947340945418,0.10983525300970287,hacabox
AACH01001103.1/771-582,50541.00000000003,394.62774734158717,6898187.0,30.192285096789778,0.0012531080376987653,0.6407504009237831,503771.02590561914,505101.99526851287,193.47563139019303,257.79265196706353,394.62774734158717,1307.2718355381373,6898156.807714903,255128025624.23282,1049.479183571074,524.739591785537,9.967571395611857,0.29862598089585224,0.08773947687732515,hacabox
AACA01000336.1/10189-9996,79071.00000000006,405.48966815652216,12249171.0,13.38194044151377,0.0008178303887223713,0.6368565860287708,880649.7162527222,882928.2445532982,163.6656555116084,200.68687059604963,405.48966815652216,1483.6924980327017,12249157.618059559,779562285029.9689,1283.005627436652,641.502813718326,11.137455151101182,0.2679800227492563,0.08688174174171275,hacabox
AAZN01000271.1/10970-11147,87206.99999999993,920.8126418245131,10415339.0,200.45986011574442,0.000680373517416416,0.45746698332190444,790585.6944772023,792815.8419102252,470.4741841004537,592.0498310333513,920.8126418245131,3078.5544643555822,10415138.540139884,628556959183.8192,2486.504633322231,1243.2523166611154,9.065621962425068,0.3274263168216116,0.07981276826333841,hacabox
CR382123.1/649568-649394,102472.00000000006,753.6342672744881,12767688.0,72.44687485827501,0.0005692611965545057,0.4297927136943894,975792.7518689611,978592.7368261863,309.50175025972345,431.17888418921825,753.6342672744881,2883.7893698404832,12767615.553125141,957643744568.9656,2452.6104856512648,1226.3052428256324,9.522530563168091,0.3127253165323325,0.07666865461232761,hacabox
