nameseq,average,median,maximum,minimum,peak,none_levated_peak,sample_standard_deviation,population_standard_deviation,percentile15,percentile25,percentile50,percentile75,amplitude,variance,interquartile_range,semi_interquartile_range,coefficient_of_variation,skewness,kurtosis,label
Z48756.1/13768-12765,45893933.999999925,64864.21728515392,34280835716.0,24055.15710246702,7.292176492576714e-06,0.22119549508327074,1093700500.773681,1094245579.551987,33505.023490208776,37458.28824783304,64864.21728515392,216755.15577087004,34280811660.8429,1.1973733883690637e+18,179296.867523037,89648.4337615185,23.831047056756624,0.12570828051270544,0.07698428060759888,hacabox
AABY01000081.1/5507-6509,49005101.999999955,68612.5113258832,36917306756.0,24379.971110448452,6.822418884738443e-06,0.21221834387147884,1177529004.2151241,1178116447.0075724,36122.97026971508,40366.44770870886,68612.5113258832,226578.4916022785,36917282376.02889,1.3879583627097462e+18,186212.04389356961,93106.02194678481,24.028702240332553,0.12467588309120022,0.0740048185900973,hacabox
AABZ01000413.1/1491-521,39943861.99999994,60611.37219132992,28878402979.999992,22597.751333037253,8.103038876578013e-06,0.22365866690810737,936740830.1180943,937223561.8327523,33078.53376212813,36252.39487690538,60611.37219132992,210920.85496036056,28878380382.24866,8.783880048544709e+17,174668.4600834552,87334.2300417276,23.45143366753309,0.1277298352291761,0.0808332721283597,hacabox
AACI02000062.1/9726-10739,43939488.999999955,61765.703610056116,34822036915.0,21237.75795298618,7.692397151000102e-06,0.23073677501223866,1100000675.614496,1100543483.7776155,31477.08459187889,34799.67571242739,61765.703610056116,206694.39766881464,34822015677.24205,1.2111959596853706e+18,171894.72195638725,85947.36097819362,25.034443973950108,0.11966644458253187,0.08298018588377319,hacabox
