nameseq,average,median,maximum,minimum,peak,none_levated_peak,sample_standard_deviation,population_standard_deviation,percentile15,percentile25,percentile50,percentile75,amplitude,variance,interquartile_range,semi_interquartile_range,coefficient_of_variation,skewness,kurtosis,label
AAHK01011372.1/538-464,17470.000000000007,326.5586957215343,1088684.0,31.419004871195657,0.0014310246136233537,0.3666948821983616,125010.66052941246,125852.49267092999,96.25916216976209,124.69353564373031,326.5586957215343,789.6175836739578,1088652.5809951287,15838849911.486486,664.9240480302275,332.46202401511374,7.155733287316108,0.41140750472824605,0.06778138874180367,hacabox
AAHA01000001.1/1729154-1729225,8315.999999999998,258.0216871038714,429344.0,0.0,0.0028860028860028864,0.4616227092943639,50724.70183253915,51080.6690196297,73.56271881483231,93.35874927469925,258.0216871038714,587.9999999999999,429344.0,2609234747.4929576,494.64125072530067,247.32062536265033,6.099651495014329,0.47657125750084073,0.09220007350511014,hacabox
FR799010.1/955856-955929,33171.000000000015,605.9901359572423,1808187.0,135.1780635537808,0.0007436214363952446,0.2570191756303578,211569.09711014034,213013.27153483324,253.82339380959337,328.27977549453647,605.9901359572423,2461.9231512334227,1808051.8219364462,45374653849.9726,2133.6433757388863,1066.8216878694432,6.378134427968414,0.46176417504523093,0.13477614093193602,hacabox
FR796468.1/1551018-1551091,14650.99999999999,319.30610158887464,806171.0,29.32671209713412,0.0016836165904488896,0.3786255465262179,94014.55225655228,94656.29726455401,77.82102903136507,98.54572957686734,319.30610158887464,1058.8425374295227,806141.6732879028,8959814611.835617,960.2968078526554,480.1484039263277,6.416937564436035,0.4573236872724332,0.1363491024149374,hacabox
