nameseq,average,median,maximum,minimum,peak,none_levated_peak,sample_standard_deviation,population_standard_deviation,percentile15,percentile25,percentile50,percentile75,amplitude,variance,interquartile_range,semi_interquartile_range,coefficient_of_variation,skewness,kurtosis,label
AAHK01001095.1/15481-15405,11361.000000000005,218.42777394522443,463291.0,11.194205282278247,0.002259190798932018,0.4263562124478971,57846.52534076702,58225.85088280218,72.72180088513628,110.26245764721003,218.42777394522443,389.15636813978017,463279.80579471774,3390249711.0263157,278.89391049257017,139.44695524628509,5.091675498703194,0.577869050582479,0.08152057230672577,hacabox
AAHA01000001.1/2180159-2180225,1953.9999999999995,149.50997314454952,35656.78706420748,13.19193611684863,0.011429546229955649,0.5823178002490305,6515.479567921306,6564.6536962367745,27.342040723247376,56.02698337220064,149.50997314454952,301.53291877686127,35643.59512809063,43094678.15151515,245.50593540466062,122.75296770233031,3.3344317133681205,0.830862874195684,0.04942579168471471,hacabox
FR796468.1/2236646-2236568,15448.000000000004,214.83265077498837,835728.0,23.645607525641474,0.001704643535301225,0.36170752179133336,95441.8866955175,96051.74521192424,126.8635041234812,153.3374245389369,214.83265077498837,526.2132233069558,835704.3543924744,9225937758.25641,372.8757987680189,186.43789938400946,6.178268170346808,0.4788201871309126,0.04291209826964727,hacabox
FN554973.1/2138563-2138629,2898.0,103.47464422770864,65940.0,6.183037529708901,0.007706464228203359,0.5633116800636494,10816.549634703295,10898.185129699905,22.566107521124835,56.786324459674404,103.47464422770864,268.3841068723206,65933.81696247029,118770439.12121214,211.5977824126462,105.7988912063231,3.7324187835415095,0.77506934747652,0.043976321033424415,hacabox
