nameseq,average,median,maximum,minimum,peak,none_levated_peak,sample_standard_deviation,population_standard_deviation,percentile15,percentile25,percentile50,percentile75,amplitude,variance,interquartile_range,semi_interquartile_range,coefficient_of_variation,skewness,kurtosis,label
AAHK01022453.1/206-268,7392.000000000002,182.27883700145202,352776.0,6.4386802133228045,0.00284090909090909,0.3678159939320337,44274.00591769396,44629.62613592296,55.16445061199243,92.64075889368246,182.27883700145202,662.5336435634921,352769.5613197867,1991803529.032258,569.8928846698096,284.9464423349048,5.989448852501887,0.4885296245658138,0.10960860613962445,hacabox
AC159420.1/7886-7948,7080.000000000004,196.89234715627214,292896.0,37.61039808729628,0.0029661016949152526,0.38226025527453494,37555.29320881412,37856.946996171886,65.34332562232643,102.17572636784902,196.89234715627214,845.885002063683,292858.3896019127,1433148435.8709676,743.709275695834,371.854637847917,5.304419944747754,0.5498378842022955,0.11872769098586611,hacabox
FR796455.1/43976-44038,6600.000000000002,157.8588715192986,309480.0,19.84105661756255,0.003181818181818181,0.38081965115175437,38791.659309702125,39103.243908006305,66.22650077170567,82.97851630980854,157.8588715192986,996.0779465792325,309460.15894338244,1529063684.1290321,913.0994302694239,456.54971513471196,5.877524137833654,0.4982107940045866,0.18114023117515135,hacabox
FR798998.1/39703-39765,5656.0000000000055,196.38506989601115,227544.0,23.420188786989605,0.0037128712871287092,0.35721031210354864,28856.30468372553,29088.085954839466,81.12111478669887,100.27715824690517,196.38506989601115,1345.478650342422,227520.579811213,846116744.516129,1245.2014920955169,622.6007460477584,5.101892624421058,0.5676002166538453,0.17252926382263314,hacabox
FR796419.1/39405-39467,6816.000000000004,191.25836444130763,316248.0,34.06903357974468,0.0030809859154929562,0.3621603436768722,39631.115048658416,39949.44237165835,73.62083640900977,99.29708837940791,191.25836444130763,1259.2545011748857,316213.9309664203,1595957945.8064516,1159.957412795478,579.978706397739,5.814424156199882,0.5014803364042331,0.21813352334733985,hacabox
