nameseq,average,median,maximum,minimum,peak,none_levated_peak,sample_standard_deviation,population_standard_deviation,percentile15,percentile25,percentile50,percentile75,amplitude,variance,interquartile_range,semi_interquartile_range,coefficient_of_variation,skewness,kurtosis,label
X66432.1/1-127,66800.00000000003,933.214766753953,5723616.0,253.44333655841285,0.0006337325349301395,0.3605979163295033,516506.6777806459,518552.2567870288,373.9169419969356,469.4891005101642,933.214766753953,2920.382700214742,5723362.5566634415,268896443018.92065,2450.893599704578,1225.446799852289,7.732135894919845,0.3825707666526176,0.07110868166030715,hacabox
