nameseq,k1,k2,label
CP002684.1/29422149-29422275,1.873461146304321,3.6410104436395554,hacabox
