nameseq,k1,k2,label
AY948712.1/1-127,1.9307952760155485,3.772806649737825,hacabox
AM051026.1/1-124,1.980381411805208,3.8620722834031884,hacabox
