nameseq,k1,k2,label
DQ789480.1/2-131,1.9764272172554895,3.902473823856716,hacabox
AY948707.1/1-129,1.9645939656220714,3.845752554522289,hacabox
DQ789488.1/2-110,1.9726300026403902,3.8657768724985404,hacabox
DQ789520.1/2-133,1.9610415979306337,3.843115552325645,hacabox
