nameseq,k1,k2,label
ACGJ01001859.1/18807-18659,1.9806986338814414,3.8973903131116,hacabox
ACVC01000193.1/33186-33335,1.9812222339805547,3.9082827219929577,hacabox
