nameseq,k1,k2,label
AF468961.1/1-132,1.8917351308527506,3.6990765893267357,hacabox
AJ248287.2/141310-141179,1.9023666274654567,3.7609169598311123,hacabox
BA000001.2/592118-592247,1.9476482835225073,3.8268777331041166,hacabox
