nameseq,k1,k2,label
ABGU01000965.1/1561-1359,1.727801592227277,3.395066779618756,hacabox
