nameseq,k1,k2,label
AJ632016.1/1-212,1.9693830602218407,3.9142262531082674,hacabox
