nameseq,k1,k2,label
AJ632008.1/1-158,1.9170016333224273,3.7955565256519335,hacabox
CU329670.1/4937394-4937237,1.9170016333224273,3.7955565256519335,hacabox
