nameseq,k1,k2,label
AJ632005.1/1-164,1.899835052747248,3.78007961108889,hacabox
