nameseq,k1,k2,label
AAPU01010147.1/87506-87365,1.9661161197414818,3.808522299926942,hacabox
AANI01014934.1/201555-201413,1.9717341529736676,3.8288871697638847,hacabox
AAPT01021484.1/866747-866600,1.970221516325171,3.8264633517027087,hacabox
AASS01007470.1/1742-1886,1.9807858221692078,3.8754873883162135,hacabox
AAPP01018740.1/148667-148811,1.9853137634432763,3.8943104262133876,hacabox
