nameseq,k1,k2,label
AC012160.7/77294-77140,1.9285676098437192,3.7804041127407113,hacabox
AC012160.7/77640-77489,1.9299652342236662,3.7823519220746613,hacabox
AC012160.7/77986-77835,1.9661988382152908,3.81730802865158,hacabox
AF426408.1/1766-1920,1.949616491852633,3.868595989282741,hacabox
AF426408.1/186-341,1.9201872627437926,3.816536522024636,hacabox
