nameseq,k1,k2,label
AJ544010.1/1-140,1.9961685456738496,3.9026827968320967,hacabox
AC007175.1/70408-70552,1.997938052040952,3.915388085782248,hacabox
AC007175.1/73628-73766,1.9266640024465678,3.750914417777038,hacabox
AAKO01001995.1/15226-15363,1.9676653315170332,3.8642108142354665,hacabox
AAPP01018740.1/149264-149399,1.9895295298974514,3.9184701921406275,hacabox
