nameseq,k1,k2,label
AK229744.1/602-742,1.968515568505966,3.8673082958816636,hacabox
AASG02004941.1/7144-6992,1.9570205651015788,3.7968192243705063,hacabox
AARH01009459.1/70100-69949,1.950650584148716,3.8543140845754134,hacabox
EF533698.1/29127-29267,1.9618452024373503,3.8451880895627535,hacabox
AP006458.4/149212-149071,1.9450487338134,3.807767318718805,hacabox
