nameseq,k1,k2,label
AJ609445.1/1-126,1.9065871360064954,3.7759350329473307,hacabox
AC020602.6/136573-136700,1.8963324180740035,3.732993407432295,hacabox
AC055866.19/124993-124866,1.9306199656423115,3.765524827725903,hacabox
AL590730.6/8553-8680,1.9087165514313322,3.7425116275165187,hacabox
Z84480.1/104302-104429,1.8996558032559614,3.720075029964383,hacabox
