nameseq,k1,k2,label
AF357400.1/1-112,1.9720012372337405,3.8562642253049795,hacabox
AL845471.7/44715-44842,1.9637667455986103,3.8340522015751044,hacabox
AJ609441.1/1-130,1.9748841092492502,3.852465936983067,hacabox
AJ225898.1/4306-4432,1.9689770859511788,3.826742448646309,hacabox
