nameseq,k1,k2,label
AC122188.4/123823-124068,1.9693590871169,3.8658551739660285,hacabox
X77337.1/5898-6146,1.9596500850047969,3.879322353614596,hacabox
AC140410.3/155965-155720,1.9693590871169,3.8658551739660285,hacabox
AC013283.23/46245-46493,1.9581061681298273,3.8713765133519815,hacabox
AAFC03044145.1/50535-50782,1.962351978932446,3.8813172259545268,hacabox
