nameseq,k1,k2,label
BX901883.5/169709-169573,1.9740878652081326,3.845422614522058,hacabox
BX640401.2/48470-48342,1.9740217225739594,3.886450378562834,hacabox
BX640401.2/45102-44982,1.983764756246675,3.9355528827731847,hacabox
AJ609479.1/1-123,1.993015993061296,3.9477272846842815,hacabox
