nameseq,k1,k2,label
AF375472.1/1-148,1.992339015051859,3.9159026930311933,hacabox
AJ609429.1/1-149,1.9917902577421869,3.9135053579090813,hacabox
U64700.1/1-155,1.9923930087244262,3.8544646912486447,hacabox
L22739.1/569-721,1.9775284562030464,3.887106162210631,hacabox
AC099332.2/52634-52482,1.9775284562030464,3.887106162210631,hacabox
