nameseq,k1,k2,label
AJ609436.1/1-133,1.9821566198953162,3.855578294558913,hacabox
AK095288.1/748-880,1.9821566198953162,3.855578294558913,hacabox
AF357384.1/1-128,1.9832319406161425,3.772945825300314,hacabox
AC145397.1/50734-50599,1.9971883312849912,3.8903179402918036,hacabox
