nameseq,k1,k2,label
AK096147.1/2648-2777,1.9707941213995102,3.8804680832267175,hacabox
AB061840.1/3761-3890,1.9707941213995102,3.8804680832267175,hacabox
AJ609473.1/1-130,1.9707941213995102,3.8804680832267175,hacabox
AC116119.12/257476-257604,1.958089344847889,3.77844195346313,hacabox
AF357393.1/1-105,1.9844057067896523,3.845295124737503,hacabox
