nameseq,k1,k2,label
AJ609449.1/1-129,1.9801271646916399,3.8583708236562453,hacabox
AF067021.1/482-610,1.9801271646916399,3.8583708236562453,hacabox
AJ010396.1/584-712,1.9801271646916399,3.8583708236562453,hacabox
AF067020.1/980-1114,2.076471725245857,4.032819927870869,hacabox
AAPY01755613.1/4896-5019,1.9699731661389537,3.7684522595849423,hacabox
