nameseq,k1,k2,label
AC112907.7/62863-62686,1.9626940188796802,3.8328636063938077,hacabox
ABDC01304434.1/1589-1766,1.9600424710791797,3.857105374495762,hacabox
AALT01246665.1/603-780,1.9617531843992366,3.829161847023614,hacabox
DQ351284.1/3156-3333,1.957914245847504,3.853957480556701,hacabox
AAYZ01178903.1/11910-11732,1.964522538002895,3.820553264155514,hacabox
