nameseq,k1,k2,label
AL929577.9/115568-115437,1.9791304928448765,3.8139727764356173,hacabox
AC102195.14/77372-77241,1.9881934387061757,3.847766829970811,hacabox
AC124719.3/60776-60645,1.9878164843995902,3.824614884640267,hacabox
AL773512.6/105824-105955,1.9611476067017737,3.7537191546511677,hacabox
AL592546.7/54124-53993,1.9740075933680874,3.846698326107462,hacabox
