nameseq,k1,k2,label
AJ609480.1/1-137,1.98320900184987,3.860337397113587,hacabox
AC124598.5/176959-176830,1.9873082695295052,3.8636594121388756,hacabox
AL606917.12/4887-5017,1.9732148189314414,3.8889117535219935,hacabox
AALT01049511.1/846-979,1.9870738708445308,3.8731291107873957,hacabox
AAQQ01076179.1/4047-4179,1.967789527245983,3.8418724663690544,hacabox
