nameseq,k1,k2,label
AL138659.1/77819-77696,1.9763415642581126,3.8899025313304487,hacabox
AJ505659.1/1-124,1.9763415642581126,3.8899025313304487,hacabox
AARH01007754.1/2159-2040,1.9701155134833155,3.87094772190043,hacabox
AASG02009944.1/1753-1868,1.965309865042898,3.801175858826724,hacabox
AACV01024246.1/8981-8858,1.9984977132778847,3.9128854111982116,hacabox
