nameseq,k1,k2,label
AJ505662.1/1-144,1.946587916389295,3.769231168237274,hacabox
AARH01005662.1/240390-240253,1.9727644614371722,3.849327896983035,hacabox
