nameseq,k1,k2,label
Z71668.1/1563-1290,1.944997688608192,3.8686610374818393,hacabox
AABY01000051.1/17563-17291,1.9345199252260934,3.837987891813651,hacabox
AACI02000264.1/7638-7365,1.9281744114513306,3.829059191400557,hacabox
AACH01002253.1/53-321,1.9376268579162494,3.8189337067583926,hacabox
AACA01000197.1/13773-13499,1.9295227985523538,3.8251999310258142,hacabox
