nameseq,k1,k2,label
X07673.1/425-1032,1.986948093430322,3.9593951273624906,hacabox
AABY01000047.1/17961-17352,1.9903949597491195,3.9716569408516804,hacabox
AACH01000215.1/7327-6713,1.9852933605146936,3.959081250668724,hacabox
AACI02000330.1/3807-4421,1.983798167904218,3.959292799181143,hacabox
