nameseq,k1,k2,label
U19729.2/1781-1983,1.9374182982770443,3.8304502317635443,hacabox
AABY01000020.1/14589-14385,1.9463433314607055,3.8476420375812617,hacabox
AACG02000015.1/23258-23463,1.9351768671418204,3.807452018932406,hacabox
