nameseq,k1,k2,label
L22435.1/168-350,1.9253475491398988,3.8278686368356123,hacabox
AABY01000200.1/15394-15212,1.9223615614495637,3.8307590381034236,hacabox
AACI02000300.1/6456-6274,1.9344499607565622,3.8356311901826587,hacabox
AABZ01000064.1/7080-7262,1.9257253592821342,3.8288523805398302,hacabox
