nameseq,k1,k2,label
Z75186.1/359-138,1.9605337744041829,3.913679930242606,hacabox
AABY01000003.1/33612-33389,1.9612976695397397,3.907479908352926,hacabox
AACH01000317.1/2350-2128,1.9646927756710677,3.893288774384235,hacabox
AACG02000027.1/92408-92183,1.9497927542145153,3.8784023243151045,hacabox
AACI02000485.1/4731-4508,1.973098338553112,3.907050351114263,hacabox
