nameseq,k1,k2,label
AF064277.1/1-100,1.8251859417710257,3.5495699582557947,hacabox
AABY01000060.1/33829-33929,1.7750209182314964,3.475489270605267,hacabox
AACI02000034.1/7813-7912,1.8322744803432298,3.554180943801516,hacabox
AABZ01000039.1/17906-17807,1.780689787287732,3.4778189932027503,hacabox
