nameseq,k1,k2,label
X80835.1/7645-7470,1.97902578425377,3.937390883557064,hacabox
AABY01000008.1/67645-67824,1.9733417969553604,3.9211462655313687,hacabox
AACH01000096.1/3948-3770,1.9778549729536141,3.939945028869368,hacabox
AACI02000115.1/14713-14893,1.9743976202237898,3.9029276016879466,hacabox
