nameseq,k1,k2,label
M20765.1/237-423,1.9546163962118899,3.8364612237015225,hacabox
AABY01000088.1/34426-34241,1.9790629510781974,3.8910643802771396,hacabox
AACG02000010.1/70750-70564,1.9675244140517134,3.8779276326979417,hacabox
AACI02000041.1/11601-11416,1.9623559925056044,3.859941381641591,hacabox
