nameseq,k1,k2,label
AAHK01030140.1/350-422,1.990658356748731,3.917103052961684,hacabox
AC013353.9/110422-110350,1.990658356748731,3.935424531003122,hacabox
FR798998.1/765999-765924,1.969791650598281,3.861286857794039,hacabox
