nameseq,k1,k2,label
AAHK01019181.1/18-80,1.9381065297468931,3.5925892067592695,hacabox
AAGZ01000003.1/384014-383952,1.9891117711637358,3.7762033678117564,hacabox
FR799613.1/642090-642154,1.9551606499200085,3.5904886605713844,hacabox
