nameseq,k1,k2,label
JF909328.1/1-132,1.882823735954439,3.723308734938846,hacabox
