nameseq,k1,k2,label
X66431.1/1-135,1.9689440783090189,3.8343738211173335,hacabox
AFXF01000011.1/357419-357290,1.9225761680714217,3.764340441401867,hacabox
