nameseq,k1,k2,label
JF909326.1/1-152,1.8759073148480272,3.6474208876205116,hacabox
