nameseq,k1,k2,label
EF503652.1/1-123,1.904016118849388,3.7282757362316934,hacabox
