nameseq,k1,k2,label
X66429.1/1-134,1.9773264804499282,3.846212762013259,hacabox
