nameseq,average,median,maximum,minimum,peak,none_levated_peak,sample_standard_deviation,population_standard_deviation,percentile15,percentile25,percentile50,percentile75,amplitude,variance,interquartile_range,semi_interquartile_range,coefficient_of_variation,skewness,kurtosis,label
AY948644.1/1-132,179.00000000000003,120.50507007126524,859.3979871630861,1.0993628237620539,0.24581005586592175,3.664139784353756,169.60837243485355,170.25450190772438,39.533370611837334,61.08068560473869,120.50507007126524,229.86891935822058,858.2986243393241,28986.59541984732,168.7882337534819,84.39411687674095,0.9475328068986231,1.0346469768384101,0.23564410716796355,hacabox
AM051045.1/1-130,174.49999999999983,123.55880578355826,582.4594957941842,0.28780845850349207,0.24832855778414542,3.6519021833004204,152.1323437011341,152.72086560355027,27.62832298422595,57.554722333770115,123.55880578355826,254.62524276205883,582.1716873356808,23323.66279069766,197.07052042828872,98.53526021414436,0.8718185885451819,1.004543668567603,0.2640915024891651,hacabox
AAGD02011775.1/10125-10258,187.50000000000014,145.39777765745956,830.1482514636456,2.6789460847162414,0.23822222222222203,3.621401290775883,171.75345702488787,172.39793755199176,36.888995544138545,55.443610838848066,145.39777765745956,260.28392270275936,827.4693053789293,29721.048872180454,204.8403118639113,102.42015593195565,0.9160184374660679,0.7353951950400587,0.2998367213623264,hacabox
