nameseq,average,median,maximum,minimum,peak,none_levated_peak,sample_standard_deviation,population_standard_deviation,percentile15,percentile25,percentile50,percentile75,amplitude,variance,interquartile_range,semi_interquartile_range,coefficient_of_variation,skewness,kurtosis,label
AY948712.1/1-127,197.74999999999997,120.58259769564259,946.7522484848431,0.6725274069249167,0.21407501053518757,3.372637999394354,194.52988202330252,195.30030041264618,45.52246635441008,61.286322533629836,120.58259769564259,302.6655072250585,946.0797210779182,38142.207341269845,241.37918469142866,120.68959234571433,0.983716217564109,1.1900598741191892,0.2981525696235125,hacabox
AM051026.1/1-124,174.99999999999997,107.61839911999883,710.5567983223209,0.41677266006486646,0.23619047619047626,3.550367503183774,172.86121600868137,173.56248142772557,35.72315615064316,47.38803497370312,107.61839911999883,241.795116940868,710.140025662256,30123.934959349586,194.40708196716488,97.20354098358244,0.9877783771924651,1.1694051870481543,0.22306779169881802,hacabox
