nameseq,average,median,maximum,minimum,peak,none_levated_peak,sample_standard_deviation,population_standard_deviation,percentile15,percentile25,percentile50,percentile75,amplitude,variance,interquartile_range,semi_interquartile_range,coefficient_of_variation,skewness,kurtosis,label
DQ789475.1/2-133,188.99999999999986,125.51071336646456,808.0178566683621,0.6634535473899668,0.23280423280423299,3.634109308977617,184.63477462276708,185.3381477398368,24.06628462417775,60.69606376016528,125.51071336646456,291.8731135712708,807.3544031209722,34350.22900763358,231.1770498111055,115.58852490555275,0.9769035694326308,1.0315925604467338,0.26391784505025523,hacabox
AY948673.1/1-130,178.49999999999994,89.2509013685984,1075.598744193098,8.172974357460857,0.24276377217553696,3.777342546965416,205.46593391606305,206.26077608682164,22.314468416314835,33.68055712043193,89.2509013685984,276.79062763722226,1067.425769835637,42543.50775193798,243.11007051679033,121.55503525839516,1.1510696577930706,1.303122570204678,0.28725415644399255,hacabox
AY948674.1/1-129,178.24999999999991,110.64823284896691,640.9891644805681,0.25,0.24123422159887808,3.6388671092037734,172.37459209523888,173.0466203440564,33.44811399756896,44.24227348926295,110.64823284896691,264.5029073501381,640.7391644805681,29945.132812499993,220.26063386087517,110.13031693043759,0.967038384826025,1.1765382530451287,0.2581881218556879,hacabox
ABLE03021145.1/2158-2290,181.25000000000014,99.41422049935197,887.6284519610773,3.3244368506754207,0.2445977011494251,3.78693813820515,192.16724486758926,192.8937776852768,30.260335315191277,41.62163248947035,99.41422049935197,274.75978718141005,884.3040151104019,37208.00946969699,233.1381546919397,116.56907734596984,1.060233075131526,1.2775712045573044,0.24259161966369794,hacabox
