nameseq,average,median,maximum,minimum,peak,none_levated_peak,sample_standard_deviation,population_standard_deviation,percentile15,percentile25,percentile50,percentile75,amplitude,variance,interquartile_range,semi_interquartile_range,coefficient_of_variation,skewness,kurtosis,label
AY948679.1/1-131,190.75000000000014,152.2944204342331,986.7656248122972,3.9114700599650014,0.2289209261686324,3.6168353350125,198.96010906711928,199.72387429032727,20.533854587352394,46.88442607384535,152.2944204342331,253.50601347485676,982.8541547523322,39889.625961538455,206.62158740101142,103.31079370050571,1.043041200876116,0.5798485899421281,0.26995745378059227,hacabox
AAGD02000374.1/11494-11623,188.49999999999997,140.07690053277096,900.5905365124672,0.8647425730287034,0.22988505747126442,3.5236256445723386,177.9782290056848,178.66673536386503,43.82152186112645,73.16514838060023,140.07690053277096,249.28236844552143,899.7257939394385,31921.80232558138,176.11722006492118,88.05861003246059,0.9441815862370547,0.8162194848958014,0.222768208972492,hacabox
