nameseq,average,median,maximum,minimum,peak,none_levated_peak,sample_standard_deviation,population_standard_deviation,percentile15,percentile25,percentile50,percentile75,amplitude,variance,interquartile_range,semi_interquartile_range,coefficient_of_variation,skewness,kurtosis,label
AY948683.1/1-125,157.24999999999994,131.16467244399325,508.09932591598664,1.038889374881939,0.2649708532061474,3.6368469068530285,127.98730405786347,128.50234559174646,39.384683400639396,55.38273689860821,131.16467244399325,209.12939156233264,507.0604365411047,16512.852822580644,153.74665466372443,76.87332733186221,0.8139097237384008,0.6114355110772572,0.2367170609691386,hacabox
DQ789462.1/1-120,154.0,107.9913862057162,457.61177057241036,2.882993736701906,0.2597402597402597,3.5717152038584308,127.82018619920717,128.35612224450787,35.180315964428026,55.60069041147348,107.9913862057162,227.06727835020777,454.72877683570846,16475.294117647052,171.46658793873428,85.73329396936714,0.8300012090857608,1.0798438453824404,0.24430293387458207,hacabox
