nameseq,average,median,maximum,minimum,peak,none_levated_peak,sample_standard_deviation,population_standard_deviation,percentile15,percentile25,percentile50,percentile75,amplitude,variance,interquartile_range,semi_interquartile_range,coefficient_of_variation,skewness,kurtosis,label
AY948682.1/1-127,181.75000000000009,120.92717160349217,691.2968616148044,0.25,0.23292067858780366,3.5861972976041785,175.1938212380791,175.88766086918022,21.659102883893134,32.60018128910522,120.92717160349217,276.69760089844596,691.0468616148044,30936.469246031756,244.09741960934073,122.04870980467037,0.9639274896180413,1.0415235189234142,0.26039156140219577,hacabox
AM051058.1/1-124,178.9999999999999,127.51541838771197,821.0307401884161,0.0,0.23091247672253276,3.5696354877017242,181.96428220944898,182.70247705477672,21.248356697612582,40.12833597499612,127.51541838771197,274.2641248150945,821.0307401884161,33380.19512195121,234.13578884009837,117.06789442004919,1.0165602358069783,0.8488135306635651,0.2976993246251004,hacabox
DQ789500.1/1-127,183.75000000000003,133.01803281556678,1316.084129951426,0.25,0.23038548752834465,3.581439812552668,213.25073270683035,214.09529336923114,33.22350299103057,53.51004471611888,133.01803281556678,235.7263809732956,1315.834129951426,45836.794642857145,182.21633625717672,91.10816812858836,1.1605482052072398,0.7136946242643553,0.20130814752333398,hacabox
