nameseq,average,median,maximum,minimum,peak,none_levated_peak,sample_standard_deviation,population_standard_deviation,percentile15,percentile25,percentile50,percentile75,amplitude,variance,interquartile_range,semi_interquartile_range,coefficient_of_variation,skewness,kurtosis,label
AY948687.1/1-139,180.75000000000003,122.17191484446114,1033.0938667902685,0.25,0.25633932687874594,3.908708354387975,188.2435257850851,188.92433641885407,30.316904443160343,60.72594570248645,122.17191484446114,239.4325997016275,1032.8438667902685,35692.40489130435,178.70665399914105,89.35332699957053,1.0414579573172065,0.9335474074537359,0.24654220313083527,hacabox
DQ789466.1/1-138,180.50000000000003,117.29225259294876,724.0691241877616,1.0,0.25484764542936283,3.915762950656451,172.30858945508209,172.9363095283483,17.94511454480512,38.186686187459145,117.29225259294876,289.25994545203935,723.0691241877616,29906.967153284688,251.0732592645802,125.5366296322901,0.9546182241278784,1.1004863008909105,0.29105709585884226,hacabox
