nameseq,average,median,maximum,minimum,peak,none_levated_peak,sample_standard_deviation,population_standard_deviation,percentile15,percentile25,percentile50,percentile75,amplitude,variance,interquartile_range,semi_interquartile_range,coefficient_of_variation,skewness,kurtosis,label
AY948710.1/1-140,184.99999999999991,143.3517304041631,1024.0,3.2737199626779065,0.25225225225225234,3.791732757332899,170.72492495239237,171.337942813266,39.702640035641934,64.89102977462723,143.3517304041631,251.31812458048563,1020.7262800373221,29356.690647482017,186.42709480585842,93.21354740292921,0.9228374321750943,0.7318486672192241,0.28786545322692164,hacabox
DQ789495.1/2-142,191.25000000000003,102.03774135916463,1190.25,2.105932239927592,0.24575163398692806,3.901577478772663,214.09051823936537,214.85376671454608,31.530301181197295,50.862269353691175,102.03774135916463,217.91778562082084,1188.1440677600724,46162.14107142859,167.05551626712966,83.52775813356483,1.1194275463496226,1.2501103651086176,0.1781139804960375,hacabox
AAGD02001053.1/226532-226393,173.0,132.88742681553077,1024.0,1.8741772746154828,0.2697495183044316,3.9498590231222,161.6941557385424,162.27474703471228,29.259732593645705,52.655324078882614,132.88742681553077,231.95502094991738,1022.1258227253845,26333.093525179862,179.29969687103477,89.64984843551738,0.9346482990667191,0.7442304825660637,0.25690901398978977,hacabox
AY948717.1/1-139,184.75000000000006,144.20158310286936,1406.25,8.450116501497325,0.25078935498421284,3.8586476887754393,201.8430702303153,202.5730656338346,26.83750401839624,36.44801114419543,144.20158310286936,227.84100097022292,1397.7998834985026,41035.846920289856,191.39298982602747,95.69649491301374,1.0925200012466318,0.6026724155185877,0.2679955872220581,hacabox
DQ789494.1/1-141,187.24999999999997,116.35869193817044,1406.25,3.8874971436925443,0.25100133511348466,3.9261327342938968,212.5199990589121,213.27764851747327,28.709334776043416,41.558511553308456,116.35869193817044,220.92802605965528,1402.3625028563074,45487.355357142864,179.36951450634683,89.68475725317342,1.134953266002201,1.000724285372003,0.2183331398571166,hacabox
