nameseq,average,median,maximum,minimum,peak,none_levated_peak,sample_standard_deviation,population_standard_deviation,percentile15,percentile25,percentile50,percentile75,amplitude,variance,interquartile_range,semi_interquartile_range,coefficient_of_variation,skewness,kurtosis,label
DQ789480.1/2-131,184.4999999999999,144.05953947048982,888.4101521258499,1.7268273794841462,0.2348690153568204,3.5878345504148528,174.2706228829173,174.94478641723975,26.333558555947437,49.010402562712386,144.05953947048982,243.3316421869191,886.6833247463658,30605.67829457363,194.32123962420673,97.16061981210336,0.9445562215876283,0.6961665688774133,0.23994056443483905,hacabox
AY948707.1/1-129,188.25000000000003,141.21860401418454,874.1304288157943,7.343095483558621,0.2284196547144754,3.4763187577844312,167.57684804292032,168.23017156562614,30.479858964983844,57.77293881456306,141.21860401418454,261.0630673050083,866.7873333322357,28301.390625000004,203.29012849044523,101.64506424522261,0.8901824597233482,0.8419670712586084,0.2422284277300312,hacabox
DQ789488.1/2-110,155.25,92.53252896778473,724.0704036808329,0.06468287518783081,0.23403113258185723,3.3289766134452914,160.90292104247203,161.64612555643703,18.586622171191618,40.03121914863914,92.53252896778473,218.67251817869771,724.0057208056451,26129.4699074074,178.64129903005858,89.32064951502929,1.0364117297421709,1.169353619422366,0.2428730963425513,hacabox
DQ789520.1/2-133,192.99999999999997,105.77141064018855,1016.8409421321222,8.432532618525494,0.227979274611399,3.6218471154134675,211.95518394226644,212.76263518601593,31.624305332045285,41.74529907621731,105.77141064018855,277.36664122836675,1008.4084095135968,45267.93893129771,235.62134215214945,117.81067107607473,1.0982133883018987,1.2346278265631556,0.2501756178987923,hacabox
