nameseq,average,median,maximum,minimum,peak,none_levated_peak,sample_standard_deviation,population_standard_deviation,percentile15,percentile25,percentile50,percentile75,amplitude,variance,interquartile_range,semi_interquartile_range,coefficient_of_variation,skewness,kurtosis,label
AACB02000001.1/458263-458113,175.75,113.60140749558495,552.25,8.600667947809294,0.28639165481270745,4.190825099508298,142.56358230628186,143.03800485651823,36.02027129194988,49.95666258148283,113.60140749558495,283.48761807282585,543.6493320521907,20459.87083333333,233.53095549134304,116.76547774567152,0.8111725878024573,1.3078078882213224,0.3200317326586989,hacabox
ACGJ01002895.1/16336-16188,179.2499999999999,159.60199685776786,633.5274898085235,9.237585204712925,0.2770804277080429,4.037092338472248,138.48194828207752,138.94900508284869,39.05969337526066,64.24709426838847,159.60199685776786,259.73967061672766,624.2899046038106,19306.82601351351,195.49257634833918,97.74628817416959,0.7725631703323717,0.42564399301078204,0.29657808285581,hacabox
