nameseq,average,median,maximum,minimum,peak,none_levated_peak,sample_standard_deviation,population_standard_deviation,percentile15,percentile25,percentile50,percentile75,amplitude,variance,interquartile_range,semi_interquartile_range,coefficient_of_variation,skewness,kurtosis,label
AACB02000068.1/10395-10508,100.5,59.9530545606662,484.0,0.1316255349224659,0.3781094527363184,4.406952682965563,104.46171547509643,104.92291734445243,8.235275211328894,29.095049065639376,59.9530545606662,153.11494312938683,483.8683744650775,11008.818584070796,124.01989406374746,62.00994703187373,1.0394200544785714,1.1644537500152432,0.25632787535388446,hacabox
ACGJ01001903.1/4544-4655,118.0,66.06249012996152,679.8614800645527,1.9281303983198175,0.3163841807909605,3.965765523963427,130.22288585344742,130.80816019948745,15.431516547204945,29.139076298350645,66.06249012996152,171.35911457986367,677.9333496662329,17110.774774774774,142.22003828151304,71.11001914075652,1.1035837784190459,1.1965065018253902,0.25655916533634626,hacabox
