nameseq,average,median,maximum,minimum,peak,none_levated_peak,sample_standard_deviation,population_standard_deviation,percentile15,percentile25,percentile50,percentile75,amplitude,variance,interquartile_range,semi_interquartile_range,coefficient_of_variation,skewness,kurtosis,label
AACB02000040.1/79498-79351,116.99999999999997,68.77144914725085,623.6483468494426,4.0,0.4216524216524218,5.242138977189796,133.09019498069722,133.54211544917004,19.464396522712622,27.97135439670469,68.77144914725085,141.06706442684194,619.6483468494426,17833.496598639456,113.09571003013724,56.54785501506862,1.1375230340230535,1.0871248071973438,0.21540260160980765,hacabox
ACGJ01002360.1/10522-10369,140.49999999999994,97.7697687970643,878.6230701914983,1.5125531872366882,0.36536180308422317,4.8423563570841175,159.57521737412736,160.09585568195058,31.49772395959319,59.256077283739884,97.7697687970643,153.358165168647,877.1105170042616,25630.683006535946,94.1020878849071,47.05104394245355,1.1357666717019745,0.803324574568877,0.19668917966558566,hacabox
