nameseq,average,median,maximum,minimum,peak,none_levated_peak,sample_standard_deviation,population_standard_deviation,percentile15,percentile25,percentile50,percentile75,amplitude,variance,interquartile_range,semi_interquartile_range,coefficient_of_variation,skewness,kurtosis,label
AF468962.1/1-168,163.99999999999997,100.69860479567501,630.8551462908571,1.0,0.3414634146341464,4.971235132955804,161.4032217770141,161.88574369590438,30.125444812023986,42.57049402009937,100.69860479567501,220.03217589658777,629.8551462908571,26206.994011976047,177.4616818764884,88.7308409382442,0.984165986445208,1.1765823725336546,0.22664578449591222,hacabox
AJ248284.1/11131-11298,156.00000000000006,102.4235516946463,1107.827273964997,1.0,0.35897435897435886,5.098478458069659,171.97383521919835,172.48795844459178,30.999999999999986,47.980991524449394,102.4235516946463,193.9223169801756,1106.827273964997,29752.095808383223,145.9413254557262,72.9706627278631,1.1023963796102454,0.9346151099741141,0.22772445110159834,hacabox
BA000001.2/1531413-1531580,163.99999999999994,114.29523948757588,806.4244808891654,12.11219211568027,0.3414634146341465,4.84680602826286,154.45063936416707,154.91237623694644,32.55180512219468,56.36836269338088,114.29523948757588,220.7970918740448,794.3122887734851,23997.84431137725,164.42872918066394,82.21436459033197,0.9417721912449215,0.9654494287050978,0.2392639995457519,hacabox
