nameseq,average,median,maximum,minimum,peak,none_levated_peak,sample_standard_deviation,population_standard_deviation,percentile15,percentile25,percentile50,percentile75,amplitude,variance,interquartile_range,semi_interquartile_range,coefficient_of_variation,skewness,kurtosis,label
AE009950.1/136690-136790,83.25000000000001,48.61865505013814,423.19954859717564,0.45155425341613925,0.4044044044044043,4.291260022541986,88.13767639324287,88.57726852866938,10.086088349827717,15.378839433646107,48.61865505013814,117.18211532490584,422.7479943437595,7845.932500000002,101.80327589125973,50.901637945629865,1.0587108275464607,1.1787698416967882,0.2782417474597195,hacabox
CP015520.1/465743-465642,87.5,59.77491097074453,784.0,1.0,0.38857142857142857,4.23941903221544,108.78074278106396,109.3179349013194,13.119796076469237,17.374713927195874,59.77491097074453,117.9585571715695,783.0,11950.410891089108,100.58384324437363,50.29192162218681,1.2432084889264452,0.7646138917728108,0.29717631374765213,hacabox
