nameseq,average,median,maximum,minimum,peak,none_levated_peak,sample_standard_deviation,population_standard_deviation,percentile15,percentile25,percentile50,percentile75,amplitude,variance,interquartile_range,semi_interquartile_range,coefficient_of_variation,skewness,kurtosis,label
AE009441.1/1650846-1650787,46.99999999999999,40.84983083175382,147.86725758374607,1.0,0.4255319148936171,3.1939474839407107,38.65229618017536,38.978481677693715,12.601186596715035,15.897845134937047,40.84983083175382,66.65530523551617,146.86725758374607,1519.3220338983044,50.757460100579124,25.378730050289562,0.8223892804292632,0.47734570331171483,0.26534063828257687,hacabox
CP003098.1/1477287-1477344,42.50000000000001,32.70462213587099,115.59042768431249,1.0,0.4549019607843136,3.2147287806048124,31.84729187858836,32.12543944678614,11.545125251328072,16.286121612451286,32.70462213587099,61.2948911650005,114.59042768431249,1032.0438596491229,45.00876955254921,22.504384776274605,0.749348044202079,0.9227200135074591,0.2595461481177352,hacabox
CP001014.1/1643612-1643672,45.249999999999986,44.35276313516923,108.34380842764887,2.25,0.4493554327808473,3.292294302484696,32.07413287993925,32.3403128205856,9.472878277047698,18.342616084626766,44.35276313516923,69.81087843156965,106.09380842764887,1045.8958333333335,51.46826234694288,25.73413117347144,0.7088206161312544,0.08392153903483346,0.28158674307446163,hacabox
