nameseq,average,median,maximum,minimum,peak,none_levated_peak,sample_standard_deviation,population_standard_deviation,percentile15,percentile25,percentile50,percentile75,amplitude,variance,interquartile_range,semi_interquartile_range,coefficient_of_variation,skewness,kurtosis,label
AE009441.1/1238265-1238321,38.25,20.47362578616832,189.08881478437507,0.3547122920870494,0.49673202614379086,3.641431607032144,47.39725730461626,47.81857454408873,6.352099984979125,8.136015412001104,20.47362578616832,39.10484873001554,188.73410249228803,2286.6160714285706,30.968833318014436,15.484416659007218,1.239143981820033,1.125152079977021,0.17058034633896255,hacabox
CP003316.1/101700-101755,48.00000000000001,38.13699191631092,222.21033667338537,0.0,0.38888888888888884,2.993541551419333,46.1519230368573,46.56959601206856,8.873487816493665,16.498602766872224,38.13699191631092,60.255543378172895,222.21033667338537,2168.7272727272716,43.75694061130067,21.878470305650335,0.9614983966011935,0.6411222394229864,0.3334068483323391,hacabox
CP000504.1/1691249-1691305,50.25000000000001,35.01944647863799,217.92200137109452,2.8243353418906456,0.37810945273631835,3.0146933623007284,50.77893263943226,51.230309806374805,6.043216335501054,22.79168609464515,35.01944647863799,65.04235252820064,215.09766602920388,2624.5446428571427,42.25066643355549,21.125333216777744,1.0105260226752688,0.8998153011314834,0.18989907876040366,hacabox
CP001014.1/1126009-1125953,46.25000000000002,17.886987457587345,299.46342410158445,0.2562655518040648,0.4108108108108106,3.3030415357835525,60.65888228446022,61.198082953168225,8.079863741276379,10.5364492564091,17.886987457587345,53.45126585025356,299.2071585497804,3745.205357142859,42.91481659384446,21.45740829692223,1.3115434007450852,1.4027465463048336,0.19702900160818884,hacabox
