nameseq,average,median,maximum,minimum,peak,none_levated_peak,sample_standard_deviation,population_standard_deviation,percentile15,percentile25,percentile50,percentile75,amplitude,variance,interquartile_range,semi_interquartile_range,coefficient_of_variation,skewness,kurtosis,label
AJ632014.1/1-211,304.7499999999999,242.55433275064044,1124.5603070163697,4.11798128999715,0.2307902652447362,4.470150752391566,257.4492668468876,258.06151329258125,47.85410605128014,75.32056601563937,242.55433275064044,493.11982316040707,1120.4423257263725,66595.7446428571,417.7992571447677,208.89962857238385,0.8447884063884749,0.7247525076816277,0.3174048048232371,hacabox
