nameseq,average,median,maximum,minimum,peak,none_levated_peak,sample_standard_deviation,population_standard_deviation,percentile15,percentile25,percentile50,percentile75,amplitude,variance,interquartile_range,semi_interquartile_range,coefficient_of_variation,skewness,kurtosis,label
AJ632001.1/1-143,215.7500000000001,154.49840157788958,940.9127993138699,0.8205617965382416,0.22093472383159507,3.638652982549835,201.58589980452504,202.29446402721044,35.44132743353089,89.16060095722085,154.49840157788958,278.60739935726275,940.0922375173317,40923.05017605634,189.4467984000419,94.72339920002095,0.9343494776571261,0.9115458742130079,0.1820317984890539,hacabox
CU329671.1/2266169-2266027,213.74999999999997,154.71925926879285,1071.4890931334226,0.01137452695951872,0.2230019493177388,3.6683049762696203,208.45353199214443,209.18623559396022,34.4440048096461,92.5666618951467,154.71925926879285,253.23121755521734,1071.477718606463,43758.881161971825,160.66455566007065,80.33227783003532,0.9752212023024303,0.8495525141799711,0.14138433271243817,hacabox
