nameseq,average,median,maximum,minimum,peak,none_levated_peak,sample_standard_deviation,population_standard_deviation,percentile15,percentile25,percentile50,percentile75,amplitude,variance,interquartile_range,semi_interquartile_range,coefficient_of_variation,skewness,kurtosis,label
AF375471.1/1-99,130.75,113.80915786256583,486.5652109133717,10.402658262492961,0.25239005736137665,3.097854938257794,100.9213802917895,101.43497841937354,36.15511447311423,56.625,113.80915786256583,152.73992850787786,476.16255265087875,10289.054846938774,96.11492850787786,48.05746425393893,0.7718652412373959,0.5035853281570427,0.18414165101684224,hacabox
AB032438.1/918-1016,134.75000000000009,85.1127866223223,610.6959128150022,0.25,0.24489795918367332,3.2727196825767315,140.13966247997035,140.85284602979766,17.49265909020066,28.79089540158708,85.1127866223223,197.31934432809157,610.4459128150022,19839.524234693887,168.5284489265045,84.26422446325225,1.0399974952131374,1.0625945396030674,0.2644890049835163,hacabox
AB032439.1/767-865,134.75000000000003,92.56087939655839,719.2938991360672,3.9919917653757335,0.2448979591836734,3.2479865234134824,142.9025017275765,143.62974561883277,20.0158441381776,29.981082268824764,92.56087939655839,197.11363252220005,715.3019073706915,20629.503826530614,167.13255025337529,83.56627512668764,1.0605009404643893,0.8856903152864866,0.33469543348060404,hacabox
DQ185017.1/645-748,136.00000000000006,70.0837793227033,822.8059107798259,0.3159392311557449,0.2549019607843136,3.41289762661569,152.15452671544145,152.89135682010036,20.217541919229035,40.872174968353825,70.0837793227033,165.5160400507517,822.4899715486702,23375.76699029125,124.6438650823979,62.32193254119895,1.118783284672363,1.2996567785440833,0.2022266859115743,hacabox
AAKO01002130.1/31671-31576,130.0,84.0,494.6430195975109,0.6457112288882711,0.24615384615384617,3.1280609691874015,114.89125293076057,115.49436076458906,27.03417257576707,50.66831609772373,84.0,189.21368419284067,493.9973083686226,13338.94736842105,138.54536809511694,69.27268404755847,0.8837788686981582,1.201135826094315,0.25359099024321846,hacabox
