nameseq,average,median,maximum,minimum,peak,none_levated_peak,sample_standard_deviation,population_standard_deviation,percentile15,percentile25,percentile50,percentile75,amplitude,variance,interquartile_range,semi_interquartile_range,coefficient_of_variation,skewness,kurtosis,label
AJ629276.1/1-140,189.0,129.78891117338904,779.8695418378727,3.9570163046408333,0.24691358024691357,3.8482451795121237,175.73559684935776,176.36660640868246,17.880747477534808,46.2493447377896,129.78891117338904,313.6430714701861,775.9125255332318,31105.179856115108,267.3937267323965,133.69686336619824,0.9298179727479247,1.0107984361990237,0.32141001295124794,hacabox
AJ629274.1/1-140,196.99999999999994,145.55219072678017,746.457352823781,0.5965387138289594,0.23688663282571917,3.757226303054678,192.15098230297966,192.84093419002247,29.00498314799912,65.96508857236115,145.55219072678017,258.6869555519768,745.860814109952,37187.625899280574,192.72186697961564,96.36093348980782,0.9753856969694401,0.8032403788407068,0.19057041180014309,hacabox
AC093546.2/141131-141273,191.7500000000001,138.9531863440058,1024.1904323207384,2.0335674735065616,0.24858757062146877,3.830134117130186,182.1918631553012,182.83225832193452,44.364418610333665,64.2090261309028,138.9531863440058,272.6046183236386,1022.1568648472319,33427.63468309859,208.3955921927358,104.1977960963679,0.9501531324917919,0.8693606740986574,0.2702131790655768,hacabox
AC093546.2/140954-141096,201.7499999999999,139.3676885695386,850.3522474596539,5.0023988905938905,0.23626600578273452,3.7093641138462434,185.0807256307366,185.73127500258136,54.47934174269123,72.03941705805354,139.3676885695386,261.77545423556705,845.34984856906,34496.1065140845,189.7360371775135,94.86801858875675,0.9173765830519787,1.0111638240751752,0.20973133703546792,hacabox
AC093546.2/141558-141700,193.74999999999994,137.0092785164536,762.4115693251273,3.859939316535266,0.24602150537634415,3.8334583505744395,176.72825184446316,177.34944269420092,37.276564972480706,49.33179359924588,137.0092785164536,292.4737605145141,758.551630008592,31452.824823943654,243.1419669152682,121.5709834576341,0.9121458159714231,0.9631859234393939,0.2706470969784517,hacabox
