nameseq,average,median,maximum,minimum,peak,none_levated_peak,sample_standard_deviation,population_standard_deviation,percentile15,percentile25,percentile50,percentile75,amplitude,variance,interquartile_range,semi_interquartile_range,coefficient_of_variation,skewness,kurtosis,label
AF375472.1/1-148,190.99999999999991,128.55768962062805,663.435008178381,4.191031878881982,0.25828970331588147,4.0347028844178245,185.4669781928848,186.09674903124989,30.259927435018,50.840549020781985,128.55768962062805,275.3522154248201,659.2439762994991,34632.0,224.5116664040381,112.25583320201905,0.9710312994391879,1.0100284857355926,0.21424296453346506,hacabox
AJ609429.1/1-149,191.24999999999997,125.53327462814542,811.5073109926303,3.253854610350381,0.2596949891067538,3.970826404668007,171.31914662407115,171.89695314344578,43.2637421231712,59.882578268930935,125.53327462814542,275.5288928090466,808.25345638228,29548.562499999993,215.6463145401157,107.82315727005785,0.8957863875768428,1.1507772481973308,0.2538235943068471,hacabox
U64700.1/1-155,206.75000000000003,152.01975445396732,1173.0432148765449,0.641032294547045,0.24989923417976617,4.074932052481583,207.56595337386136,208.23877832599115,24.962228843261155,59.00114692493164,152.01975445396732,300.6520826868073,1172.4021825819977,43363.388798701286,241.65093576187567,120.82546788093784,1.0039465701275034,0.7910292317659768,0.29575678984693665,hacabox
L22739.1/569-721,198.24999999999994,135.04318297553354,1049.0176724508174,0.25,0.25725094577553603,4.08476283365732,186.06316131894562,186.6742078285617,29.831163247014132,72.61883189170379,135.04318297553354,269.72853834585527,1048.7676724508174,34847.25986842104,197.10970645415148,98.55485322707574,0.9385279259467625,1.0191187214558597,0.2149434005275658,hacabox
AC099332.2/52634-52482,198.24999999999994,135.04318297553354,1049.0176724508174,0.25,0.25725094577553603,4.08476283365732,186.06316131894562,186.6742078285617,29.831163247014132,72.61883189170379,135.04318297553354,269.72853834585527,1048.7676724508174,34847.25986842104,197.10970645415148,98.55485322707574,0.9385279259467625,1.0191187214558597,0.2149434005275658,hacabox
