nameseq,average,median,maximum,minimum,peak,none_levated_peak,sample_standard_deviation,population_standard_deviation,percentile15,percentile25,percentile50,percentile75,amplitude,variance,interquartile_range,semi_interquartile_range,coefficient_of_variation,skewness,kurtosis,label
AJ609446.1/1-136,155.9999999999999,99.59809445891473,814.0970960558915,3.214639454920478,0.29059829059829084,4.108374545910063,163.6917835445628,164.2969308340283,18.504756583037555,62.42292300232208,99.59809445891473,209.34512461576506,810.882456600971,26993.48148148148,146.92220161344298,73.46110080672149,1.0493063047728393,1.0336848494120754,0.25720581383017777,hacabox
AK090585.1/1147-1282,156.0,108.73776579161216,888.9913925033353,3.9083287918372442,0.2905982905982906,4.118440881173756,167.77663722938306,168.3968856930291,18.563276320264833,50.45384158676307,108.73776579161216,221.42164115485002,885.0830637114981,28357.511111111115,170.96779956808695,85.48389978404347,1.0754912642909171,0.845092051948292,0.31800912694657096,hacabox
AC096587.1/25864-25727,186.50000000000017,134.85464020074062,1166.049027324165,0.8421531266874749,0.24664879356568342,3.760319408973223,188.74917218361514,189.4367852884913,39.94710011968626,54.86997080612765,134.85464020074062,229.38681915283433,1165.2068741974776,35886.29562043796,174.5168483467067,87.25842417335335,1.0120599044697853,0.820857000882933,0.22152842493822153,hacabox
AC026161.4/89260-89123,182.4999999999999,155.7707238442955,1092.4542365157304,0.7589215239225702,0.2520547945205481,3.7743677201220263,171.1965244974325,171.82019331882034,34.54018318567995,70.42798300632107,155.7707238442955,254.9320179138689,1091.695314991808,29522.17883211679,184.5040349075478,92.2520174537739,0.9380631479311377,0.46839635735897056,0.26042806193205514,hacabox
AC034186.5/119166-119029,180.50000000000006,144.7681565465375,946.0995410851801,6.375591260245088,0.2548476454293628,3.797551655387014,165.44561039810034,166.0483286433666,25.31720390915882,65.90365922213806,144.7681565465375,229.77607206196697,939.7239498249351,27572.047445255477,163.8724128398289,81.93620641991446,0.9165961794908604,0.6479200632911954,0.20848707270786054,hacabox
