nameseq,average,median,maximum,minimum,peak,none_levated_peak,sample_standard_deviation,population_standard_deviation,percentile15,percentile25,percentile50,percentile75,amplitude,variance,interquartile_range,semi_interquartile_range,coefficient_of_variation,skewness,kurtosis,label
AJ609458.1/1-133,201.25000000000009,111.58723425985639,984.604514236981,0.25,0.22028985507246368,3.6303753916681045,216.81616637142167,217.6358901510001,24.582088110498443,49.5105539831571,111.58723425985639,324.4876424264388,984.354514236981,47365.38068181818,274.97708844328173,137.48854422164086,1.0773474105412253,1.2406284167926611,0.25567340688084556,hacabox
AC073210.8/134490-134624,205.74999999999997,135.23898184742032,853.9400761467758,0.15537036560857942,0.21871202916160393,3.563258939520523,204.04258134026824,204.80251909670983,29.56716297112618,60.945732124503614,135.23898184742032,297.55367251737385,853.7847057811672,41944.071828358195,236.60794039287023,118.30397019643512,0.9917014888955931,1.0367103428523057,0.23102243014962517,hacabox
AF357410.1/1-116,184.99999999999994,151.68801064359005,850.1085435549338,0.0,0.20900900900900907,3.107501547334078,152.98039090027189,153.64408334793137,45.20421895030539,71.88641539280374,151.68801064359005,261.5644139246662,850.1085435549338,23606.504347826085,189.67799853186247,94.83899926593124,0.8269210318933617,0.6532599863362755,0.2871632218323305,hacabox
AF000144.1/1681-1555,193.74999999999991,143.67234409842197,787.5809160971224,0.19901842804549685,0.2184946236559141,3.448840341648971,184.447485751365,185.17797370217775,32.423061666813815,54.49648603180526,143.67234409842197,263.2229578934207,787.3818976690769,34290.88194444444,208.72647186161544,104.36323593080772,0.9519870232328521,0.8145026596201353,0.27999947147901283,hacabox
ABDC01385519.1/2665-2531,211.74999999999994,112.33756195488266,781.0880675467538,0.25,0.21251475796930347,3.5605071048980053,218.7495714281516,219.56428401138658,24.139380428903486,58.37255996479163,112.33756195488266,284.50463763363723,780.8380675467538,48208.47481343283,226.1320776688456,113.0660388344228,1.0330558272876111,1.3633732500056945,0.20106158866849405,hacabox
