nameseq,average,median,maximum,minimum,peak,none_levated_peak,sample_standard_deviation,population_standard_deviation,percentile15,percentile25,percentile50,percentile75,amplitude,variance,interquartile_range,semi_interquartile_range,coefficient_of_variation,skewness,kurtosis,label
AC016710.7/58672-58803,184.99999999999997,114.4187535084218,889.6017795817111,0.023887115212285866,0.23783783783783788,3.6691074688608922,196.64689166117014,197.39602538981035,32.3692310904441,60.99999999999999,114.4187535084218,237.26986983045006,889.5778924664988,38965.19083969465,176.26986983045006,88.13493491522503,1.0629561711414603,1.076771352377015,0.19155711677068848,hacabox
AC068057.5/62929-63057,192.25000000000006,152.20693052109692,606.9874251734564,0.8347876107619799,0.22366710013003896,3.4126624176305094,147.12579651441143,147.69938853969572,28.47554067889177,75.21537437160185,152.20693052109692,306.94136882320623,606.1526375626944,21815.109374999996,231.72599445160438,115.86299722580219,0.7652837269930371,0.8165067668805611,0.30620494771588225,hacabox
Y11167.1/1-132,188.99999999999994,163.95270762679408,861.6235939756406,0.628007067674438,0.23280423280423287,3.5686766727598696,168.99704139422087,169.64084197850343,32.77071911997211,50.52741906334269,163.95270762679408,263.49504431385606,860.9955869079662,28778.01526717557,212.96762525051338,106.48381262525669,0.8941642401810631,0.44463427584115794,0.2839962912504298,hacabox
AB070559.1/4340-4471,191.00000000000006,158.60787333021216,915.3623612044983,0.9762542786628717,0.2303664921465968,3.558931092060634,172.69336987852193,173.35125176516496,33.99002336768895,56.40887043870198,158.60787333021216,275.6913038063018,914.3861069258354,30050.656488549612,219.28243336759982,109.64121668379991,0.9041537689974968,0.5627105434199395,0.30470376913428726,hacabox
K02928.1/2768-2899,181.00000000000006,138.81402094415688,857.115478610319,6.462578886868615,0.24309392265193364,3.624235371491798,168.23495475078892,168.87585213734525,35.27697415999618,59.521858547647724,138.81402094415688,213.51725470035123,850.6528997234503,28519.053435114492,153.9953961527035,76.99769807635175,0.9294748881259053,0.7522689761768195,0.19084193240744746,hacabox
