nameseq,average,median,maximum,minimum,peak,none_levated_peak,sample_standard_deviation,population_standard_deviation,percentile15,percentile25,percentile50,percentile75,amplitude,variance,interquartile_range,semi_interquartile_range,coefficient_of_variation,skewness,kurtosis,label
AJ609477.1/1-132,163.00000000000009,110.41540799475703,1012.3422448075112,0.0,0.26993865030674835,3.9787761593134103,180.88946901353873,181.57857424804885,20.623808735866522,32.68834984982442,110.41540799475703,244.2839361291875,1012.3422448075112,32970.77862595419,211.5955862793631,105.79779313968154,1.1097513436413413,0.8721003874687809,0.2646575014965148,hacabox
AC007240.2/163812-163679,159.50000000000006,89.27232137769504,1189.3213380945365,0.8442024144439937,0.28004179728317646,4.133983589492233,193.87431495688128,194.6018008710496,16.2791611844491,31.151534712003205,89.27232137769504,205.2700423788676,1188.4771356800925,37869.86090225564,174.1185076668644,87.0592538334322,1.2155129464381267,1.0866990602327706,0.24908148621184895,hacabox
AL833804.16/186436-186568,159.25000000000006,89.60691011649298,1071.062107812485,1.1605321749385535,0.2783882783882783,4.120347171771167,192.27909402740593,193.00604971677112,16.11018668132153,32.519962561013884,89.60691011649298,205.71411589892165,1069.9015756375466,37251.33522727273,173.19415333790778,86.59707666895389,1.2074040441281373,1.0865937906943857,0.2169778240058419,hacabox
AC020918.6/165518-165651,173.50000000000003,103.7134184790956,1315.8237146842162,0.9458556700417218,0.25744476464937555,3.988878770806717,227.84479366445925,228.69974898973967,20.57492705040554,38.08918461456578,103.7134184790956,223.84161079694817,1314.8778590141744,52303.57518796993,185.7524261823824,92.8762130911912,1.3132264764522144,0.9188699956472635,0.2503408305348051,hacabox
AL844850.9/118508-118640,167.25000000000017,91.99206235933708,1046.1046717778336,2.25,0.26507224713502714,4.018980384603579,197.8970692051805,198.64526495207176,13.283156849732318,39.35141681773718,91.99206235933708,235.57683412197284,1043.8546717778336,39459.941287878784,196.22541730423566,98.11270865211783,1.1832410714808985,1.140864863884902,0.21435492041919,hacabox
