nameseq,average,median,maximum,minimum,peak,none_levated_peak,sample_standard_deviation,population_standard_deviation,percentile15,percentile25,percentile50,percentile75,amplitude,variance,interquartile_range,semi_interquartile_range,coefficient_of_variation,skewness,kurtosis,label
AJ609455.1/1-133,191.25000000000006,121.66642049075394,965.5733945037794,1.204635471564092,0.23180827886710234,3.667146678591934,197.56075015042845,198.3076743651673,23.399857045767074,50.3484259366146,121.66642049075394,279.7888640622672,964.3687590322153,39325.93371212123,229.44043812565258,114.72021906282629,1.0329973864074686,1.0566407465490464,0.24048971438119796,hacabox
AJ278435.1/9043-9175,183.25000000000003,127.52004584064387,1439.0781430266702,5.014914512028864,0.24192814915870847,3.7225400274243037,210.1814692117267,210.9761089806286,28.54518107388237,47.75716108739006,127.52004584064387,230.87611865503206,1434.0632285146414,44510.91856060607,183.11895756764198,91.55947878382099,1.146965725575589,0.795454818662674,0.23546113334766317,hacabox
AC132358.3/106983-106852,170.99999999999997,120.0086386047861,1266.5730004615841,0.20570257673999853,0.2573099415204679,3.851975402745339,196.1988786920047,196.94630569839146,27.52040202095366,49.410074647567086,120.0086386047861,216.99999999999991,1266.3672978848442,38787.84732824426,167.58992535243283,83.79496267621641,1.1473618636959342,0.7796888810245554,0.26092307318258906,hacabox
AAHX01070284.1/5211-5345,193.74999999999997,104.81538346447316,1975.8094887214463,0.6163664402964674,0.23225806451612907,3.7816748675432947,280.7674749681665,281.81316750747646,35.70606909053988,52.044289136797175,104.81538346447316,188.1642516501262,1975.19312228115,79418.661380597,136.11996251332903,68.05998125666451,1.4491224514486014,0.9502662287960199,0.14911586057830023,hacabox
AAIY01236626.1/2232-2365,189.5,112.10396923761586,813.8384650302961,0.7861939577248397,0.2357080035180299,3.6412150838709896,183.31734778792756,184.00522017766662,36.17907577429162,58.10325265525444,112.10396923761586,269.55622446760276,813.0522710725712,33857.92105263157,211.45297181234832,105.72648590617416,0.9673738669547628,1.266590942368212,0.23938778108048847,hacabox
