nameseq,average,median,maximum,minimum,peak,none_levated_peak,sample_standard_deviation,population_standard_deviation,percentile15,percentile25,percentile50,percentile75,amplitude,variance,interquartile_range,semi_interquartile_range,coefficient_of_variation,skewness,kurtosis,label
AJ505651.1/1-133,207.25000000000017,155.41735633766595,609.3594484549726,0.25,0.21391234418978672,3.381370100676804,164.06172618865133,164.68199957751452,38.32649891667305,73.65882639050987,155.41735633766595,322.19756457424955,609.1094484549726,27120.160984848488,248.53873818373967,124.26936909186983,0.7916126715978345,0.9478013830489548,0.2791895415418929,hacabox
AC189572.1/58368-58500,207.25000000000009,133.04057738925195,736.0443071598716,2.25,0.2139123441897868,3.411103229545789,178.6819800651426,179.35752871307247,39.47752428979587,65.68711974406686,133.04057738925195,316.20199846497337,733.7943071598716,32169.12310606062,250.5148787209065,125.25743936045325,0.8621567192527987,1.245946948601533,0.32635434320083,hacabox
AASG02000124.1/14817-14956,212.9999999999999,128.83707190893168,1555.998189344022,0.0,0.21909233176838822,3.6510628971166703,244.53834055215145,245.41639846003267,47.399266798276905,68.0549600764262,128.83707190893168,276.1202107888413,1555.998189344022,60229.20863309352,208.0652507124151,104.03262535620755,1.148067326535923,1.0325120539507286,0.22309691700813744,hacabox
AARH01003623.1/36913-37042,188.49999999999994,105.62702704621694,1033.7542447711148,0.7162153225612897,0.22988505747126445,3.6324870128095084,197.8692750277313,198.63472962690454,25.64459724515755,45.7086091883318,105.62702704621694,290.5823868986002,1033.0380294485535,39455.75581395347,244.8737777102684,122.4368888551342,1.049704376804941,1.2564806679890306,0.2848723265387197,hacabox
AM445900.2/26639-26766,181.99999999999994,118.21741979915868,1036.9204965865192,4.0,0.2344322344322345,3.613219407694163,206.8622730224146,207.67509451518197,30.085917045021638,58.301615768868416,118.21741979915868,201.24501188762295,1032.9204965865192,43128.944881889765,142.94339611875455,71.47169805937727,1.136605895727553,0.925000667385059,0.17272382474405085,hacabox
