nameseq,average,median,maximum,minimum,peak,none_levated_peak,sample_standard_deviation,population_standard_deviation,percentile15,percentile25,percentile50,percentile75,amplitude,variance,interquartile_range,semi_interquartile_range,coefficient_of_variation,skewness,kurtosis,label
AC129195.3/135944-135814,176.75000000000003,121.32415433841877,522.153067321569,3.505770354579474,0.247053276756247,3.604494675574089,146.94599348059816,147.51008766026294,41.73407198747641,64.72319391470731,121.32415433841877,253.3714373205131,518.6472969669895,21759.22596153846,188.6482434058058,94.3241217029029,0.8313776151660432,1.13155543098695,0.22902103058230744,hacabox
AF357412.1/1-113,150.25,124.20867777832687,572.1583372558291,1.8662446213991752,0.2506932889628397,3.383944463310349,121.95490970026584,122.49814138531711,32.332362821885106,49.631661320432706,124.20867777832687,223.23621446436653,570.29209263443,15005.794642857141,173.60455314393383,86.80227657196691,0.8116799314493567,0.6405971424769058,0.28074166869647815,hacabox
AL445435.11/96511-96381,200.75,152.0540513712727,757.469167695394,4.781647489690853,0.2175176421751764,3.407023953678669,176.04012326739607,176.71590357668174,42.38419334186317,69.78972188661518,152.0540513712727,286.69862639521466,752.6875202057032,31228.51057692308,216.90890450859948,108.45445225429974,0.8769121956034673,0.8298553941835286,0.22260610944335985,hacabox
AC079121.5/42943-42813,184.74999999999994,149.11744345168165,731.1051486375083,1.38291783291452,0.23635543527289135,3.6410195908615606,169.39930637402267,170.04959401032667,19.254878547994117,58.3030086107759,149.11744345168165,271.4731834482192,729.7222308045938,28916.864423076924,213.17017483744328,106.58508741872164,0.9169109952585803,0.6310395947485863,0.26732756010591335,hacabox
AC122390.4/99926-99796,198.74999999999994,181.05024698086436,957.1917775597906,3.6550416731121165,0.21970649895178201,3.4596124695622352,180.18913674247958,180.88084422539694,28.15727883530441,51.85192217177071,181.05024698086436,267.52909358192215,953.5367358866785,32717.879807692312,215.67717141015146,107.83858570507573,0.9066120087671931,0.29468623923369186,0.2455775090536682,hacabox
