nameseq,average,median,maximum,minimum,peak,none_levated_peak,sample_standard_deviation,population_standard_deviation,percentile15,percentile25,percentile50,percentile75,amplitude,variance,interquartile_range,semi_interquartile_range,coefficient_of_variation,skewness,kurtosis,label
AL138659.1/77819-77696,177.00000000000006,124.65018161511884,824.8058594724205,1.0,0.23352165725047075,3.4739771995883992,161.6477652180815,162.3035397777579,27.05839876176548,68.65926364673244,124.65018161511884,238.9084927314384,823.8058594724205,26342.43902439024,170.24922908470597,85.12461454235299,0.9132642102716466,0.9715535191146367,0.2305154379653153,hacabox
AJ505659.1/1-124,177.00000000000006,124.65018161511884,824.8058594724205,1.0,0.23352165725047075,3.4739771995883992,161.6477652180815,162.3035397777579,27.05839876176548,68.65926364673244,124.65018161511884,238.9084927314384,823.8058594724205,26342.43902439024,170.24922908470597,85.12461454235299,0.9132642102716466,0.9715535191146367,0.2305154379653153,hacabox
AARH01007754.1/2159-2040,173.99999999999994,118.74906138026981,982.3889103887165,2.9018848049990424,0.22988505747126445,3.4553880408530953,179.1982142768169,179.9495727683058,19.65440494120404,45.268869203321614,118.74906138026981,265.68163627505345,979.4870255837175,32381.848739495792,220.41276707173182,110.20638353586591,1.0298747946943505,0.9249691272210074,0.28829004903510885,hacabox
AASG02009944.1/1753-1868,169.00000000000006,90.23217719014474,995.3253902804463,5.60932799168447,0.22879684418145949,3.425570621365442,191.49673626461623,192.32752860906197,29.625054917628816,41.77663456147647,90.23217719014474,265.4241061562459,989.7160622887618,36989.87826086955,223.64747159476943,111.82373579738471,1.1331167826308648,1.2339817014063068,0.30889980234050923,hacabox
AACV01024246.1/8981-8858,150.99999999999997,109.75162801938109,908.2255029631028,1.307735048285611,0.2737306843267109,3.8433186818054343,158.89304578866876,159.53764497008729,20.891554530550966,36.41701031964439,109.75162801938109,231.99228777286044,906.9177679148172,25452.26016260162,195.57527745321605,97.78763872660802,1.052271826415025,0.778795039944293,0.30683221819423184,hacabox
