nameseq,average,median,maximum,minimum,peak,none_levated_peak,sample_standard_deviation,population_standard_deviation,percentile15,percentile25,percentile50,percentile75,amplitude,variance,interquartile_range,semi_interquartile_range,coefficient_of_variation,skewness,kurtosis,label
CT963106.2/109334-109194,213.25,172.11222619523534,812.25,0.16827031615496021,0.22039859320046892,3.5569237473072555,169.58404995753583,170.1886295933343,40.64695737956981,67.67024117576,172.11222619523534,321.9626404913081,812.0817296838451,28964.169642857145,254.2923993155481,127.14619965777405,0.7952358731889136,0.7277413261754093,0.32601665034036886,hacabox
BABX01073478.1/2260-2117,219.99999999999983,156.49287298673573,956.9386128855604,1.5060975943173591,0.21818181818181834,3.6660986847912493,203.57062656483618,204.28117192437776,29.185182681838217,57.413707643829376,156.49287298673573,347.17468485280983,955.432515291243,41730.797202797185,289.7609772089805,144.88048860449024,0.9253210298401652,0.9358981904941587,0.3165396802427885,hacabox
CACC01011386.1/29905-29765,225.24999999999997,150.00343461668555,1077.5374700926416,4.281308580017464,0.2086570477247503,3.601367402178057,231.34119823325895,232.16594665392748,26.652765060495685,54.12110077755813,150.00343461668555,401.1433209311957,1073.2561615126242,53901.0267857143,347.0222201536376,173.5111100768188,1.0270419455416604,0.9757868372512372,0.3409760130112286,hacabox
AGQN01031781.1/5472-5330,237.75000000000014,144.79921388724415,992.25,1.6779196943312074,0.20049071153172088,3.525446438790645,229.26812905417094,230.07399490990463,38.01258273688716,60.10218755974273,144.79921388724415,404.1902354255831,990.5720803056688,52934.043133802814,344.0880478658404,172.0440239329202,0.9643244124255343,1.2162717927199616,0.339862312973331,hacabox
AFAN01000020.1/1148380-1148530,235.74999999999991,170.8303695407081,1077.4943096269908,3.5448170377785906,0.21350300459526342,3.5983007723562204,203.6820438821252,204.359856217735,58.80235512674136,99.8454925413848,170.8303695407081,305.7291214629868,1073.9494925892122,41762.95083333332,205.88362892160202,102.94181446080101,0.8639747354490999,0.9561907749245989,0.18804955646604699,hacabox
