nameseq,average,median,maximum,minimum,peak,none_levated_peak,sample_standard_deviation,population_standard_deviation,percentile15,percentile25,percentile50,percentile75,amplitude,variance,interquartile_range,semi_interquartile_range,coefficient_of_variation,skewness,kurtosis,label
DQ108711.1/84-227,193.99999999999997,157.149860114602,699.8809076837176,2.132908112141478,0.24742268041237117,3.8670265188307433,175.17705329180532,175.78849338223023,19.365844342087883,52.37020662438103,157.149860114602,271.3931217922231,697.7479995715762,30901.594405594402,219.0229151678421,109.51145758392104,0.9029745015041513,0.6310782010474963,0.23599040608772526,hacabox
AARH01005974.1/108-255,189.00000000000009,109.84762894346771,1052.1375276581405,2.709909416688741,0.26102292768959423,4.1920230217845855,216.92164483979,217.65822300298308,21.093591936355253,36.24453965296452,109.84762894346771,248.90828667551125,1049.4276182414517,47375.10204081632,212.66374702254672,106.33187351127336,1.1477335705808989,1.094667677561517,0.19629998568310425,hacabox
AC151806.21/724-586,186.75,135.66350263647143,997.1415857831952,0.2636042683402498,0.24810352521195897,3.854358777333523,198.34471255871682,199.0620556327941,30.93483447653397,47.792113965688905,135.66350263647143,244.79530989628336,996.8779815148549,39625.701992753624,197.00319593059444,98.50159796529722,1.06208681423677,0.7726926022553571,0.21931114819611747,hacabox
AP003829.2/18223-18074,185.49999999999997,154.3208286766054,784.6045557810916,0.007161105282661772,0.2695417789757413,4.093146236470814,157.95964674561662,158.48882627394042,21.255703177499807,56.64394668018294,154.3208286766054,263.418313157154,784.5973946758089,25118.708053691265,206.77436647697104,103.38718323848552,0.8515344838038633,0.592160820167062,0.26520874654743787,hacabox
