nameseq,average,median,maximum,minimum,peak,none_levated_peak,sample_standard_deviation,population_standard_deviation,percentile15,percentile25,percentile50,percentile75,amplitude,variance,interquartile_range,semi_interquartile_range,coefficient_of_variation,skewness,kurtosis,label
AAFC03094193.1/47121-46989,157.25000000000006,110.25,696.7644685071558,2.466304676318944,0.2819289878113407,3.957431496666838,148.18991193735155,148.75017825301265,32.086804140033394,44.68304126848841,110.25,231.00757171614597,694.2981638308369,22126.61553030304,186.32453044765757,93.16226522382878,0.9423841776620128,0.9514817719819486,0.25598839125002437,hacabox
AAPY01017333.1/488-620,151.25000000000003,120.3487404110909,716.9475854493834,0.7059937695132801,0.2931129476584022,4.118316727793545,141.15682767758705,141.6905037877852,11.401668853855833,31.860098981144873,120.3487404110909,225.20103112328036,716.2415916798701,20076.198863636368,193.3409321421355,96.67046607106775,0.9332682821658645,0.6567431437214634,0.2750921349149908,hacabox
ABDC01226143.1/6122-6253,162.99999999999994,103.67586103769563,657.3280343587082,0.8016682299823971,0.2699386503067486,3.953848217265361,167.19748801940773,167.8344331374372,21.945983014886774,38.149345112066634,103.67586103769563,215.9498466943024,656.5263661287258,28168.396946564877,177.80050158223577,88.90025079111788,1.0257514602417657,1.0644443226698148,0.1957700741662757,hacabox
AAQQ01533914.1/1480-1612,155.25,81.89459244239991,611.1831978011846,0.21459469937245698,0.28556092324208265,4.075770111673989,155.1652345082493,155.75187264791825,20.9423548149235,39.23666653155325,81.89459244239991,204.91513471608656,610.9686031018122,24258.645833333343,165.6784681845333,82.83923409226665,0.9994540064943594,1.4182701645135627,0.21046567171141978,hacabox
AC129306.5/112792-112924,171.25000000000003,132.31972064434768,612.9641453244309,2.285617560629827,0.25888077858880776,3.754007083969403,142.55262186294578,143.09157509663652,28.369540342904468,66.34597582566357,132.31972064434768,256.1188031726425,610.6785277638011,20475.19886363637,189.77282734697894,94.88641367348947,0.832424069272676,0.8192822870647944,0.26009975478880804,hacabox
