nameseq,average,median,maximum,minimum,peak,none_levated_peak,sample_standard_deviation,population_standard_deviation,percentile15,percentile25,percentile50,percentile75,amplitude,variance,interquartile_range,semi_interquartile_range,coefficient_of_variation,skewness,kurtosis,label
Y11163.1/1-132,201.0,137.90217995740943,772.4481731321987,1.0,0.21890547263681592,3.5427100251646158,196.76127667811056,197.5108461607742,23.85782745225394,43.910265818940765,137.90217995740943,314.5459353555968,771.4481731321987,39010.53435114502,270.635669536656,135.317834768328,0.9789118242692068,0.9620463097393104,0.2794753903834855,hacabox
AL451076.14/9592-9462,190.74999999999997,131.25805294046134,846.5002104854585,2.0572350027402875,0.2289209261686326,3.5726383883920296,192.294370692436,193.03254757443602,27.00029639032286,49.347671105823906,131.25805294046134,239.00840968759277,844.4429754827182,37261.56442307691,189.66073858176887,94.83036929088443,1.0080963076929805,0.9281386685212847,0.2189386745952323,hacabox
AF357420.1/1-122,178.50000000000006,110.7250294105324,838.5272322315465,3.5586571035756456,0.22782446311858068,3.5065739138937824,198.18236551217163,198.99961584746345,23.895968642832802,36.40664042909949,110.7250294105324,204.03555205138224,834.9685751279708,39600.84710743802,167.62891162228274,83.81445581114137,1.1102653530093645,1.025948556234765,0.20126911107133513,hacabox
AAQQ01738740.1/317-187,194.75,141.35203636989783,795.2014725954439,3.122100771456483,0.2242190842961061,3.528279620989662,192.89926127385766,193.63976020117673,29.152208592626533,54.33513699707199,141.35203636989783,258.0836988755808,792.0793718239873,37496.35673076923,203.7485618785088,101.8742809392544,0.9904968486462524,0.8304536255474841,0.24158760674935637,hacabox
AAPY01384073.1/257-126,191.0,153.24613257730505,1038.4192186987148,4.0,0.23036649214659685,3.570108861352784,184.7728335010317,185.4767325585899,30.999999999999986,49.957390745844094,153.24613257730505,276.0022814695601,1034.4192186987148,34401.61832061068,226.044890723716,113.022445361858,0.9673970340368152,0.6129775688451108,0.2949267776029608,hacabox
