nameseq,average,median,maximum,minimum,peak,none_levated_peak,sample_standard_deviation,population_standard_deviation,percentile15,percentile25,percentile50,percentile75,amplitude,variance,interquartile_range,semi_interquartile_range,coefficient_of_variation,skewness,kurtosis,label
AJ609449.1/1-129,164.25000000000006,106.7112107616706,604.7931072222179,0.06231167433955629,0.26179604261796036,3.7523144653033094,150.16990377569002,150.7553637105493,30.217989853831995,47.234166578473925,106.7112107616706,272.8995023527573,604.7307955478784,22727.1796875,225.66533577428336,112.83266788714168,0.914276430902222,1.1494737851921835,0.3093756654289314,hacabox
AF067021.1/482-610,164.25000000000006,106.7112107616706,604.7931072222179,0.06231167433955629,0.26179604261796036,3.7523144653033094,150.16990377569002,150.7553637105493,30.217989853831995,47.234166578473925,106.7112107616706,272.8995023527573,604.7307955478784,22727.1796875,225.66533577428336,112.83266788714168,0.914276430902222,1.1494737851921835,0.3093756654289314,hacabox
AJ010396.1/584-712,164.25000000000006,106.7112107616706,604.7931072222179,0.06231167433955629,0.26179604261796036,3.7523144653033094,150.16990377569002,150.7553637105493,30.217989853831995,47.234166578473925,106.7112107616706,272.8995023527573,604.7307955478784,22727.1796875,225.66533577428336,112.83266788714168,0.914276430902222,1.1494737851921835,0.3093756654289314,hacabox
AF067020.1/980-1114,175.74999999999991,105.71250118067793,1110.8873467767423,1.571470891367792,0.25604551920341406,3.954390428258434,213.65948375861996,214.45523878026037,22.55408632251207,38.977563874260674,105.71250118067793,216.00394660959194,1109.3158758853745,45991.0494402985,177.02638273533125,88.51319136766563,1.2157011878157613,0.9833988773245321,0.2091668331767306,hacabox
AAPY01755613.1/4896-5019,161.0,97.48393942255336,684.5429096116069,4.0,0.2567287784679089,3.7587811889269767,174.37603046290505,175.08344119908602,19.96261265463542,36.950130877190176,97.48393942255336,216.39797771042007,680.5429096116069,30654.211382113815,179.4478468332299,89.72392341661495,1.0830809345522052,1.0927429717633994,0.22527815665457748,hacabox
