nameseq,average,median,maximum,minimum,peak,none_levated_peak,sample_standard_deviation,population_standard_deviation,percentile15,percentile25,percentile50,percentile75,amplitude,variance,interquartile_range,semi_interquartile_range,coefficient_of_variation,skewness,kurtosis,label
AJ609442.1/1-121,180.25000000000017,132.48798091631855,1006.7225933929525,4.050471755279181,0.22376329172445658,3.3844306938697,191.27075050827816,192.0660585145989,37.25673208204908,52.74559713749128,132.48798091631855,230.2462761659668,1002.6721216376733,36889.37083333333,177.50067902847553,88.75033951423777,1.0611414730001552,0.7491268626817223,0.2156590117963343,hacabox
AK128061.1/3770-3890,178.25000000000006,125.99790073617329,1028.078283689596,6.84273178673871,0.22627395979429635,3.3877662871295935,186.59715967827591,187.37303479067276,40.48528617854964,59.907602451501724,125.99790073617329,211.32815219499352,1021.2355519028573,35108.65416666667,151.4205497434918,75.7102748717459,1.04682838529187,0.8400786917751257,0.2108570235772419,hacabox
AK027016.1/1395-1517,182.74999999999991,110.33857876176711,864.962871863052,0.0392275587481303,0.22435020519835852,3.4944737893578615,199.03171857771815,199.84575763388696,32.53599875882176,48.343178336032594,110.33857876176711,216.07196726350128,864.9236443043038,39938.32684426229,167.72878892746868,83.86439446373434,1.0890928513144638,1.0914554989880796,0.16615933187505633,hacabox
AL589699.4/106209-106088,182.50000000000003,118.81441281597658,620.9620799983721,0.5239931291838721,0.22283105022831046,3.3304462780332917,161.4256794936915,162.09135522296225,50.81487672473689,69.87353844160577,118.81441281597658,272.64916601688833,620.4380868691883,26273.607438016534,202.77562757528256,101.38781378764128,0.8845242711983093,1.1835586639704176,0.26350263258206946,hacabox
AL591067.35/160576-160455,180.50000000000006,124.34699339778294,620.5676142858775,0.06825026618566912,0.22530009233610332,3.349302784199514,161.53714743055235,162.20328282336857,39.11157275029141,67.00360540633721,124.34699339778294,224.67983189790874,620.4993640196918,26309.90495867769,157.67622649157153,78.83811324578576,0.8949426450446111,1.0428500347208052,0.1794095395290391,hacabox
