nameseq,average,median,maximum,minimum,peak,none_levated_peak,sample_standard_deviation,population_standard_deviation,percentile15,percentile25,percentile50,percentile75,amplitude,variance,interquartile_range,semi_interquartile_range,coefficient_of_variation,skewness,kurtosis,label
AJ009730.1/1-133,171.25,110.62576345275164,771.7497076608107,1.4975908653330194,0.2588807785888078,3.827266484697121,169.3553955443995,169.9956828774475,33.13647733831295,59.19908376889084,110.62576345275164,247.5649505866753,770.2521167954777,28898.532196969703,188.36586681778448,94.18293340889224,0.9889366163176613,1.0739115164126196,0.25659064988289354,hacabox
AJ009731.1/1-129,170.25,126.4113219104992,719.6758422950979,3.294331937407328,0.2525697503671072,3.644862474515198,144.7100549374507,145.27422883120047,26.822408310813078,46.89536144942369,126.4113219104992,240.25,716.3815103576906,21104.601562499996,193.3546385505763,96.67731927528816,0.8499856383991231,0.9088244374266096,0.2917950674229924,hacabox
AJ009728.1/1-142,187.49999999999991,96.54822108721933,1295.4087564556442,1.157899613402708,0.2524444444444446,4.078085445634819,241.26593211640966,242.11997348480708,17.821705127328187,44.940259648916914,96.54822108721933,256.6483732959849,1294.2508568422415,58622.08156028369,211.70811364706802,105.85405682353401,1.2867516379541855,1.1309318905691599,0.2650904153676962,hacabox
M55022.1/344-480,198.2500000000001,110.25,1071.7803637797401,1.2134745342469344,0.23034888608659085,3.7313634628003536,227.0627666527474,227.89602731225023,38.63351659517806,53.8081363623756,110.25,236.5834249095178,1070.5668892454933,51936.599264705896,182.7752885471422,91.3876442735711,1.1453355190554717,1.1626741094181325,0.19175086459516247,hacabox
X07699.1/9946-10078,195.25000000000009,127.48662148725117,1019.1025864009174,6.420221016836962,0.22705932565087486,3.514113222019463,189.87166718602333,190.5895210401218,49.14318482416195,58.88577420224247,127.48662148725117,283.1522205181344,1012.6823653840804,36324.36553030304,224.26644631589193,112.13322315794596,0.9724541213112586,1.0706712515410575,0.287801053873895,hacabox
