nameseq,average,median,maximum,minimum,peak,none_levated_peak,sample_standard_deviation,population_standard_deviation,percentile15,percentile25,percentile50,percentile75,amplitude,variance,interquartile_range,semi_interquartile_range,coefficient_of_variation,skewness,kurtosis,label
AFAN01000032.1/11034289-11034145,214.2500000000001,117.78955602015591,1635.468101380999,2.2965867771570627,0.22559315441462455,3.827056460704997,257.227525743261,258.1191316255173,27.836861116929306,44.644372390981594,117.78955602015591,297.18925680258013,1633.171514603842,66625.48611111111,252.54488441159853,126.27244220579927,1.2005952193384406,1.1250014208369143,0.25697623815764725,hacabox
ADBK01001148.1/251947-252094,222.99999999999991,131.2171496309151,2209.0,2.5488077489511197e-05,0.22122571001494779,3.8021800770851475,280.2320467041555,281.18360138364187,41.6549021830529,65.4169771637751,131.2171496309151,245.3823745175213,2208.9999745119226,79064.21768707482,179.9653973537462,89.9826986768731,1.2566459493459892,0.9825733863976785,0.17525373740941771,hacabox
AENI01001182.1/87183-87325,219.74999999999997,138.51191380418683,1468.0245059801493,2.713718060220277,0.2169131588926811,3.698348398914377,254.1158692407855,255.0090736441452,34.13509857200457,56.688696667759814,138.51191380418683,299.78751576249186,1465.310787919929,65029.627640845065,243.09881909473205,121.54940954736603,1.1563862081491947,0.9590674494889961,0.25671381194597187,hacabox
