nameseq,average,median,maximum,minimum,peak,none_levated_peak,sample_standard_deviation,population_standard_deviation,percentile15,percentile25,percentile50,percentile75,amplitude,variance,interquartile_range,semi_interquartile_range,coefficient_of_variation,skewness,kurtosis,label
AF357411.1/1-113,158.24999999999994,78.7436357395203,1074.697937999084,0.25,0.23802001053185895,3.4808902903469017,185.22418848519752,186.04924463316536,21.305738460410215,39.77689053189867,78.7436357395203,240.80474200613511,1074.447937999084,34614.321428571406,201.02785147423646,100.51392573711823,1.1704530078053559,1.2877318817380083,0.29845879636599476,hacabox
AL645950.13/74028-74159,183.0,112.03841783992232,945.6522698760988,6.0315461860906465,0.24043715846994534,3.6907805818079105,177.214559221301,177.88966474876352,24.024761391636453,43.87146470023122,112.03841783992232,293.4984834666277,939.6207236900082,31644.73282442748,249.62701876639647,124.81350938319824,0.968385569515306,1.2012824872610384,0.30075190161838866,hacabox
AC121963.3/78058-77927,184.99999999999994,147.16786792335182,1003.9117180462376,1.630699128504358,0.2378378378378379,3.696958471188326,181.54338324488722,182.23497959025192,19.000000000000004,39.57093451411539,147.16786792335182,301.12231312783655,1002.2810189177333,33209.58778625954,261.55137861372117,130.77568930686058,0.9813155851074988,0.6251750639506756,0.3197783192609437,hacabox
AC007383.4/101218-101349,185.00000000000006,130.89046461032453,826.1928958077638,5.937285565221041,0.23783783783783777,3.6859788720666327,193.39855221795227,194.1353112753305,21.621340525536116,49.39338335308431,130.89046461032453,257.1937391139516,820.2556102425427,37688.51908396947,207.8003557608673,103.90017788043365,1.0453975795564985,0.8393475768427101,0.20818332919651653,hacabox
AC090527.3/17174-17301,182.0,95.31267036443174,1308.556956009031,1.076326617195692,0.23443223443223443,3.6757675972763204,219.1551961510381,220.0163200818571,26.095457825982653,43.12605000963599,95.31267036443174,245.11274706436296,1307.4806293918352,48407.181102362185,201.98669705472696,100.99334852736348,1.2041494294013082,1.1866567321884276,0.223196086248383,hacabox
