nameseq,average,median,maximum,minimum,peak,none_levated_peak,sample_standard_deviation,population_standard_deviation,percentile15,percentile25,percentile50,percentile75,amplitude,variance,interquartile_range,semi_interquartile_range,coefficient_of_variation,skewness,kurtosis,label
BX005219.12/41617-41744,151.99999999999994,118.23659507360695,650.0,0.2289621051135555,0.280701754385965,3.9314917794396957,145.47852075134665,146.05014778935126,17.001186304713396,40.34701558940684,118.23659507360695,223.0683670465701,649.7710378948865,21330.64566929134,182.72135145716328,91.36067572858164,0.9570955312588599,0.6962554627037021,0.284000480500441,hacabox
AC007025.2/13587-13714,148.0000000000001,109.72573737378191,625.0,2.662113965497985,0.28828828828828806,3.948513927595433,141.4319624413096,141.98768938541073,20.479682475182866,47.344541122857706,109.72573737378191,194.98360938511118,622.337886034502,20160.503937007878,147.6390682622535,73.81953413112674,0.9556213678466857,0.8118588323081704,0.21205075672586618,hacabox
AF357423.1/1-119,143.75000000000003,100.37072506521632,718.6381829549748,2.427656287604688,0.2759420289855072,3.6893001764991684,131.83085754101728,132.38828437208122,30.03029919522738,49.33833535773207,100.37072506521632,221.2085972681927,716.2105266673701,17526.657838983047,171.87026191046064,85.93513095523032,0.9170842263722939,0.9871575383165553,0.31618655292190906,hacabox
AAPY01752721.1/3925-4052,148.00000000000009,114.93508803750329,900.0,1.6812095321634153,0.2882882882882881,3.9529126594698534,148.505892138999,149.08941459173784,25.564207302958515,44.72176432611211,114.93508803750329,172.1979198254276,898.3187904678366,22227.65354330709,127.47615549931548,63.73807774965774,1.003418190128371,0.6679515166620176,0.18010441603265742,hacabox
AAHX01113643.1/8045-7918,153.99999999999997,99.91919922525867,704.5871187510339,1.8255473139875438,0.2770562770562771,3.894912590500206,148.64723340849636,149.2313112318206,27.999678262458158,33.759181045439824,99.91919922525867,240.98812675040404,702.7615714370464,22269.9842519685,207.22894570496422,103.61447285248211,0.9652417753798467,1.091459279826398,0.3148548703349784,hacabox
