nameseq,average,median,maximum,minimum,peak,none_levated_peak,sample_standard_deviation,population_standard_deviation,percentile15,percentile25,percentile50,percentile75,amplitude,variance,interquartile_range,semi_interquartile_range,coefficient_of_variation,skewness,kurtosis,label
AJ609445.1/1-126,201.49999999999986,112.54182374949022,1129.0496751411445,0.30569356889065075,0.20843672456575696,3.5318221645444945,237.27041534923814,238.21760640221365,15.357242380212561,29.01540261429123,112.54182374949022,313.43173242396387,1128.743981572254,56747.627999999975,284.4163298096726,142.2081649048363,1.1775206717083786,1.124769509754162,0.3135504341991798,hacabox
AC020602.6/136573-136700,205.99999999999994,123.93924117840206,1191.1728599319383,0.26693463706847137,0.20711974110032366,3.5219913520789468,249.3270943960964,250.30677241129655,19.043612814730384,39.106459587420275,123.93924117840206,241.2388270446103,1190.9059252948698,62653.48031496061,202.13236745719,101.066183728595,1.2103257009519246,0.9873867782443785,0.1754513442242467,hacabox
AC055866.19/124993-124866,197.99999999999997,98.9584869082562,1024.979564117328,2.680541831014105,0.2154882154882155,3.556604834667437,231.7779109406244,232.68863315598384,28.933915708424394,41.889189215962574,98.9584869082562,265.0,1022.2990222863139,54144.000000000015,223.11081078403743,111.55540539201871,1.1705955098011336,1.2819363936339345,0.20356070388547662,hacabox
AL590730.6/8553-8680,199.99999999999997,122.2842712474619,1111.641325217934,0.7824695846700762,0.21333333333333335,3.5049854016348765,233.5551326774901,234.47283810928639,32.58206583903488,55.131289760574525,122.2842712474619,222.52704721366837,1110.858855633264,54977.51181102362,167.39575745309384,83.69787872654692,1.1677756633874505,0.9982533185411121,0.1514723653273857,hacabox
Z84480.1/104302-104429,205.99999999999997,135.32042724157245,841.0,0.03149452081834485,0.20711974110032363,3.3397444852561393,194.87175269905077,195.63745998154724,40.37527886276713,75.7158876687173,135.32042724157245,288.92406322934255,840.9685054791817,38274.015748031496,213.20817556062525,106.60408778031263,0.9459793820342272,1.0880936582057816,0.22582877786349723,hacabox
