nameseq,average,median,maximum,minimum,peak,none_levated_peak,sample_standard_deviation,population_standard_deviation,percentile15,percentile25,percentile50,percentile75,amplitude,variance,interquartile_range,semi_interquartile_range,coefficient_of_variation,skewness,kurtosis,label
AJ505656.1/1-130,196.49999999999994,147.55057219432902,951.1948918062121,1.5653162082186676,0.2205258693808313,3.4625935405612607,185.37057479546203,186.0876783427848,42.24074065314463,56.99579707411522,147.55057219432902,262.056922816618,949.6295755979935,34628.62403100774,205.06112574250278,102.53056287125139,0.9433617037937002,0.7921876682911796,0.22813315845542612,hacabox
AC155335.1/33339-33211,194.24999999999994,171.96252872490368,911.2941576220342,1.009053861399179,0.22136422136422143,3.3716302254694845,163.36768346279504,164.0045969249033,45.52370422524006,82.03961385062853,171.96252872490368,250.7935730560705,910.285103760635,26897.507812499996,168.75395920544196,84.37697960272098,0.8410176754841446,0.40927564379962506,0.21089005788121398,hacabox
AM429090.2/11963-11843,182.24999999999997,138.12234406841912,660.5892563711515,5.202315193650165,0.22130772748056704,3.31284529835698,153.28241908320732,153.91977076819384,25.67030206725292,52.76406971240144,138.12234406841912,274.79337240638654,655.3869411775013,23691.295833333337,222.0293026939851,111.01465134699255,0.8410557974387234,0.8636539570978471,0.321443255322984,hacabox
AASG02017340.1/2450-2308,215.74999999999991,145.98541838381254,786.0882580471557,6.017956226848609,0.2209347238315953,3.5694004293046597,183.56163814915143,184.2068480054764,47.8281877838924,72.07582083181003,145.98541838381254,321.49014038079156,780.0703018203071,33932.162852112684,249.41431954898152,124.70715977449076,0.8508071293124055,1.1401823766603252,0.25853295244280056,hacabox
AARH01010454.1/31951-31833,183.75000000000003,156.56299322458872,804.3583866692993,3.42652931307396,0.21587301587301583,3.189100075062487,157.85871847953157,158.5262001817611,43.4351085764114,73.77219462832316,156.56299322458872,247.10924994844245,800.9318573562254,25130.5561440678,173.3370553201193,86.66852766005965,0.8590950665552738,0.5166709898054149,0.24167762247377012,hacabox
