nameseq,average,median,maximum,minimum,peak,none_levated_peak,sample_standard_deviation,population_standard_deviation,percentile15,percentile25,percentile50,percentile75,amplitude,variance,interquartile_range,semi_interquartile_range,coefficient_of_variation,skewness,kurtosis,label
EU379009.1/172-328,233.24999999999994,154.67074051964534,1034.5635016710364,0.25,0.22436584494462314,3.953561612751091,242.32571056328297,243.10115481905666,27.434516084426164,62.04576570216619,154.67074051964534,345.2014713677844,1034.3135016710364,59098.17147435896,283.1557056656182,141.5778528328091,1.038909798770774,0.9728137303016441,0.24735578889454785,hacabox
AENI01002408.1/123894-123737,239.50000000000006,201.0401855674225,1038.4392631922753,3.1754585179320443,0.21990257480862901,3.8595111664046025,235.98569871922325,236.73605259597895,43.515141536985944,64.41048613885974,201.0401855674225,321.66552750547794,1035.2638046743432,56043.95859872611,257.25504136661823,128.62752068330911,0.9853265082222263,0.4889255744053016,0.2166496794947925,hacabox
AFAN01000028.1/556194-556354,252.25000000000006,170.72448312112317,1303.3453261121222,0.10835336977004202,0.2127518995705318,3.8782241197058367,272.04043817050433,272.88924035219856,38.6520075407384,55.099977161512555,170.72448312112317,320.7317388068122,1303.2369727423522,74468.53749999999,265.63176164529966,132.81588082264983,1.078455651815676,0.8990448342218138,0.2504159461687693,hacabox
ACYM01102254.1/4052-3899,208.50000000000006,129.74909165956075,1237.0664375472943,0.5771293265305476,0.246203037569944,4.134637700027407,242.0748851078939,242.86469107289898,23.998081038295428,38.86317990903287,129.74909165956075,281.4463095816702,1236.4893082207639,58983.258169934656,242.58312967263734,121.29156483631867,1.1610306240186754,0.9759489296711594,0.22643315419239338,hacabox
AEKW01011406.1/14938-15087,207.50000000000006,176.49736635782742,832.769418841133,1.8380098722987344,0.2409638554216867,3.860306118130265,184.25864972912396,184.87593336682582,37.260270740898356,61.471711520836294,176.49736635782742,273.45583111489134,830.9314089688343,34179.110738255025,211.98411959405504,105.99205979702752,0.8879934926704767,0.5047681672651326,0.23089363157508744,hacabox
