nameseq,average,median,maximum,minimum,peak,none_levated_peak,sample_standard_deviation,population_standard_deviation,percentile15,percentile25,percentile50,percentile75,amplitude,variance,interquartile_range,semi_interquartile_range,coefficient_of_variation,skewness,kurtosis,label
AJ609432.1/1-133,149.24999999999994,109.43215257194854,1182.5171645886335,1.6392507875928035,0.2970407593523173,4.166201510962804,175.1863293753254,175.84866190545608,20.47891959830636,36.699258299114106,109.43215257194854,203.86851309950703,1180.8779138010407,30922.751893939403,167.16925480039293,83.58462740019647,1.1737777512584622,0.6818656610370134,0.26642534227298587,hacabox
AB007147.1/104-236,149.25,93.02823819746085,1150.4197744111552,1.0468049909444734,0.29704075935231716,4.155365203274402,172.9515828201639,173.60546637288084,20.912825436486408,37.190301526671085,93.02823819746085,207.17686562516948,1149.3729694202107,30138.857954545463,169.9865640984984,84.9932820492492,1.1588045750094733,0.9752167783453974,0.26216769459187433,hacabox
AC016907.6/186868-187000,153.25000000000003,100.1572377857488,1173.110668139037,0.8144508878805273,0.2892876563349646,4.084477584279811,174.89782731640784,175.55906909762382,27.484633120590903,43.23304539532772,100.1572377857488,213.29402815835178,1172.2962172511563,30820.986742424255,170.06098276302407,85.03049138151204,1.1412582532881423,0.9106933407160236,0.2669115278729421,hacabox
AC026222.5/26043-25912,161.0,96.79526138587426,1103.646935889343,0.3064658640764723,0.2732919254658385,3.9571513108244463,184.39360075664234,185.0960551127998,30.307929557953635,44.703341973348024,96.79526138587426,204.09695907585842,1103.3404700252665,34260.54961832062,159.3936171025104,79.6968085512552,1.145301868053679,1.044581889241288,0.23300853965280083,hacabox
AC008083.23/27997-28128,159.00000000000003,96.34619304058647,974.776310408518,3.263951930364041,0.2767295597484276,3.967224496321879,178.14881419756907,178.82747880449614,27.51729741927865,57.75882350628691,96.34619304058647,221.0764549547865,971.512358478154,31979.267175572513,163.31763144849958,81.65881572424979,1.1204327936954028,1.055080954228465,0.25179695236140703,hacabox
