nameseq,average,median,maximum,minimum,peak,none_levated_peak,sample_standard_deviation,population_standard_deviation,percentile15,percentile25,percentile50,percentile75,amplitude,variance,interquartile_range,semi_interquartile_range,coefficient_of_variation,skewness,kurtosis,label
AL929577.9/115568-115437,163.0,97.20437791226757,989.2469156846801,0.5915743761424088,0.26993865030674846,4.025608796490653,187.57931655702342,188.2939070173205,18.629156165351123,40.909587547303204,97.20437791226757,187.3192978411662,988.6553413085377,35454.595419847334,146.409710293863,73.2048551469315,1.1507933531105732,1.052284814158561,0.16470474715497016,hacabox
AC102195.14/77372-77241,161.0,111.65994758859924,712.3061744952897,1.6896946108193704,0.2732919254658385,3.9376062137536656,156.75139552807815,157.3485458639392,18.206013246616333,38.486167038374205,111.65994758859924,236.9211703251651,710.6164798844703,24758.56488549618,198.4350032867909,99.21750164339545,0.9736111523483115,0.9442988161957903,0.25089441360532716,hacabox
AC124719.3/60776-60645,163.00000000000003,105.8397914241447,737.9376003028117,0.24654751340296963,0.2699386503067484,3.968326818447791,171.2512773674988,171.90366554849155,26.508051610058843,36.68318983783589,105.8397914241447,220.17929689585299,737.6910527894087,29550.87022900764,183.4961070580171,91.74805352900854,1.0506213335429373,1.0013392505071654,0.22310737798808425,hacabox
AL773512.6/105824-105955,181.00000000000009,114.21231481286618,1069.620627553977,3.1950982038417277,0.24309392265193358,3.72406890352878,197.3980749652843,198.15007035496956,26.622305280828524,45.00000000000001,114.21231481286618,237.70028168657552,1066.4255293501353,39263.45038167939,192.70028168657552,96.35014084328776,1.090597099255714,1.0150203116045526,0.20524406539268733,hacabox
AL592546.7/54124-53993,175.0,120.5865394814156,784.0510527269834,0.6389995257739387,0.25142857142857145,3.7807370960072184,174.77986154016713,175.4456919952572,30.874881351971492,46.713479962116494,120.5865394814156,227.10778638875036,783.4120532012095,30781.190839694653,180.39430642663388,90.19715321331694,0.9987420659438122,0.9339770618724172,0.20397843496690157,hacabox
