nameseq,average,median,maximum,minimum,peak,none_levated_peak,sample_standard_deviation,population_standard_deviation,percentile15,percentile25,percentile50,percentile75,amplitude,variance,interquartile_range,semi_interquartile_range,coefficient_of_variation,skewness,kurtosis,label
AJ505680.1/1-101,131.25000000000009,90.3052034246185,491.72755460887214,1.005245651984023,0.2565079365079363,3.264042889217794,115.53895446991027,116.11521218169477,31.423550535287124,50.91738331232473,90.3052034246185,187.88602417009224,490.7223089568881,13482.742499999997,136.96864085776753,68.48432042888376,0.8802967959612205,1.0631426456099224,0.2395909818481211,hacabox
AARH01010739.1/234432-234534,129.75,107.98233744916507,587.7109690400695,1.820267467659586,0.2646114322414901,3.3425150598757414,117.82349086663494,118.3996482920717,29.337338375662696,39.909984725877,107.98233744916507,186.98301289539697,585.8907015724099,14018.476715686278,147.07302816951997,73.53651408475999,0.9080808544634678,0.5542442103198385,0.28858881281933974,hacabox
AC148915.2/27731-27645,127.75000000000001,90.7039823595726,590.8933692670081,0.9315274187483854,0.22700587084148727,2.9079037013019318,120.7326592103396,121.43256454739864,12.062198702270319,31.112003263092504,90.7039823595726,201.5347531894112,589.9618418482597,14745.867732558138,170.4227499263187,85.21137496315934,0.9450697394155742,0.9205301502359712,0.3249401123055131,hacabox
AASG02000807.1/14902-14812,130.75000000000003,94.59652917344211,462.25,0.5564790509199583,0.23199490121096233,2.998760510607294,118.99002058996379,119.64925012533743,16.21508568262176,32.08412538686092,94.59652917344211,183.2004519071928,461.69352094908004,14315.94305555556,151.11632652033188,75.55816326016594,0.9100575188524953,0.9115084772816809,0.2253660791146016,hacabox
AP007291.1/29018-29107,120.5,91.0,415.83484624359113,0.6130089900092502,0.24896265560165975,3.1289687536049433,115.63844516422726,116.28628465988581,15.411993755166822,21.801245456440384,91.0,157.89569299030111,415.2218372535819,13522.499999999995,136.09444753386072,68.04722376693036,0.9596551465910976,0.7653164124985785,0.21417407321062407,hacabox
