nameseq,average,median,maximum,minimum,peak,none_levated_peak,sample_standard_deviation,population_standard_deviation,percentile15,percentile25,percentile50,percentile75,amplitude,variance,interquartile_range,semi_interquartile_range,coefficient_of_variation,skewness,kurtosis,label
EU240328.1/8-136,160.25000000000006,101.71623668407054,792.3459600885544,1.682657282956562,0.2683307332293291,3.9382448494549767,173.3060876022536,173.98174742627458,19.153233162357797,34.46541470277745,101.71623668407054,219.33748703685683,790.6633028055978,30269.6484375,184.87207233407938,92.43603616703969,1.0814732455678848,1.0132436337193333,0.2455077608331237,hacabox
BT056663.1/385-510,139.49999999999994,80.96399191541522,615.9283972891221,3.001450806557807,0.3010752688172044,4.072111680091815,143.18955967527796,143.7611769567848,14.150834099143747,39.62803681104745,80.96399191541522,219.9381824139253,612.9269464825643,20667.275999999994,180.31014560287784,90.15507280143892,1.0264484564536058,1.2264024322163856,0.2927207342005346,hacabox
BX324171.9/130678-130552,145.75000000000003,107.1177022893419,564.8161866965308,0.22351977131695205,0.29045168667810173,3.831299098230587,121.90929004796972,122.39210100692323,37.49596084506828,54.89314225564479,107.1177022893419,201.6413541848611,564.5926669252138,14979.826388888896,146.7482119292163,73.37410596460815,0.8364273759723478,0.9506813884845892,0.27494668397168315,hacabox
BX324171.9/129405-129279,145.74999999999997,141.56462597709108,511.78668362836976,2.678013190553465,0.29045168667810184,3.8151152879073593,108.68245028522313,109.11287751536267,31.598472871832424,69.38545445923842,141.56462597709108,201.21579894262777,509.1086704378163,11905.620039682537,131.83034448338935,65.91517224169468,0.7456771889209135,0.11553035504605147,0.2666722424064278,hacabox
BX324171.9/130123-129997,149.74999999999994,112.40271226741172,502.30752332267707,3.457151613746917,0.2826933778519756,3.760136619538314,118.64179280506512,119.11166313023588,47.67415237609076,62.62930167237456,112.40271226741172,200.20073604135723,498.85037170893014,14187.588293650795,137.57143436898266,68.78571718449133,0.7922657282475136,0.9443709551983551,0.2078896194214133,hacabox
