nameseq,average,median,maximum,minimum,peak,none_levated_peak,sample_standard_deviation,population_standard_deviation,percentile15,percentile25,percentile50,percentile75,amplitude,variance,interquartile_range,semi_interquartile_range,coefficient_of_variation,skewness,kurtosis,label
AC010287.9/54576-54441,187.99999999999991,145.77159751898506,781.3654207736839,5.634582309869618,0.24113475177304977,3.691267674051882,170.2439426235189,170.8733123951452,30.87711930345868,59.17209049809853,145.77159751898506,292.5215535491428,775.7308384638143,29197.688888888886,233.3494630510443,116.67473152552215,0.9055528862953137,0.7441392950068064,0.2930031626438505,hacabox
AJ609468.1/1-136,187.99999999999991,145.77159751898506,781.3654207736839,5.634582309869618,0.24113475177304977,3.691267674051882,170.2439426235189,170.8733123951452,30.87711930345868,59.17209049809853,145.77159751898506,292.5215535491428,775.7308384638143,29197.688888888886,233.3494630510443,116.67473152552215,0.9055528862953137,0.7441392950068064,0.2930031626438505,hacabox
AC127300.3/141571-141705,189.75000000000003,113.58307289380443,845.8637478601266,0.4177268799553577,0.23715415019762842,3.687424444184802,189.66121111075927,190.36758678150784,39.522813795165504,56.33730464012531,113.58307289380443,277.4235789899527,845.4460209801713,36239.81809701492,221.08627434982742,110.54313717491371,0.9995320743650026,1.2047839406927852,0.26416703253711915,hacabox
AAIY01789533.1/679-813,187.74999999999994,107.9405403680157,864.3790837956473,0.11080868739216809,0.23968042609853535,3.7587927672135097,191.39063456710727,192.10345131585402,21.276952496585537,41.24968063077891,107.9405403680157,297.63208919731966,864.2682751082551,36903.73600746269,256.38240856654073,128.19120428327037,1.019390863206963,1.2509931817588598,0.2888891965510023,hacabox
AAFR03049113.1/29769-29632,198.5,131.23270958049184,976.0000000000001,0.3876539646305526,0.23173803526448364,3.7999488208260868,218.38555355151132,219.18113197339477,26.42565169797786,36.13626513690476,131.23270958049184,294.430618707872,975.6123460353696,48040.3686131387,258.29435357096725,129.14717678548362,1.100179111090737,0.9240623657412613,0.2487500237661444,hacabox
