nameseq,average,median,maximum,minimum,peak,none_levated_peak,sample_standard_deviation,population_standard_deviation,percentile15,percentile25,percentile50,percentile75,amplitude,variance,interquartile_range,semi_interquartile_range,coefficient_of_variation,skewness,kurtosis,label
AF308283.1/1-330,442.5,315.52622647219584,3315.986778731459,4.203429955428328,0.24858757062146894,5.913827056790331,480.8058339912276,481.5359875386602,84.84212525504407,127.18083117311384,315.52622647219584,480.9192938238019,3311.7833487760304,231876.90729483272,353.73846265068806,176.86923132534403,1.0865668564773505,0.7922560286370454,0.17353175103885102,hacabox
AF308282.1/1-316,415.0,296.68826756108353,2203.67459068366,5.2305135731221295,0.2538152610441767,5.802562798932678,399.9887498417924,400.6231495264695,67.97828550002025,123.28048428174888,296.68826756108353,573.8473273602558,2198.444077110538,160498.90793650792,450.5668430785069,225.28342153925345,0.9638283128717889,0.8873629507258315,0.24422334015092007,hacabox
AACN010346788.1/508-835,438.00000000000017,294.2582006839468,3524.5717095727327,0.07535926820609806,0.24961948249619473,5.983203103082076,475.7520362541814,476.4789305455411,51.2188435825586,124.4140513406834,294.2582006839468,608.4441760763476,3524.4963503045265,227032.1712538226,484.03012473566423,242.01506236783212,1.086191863594021,0.9064078870652863,0.2708865747099089,hacabox
AAQQ01201317.1/367-42,453.49999999999983,284.99877835080713,1971.8210973416628,2.1171389260224833,0.23961778757809638,5.806515031550392,435.46670366401145,436.1361378849851,55.400027847006825,117.1740186035209,284.99877835080713,699.3402103469907,1969.7039584156403,190214.73076923072,582.1661917434698,291.0830958717349,0.9602352892260454,1.1608319549905344,0.2982082102595255,hacabox
AAPY01657622.1/489-161,382.25000000000006,210.91993947463385,2576.8227717235927,0.059380052875457306,0.2868977545236538,6.516024339989567,449.790506791773,450.47564124340676,59.472297435466984,90.25,210.91993947463385,471.8962340787298,2576.7633916707173,202928.30335365853,381.6462340787298,190.8231170393649,1.17669197329437,1.1427323916688317,0.20740112536956157,hacabox
