nameseq,average,median,maximum,minimum,peak,none_levated_peak,sample_standard_deviation,population_standard_deviation,percentile15,percentile25,percentile50,percentile75,amplitude,variance,interquartile_range,semi_interquartile_range,coefficient_of_variation,skewness,kurtosis,label
U47924.1/179615-179346,295.4999999999997,165.20776036325992,1674.7762930842853,0.31685005830212915,0.30456852791878203,6.098993301067142,325.55068729769255,326.1552387697485,33.79000596654074,60.911784729446566,165.20776036325992,411.76499370141255,1674.459443025983,106377.23977695167,350.85320897196596,175.42660448598298,1.101694373257844,1.2006631660181104,0.26052231327696546,hacabox
ABDC01214908.1/3322-3055,280.99999999999983,201.48046844329195,1978.8759613178838,0.10906880889144385,0.31791221826809035,6.120883940720201,300.5128948980393,301.0751271854549,32.61481209193604,71.93420454576864,201.48046844329195,370.9317542851097,1978.7668925089924,90646.23220973783,298.9975497393411,149.49877486967054,1.0694409071104607,0.7938381304771096,0.2193205183320117,hacabox
AANG01081019.1/12170-11909,287.5,168.8768366762586,1848.082261208891,4.4751763396056505,0.30376811594202896,5.991299935519123,339.50441823340094,340.15418804934563,34.984746047529214,61.12588631324222,168.8768366762586,348.06186528482164,1843.6070848692852,115704.87164750959,286.9359789715794,143.4679894857897,1.1808849329857425,1.04820282405448,0.1928140108344989,hacabox
AAQQ01201252.1/668-932,296.25000000000006,199.07144815462635,1550.273460063824,0.3878726510397511,0.29817158931082977,5.934320355030221,308.34963920848026,308.93308275614004,40.26038927250021,61.70707413093402,199.07144815462635,445.4916445950432,1549.8855874127842,95439.64962121207,383.7845704641092,191.8922852320546,1.0408426639948698,0.9454710447674922,0.28641850903771027,hacabox
AACN010210013.1/211-475,288.25,195.93879334207273,1749.2380695185086,0.14091193502152968,0.30644694998554495,5.972994956567856,323.03947127247466,323.65071017529016,42.68921020577695,77.51827011590903,195.93879334207273,375.5972617855853,1749.0971575834872,104749.78219696967,298.07899166967627,149.03949583483814,1.1206920078836935,0.8572748676281609,0.25364217339626705,hacabox
