nameseq,average,median,maximum,minimum,peak,none_levated_peak,sample_standard_deviation,population_standard_deviation,percentile15,percentile25,percentile50,percentile75,amplitude,variance,interquartile_range,semi_interquartile_range,coefficient_of_variation,skewness,kurtosis,label
AM055742.1/1-134,193.50000000000006,113.6868591265619,1238.416973300708,1.3813364298812953,0.23083548664944006,3.647774969233797,217.77339139573502,218.59055521011805,45.98117603846027,61.85908244002887,113.6868591265619,267.6397256834522,1237.0356368708267,47781.830827067664,205.7806432434233,102.89032162171165,1.1254438831820928,1.0994888819323578,0.2688853124866703,hacabox
AAFC03012751.1/570-436,191.74999999999994,108.67978990037419,1105.4816158697172,2.25,0.23468057366362458,3.7524077542182015,217.38991466947118,218.19956333663566,22.938740917607234,60.01003024301534,108.67978990037419,250.83628770550663,1103.2316158697172,47611.049440298484,190.8262574624913,95.41312873124565,1.1337153307403975,1.1463762276082938,0.1997569211759829,hacabox
ABDC01105195.1/1988-2122,193.74999999999997,116.22196862746475,888.6404184917617,0.7365212293524691,0.23225806451612907,3.7412482572799504,207.06128319896018,207.83246383177976,23.321164124478592,46.47058762444029,116.22196862746475,263.36712226144687,887.9038972624093,43194.33302238805,216.89653463700657,108.44826731850328,1.0687033971559237,1.1232621112181616,0.2036090103137891,hacabox
AADA01032425.1/12845-12711,197.74999999999997,126.43748688795314,765.8293772162657,1.4205376456594405,0.22756005056890016,3.6801721281470736,196.17179970627782,196.90242346317535,23.089662120090576,39.24871019789323,126.43748688795314,293.0460939396936,764.4088395706062,38770.56436567163,253.7973837418004,126.8986918709002,0.9920192146967275,1.090562148364152,0.2350520463123165,hacabox
AAIY01155199.1/1916-1782,195.74999999999997,111.71585891580104,916.3766991664512,2.1427857481523533,0.2298850574712644,3.661948682643024,203.0403285064324,203.79653346472503,32.57776170087937,51.826832399940635,111.71585891580104,264.45911421533964,914.2339134182988,41533.027052238795,212.632281815399,106.3161409076995,1.0372430575041247,1.2416371915228166,0.22220911324584874,hacabox
