nameseq,average,median,maximum,minimum,peak,none_levated_peak,sample_standard_deviation,population_standard_deviation,percentile15,percentile25,percentile50,percentile75,amplitude,variance,interquartile_range,semi_interquartile_range,coefficient_of_variation,skewness,kurtosis,label
Z47815.1/14842-15099,398.49999999999994,259.59271748087053,2288.657117785821,1.3296092348690796,0.2158092848180678,4.955705859791558,443.61497945853904,444.47720569374866,62.826091266175276,100.2130317915898,259.59271748087053,507.98121234889527,2287.3275085509517,197559.98638132296,407.76818055730547,203.88409027865274,1.1132119936224318,0.939377313331539,0.20794383819656617,hacabox
AACI02000295.1/4050-3790,399.24999999999983,251.2750017362458,2205.518768756303,2.96142214460972,0.2179085785848467,4.957195979177992,431.1394785913255,431.9677972773148,71.20837001520147,110.72057799946654,251.2750017362458,500.60896186495637,2202.5573466116934,186596.17788461535,389.8883838654898,194.9441919327449,1.079873459214341,1.029655173870208,0.18342746231494542,hacabox
AACH01000003.1/9678-9937,395.0,240.14008990689553,2305.784115115623,3.796661396510431,0.21940928270042195,5.005067205819766,426.2499266862106,427.07201024007867,63.855106783747196,91.00069079511239,240.14008990689553,490.5738205068306,2301.9874537191126,182390.50193050186,399.5731297117182,199.7865648558591,1.0791137384461027,1.0899233083535984,0.20920110045592,hacabox
AACA01000120.1/9107-9355,388.2499999999996,264.35140184764754,2381.959044680856,0.4098677835320708,0.2137797810688991,4.7545724324931005,376.31436326560794,377.07229829989,64.22951017982083,112.04153907473724,264.35140184764754,607.0194417077946,2381.549176897324,142183.51814516124,494.9779026330574,247.4889513165287,0.9692578577349861,0.9877268335748006,0.29580561905666947,hacabox
AAZN01000216.1/9623-9352,415.99999999999955,259.35845252901925,2654.008987517385,9.788590288509571,0.2179487179487182,5.051513093367361,465.76388868180834,466.6224403573176,79.94914747204191,119.84086320240858,259.35845252901925,558.5480534247849,2644.2203972288753,217736.5018450184,438.70719022237637,219.35359511118818,1.1196247324081943,1.008933182310265,0.229967762018219,hacabox
