nameseq,average,median,maximum,minimum,peak,none_levated_peak,sample_standard_deviation,population_standard_deviation,percentile15,percentile25,percentile50,percentile75,amplitude,variance,interquartile_range,semi_interquartile_range,coefficient_of_variation,skewness,kurtosis,label
U19729.2/1781-1983,310.74999999999983,202.03820875351136,1937.4278234975445,2.7728896306635584,0.21775274872620018,4.3931778386489935,348.65115086573275,349.5130833327874,44.82376539490273,91.08819362679245,202.03820875351136,425.2810671010413,1934.654933866881,122159.395420792,334.1928734742488,167.0964367371244,1.1219666962694543,0.9354203275384045,0.23406907639682137,hacabox
AABY01000020.1/14589-14385,309.24999999999983,223.30892459214905,1587.6132922637755,1.7680185144979665,0.22096469954190257,4.394033326135088,323.8637830940657,324.6565964788871,63.58804967878168,101.14667692881314,223.30892459214905,377.9956126421995,1585.8452737492776,105401.90563725492,276.84893571338637,138.42446785669318,1.047255563764158,0.7960853904700668,0.2514941397333099,hacabox
AACG02000015.1/23258-23463,315.4999999999999,195.66380135203946,1423.037188178745,4.095640511260282,0.21764395139989445,4.404259986001886,326.89027210977076,327.68659551170043,49.421313634785996,72.10613733515643,195.66380135203946,458.0195357781549,1418.9415476674849,107378.50487804877,385.9133984429984,192.9566992214992,1.0361022887789886,1.0997837091437128,0.26699829896527005,hacabox
