nameseq,average,median,maximum,minimum,peak,none_levated_peak,sample_standard_deviation,population_standard_deviation,percentile15,percentile25,percentile50,percentile75,amplitude,variance,interquartile_range,semi_interquartile_range,coefficient_of_variation,skewness,kurtosis,label
X07673.1/425-1032,802.0000000000001,606.1255976027802,5041.0,1.505319771129739,0.2527015793848711,7.978420558972136,737.5316942342205,738.1389662137902,140.78206519199347,255.02988037216858,606.1255976027802,1123.1899736917658,5039.4946802288705,544849.1334431629,868.1600933195972,434.0800466597986,0.9196155788456614,0.7967429898748815,0.2518954205639929,hacabox
AABY01000047.1/17961-17352,792.4999999999992,566.7868844431723,3969.0,1.3447215958470657,0.2565720294426922,8.122636119092986,732.583271717284,733.1844891116367,122.13866162809279,230.30668388767344,566.7868844431723,1186.4658888109814,3967.655278404153,537559.4950738917,956.1592049233079,478.07960246165396,0.9243952955423151,0.92431723848016,0.27711402140966074,hacabox
AACH01000215.1/7327-6713,813.7499999999993,605.0543588330169,4830.25,0.826042128740743,0.25192012288786503,8.173244562134787,806.3270893378194,806.9834403535713,105.25913346869618,198.25968761361042,605.0543588330169,1097.022476281277,4829.4239578712595,651222.2730048859,898.7627886676667,449.3813943338333,0.9908781435795024,0.7764676789106877,0.2574006335098236,hacabox
AACI02000330.1/3807-4421,789.7500000000002,561.2517954586131,5402.25,1.2613685547075801,0.2595758151313706,8.217607522539334,788.62245402981,789.2643934556232,128.30606151295157,224.79533888575662,561.2517954586131,1033.1322284339267,5400.988631445292,622938.2827768729,808.3368895481701,404.16844477408506,0.9985722748082428,0.8692304031179028,0.23180451691464674,hacabox
