nameseq,average,median,maximum,minimum,peak,none_levated_peak,sample_standard_deviation,population_standard_deviation,percentile15,percentile25,percentile50,percentile75,amplitude,variance,interquartile_range,semi_interquartile_range,coefficient_of_variation,skewness,kurtosis,label
Z75131.1/340-137,299.0,217.63496527204842,1282.5309015389996,5.832347731689432,0.22742474916387959,4.398041158138122,274.83267636873165,275.5087725351815,60.68460850475093,72.62707820808656,217.63496527204842,430.392284337001,1276.6985538073102,75905.08374384236,357.76520612891443,178.88260306445721,0.9191728306646544,0.8881589606046787,0.28213328824810174,hacabox
AABZ01000977.1/1380-1584,305.2499999999999,197.71319684460232,1322.9159238698114,1.2326210660481556,0.22386022386022392,4.436145432372235,299.3655791837131,300.0984213553947,46.43765050685388,89.24889239759422,197.71319684460232,438.145498272686,1321.6833028037634,90059.0625,348.8966058750918,174.4483029375459,0.9807226181284627,1.0776469704561953,0.24988554951323558,hacabox
AACI02000292.1/2431-2225,309.75,211.1432927293498,1716.5738558964065,0.25,0.22276029055690072,4.423097112477055,311.8138467098599,312.5697601747939,58.43279769486096,87.72600508364776,211.1432927293498,401.98890159529793,1716.3238558964065,97699.85497572816,314.2628965116502,157.1314482558251,1.0066629433732361,0.9487074577775523,0.22323253019327272,hacabox
AACA01000231.1/7126-7331,301.50000000000006,202.78697223984724,1750.7590324292294,3.533853742772266,0.22775013819789935,4.439121546719597,298.1128142163634,298.8390340847107,50.86116088820312,89.46252486745522,202.78697223984724,448.0270543100371,1747.2251786864572,89304.7682926829,358.5645294425819,179.28226472129094,0.988765552956429,0.993379248251729,0.28616007841331426,hacabox
AAEG01000064.1/26266-26063,296.99999999999983,213.6406675806722,1315.1091169992987,5.862054756583662,0.22895622895622908,4.4053365535564355,273.88683794589326,274.56060732303905,52.11490443957742,80.89058086649575,213.6406675806722,425.5919747661745,1309.2470622427152,75383.52709359606,344.7013938996787,172.35069694983935,0.9221779055417287,0.9130705189542048,0.2734198838842434,hacabox
