nameseq,average,median,maximum,minimum,peak,none_levated_peak,sample_standard_deviation,population_standard_deviation,percentile15,percentile25,percentile50,percentile75,amplitude,variance,interquartile_range,semi_interquartile_range,coefficient_of_variation,skewness,kurtosis,label
Z49379.1/1742-1357,620.4999999999998,415.0187251680908,3359.2994797921488,1.7847499542387977,0.2073596561912437,5.854408867056281,616.8470231751143,617.6476036848701,91.42196884980437,161.0756079568016,415.0187251680908,948.2756000398891,3357.51472983791,381488.5623376623,787.1999920830875,393.59999604154376,0.9941128495972836,0.9993463554751194,0.2782995156435487,hacabox
AACI02000103.1/13708-13323,642.5000000000002,456.3542158166703,3238.540610075304,4.0,0.20025940337224377,5.761961639442607,617.8691204454225,618.6710274934007,82.7576891633834,155.13034786514632,456.3542158166703,955.423570905234,3234.540610075304,382753.84025974025,800.2932230400877,400.14661152004385,0.9616640006932642,0.9038117201057267,0.2802206980286342,hacabox
AABZ01000143.1/19792-19408,626.2499999999999,450.9277378202621,3390.7574998816053,2.709194836851891,0.20492348636061217,5.78132047126705,611.7474969299017,612.5435252392274,102.83765151738068,172.89267364280332,450.9277378202621,918.5837749595653,3388.0483050447533,375209.57031249994,745.691101316762,372.845550658381,0.9768423104669091,0.8597775866330718,0.30149076402639674,hacabox
AACG02000202.1/2769-3153,626.2500000000001,430.5491309369544,3752.269789020169,1.7109672260345037,0.20492348636061208,5.780057634559401,622.7656059867147,623.5759714641833,108.0000382953889,195.82406097652327,430.5491309369544,890.1496341170744,3750.5588217941345,388846.9921875,694.3255731405511,347.16278657027556,0.9944360973839754,0.9427344759332481,0.2771807126776066,hacabox
AACA01000601.1/346-4,567.7500000000001,412.61904561824895,2580.7225902700834,0.27430814370724516,0.2013797152502568,5.337373163729137,505.354702164727,506.09298554180714,99.30809332389757,198.2413869760756,412.61904561824895,764.8674620334873,2580.448282126376,256130.1100146198,566.6260750574118,283.3130375287059,0.8901007523817294,0.9209231875189965,0.21540049876379957,hacabox
