nameseq,average,median,maximum,minimum,peak,none_levated_peak,sample_standard_deviation,population_standard_deviation,percentile15,percentile25,percentile50,percentile75,amplitude,variance,interquartile_range,semi_interquartile_range,coefficient_of_variation,skewness,kurtosis,label
Z75186.1/359-138,317.50000000000017,223.3179638859338,1581.3265519832069,1.386971098282733,0.23307086614173217,4.6313380977104845,294.5526268767603,295.21828337965275,48.48742311746664,113.24667376504262,223.3179638859338,481.89768206932365,1579.9395808849242,87153.83484162895,368.65100830428105,184.32550415214052,0.9277248090606619,0.9592381210044862,0.2910363951010672,hacabox
AABY01000003.1/33612-33389,321.99999999999994,227.5229281759751,1708.920519491928,0.004411838150073256,0.23188405797101455,4.668716567873398,314.4041984452498,315.10835206734987,61.338315756789655,88.84944313467219,227.5229281759751,475.6587334346782,1708.916107653778,99293.27354260092,386.809290300006,193.404645150003,0.9764105541777945,0.9014867386429991,0.2916192192032726,hacabox
AACH01000317.1/2350-2128,317.75,236.20560102719594,1580.8469371994893,0.48097874320422734,0.23393653291371622,4.688457809594376,300.4294842388144,301.1053669473603,54.3686960919159,88.60962486896558,236.20560102719594,466.21428346714714,1580.365958456285,90664.44200450453,377.6046585981816,188.8023292990908,0.9454901156217604,0.8142782574693994,0.2858824852474613,hacabox
AACG02000027.1/92408-92183,330.49999999999983,248.79051197104093,1521.0,1.465748254841416,0.22793746848209792,4.635042677350239,299.00209029369677,299.6658027425441,53.62655183789741,103.07896439068027,248.79051197104093,474.56347643803014,1519.5342517451586,89799.59333333334,371.4845120473499,185.74225602367494,0.904696188483198,0.8198219077535467,0.2406795998694047,hacabox
AACI02000485.1/4731-4508,315.9999999999999,236.68364034845337,1481.7953217621402,4.8386237137796755,0.23628691983122374,4.719595089198301,310.3385248402138,311.03357279893714,55.8871041425544,97.74460960842717,236.68364034845337,421.0859396004761,1476.9566980483605,96741.88340807174,323.34132999204894,161.67066499602447,0.9820839393677655,0.7667403815789681,0.2389373961343804,hacabox
