nameseq,average,median,maximum,minimum,peak,none_levated_peak,sample_standard_deviation,population_standard_deviation,percentile15,percentile25,percentile50,percentile75,amplitude,variance,interquartile_range,semi_interquartile_range,coefficient_of_variation,skewness,kurtosis,label
U56645.1/1-211,310.7499999999999,229.17899755319996,1366.046026217619,1.6499013078052012,0.22633413783856268,4.448865589350514,278.14407237976496,278.805533652469,61.445831823344264,81.1940083749284,229.17899755319996,490.09060967067114,1364.3961249098138,77732.52559523802,408.89660129574276,204.44830064787138,0.8950734428954628,0.8798066600760776,0.34483132516135573,hacabox
AABY01000020.1/57086-56876,318.74999999999994,243.52238874798158,1749.8873576564088,4.333471530652591,0.22065359477124186,4.446080033431306,319.9298751289099,320.69070824884017,45.213489828735845,73.15548626744578,243.52238874798158,438.7527794843091,1745.5538861257562,102842.53035714272,365.5972932168633,182.79864660843165,1.0037015690318742,0.7054134399456141,0.30033995075726133,hacabox
AACH01002147.1/1226-1016,316.7499999999999,189.49425517083858,1848.0133836600573,1.661603832188306,0.22204682978163648,4.533144737258081,352.9945112887732,353.833976234752,48.44935547527881,71.21232955135054,189.49425517083858,393.46067230442566,1846.351779827869,125198.48273809507,322.2483427530751,161.12417137653756,1.1144262392700026,1.0815103982599115,0.1994104527976874,hacabox
AACI02000064.1/20206-19995,310.99999999999994,180.69981103797343,1559.0852799660863,0.21511858511178567,0.22722400857449096,4.653970312202764,336.392627743237,337.18882442562585,37.2014997811129,58.01905099533193,180.69981103797343,457.6793720568316,1558.8701613809744,113696.30331753555,399.66032106149964,199.83016053074982,1.081648320717804,1.1620366638487916,0.27004191086406415,hacabox
AACG02000134.1/16938-16731,311.99999999999994,229.0116754048039,1243.2199280522243,1.77666918453644,0.22222222222222224,4.431769803719613,293.85710813250716,294.56605272890806,52.46052831887308,90.70137979356659,229.0116754048039,444.6648637378879,1241.443258867688,86769.15942028984,353.9634839443213,176.98174197216065,0.9418497055529077,0.8472314158666664,0.21698578813198188,hacabox
