nameseq,average,median,maximum,minimum,peak,none_levated_peak,sample_standard_deviation,population_standard_deviation,percentile15,percentile25,percentile50,percentile75,amplitude,variance,interquartile_range,semi_interquartile_range,coefficient_of_variation,skewness,kurtosis,label
Z71666.1/727-896,264.50000000000017,163.56665167609304,2902.0621078848176,0.4407997212660876,0.21424070573408932,4.096175850165436,393.5304943711478,394.6930685269191,34.29974425156243,61.35235147825497,163.56665167609304,311.8938246583258,2901.6213081635515,155782.61834319527,250.54147318007082,125.27073659003541,1.4878279560345844,0.7694449332461224,0.2548556116414587,hacabox
AACA01000197.1/7672-7842,262.74999999999994,175.85603328544641,2556.326888268242,0.07782756487954078,0.21693625118934354,4.05764062768607,334.6081663677681,335.5908650074828,39.12149657574294,66.38291629804516,175.85603328544641,330.6766185652634,2556.2490607033624,112621.22867647055,264.29370226721824,132.14685113360912,1.2734849338449787,0.7790661625907388,0.2549984899678388,hacabox
AACI02000264.1/1524-1695,255.00000000000009,178.61384703241907,1983.2352068714745,0.9464236436027388,0.22483660130718947,4.02533731375851,282.21268575313906,283.03666615116305,57.841399843262714,93.93369161642151,178.61384703241907,338.8479963234383,1982.2887832278718,80109.75438596492,244.91430470701675,122.45715235350838,1.106716414718192,0.8120062295966229,0.254794983034206,hacabox
AACH01000736.1/1244-1414,256.75000000000006,166.40453240348884,2410.376949757571,4.051137399364649,0.22200584225900677,4.097774271112447,334.7127499812339,335.69575576878606,39.850421313540316,66.7513703931123,166.40453240348884,333.24470866087665,2406.3258123582063,112691.64044117645,266.49333826776433,133.24666913388216,1.3036523855160034,0.8097582264336499,0.2659860584540621,hacabox
AACF01000082.1/45350-45178,227.24999999999991,159.1156579758629,1412.3983969222784,1.9195560484013479,0.25375870920425386,4.290596698627183,233.95458961089008,234.6337045070415,47.63347470976816,78.60032152183065,159.1156579758629,319.43322250788543,1410.478840873877,55052.97529069767,240.83290098605477,120.41645049302738,1.029503144602377,0.8736867543926847,0.2563471030864025,hacabox
