nameseq,average,median,maximum,minimum,peak,none_levated_peak,sample_standard_deviation,population_standard_deviation,percentile15,percentile25,percentile50,percentile75,amplitude,variance,interquartile_range,semi_interquartile_range,coefficient_of_variation,skewness,kurtosis,label
AAFW02000032.1/134926-135122,315.24999999999994,229.71403501787358,1751.7822354061623,22.71124720811001,0.20830029077451764,4.064457826478512,297.47983124911184,298.2377428755627,83.20055805014523,109.89082232170476,229.71403501787358,420.5411800223509,1729.0709881980522,88945.75127551022,310.6503577006461,155.32517885032306,0.9436315027727578,0.8626060256552106,0.23395802224018222,hacabox
AACG02000027.1/92648-92843,295.00000000000017,216.92022550077414,1703.2768049470162,5.621656034981122,0.22146892655367217,4.330993306925439,324.2098086116458,325.0400527587883,40.72993933042873,79.10263885149574,216.92022550077414,405.7870783588587,1697.6551489120352,105651.0358974359,326.684439507363,163.3422197536815,1.0990163003784599,0.7224930192604422,0.30328955682404296,hacabox
X89633.1/18639-18835,315.24999999999994,229.71403501787358,1751.7822354061623,22.71124720811001,0.20830029077451764,4.064457826478512,297.47983124911184,298.2377428755627,83.20055805014523,109.89082232170476,229.71403501787358,420.5411800223509,1729.0709881980522,88945.75127551022,310.6503577006461,155.32517885032306,0.9436315027727578,0.8626060256552106,0.23395802224018222,hacabox
AAEG01000065.1/19439-19634,313.00000000000006,229.23935695774165,1743.9745533006183,0.7634932580463961,0.2087326943556975,4.000884435549556,270.57161713675737,271.26450333434855,98.11937566678458,158.7749515292891,229.23935695774165,444.04829915948727,1743.211060042572,73584.43076923079,285.27334763019815,142.63667381509907,0.8644460611397997,0.9287076441568061,0.2706168736847726,hacabox
AACH01000317.1/2583-2779,317.25000000000006,208.9976257678993,1700.8169865270374,7.740054113112815,0.20698712897294455,4.100569037461806,308.92758051038436,309.71465842426176,73.85657225084519,100.80962506326325,208.9976257678993,410.94419868559885,1693.0769324139246,95923.16964285713,310.1345736223356,155.0672868111678,0.9737669992447102,1.0512403009137794,0.2380520847716692,hacabox
