nameseq,average,median,maximum,minimum,peak,none_levated_peak,sample_standard_deviation,population_standard_deviation,percentile15,percentile25,percentile50,percentile75,amplitude,variance,interquartile_range,semi_interquartile_range,coefficient_of_variation,skewness,kurtosis,label
AAHA01000001.1/2715113-2715179,80.75,52.05299500329536,553.8416162656886,0.16869651710433772,0.27657378740970073,2.863162935064352,100.6137416062041,101.37310137219924,17.555125203922845,19.182611629223402,52.05299500329536,99.28172288966762,553.6729197485843,10276.505681818186,80.09911126044422,40.04955563022211,1.2459906081263665,0.8556586169617744,0.2532967800640083,hacabox
AAHA01000001.1/2715588-2715654,80.75,52.05299500329536,553.8416162656886,0.16869651710433772,0.27657378740970073,2.863162935064352,100.6137416062041,101.37310137219924,17.555125203922845,19.182611629223402,52.05299500329536,99.28172288966762,553.6729197485843,10276.505681818186,80.09911126044422,40.04955563022211,1.2459906081263665,0.8556586169617744,0.2532967800640083,hacabox
