nameseq,average,median,maximum,minimum,peak,none_levated_peak,sample_standard_deviation,population_standard_deviation,percentile15,percentile25,percentile50,percentile75,amplitude,variance,interquartile_range,semi_interquartile_range,coefficient_of_variation,skewness,kurtosis,label
HE575324.1/2850424-2850494,85.75000000000001,60.91178283876502,317.61843075784304,1.6796066005993728,0.2759961127308066,2.8705275184493035,79.49449666486352,80.06030093444743,13.690808495583399,26.59732047701676,60.91178283876502,105.94426951082087,315.9388241572437,6409.651785714284,79.34694903380412,39.67347451690206,0.9270495237884957,0.9373561014902353,0.21565026494200776,hacabox
HE573027.1/2943773-2943842,85.5,72.8966744387541,354.743318628007,1.8417993482715032,0.2729044834307992,2.84279299958982,79.719821876369,80.29542373301088,10.896699832945181,19.397208795504376,72.8966744387541,128.08835211923167,352.9015192797355,6447.355072463767,108.69114332372729,54.345571661863644,0.9323955775013918,0.4742857647421003,0.2907276151016577,hacabox
Z50171.1/232-303,91.99999999999999,77.08755062573583,218.9139250031246,3.4020202535533377,0.26086956521739135,2.736662933736631,68.49087530467105,68.97151892292361,19.13236171908909,30.29441911320294,77.08755062573583,156.40847423561615,215.51190474957127,4757.070422535209,126.11405512241322,63.05702756120661,0.7444660359203377,0.6531869818247366,0.32807814395732343,hacabox
AF177033.1/1-70,73.50000000000003,64.09223407194088,214.2693343106555,1.6039207969542855,0.31746031746031733,2.992544436658833,56.242777314069386,56.64886762238543,12.65783403877482,19.474240318985785,64.09223407194088,104.44436857756097,212.6654135137012,3209.0942028985487,84.97012825857519,42.48506412928759,0.7652078546131886,0.5018119504763017,0.3011988121765518,hacabox
FR796401.1/453256-453325,69.5,49.31675704334387,401.3316040402309,1.0,0.3357314148681055,3.1178472169651217,71.71645557332013,72.23427064124387,16.007002053393453,22.176209689862247,49.31675704334387,89.94427190999915,400.3316040402309,5217.789855072466,67.7680622201369,33.88403111006845,1.0318914470981313,0.8442933826820915,0.26391045991924433,hacabox
