nameseq,average,median,maximum,minimum,peak,none_levated_peak,sample_standard_deviation,population_standard_deviation,percentile15,percentile25,percentile50,percentile75,amplitude,variance,interquartile_range,semi_interquartile_range,coefficient_of_variation,skewness,kurtosis,label
AAHK01000645.1/2940-3009,83.49999999999999,57.51618816713466,314.0986764811415,0.847280171217648,0.2794411177644711,2.9800353753981996,83.26613957666106,83.86734694777206,6.59992818789114,14.155147011378501,57.51618816713466,138.3828167220613,313.25139630992385,7033.731884057972,124.2276697106828,62.1138348553414,0.9971992763671985,0.936172085014558,0.28532432513733513,hacabox
