nameseq,average,median,maximum,minimum,peak,none_levated_peak,sample_standard_deviation,population_standard_deviation,percentile15,percentile25,percentile50,percentile75,amplitude,variance,interquartile_range,semi_interquartile_range,coefficient_of_variation,skewness,kurtosis,label
AAHK01025874.1/529-592,54.00000000000001,35.88169688714419,361.0,0.6817193046484912,0.39506172839506165,3.369332469967235,65.32227797620044,65.83866765609827,10.363183533988165,15.131752938495636,35.88169688714419,58.92382502455336,360.3182806953515,4334.73015873016,43.79207208605772,21.89603604302886,1.209671814374082,0.8321037021760197,0.168672222565986,hacabox
FR796423.1/378278-378215,65.99999999999999,43.42282404018244,225.0,1.0,0.32323232323232326,3.006714363738594,63.079315151640635,63.57797362419417,9.347457403797334,14.089220128809213,43.42282404018244,97.77906786023841,224.0,4042.15873015873,83.6898477314292,41.8449238657146,0.9557471992672826,1.0737517951269484,0.23850676375441504,hacabox
FR796459.1/382440-382377,69.99999999999997,34.090955377397876,216.79377547591523,2.8116146290749415,0.30476190476190484,2.9415666964961917,68.1395626636978,68.67822371537001,5.714307034590787,12.706871282297312,34.090955377397876,126.10646504824751,213.9821608468403,4716.698412698412,113.3995937659502,56.6997968829751,0.9734223237671119,1.580977770572033,0.3139021968206176,hacabox
FN554974.1/454562-454500,73.75,57.38000606717555,343.73896008370167,6.562939419989818,0.2847457627118644,2.6900902150894894,69.10770579320368,69.66279668471172,16.10799640481654,26.89902439370166,57.38000606717555,87.50098413985776,337.1760206637118,4852.905241935482,60.601959746156105,30.300979873078052,0.9370536378739481,0.7106296068549712,0.20298367310191118,hacabox
FR799002.1/383101-383165,70.25,54.44940984928194,279.5102542790663,6.25,0.3084223013048636,2.833632676272259,62.992062992094475,63.482280992415504,19.831135925998144,25.102843964851253,54.44940984928194,78.6180339887499,273.2602542790663,4029.9999999999986,53.51519002389865,26.757595011949324,0.8966841707059712,0.7525038584321824,0.18079953300068508,hacabox
