nameseq,average,median,maximum,minimum,peak,none_levated_peak,sample_standard_deviation,population_standard_deviation,percentile15,percentile25,percentile50,percentile75,amplitude,variance,interquartile_range,semi_interquartile_range,coefficient_of_variation,skewness,kurtosis,label
FR796426.1/380009-380073,74.24999999999994,48.15878975073623,282.4532944212709,0.09699344768651627,0.29180695847362537,2.987353040840643,77.43384273042373,78.03644981673625,4.45574101772753,9.87673019348038,48.15878975073623,112.94759497654951,282.3563009735844,6089.687499999996,103.07086478306913,51.53543239153456,1.0428800367733844,1.0108452323655306,0.2461844456455214,hacabox
FN554974.1/4230305-4230238,77.00000000000001,49.539321516635454,406.5625187078835,5.580009418993393,0.29437229437229434,2.929303821066335,85.15280382935137,85.78591889463569,13.976400561725136,18.556076342716135,49.539321516635454,115.77581447358779,400.9825092888901,7359.223880597013,97.21973813087165,48.609869065435824,1.1058805692123552,0.9674612196585989,0.3052426393403296,hacabox
HE575324.1/4513176-4513109,64.99999999999997,38.54113178024522,324.5823718762728,0.23422681974172258,0.34871794871794887,3.2682512599974847,74.39085965358915,74.94395916233256,11.607722304410206,12.695433034359404,38.54113178024522,87.01742451157597,324.3481450565311,5616.597014925371,74.32199147721656,37.16099573860828,1.144474763901372,1.0670209354871267,0.23682588299691332,hacabox
AAHK01000645.1/3393-3461,79.24999999999999,70.71031405630325,317.8277390061505,0.4862825748033941,0.2902208201892745,2.8951827646772346,68.1413971092463,68.64060815752795,10.348391057987914,26.752031439588663,70.71031405630325,107.32273051243769,317.3414564313471,4711.533088235293,80.57069907284902,40.28534953642451,0.8598283546908052,0.37596907192872764,0.2890281841295876,hacabox
