nameseq,average,median,maximum,minimum,peak,none_levated_peak,sample_standard_deviation,population_standard_deviation,percentile15,percentile25,percentile50,percentile75,amplitude,variance,interquartile_range,semi_interquartile_range,coefficient_of_variation,skewness,kurtosis,label
AAHK01000353.1/1536-1608,86.25,60.88880946841471,274.4490244960007,2.1965688911142096,0.2821256038647343,2.9180210260786748,75.43540282917564,75.95745336846294,17.89106436120841,22.944577725816764,60.88880946841471,137.22358088483546,272.25245560488645,5769.534722222222,114.27900315901869,57.13950157950934,0.8746133661353698,1.0085923683213835,0.2773790587782347,hacabox
FN554974.1/2738555-2738626,83.99999999999997,38.24264068711928,484.0,0.3371485112256529,0.2857142857142858,3.0951964218166306,103.96153134693621,104.6910949035909,9.522195649059714,20.405193641330765,38.24264068711928,122.76537180435966,483.6628514887743,10960.225352112677,102.36017816302889,51.180089081514446,1.2376372779397173,1.320412234796189,0.2510859368954261,hacabox
HE575324.1/2852896-2852967,92.00000000000001,53.10259258241853,441.0,2.573593128807149,0.26086956521739124,2.8456872806306883,95.35722311393091,96.02640481937877,22.791383852932388,26.499757484417835,53.10259258241853,110.99999999999999,438.42640687119285,9221.070422535211,84.50024251558216,42.25012125779108,1.0364915555862053,1.2237376303767036,0.17752517323763828,hacabox
