nameseq,average,median,maximum,minimum,peak,none_levated_peak,sample_standard_deviation,population_standard_deviation,percentile15,percentile25,percentile50,percentile75,amplitude,variance,interquartile_range,semi_interquartile_range,coefficient_of_variation,skewness,kurtosis,label
AAHK01012838.1/375-440,64.49999999999999,48.35384971545254,243.99999999999991,2.4189107887539887,0.3410852713178295,3.1563434731841693,64.53100030218035,65.02549795745806,3.988912270220187,10.297900692498354,48.35384971545254,91.8260670118933,241.58108921124594,4228.315384615383,81.52816631939494,40.76408315969747,1.0004806248400056,0.7506229661220007,0.29218455720924286,hacabox
AC013353.9/110996-110931,78.50000000000001,41.89996969671529,260.74173285437183,0.0,0.28025477707006363,2.8522675723905153,78.2064575338891,78.80574949739487,13.343115912907495,18.45158556325451,41.89996969671529,105.71645871804344,260.74173285437183,6210.346153846152,87.26487315478893,43.632436577394465,0.9962606055272494,1.4039772976838218,0.22020947731743137,hacabox
AAHK01012125.1/639-574,62.499999999999986,48.47075461106945,242.99999999999997,2.811325118669073,0.3520000000000001,3.180678346369874,61.694813396265324,62.1675775007173,5.661454339577097,9.622437596283014,48.47075461106945,90.51319138184793,240.1886748813309,3864.807692307692,80.89075378556493,40.44537689278246,0.9871170143402455,0.682192454274274,0.35082636872628886,hacabox
FR796458.1/633590-633657,79.0,56.88088850933924,414.4573454045039,0.16848735544571905,0.2869198312236287,2.9156096081069327,83.45058418010025,84.07104316295512,10.397148953851968,20.27959003493698,56.88088850933924,109.91062220983534,414.28885804905815,7067.940298507462,89.63103217489837,44.81551608744918,1.0563365086088639,0.7951692025159716,0.2344206233556216,hacabox
FR799579.1/612347-612414,77.0,55.08570344004471,427.7094979928407,0.8349937675925431,0.2943722943722944,2.9609321015862493,83.51646544245034,84.13741425556135,8.640808739044383,20.863778477101746,55.08570344004471,116.27842198149277,426.87450422524813,7079.10447761194,95.41464350439102,47.70732175219551,1.0846294213305239,0.7871847704710166,0.2786081051394561,hacabox
