nameseq,average,median,maximum,minimum,peak,none_levated_peak,sample_standard_deviation,population_standard_deviation,percentile15,percentile25,percentile50,percentile75,amplitude,variance,interquartile_range,semi_interquartile_range,coefficient_of_variation,skewness,kurtosis,label
AAHK01000712.1/945-879,70.75,41.38597887348828,345.5819719573569,2.4203296652483743,0.3156654888103651,3.0533152991431485,74.72031183018444,75.28424671224587,9.053680320203659,12.798115425276087,41.38597887348828,114.9533742749154,343.1616422921086,5667.717803030304,102.15525884963932,51.07762942481966,1.05611748169872,1.178957384168049,0.2876529003520326,hacabox
AC013353.9/109432-109370,65.74999999999999,40.58222690554415,247.77434802321994,1.3625137963363698,0.31939163498098866,2.9303407061324913,67.05128634112846,67.58985954196994,13.689150592375423,19.469738095061206,40.58222690554415,79.99496968821155,246.41183422688357,4568.389112903225,60.52523159315035,30.262615796575176,1.0197914272414976,1.1260532557009975,0.17395811949803364,hacabox
AC013353.9/111577-111515,63.75,40.40466699438273,260.9557895310049,4.659366273075965,0.32941176470588235,3.0039376846850216,69.12940763524594,69.68467284153853,12.615052294815014,14.69441437773604,40.40466699438273,79.16728708730462,256.2964232579289,4855.953629032258,64.47287270956858,32.23643635478429,1.084382864866603,1.0131144098093448,0.16938629813843148,hacabox
FR798998.1/766101-766038,70.00000000000003,46.987172814244644,260.94141375156886,2.049670440937295,0.3047619047619046,2.858708446624449,63.253458403473886,63.75349352394689,10.774878656235632,21.795255415329418,46.987172814244644,107.66381073776995,258.89174331063157,4064.5079365079373,85.86855532244053,42.934277661220264,0.9036208343353409,1.0914578159014077,0.28358551586143904,hacabox
