nameseq,average,median,maximum,minimum,peak,none_levated_peak,sample_standard_deviation,population_standard_deviation,percentile15,percentile25,percentile50,percentile75,amplitude,variance,interquartile_range,semi_interquartile_range,coefficient_of_variation,skewness,kurtosis,label
AAHK01022453.1/206-268,69.75,38.12965659391024,232.85515714335924,4.19076649127691,0.3010752688172043,2.795700279292727,65.35193187657117,65.87685542468736,17.427925889687867,24.792762645252612,38.12965659391024,87.43369157618665,228.66439065208232,4339.760080645161,62.64092893093404,31.32046446546702,0.9369452598791566,1.4515413315926349,0.18268080260406608,hacabox
AC159420.1/7886-7948,75.74999999999999,58.895761665526585,342.4225793846432,2.25,0.2772277227722773,2.674321812118671,75.09244302857645,75.69560487091833,25.297714622489128,31.001137401442428,58.895761665526585,86.23994814741226,340.1725793846432,5729.824596774194,55.238810745969836,27.619405372984918,0.9913193799152009,0.6733395926961457,0.22985364630397245,hacabox
FR796455.1/43976-44038,67.74999999999996,52.19052945813378,265.4202257368612,7.935263974369382,0.3099630996309965,2.771227578106737,58.20545507080928,58.67297627665813,20.547463121656772,23.882340313131714,52.19052945813378,83.84753096615916,257.4849617624918,3442.518145161288,59.96519065302744,29.98259532651372,0.8591211080562261,0.8019593965687986,0.2555326732692445,hacabox
FR798998.1/39703-39765,67.75,51.2360685061462,206.58066863417366,4.021143189435163,0.30996309963099633,2.823172606314373,55.23472639562904,55.678385943652515,9.797488658175288,19.0540060212739,51.2360685061462,112.653836122878,202.5595254447385,3100.082661290322,93.59983010160411,46.799915050802056,0.8152727143266278,0.8969320156799376,0.3617122944392563,hacabox
FR796419.1/39405-39467,65.75,60.21168191798044,205.24188563695432,9.006950209262419,0.3193916349809886,2.761937718471564,47.32731769285049,47.70746289763303,22.851537312484894,25.740946995309095,60.21168191798044,86.38110201291931,196.2349354276919,2276.0020161290317,60.64015501761022,30.32007750880511,0.7198071131992471,0.3510647773002486,0.3053592899767946,hacabox
