nameseq,average,median,maximum,minimum,peak,none_levated_peak,sample_standard_deviation,population_standard_deviation,percentile15,percentile25,percentile50,percentile75,amplitude,variance,interquartile_range,semi_interquartile_range,coefficient_of_variation,skewness,kurtosis,label
JF909334.1/1-134,223.49999999999997,120.13938585278856,1730.8870485249631,0.46389073387374247,0.19985085756897839,3.533934307364455,293.8966655135781,294.9994711349917,20.63601120141293,41.598591211904925,120.13938585278856,296.2882249862389,1730.4231577910894,87024.68796992482,254.68963377433397,127.34481688716698,1.3149738949153384,1.0550709784330925,0.29302383099589663,hacabox
