nameseq,average,median,maximum,minimum,peak,none_levated_peak,sample_standard_deviation,population_standard_deviation,percentile15,percentile25,percentile50,percentile75,amplitude,variance,interquartile_range,semi_interquartile_range,coefficient_of_variation,skewness,kurtosis,label
JF909330.1/1-130,216.49999999999994,161.97916670304602,963.7433106406888,2.47874513164515,0.2001539645881448,3.2790741948497866,202.17875753896595,202.96088331261947,52.15559207278094,72.86752203996912,161.97916670304602,289.6765635356947,961.2645655090437,41193.12015503874,216.80904149572558,108.40452074786279,0.9338510740829838,0.8089994314033626,0.24103897546942715,hacabox
AFXY01000417.1/558034-558164,218.74999999999997,130.20313252380242,1678.8356647433995,3.3384602719034655,0.19961904761904764,3.3976640120625072,265.99835525807293,267.0194659426681,34.89912115208801,54.942940653875496,130.20313252380242,289.9055262930747,1675.4972044714962,71299.39519230768,234.96258563919918,117.48129281959959,1.2159924811797622,0.9986550562347153,0.2419707813687709,hacabox
