nameseq,average,median,maximum,minimum,peak,none_levated_peak,sample_standard_deviation,population_standard_deviation,percentile15,percentile25,percentile50,percentile75,amplitude,variance,interquartile_range,semi_interquartile_range,coefficient_of_variation,skewness,kurtosis,label
ABHV01000190.1/62758-62846,19422.999999999996,525.0906642378235,1463891.0,91.046446983282,0.00152739878837804,0.3980454577584763,154191.24370728707,155064.85547857356,207.48540231509887,238.87212045279568,525.0906642378235,1217.0757053705606,1463799.9535530168,24045109404.590908,978.2035849177649,489.10179245888247,7.938590521921799,0.3676844848265996,0.07145257341179531,cdbox
AM921941.1/1-88,10804.000000000002,240.25906178550713,751944.0,9.177490060914378,0.002715043810934221,0.45505338238865295,79733.53572995494,80190.4651768984,86.69487213076404,124.52152594039649,240.25906178550713,669.7990581581948,751934.8225099391,6430510705.287356,545.2775322177984,272.6387661088992,7.380001455938071,0.3974641601493344,0.042589512193876765,cdbox
ACBU01001064.1/82545-82636,26902.0,487.42382689329656,2051316.0,98.80457731827548,0.00113994002924194,0.3687346015629608,212737.93573314563,213903.63177821942,211.63416121705322,254.23582051606365,487.42382689329656,1521.2058963745192,2051217.1954226817,45754763687.91209,1266.9700758584554,633.4850379292277,7.907885500451477,0.37249458234248317,0.07792119073196711,cdbox
AAIM02000027.1/316786-316700,28371.99999999999,774.6682919607049,1898264.0,120.73412517905477,0.001022134498801636,0.2837373071134219,202653.34958988463,203828.16145834306,230.31602794472388,399.05031823795827,774.6682919607049,1553.6751464937915,1898143.265874821,41545919403.48837,1154.6248282558333,577.3124141279167,7.142723445294117,0.40853997869596714,0.04607405489057199,cdbox
