nameseq,average,median,maximum,minimum,peak,none_levated_peak,sample_standard_deviation,population_standard_deviation,percentile15,percentile25,percentile50,percentile75,amplitude,variance,interquartile_range,semi_interquartile_range,coefficient_of_variation,skewness,kurtosis,label
ABDB01000050.1/749589-749691,8492.0,158.4897631691975,672000.0,20.53273110428035,0.004043020882399121,0.6626584511260556,66016.44907142462,66339.26981840556,55.85951820448904,85.23925843136071,158.4897631691975,428.4596901202742,671979.4672688957,4400898720.039216,343.2204316889135,171.61021584445675,7.773957733328382,0.37870153669495,0.0536786076148237,cdbox
ABFO01000069.1/3951-4046,7775.999999999995,284.2883606820128,421688.0,27.127772792925054,0.004115226337448562,0.5053213968130318,43958.030529130854,44188.7829310371,132.66787162483357,160.14379056628627,284.2883606820128,868.38181771802,421660.87222720706,1952648536.9263158,708.2380271517337,354.11901357586686,5.653038905495226,0.511286212039453,0.0641238225791595,cdbox
