nameseq,average,median,maximum,minimum,peak,none_levated_peak,sample_standard_deviation,population_standard_deviation,percentile15,percentile25,percentile50,percentile75,amplitude,variance,interquartile_range,semi_interquartile_range,coefficient_of_variation,skewness,kurtosis,label
AASO01002524.1/351-456,28994.99999999998,424.25968883509404,2558547.0,60.544344118406755,0.0012186009082025646,0.46661033427057624,247760.78447567121,248937.8019533623,166.4680469801412,262.53718995860265,424.25968883509404,1212.0990751468835,2558486.4556558817,61970029241.37143,949.5618851882808,474.7809425941404,8.544948593746211,0.3459474876739872,0.08668956093320221,cdbox
ABHV01000193.1/263095-263203,30049.000000000044,423.48486957698276,2454587.0,53.915364043918174,0.0012091361886696157,0.4249554078479027,235512.30870168973,236600.1311587799,219.25137685652874,285.89024506330657,423.48486957698276,1681.92653593063,2454533.084635956,55979622064.35185,1396.0362908673235,698.0181454336617,7.837608862247975,0.3773753732075385,0.07914373570524078,cdbox
AM921929.1/1-106,16642.99999999998,346.33230796289445,1354379.0,79.30701288766578,0.002123014680846805,0.5011300697206613,131413.12045606403,132037.41432848637,144.86600384426694,204.35615673793058,346.33230796289445,1150.916995555503,1354299.6929871123,17433878782.55238,946.5608388175724,473.2804194087862,7.895999546720193,0.3720328906766725,0.06142155590816943,cdbox
ABAS01000006.1/78826-78932,25358.00000000002,418.7796951232618,1731924.0,79.40361337178348,0.0014065252254383878,0.4091796147249457,171594.12502180834,172401.63124676974,228.76906848390362,268.63378796614484,418.7796951232618,1660.6379628996694,1731844.5963866282,29722322456.54717,1392.0041749335246,696.0020874667623,6.766863515332764,0.43601528260435196,0.06936372229133987,cdbox
