nameseq,average,median,maximum,minimum,peak,none_levated_peak,sample_standard_deviation,population_standard_deviation,percentile15,percentile25,percentile50,percentile75,amplitude,variance,interquartile_range,semi_interquartile_range,coefficient_of_variation,skewness,kurtosis,label
DQ789446.1/1-61,5409.000000000004,183.9226822091875,208067.0,38.988780164852884,0.0037591668207308778,0.3865216114811315,26891.574702869297,27114.745124501293,78.63020059756533,114.89213882927336,183.9226822091875,453.4556672272483,208028.01121983514,735209403.1666666,338.5635283979749,169.28176419898745,4.9716351826343645,0.582904947983575,0.018336814368898467,cdbox
AY948655.1/1-63,7240.0,201.47129614011055,304552.0,7.2046403827869225,0.0029005524861878454,0.35884716149967066,38514.92635329841,38824.28816122462,101.67975304935328,132.92849602111883,201.47129614011055,637.8953088563396,304544.7953596172,1507325351.2258065,504.9668128352208,252.4834064176104,5.319741209019117,0.5482442292083295,0.02708423006439016,cdbox
