nameseq,average,median,maximum,minimum,peak,none_levated_peak,sample_standard_deviation,population_standard_deviation,percentile15,percentile25,percentile50,percentile75,amplitude,variance,interquartile_range,semi_interquartile_range,coefficient_of_variation,skewness,kurtosis,label
AY948605.1/1-109,35217.0,463.00663004552837,2628843.0,76.3968530715667,0.0010316987061173108,0.3522166303980102,255497.87464869447,256678.00967991148,217.08352988513167,254.422931236049,463.00663004552837,1346.1257343690568,2628766.6031469284,65883600653.24074,1091.7028031330078,545.8514015665039,7.254958532773787,0.4080737667709447,0.05302806154979024,cdbox
CAAC02000457.1/320111-319995,53348.999999999935,606.8313562844639,4381907.0,99.41259102071466,0.000731035258392848,0.3742630452481831,410124.7675061822,411888.7531414654,259.56037132264197,309.4984773835892,606.8313562844639,1588.300185834819,4381807.587408979,169652344964.43103,1278.8017084512298,639.4008542256149,7.687581163774067,0.38580090369392606,0.04896038155714107,cdbox
DQ789513.1/1-115,47266.0,544.1389497065434,3659508.0,149.18566445699423,0.0008110128492644467,0.3779252548683065,347114.45959222154,348633.5673297038,233.7617931991291,314.6126456655564,544.1389497065434,1659.6646388872948,3659358.814335543,121545364269.03508,1345.0519932217385,672.5259966108692,7.343850962472422,0.4038022020619429,0.04882823554386966,cdbox
