nameseq,average,median,maximum,minimum,peak,none_levated_peak,sample_standard_deviation,population_standard_deviation,percentile15,percentile25,percentile50,percentile75,amplitude,variance,interquartile_range,semi_interquartile_range,coefficient_of_variation,skewness,kurtosis,label
AY948615.1/1-76,7493.999999999997,254.12802051623868,352044.0,44.0,0.0033804821635085858,0.41850805945129643,41058.8536128324,41331.67291718705,116.42638610701826,134.80398185152924,254.12802051623868,623.5276395904147,352000.0,1708307186.1333332,488.72365773888544,244.36182886944272,5.478896932590394,0.528987393151744,0.05920351315895628,cdbox
