nameseq,average,median,maximum,minimum,peak,none_levated_peak,sample_standard_deviation,population_standard_deviation,percentile15,percentile25,percentile50,percentile75,amplitude,variance,interquartile_range,semi_interquartile_range,coefficient_of_variation,skewness,kurtosis,label
AAGD02006818.1/4023-4095,3391.0,167.28249789840092,88571.0,38.95825636398686,0.007175857662439791,0.5264430331231893,12571.765031211808,12658.767903446738,73.44098521520371,112.95806972383163,167.28249789840092,527.6319226108563,88532.04174363601,160244404.8333333,414.67385288702474,207.33692644351237,3.707391634093721,0.7692756333175425,0.10508669006447459,cdbox
DQ789515.1/1-74,10323.000000000005,217.78190158611721,557219.0,40.09630991630725,0.0023894862604540014,0.41988190642961487,64675.45775640092,65116.93358284677,72.43387805549455,129.18175063751383,217.78190158611721,608.0717816502734,557178.9036900837,4240215039.232877,478.89003101275955,239.44501550637978,6.265180447195669,0.4687350557212149,0.0804439939758502,cdbox
