nameseq,average,median,maximum,minimum,peak,none_levated_peak,sample_standard_deviation,population_standard_deviation,percentile15,percentile25,percentile50,percentile75,amplitude,variance,interquartile_range,semi_interquartile_range,coefficient_of_variation,skewness,kurtosis,label
AY948701.1/1-71,3628.000000000002,182.77309595009507,106488.0,35.89842757994117,0.006523337008452772,0.4871397250274319,13998.140305054814,14097.772454236469,70.39153960035506,100.09365004674976,182.77309595009507,348.59340007695425,106452.10157242006,198747188.17142856,248.4997500302045,124.24987501510225,3.858362818372328,0.7383609884534049,0.0458886300504703,cdbox
DQ789437.1/1-70,2960.999999999999,148.26557145866533,49339.0,29.07638734387237,0.007880220646178096,0.5155966038663483,9661.686912749761,9731.447290964052,56.80935232680851,78.907413092236,148.26557145866533,277.2214745031886,49309.92361265613,94701066.3768116,198.31406141095258,99.15703070547629,3.262981058003973,0.8733674938781936,0.03619658753897276,cdbox
