nameseq,average,median,maximum,minimum,peak,none_levated_peak,sample_standard_deviation,population_standard_deviation,percentile15,percentile25,percentile50,percentile75,amplitude,variance,interquartile_range,semi_interquartile_range,coefficient_of_variation,skewness,kurtosis,label
CAAC02000486.1/298980-299055,8774.0,172.54971876489157,338636.0,25.985249137858695,0.002887318592812096,0.3904495620360426,41371.52126765464,41646.41812081002,79.97566741605405,104.87710616171886,172.54971876489157,534.4832321099403,338610.01475086214,1734424142.2933333,429.60612594822146,214.80306297411073,4.715240627724486,0.6237225524476872,0.03930233646617462,cdbox
AY948711.1/1-78,15581.000000000004,361.4901935968579,698619.0,81.30900044089802,0.0016686990565432252,0.3102112825251964,81948.46784412752,82478.88417657568,153.26352345175138,180.62752147389992,361.4901935968579,1261.2890876405709,698537.6909995591,6802766335.012987,1080.661566166671,540.3307830833355,5.259512729871478,0.5571614774550219,0.09141819665123978,cdbox
DQ789512.1/1-74,8938.999999999996,206.95909133731072,350867.0,60.44177795184082,0.002759443636499237,0.3687636119962661,42783.83101125938,43075.87420367646,115.60624935271304,137.18151374394847,206.95909133731072,627.1307503421901,350806.55822204816,1855530938.4109588,489.94923659824167,244.97461829912083,4.786198793070747,0.6122902532756836,0.04390227227220124,cdbox
