nameseq,average,median,maximum,minimum,peak,none_levated_peak,sample_standard_deviation,population_standard_deviation,percentile15,percentile25,percentile50,percentile75,amplitude,variance,interquartile_range,semi_interquartile_range,coefficient_of_variation,skewness,kurtosis,label
ACGJ01002910.1/40910-40824,5228.0,207.31500347585194,163800.0,9.91572792740366,0.005547054322876817,0.5391461060894467,22000.137545024576,22127.67564270674,104.16786089229262,121.49797859791082,207.31500347585194,642.8821807010853,163790.0842720726,489634029.3488372,521.3842021031745,260.69210105158726,4.208136485276315,0.6846345827950876,0.10926977284321843,cdbox
