nameseq,average,median,maximum,minimum,peak,none_levated_peak,sample_standard_deviation,population_standard_deviation,percentile15,percentile25,percentile50,percentile75,amplitude,variance,interquartile_range,semi_interquartile_range,coefficient_of_variation,skewness,kurtosis,label
ACGJ01002422.1/30167-30109,5693.999999999998,153.2903388484484,228084.0,21.026438809799092,0.0034539281114623595,0.3859241119814679,29888.994462845352,30145.557060987303,83.43651062124007,94.81909873925521,153.2903388484484,416.4833310490583,228062.9735611902,908754610.5172414,321.6642323098031,160.83211615490154,5.249208721960899,0.5561287451177863,0.027967590501677655,cdbox
ACVC01000035.1/64374-64316,3613.999999999999,125.92993608809996,147012.0,18.0314247350074,0.005441800405829185,0.4585686172225477,19158.228049587466,19322.67937531903,76.57608287955881,79.84588859735025,125.92993608809996,306.42372181782514,146993.968575265,373365938.2413793,226.57783322047487,113.28891661023744,5.301114568231176,0.5461992708642501,0.038400222746711864,cdbox
