nameseq,average,median,maximum,minimum,peak,none_levated_peak,sample_standard_deviation,population_standard_deviation,percentile15,percentile25,percentile50,percentile75,amplitude,variance,interquartile_range,semi_interquartile_range,coefficient_of_variation,skewness,kurtosis,label
AY948667.1/1-86,9713.000000000002,334.736352468246,515315.0,110.4328662768683,0.002951371014791173,0.4255918918819703,56310.69846840829,56640.96932661749,155.18180167784354,205.4481549902048,334.736352468246,743.6788103975289,515204.5671337231,3208199406.2588234,538.2306554073241,269.11532770366205,5.7974568586850905,0.4996349132195472,0.0807004666679291,cdbox
DQ789431.1/1-87,10339.999999999993,268.28254605396825,583016.0,44.261554773703104,0.002804642166344296,0.45037304581722654,63149.73878014065,63515.827289208464,129.68473144714648,151.34122045949204,268.28254605396825,603.8706738022537,582971.7384452263,4034260316.2325583,452.52945334276166,226.26472667138083,6.107324833669313,0.47846836654437824,0.08641189371769822,cdbox
AAGD02011809.1/15532-15445,10908.000000000005,247.07959208971278,641224.0,40.0,0.0026891578046693543,0.44181805896235926,68877.33897298879,69272.05474867516,101.6590805929699,117.16112346692663,247.07959208971278,834.8141132555625,641184.0,4798617569.103448,717.6529897886359,358.82649489431793,6.314387511275096,0.4643437406354123,0.13177832906977474,cdbox
