nameseq,average,median,maximum,minimum,peak,none_levated_peak,sample_standard_deviation,population_standard_deviation,percentile15,percentile25,percentile50,percentile75,amplitude,variance,interquartile_range,semi_interquartile_range,coefficient_of_variation,skewness,kurtosis,label
AY948658.1/3-77,28661.999999999993,626.9737179189776,1607564.0,187.08236496472267,0.0008722350150024425,0.30471551456899415,185275.6525342712,186523.31412315858,309.7710023788589,328.99999999999994,626.9737179189776,1669.2465246156714,1607376.9176350352,34790946711.48649,1340.2465246156714,670.1232623078357,6.464156462712695,0.45394566256181873,0.10511398046480096,cdbox
DQ789434.1/1-68,14338.000000000007,345.50694330219324,685972.0,90.20756702333708,0.001580880643511414,0.3238702606707188,83701.4217561446,84323.74572806845,153.94592891831016,218.5163107210676,345.50694330219324,1123.6787575765522,685881.7924329767,7110494093.61194,905.1624468554846,452.5812234277423,5.837733418617977,0.501514529733921,0.07945058611523426,cdbox
AAGD02000367.1/6414-6343,11579.999999999996,316.0,527544.0,78.54897037335724,0.0020725388601036277,0.36282628277336065,63327.152470326655,63771.55899253231,156.88006676870054,216.38383106669554,316.0,930.4406922210658,527465.4510296267,4066811736.338028,714.0568611543703,357.02843057718513,5.46866601643581,0.5336099711073221,0.06385702240309354,cdbox
