nameseq,average,median,maximum,minimum,peak,none_levated_peak,sample_standard_deviation,population_standard_deviation,percentile15,percentile25,percentile50,percentile75,amplitude,variance,interquartile_range,semi_interquartile_range,coefficient_of_variation,skewness,kurtosis,label
AC018761.6/48391-48315,8081.000000000002,205.63633439778857,441115.0,47.372468819263176,0.0031761745658540606,0.4363843799509033,50349.92987085482,50680.09688308565,92.23434675246966,108.53243297364763,205.63633439778857,678.8575676518753,441067.62753118074,2568472220.0789475,570.3251346782278,285.1625673391139,6.230655843442001,0.4692378133873561,0.06241244557670499,cdbox
CAEC01248628.1/1603-1530,7994.999999999994,202.59911351877543,382803.0,56.58977834112107,0.0030852616218469903,0.41852279223502775,45210.68391431388,45519.29284786686,96.13045381429583,111.08771385789063,202.59911351877543,612.8771718513276,382746.4102216589,2072006021.369863,501.78945799343694,250.89472899671847,5.654869782903554,0.5170725287799139,0.03059287520848385,cdbox
AAPE02050986.1/14566-14492,10133.999999999995,223.00365249895452,525100.0,63.85542203525361,0.002466942964278667,0.4117664454588943,61180.685040296834,61592.680840405934,113.80880294625705,122.99045167335841,223.00365249895452,532.2392696582476,525036.1445779648,3793658333.108108,409.24881798488923,204.62440899244461,6.037170420396375,0.4859865335427252,0.05187605528853129,cdbox
AAHY01072741.1/86035-86109,7981.999999999995,227.49841007853053,414340.0,38.69543754472423,0.003132047105988476,0.41554975480860185,48181.218394723066,48505.674709811574,104.88045007803952,125.40679339536581,227.49841007853053,734.7429894462459,414301.3045624553,2352800479.0540543,609.3361960508801,304.66809802544003,6.036233825447644,0.48283346799532734,0.09978934309591346,cdbox
