nameseq,average,median,maximum,minimum,peak,none_levated_peak,sample_standard_deviation,population_standard_deviation,percentile15,percentile25,percentile50,percentile75,amplitude,variance,interquartile_range,semi_interquartile_range,coefficient_of_variation,skewness,kurtosis,label
BA000025.2/106547-106465,19161.99999999998,160.48736100647636,1289860.0,29.527416727375147,0.0014438298020387587,0.41382478064389444,141316.41765201947,142175.4919334278,90.83496428348025,117.80759318522846,160.48736100647636,647.133072397896,1289830.4725832727,20213870506.512196,529.3254792126675,264.66273960633373,7.374826096024403,0.4033822740776638,0.06625861461665236,cdbox
CAEC01451444.1/3050-3132,22537.99999999998,215.12699734482004,1501876.0,28.282957121570014,0.0012275564232259602,0.39917670780287845,164788.84101176268,165790.60611116455,96.5581885354315,156.7663479796616,215.12699734482004,674.5951437616043,1501847.7170428785,27486525074.707317,517.8287957819427,258.9143978909714,7.311600009395812,0.4063904970554726,0.06584681245042967,cdbox
ABGA01191011.1/5367-5285,17634.0,173.4896147006027,1181540.0,30.10678815395636,0.0015689387924842162,0.4222278665336272,129430.11146560912,130216.92790100529,90.55195597312839,113.96790602892338,173.4896147006027,635.3946620018949,1181509.893211846,16956448311.975609,521.4267559729715,260.71337798648574,7.339804438335552,0.40470900135024984,0.06741364253479358,cdbox
AANU01173885.1/1048-969,19512.00000000001,222.11915965353106,1243280.0,25.388187713178958,0.0013666803334700006,0.4037781797312086,138959.99217040854,139836.72006117832,90.67052702289848,109.47401764125736,222.11915965353106,607.660534489646,1243254.6118122868,19554308277.468353,498.18651684838864,249.09325842419432,7.1217708164415985,0.4164482281351391,0.06459195294856611,cdbox
