nameseq,average,median,maximum,minimum,peak,none_levated_peak,sample_standard_deviation,population_standard_deviation,percentile15,percentile25,percentile50,percentile75,amplitude,variance,interquartile_range,semi_interquartile_range,coefficient_of_variation,skewness,kurtosis,label
AC069351.5/37957-38002,996.9999999999993,68.75554356887511,29291.0,3.9653948909428096,0.015379471748579081,0.5644449432773864,4277.347542578227,4324.612486172091,15.18341414402499,24.734854582979235,68.75554356887511,316.46548058174614,29287.034605109056,18702273.155555554,291.7306259987669,145.86531299938346,4.2902181971697395,0.6510421099929696,0.09085082679614025,cdbox
ABGA01077128.1/22957-22999,557.9999999999999,65.60727117957701,13284.0,4.3993375166696564,0.025686977299880533,0.6378433746155584,2016.0193451452787,2039.8783927339534,10.430455756887758,35.82730307817429,65.60727117957701,301.7810442305158,13279.60066248333,4161103.8571428573,265.95374115234154,132.97687057617077,3.61293789452559,0.7327202439889384,0.15892659572148268,cdbox
