nameseq,average,median,maximum,minimum,peak,none_levated_peak,sample_standard_deviation,population_standard_deviation,percentile15,percentile25,percentile50,percentile75,amplitude,variance,interquartile_range,semi_interquartile_range,coefficient_of_variation,skewness,kurtosis,label
BL000002.1/98018519-98018714,200753.99999999953,1500.29178918246,28085924.0,343.6786362986996,0.0003254397587760816,0.36451532629130784,2039514.0832433593,2044736.9191528547,637.6832107122933,726.5832533225716,1500.29178918246,4138.123210083801,28085580.321363702,4180949068546.7075,3411.539956761229,1705.7699783806145,10.159269968435817,0.2930899715494267,0.06817427697965918,cdbox
CABD02346228.1/166-363,211889.00000000015,1434.877627876653,29304811.0,432.4177808347025,0.0003114838429555095,0.360298255433226,2126599.4842024203,2131990.1125826435,666.2612684775404,807.9014165602625,1434.877627876653,4287.930565650341,29304378.582219165,4545381840150.152,3480.0291490900786,1740.0145745450393,10.03638454191779,0.29688823485874327,0.06815486329570375,cdbox
CAEC01407783.1/192-387,187850.00000000015,1545.0885454264794,26200132.0,329.803652573843,0.00034779522668795993,0.35018187391798805,1904045.0913662734,1908921.015076823,616.6775376031815,719.574710736816,1545.0885454264794,4189.961531592849,26199802.196347427,3643979441801.928,3470.3868208560325,1735.1934104280163,10.135986645548426,0.29354070284263284,0.08000879926638288,cdbox
ACTA01089277.1/100029-99834,228737.99999999985,1745.381802152565,29826852.0,454.5629685188085,0.0002856251839805077,0.36503678084185476,2193971.404999619,2199589.778872387,804.4615711711817,917.0252399844433,1745.381802152565,5237.742802988856,29826397.43703148,4838195195319.877,4320.717563004413,2160.3587815022065,9.591634992872283,0.31038592984472385,0.0675845059812005,cdbox
