nameseq,average,median,maximum,minimum,peak,none_levated_peak,sample_standard_deviation,population_standard_deviation,percentile15,percentile25,percentile50,percentile75,amplitude,variance,interquartile_range,semi_interquartile_range,coefficient_of_variation,skewness,kurtosis,label
AC097725.2/165119-165045,19245.99999999998,417.0,1046388.0,65.05098898271558,0.0012989712147978814,0.30750562179585084,121222.2495666534,122038.5702349876,167.09042646619915,250.9717537090559,417.0,938.0809006653136,1046322.9490110173,14893412625.0,687.1091469562577,343.5545734781289,6.298568511205108,0.46597881331133745,0.03685784809679235,cdbox
AC097725.2/165332-165259,25091.0,471.151376730188,1467291.0,93.90991972335354,0.000983088225525753,0.2906815746568259,169938.23415582496,171098.23556859064,212.1802364293072,305.5066683504221,471.151376730188,1157.2847220845133,1467197.0900802766,29274606214.684933,851.7780537340911,425.8890268670456,6.772876097239048,0.43462582882957274,0.0427824053450129,cdbox
AC097725.2/165542-165471,18268.0,491.1984159216653,1028760.0,74.85677655682676,0.0013137727173199037,0.3041833020217504,120765.84305175036,121613.33304961516,170.6739512920532,195.7327867974312,491.1984159216653,1846.018469431979,1028685.1432234432,14789802775.436619,1650.2856826345478,825.1428413172739,6.610786241063628,0.441601726155151,0.12520687337391212,cdbox
AAQB01006225.1/108648-108570,23863.99999999998,489.3605691816264,1526648.0,83.69264421497189,0.0011034752486311329,0.30818038082608734,170921.238071809,172013.3976705124,258.36375133410223,320.02987909267927,489.3605691816264,1416.0254330292305,1526564.307355785,29588608978.153847,1095.9955539365512,547.9977769682756,7.162304645985968,0.41027036244023674,0.057026811245945996,cdbox
