nameseq,average,median,maximum,minimum,peak,none_levated_peak,sample_standard_deviation,population_standard_deviation,percentile15,percentile25,percentile50,percentile75,amplitude,variance,interquartile_range,semi_interquartile_range,coefficient_of_variation,skewness,kurtosis,label
AF071527.1/15699-15624,8998.0,201.20200802527927,455972.0,46.09960421949707,0.002815440468252204,0.42819434842806275,53219.378012148925,53572.99903197506,107.29195538040763,114.35628379035535,201.20200802527927,965.5973187617506,455925.9003957805,2870066225.28,851.2410349713953,425.62051748569763,5.9145785743664065,0.495879413883788,0.08866001398266309,cdbox
AK120402.1/2723-2803,9667.000000000005,332.60070085358456,474275.0,71.07515498662306,0.0027930071376849057,0.38188642452555716,53712.07797134644,54046.73590051485,155.25778192468238,201.97514914719977,332.60070085358456,1013.9141936013013,474203.92484501336,2921049661.5,811.9390444541016,405.9695222270508,5.556230264957734,0.5213575596978023,0.05095997026356389,cdbox
AY220665.1/1-80,8928.000000000004,231.03574514885426,454856.0,59.21545523701373,0.002986857825567502,0.4261250139847837,51769.76383952316,52096.39019540994,115.03328084956307,144.0,231.03574514885426,881.9642297758857,454796.784544763,2714033871.392405,737.9642297758857,368.9821148879428,5.7985846594447965,0.5039793661302081,0.092712256966708,cdbox
AARH01010162.1/358-438,20027.000000000033,402.0796233146176,1135091.0,92.2796795086099,0.0013481799570579695,0.32425590784977426,127295.13131302393,128088.25506930758,188.49554945287758,230.15490657221986,402.0796233146176,1358.2070002037863,1134998.7203204914,16406601086.699999,1128.0520936315663,564.0260468157832,6.3561757284178215,0.4625059931418807,0.062494532976758416,cdbox
