nameseq,average,median,maximum,minimum,peak,none_levated_peak,sample_standard_deviation,population_standard_deviation,percentile15,percentile25,percentile50,percentile75,amplitude,variance,interquartile_range,semi_interquartile_range,coefficient_of_variation,skewness,kurtosis,label
ABDC01407961.1/461-543,4082.0000000000023,169.73756463498523,135956.0,31.20055551800006,0.006777723338232889,0.5664781154972203,17244.29766618519,17349.127188983086,94.68695446080831,108.68005766586549,169.73756463498523,823.6832694064761,135924.799444482,300992214.21951216,715.0032117406106,357.5016058703053,4.224472725670059,0.6806184591159102,0.09265165285591591,cdbox
AANU01214492.1/21213-21296,3265.999999999999,210.93389555774272,93548.0,22.358373711359523,0.00857317819963258,0.573720362091021,11789.857505500226,11860.668097153859,108.85319604366863,130.95434720726556,210.93389555774272,647.3041376968588,93525.64162628863,140675447.71084335,516.3497904895933,258.17489524479663,3.6098767622474677,0.7773799054866443,0.061192495848600176,cdbox
AK026501.1/773-856,4922.000000000004,248.00000000000003,201284.0,38.18386357293154,0.005688744412840304,0.49904494502030144,23094.31038156368,23233.01619553881,117.95060385547185,131.61284577781822,248.00000000000003,759.2284855036688,201245.81613642708,539773041.5421686,627.6156397258505,313.80781986292527,4.692058183982865,0.6071625334694495,0.07303162635415324,cdbox
AC010538.9/180240-180157,4922.000000000004,248.00000000000003,201284.0,38.18386357293154,0.005688744412840304,0.49904494502030144,23094.31038156368,23233.01619553881,117.95060385547185,131.61284577781822,248.00000000000003,759.2284855036688,201245.81613642708,539773041.5421686,627.6156397258505,313.80781986292527,4.692058183982865,0.6071625334694495,0.07303162635415324,cdbox
