nameseq,average,median,maximum,minimum,peak,none_levated_peak,sample_standard_deviation,population_standard_deviation,percentile15,percentile25,percentile50,percentile75,amplitude,variance,interquartile_range,semi_interquartile_range,coefficient_of_variation,skewness,kurtosis,label
AC104631.2/33035-32954,43695.00000000002,911.9540332371475,2540067.0,198.88164997285548,0.0006255483083495439,0.2231791077132513,282507.2039152276,284245.7261945232,469.43330041624614,576.9145063467183,911.9540332371475,3826.0387934775194,2539868.118350027,80795632859.85185,3249.1242871308013,1624.5621435654007,6.465435494112083,0.45432164603775044,0.13957688705020752,cdbox
AC104631.2/34419-34338,42119.00000000002,600.587836210095,2461731.0,194.42020285657784,0.0006489549451158223,0.24822823009538705,273939.9298678453,275625.72996307694,367.19067948609114,394.00149740800987,600.587836210095,2244.2015829128195,2461536.5797971436,75969543017.67902,1850.2000855048095,925.1000427524048,6.50395142021048,0.4546808366033312,0.08020245436497456,cdbox
AANI01016544.1/160806-160723,48225.999999999985,787.1356767535154,2755844.0,247.6854853234266,0.0005805996765230376,0.23790125065756187,303970.5940580437,305796.25968636153,370.28792727144946,499.3921698495908,787.1356767535154,2033.1587601641068,2755596.3145146766,93511352438.16867,1533.766590314516,766.883295157258,6.303043877950561,0.46819197564407766,0.041839943736512855,cdbox
AAFS01000767.1/35932-35850,44689.999999999985,794.1963562281685,2697140.0,188.2922962920108,0.000619079585291266,0.24369404992079108,297725.9715006402,299535.8724963852,368.65760629133945,479.8168529656025,794.1963562281685,2848.22521713876,2696951.707703708,89721738912.17073,2368.4083641731577,1184.2041820865788,6.662026661459842,0.4423107942769188,0.07815071549915596,cdbox
