nameseq,average,median,maximum,minimum,peak,none_levated_peak,sample_standard_deviation,population_standard_deviation,percentile15,percentile25,percentile50,percentile75,amplitude,variance,interquartile_range,semi_interquartile_range,coefficient_of_variation,skewness,kurtosis,label
AC006074.1/17650-17571,19279.999999999996,456.3498910761261,1063944.0,102.50235655507055,0.0013831258644536656,0.3375130851553149,119606.92795988031,120361.5532878893,234.59717784812793,269.4423889320979,456.3498910761261,1056.3155669900075,1063841.497643445,14486903509.873417,786.8731780579096,393.4365890289548,6.203678836093379,0.47213778741741136,0.04474360171669874,cdbox
AC006074.1/17919-17840,25056.000000000007,704.0,1381112.0,154.33658142574654,0.0010642826734780756,0.27112028252850334,155455.40901493264,156436.2099686869,394.4079378430511,478.151620955928,704.0,1970.871283174365,1380957.6634185743,24472287789.36709,1492.719662218437,746.3598311092185,6.2043186867390085,0.4699482665989606,0.06347170711198864,cdbox
AASR01002759.1/1062-983,19208.00000000002,434.66237473181695,1018136.0,124.6811930721302,0.0013883104262112996,0.33492324941509255,115117.9734359496,115844.27700335644,185.75491144015334,240.79921871631416,434.66237473181695,1157.5189027078675,1018011.3188069279,13419896514.43038,916.7196839915533,458.35984199577666,5.99323060370416,0.4892373553391335,0.06408203159843946,cdbox
AANI01016540.1/23340-23260,17027.0,584.6860995616207,1048971.0,47.706238903094984,0.0015857168027250837,0.34727418561611834,116063.12410063758,116786.2658265089,137.76223633297468,199.22209347066493,584.6860995616207,1900.5670114734612,1048923.293761097,13639031885.7,1701.3449180027962,850.6724590013981,6.816416520857319,0.425000981866937,0.15344582035642076,cdbox
