nameseq,average,median,maximum,minimum,peak,none_levated_peak,sample_standard_deviation,population_standard_deviation,percentile15,percentile25,percentile50,percentile75,amplitude,variance,interquartile_range,semi_interquartile_range,coefficient_of_variation,skewness,kurtosis,label
AC007580.6/21024-21105,37231.000000000015,945.6013378616034,2152587.0,238.45802957596118,0.0007341552290653843,0.2564391472203372,238630.5684525769,240099.07811897204,500.8242943548182,564.3231516903991,945.6013378616034,3839.282264715619,2152348.541970424,57647567313.580246,3274.95911302522,1637.47955651261,6.409459011376993,0.4561703753727102,0.10830870305310682,cdbox
AC007580.6/21266-21347,31510.999999999993,719.6057361916027,1747659.0,231.80424531886615,0.0008674219584695293,0.2687678521972487,194582.5608424352,195780.00328814526,460.7046662648447,493.72064851443196,719.6057361916027,2846.5319236611876,1747427.1957546812,38329809687.50617,2352.8112751467556,1176.4056375733778,6.17506778085225,0.47473001892613553,0.08189364455567663,cdbox
AC008306.3/141140-141221,37231.000000000015,945.6013378616034,2152587.0,238.45802957596118,0.0007341552290653843,0.2564391472203372,238630.5684525769,240099.07811897204,500.8242943548182,564.3231516903991,945.6013378616034,3839.282264715619,2152348.541970424,57647567313.580246,3274.95911302522,1637.47955651261,6.409459011376993,0.4561703753727102,0.10830870305310682,cdbox
AC008306.3/141382-141463,31510.999999999993,719.6057361916027,1747659.0,231.80424531886615,0.0008674219584695293,0.2687678521972487,194582.5608424352,195780.00328814526,460.7046662648447,493.72064851443196,719.6057361916027,2846.5319236611876,1747427.1957546812,38329809687.50617,2352.8112751467556,1176.4056375733778,6.17506778085225,0.47473001892613553,0.08189364455567663,cdbox
