nameseq,average,median,maximum,minimum,peak,none_levated_peak,sample_standard_deviation,population_standard_deviation,percentile15,percentile25,percentile50,percentile75,amplitude,variance,interquartile_range,semi_interquartile_range,coefficient_of_variation,skewness,kurtosis,label
AC150706.4/101845-101922,23620.99999999999,265.90404234491245,1450515.0,70.91968783962746,0.0011007154650522846,0.32380183235493837,163621.29560054216,164680.34416857563,131.9590824924393,167.0016309848687,265.90404234491245,1481.4732204991212,1450444.0803121603,27119615755.48052,1314.4715895142526,657.2357947571263,6.926941941515695,0.4282161904158218,0.1567560874910361,cdbox
