nameseq,average,median,maximum,minimum,peak,none_levated_peak,sample_standard_deviation,population_standard_deviation,percentile15,percentile25,percentile50,percentile75,amplitude,variance,interquartile_range,semi_interquartile_range,coefficient_of_variation,skewness,kurtosis,label
AY055808.1/1-67,9978.0,198.6277925305669,545220.0,25.17981372090914,0.002238257499832966,0.371604515927076,66138.82963887403,66637.99769878316,85.14487549497787,100.64200650744542,198.6277925305669,551.8399954952021,545194.8201862791,4440622737.30303,451.1979889877566,225.5989944938783,6.628465588181402,0.4435838490429593,0.0591794106745341,cdbox
ABDC01550852.1/596-662,10554.000000000004,177.89754800655598,546068.0,37.463785386516555,0.002116101320194554,0.3908536137237515,66450.40197019128,66951.92155275351,101.36689522806641,123.27973395246016,177.89754800655598,589.395988881913,546030.5362146135,4482559799.606061,466.11625492945285,233.05812746472643,6.296229104623011,0.46844422957658055,0.05153479737061543,cdbox
AANN01347476.1/737-809,17214.99999999999,285.7650597855487,930563.0,59.93968347127036,0.0014134959821860789,0.3409298972848805,109114.7480957547,109869.87646984955,131.1469735168188,187.31987854054057,285.7650597855487,790.8729528776767,930503.0603165288,12071389755.5,603.5530743371361,301.77653716856804,6.338353069750495,0.46545224827054615,0.06637349552205869,cdbox
AAKN02054628.1/68053-68119,10017.999999999993,198.46816609253483,530740.0,53.34277369577103,0.0022293205563319375,0.3832177151154479,64391.75526416405,64877.737670034534,82.34350483116049,130.50268779592182,198.46816609253483,787.2953876879325,530686.6572263042,4209120845.181818,656.7926998920107,328.39634994600533,6.427605835911769,0.45749017682263693,0.0720692873502045,cdbox
