nameseq,average,median,maximum,minimum,peak,none_levated_peak,sample_standard_deviation,population_standard_deviation,percentile15,percentile25,percentile50,percentile75,amplitude,variance,interquartile_range,semi_interquartile_range,coefficient_of_variation,skewness,kurtosis,label
ADBK01001983.1/287723-287648,25061.999999999993,468.0676035620071,1430116.0,86.2850468503361,0.001010826483653872,0.31884793898151104,164130.13769567123,165220.7153920678,269.1102553811754,325.36416148560403,468.0676035620071,1603.1787123165632,1430029.7149531497,27297884794.666668,1277.8145508309592,638.9072754154796,6.548964076916099,0.449532293247201,0.16370803233579592,cdbox
AC232542.1/85172-85095,29596.999999999993,520.3654826996012,1750691.0,237.14057544186971,0.000878467412237727,0.281626221422171,198056.54264881025,199338.47540158566,297.6625777180341,323.98679775685935,520.3654826996012,1733.0325696623393,1750453.8594245582,39735827775.42857,1409.0457719054798,704.5228859527399,6.69177763451736,0.44042929551979215,0.09809759110712314,cdbox
AENI01002604.1/10661-10586,26733.999999999993,502.6921513471107,1482468.0,97.89340266652829,0.0009476072915887387,0.2892126303453641,170523.12646676402,171656.18296117388,254.4568754675596,370.4209971378017,502.6921513471107,1682.8315618771705,1482370.1065973334,29465845148.8,1312.410564739369,656.2052823696845,6.378511500963719,0.46148534322877643,0.08740885716068007,cdbox
AFAN01000008.1/2227657-2227733,27833.00000000002,525.3727265887956,1610339.0,110.93013741019942,0.0009221667325357185,0.2898954069946555,183638.2381041596,184842.4361747765,242.56950590100365,333.14741662812804,525.3727265887956,1641.1240113224035,1610228.0698625897,34166726211.026318,1307.9765946942755,653.9882973471377,6.597860026018017,0.44611014931305865,0.10111097397752085,cdbox
