nameseq,average,median,maximum,minimum,peak,none_levated_peak,sample_standard_deviation,population_standard_deviation,percentile15,percentile25,percentile50,percentile75,amplitude,variance,interquartile_range,semi_interquartile_range,coefficient_of_variation,skewness,kurtosis,label
AC119809.10/32611-32502,10973.00000000001,195.66521460575026,818955.0,11.0,0.003341535283574832,0.6342846053334247,78688.89755232309,79049.03168809653,92.43953360814591,129.919835342458,195.66521460575026,701.3287149637074,818944.0,6248749410.825688,571.4088796212494,285.7044398106247,7.1711380253643515,0.41088394121526556,0.08629942149457942,cdbox
AC013722.8/184033-183920,21606.999999999985,314.2142542189961,1928795.0,37.58398738000491,0.001758689313648356,0.4967218893704158,180325.37669446308,181121.5190940548,105.98686283780373,140.35926091869035,314.2142542189961,1035.0836413542672,1928757.41601262,32805004678.938053,894.7243804355769,447.36219021778845,8.34569244663596,0.35423942213954823,0.09834913867113812,cdbox
ABDC01304918.1/3845-3734,10952.000000000004,215.8955857587838,1001640.0,28.325216660377542,0.0034088142196250296,0.6640377083441221,94374.10458383168,94798.25999999698,65.11236355621745,103.85121983200693,215.8955857587838,580.5304646613123,1001611.6747833396,8986710099.027027,476.6792448293054,238.3396224146527,8.617065794725315,0.34128337836692585,0.060374203698052305,cdbox
AANG01205833.1/951-837,15065.999999999996,199.37346538931394,1357028.0,14.107249541212708,0.0025443603699278738,0.6421599092601673,126355.01241343773,126907.99103971681,66.514758571957,106.14808594408657,199.37346538931394,830.1158241793842,1357013.8927504588,16105638189.736843,723.9677382352976,361.9838691176488,8.386765725039012,0.3529727768764708,0.09687913854207919,cdbox
