nameseq,average,median,maximum,minimum,peak,none_levated_peak,sample_standard_deviation,population_standard_deviation,percentile15,percentile25,percentile50,percentile75,amplitude,variance,interquartile_range,semi_interquartile_range,coefficient_of_variation,skewness,kurtosis,label
X96651.1/1-66,4223.000000000001,188.81501903099894,213339.0,22.727500085240514,0.005209566658773383,0.48181690091520163,26052.55396309544,26252.19331144616,67.25030605461828,86.89685434268449,188.81501903099894,612.0768593622078,213316.27249991475,689177653.6615385,525.1800050195233,262.59000250976163,6.1692052955471075,0.4645438969266043,0.07515877562545464,cdbox
AL773527.8/126615-126549,6802.000000000002,253.62189874147165,312820.0,14.883167967478068,0.0032833480348916973,0.3774574528381443,38061.836871070744,38349.10009255877,127.7904814569171,145.13407596206025,253.62189874147165,765.5570373490197,312805.1168320325,1470653477.909091,620.4229613869594,310.2114806934797,5.595683162462619,0.5161373154511905,0.03856741910122995,cdbox
X77209.1/655-590,4343.0,190.06311389781547,177939.0,27.0,0.005065622841353903,0.46077082625345056,22009.343106962555,22177.999543553204,98.04397609362685,117.8341321601219,190.06311389781547,675.9760293531521,177912.0,491863663.75384617,558.1418971930302,279.0709485965151,5.067774143901118,0.566069173339629,0.057469047778926696,cdbox
AF109906.1/100346-100281,3423.000000000001,161.32700351550307,152611.0,27.0,0.006427110721589247,0.4961303833852735,18739.706294389995,18883.307676357974,80.79413523940441,100.55282146547012,161.32700351550307,341.9255437376322,152584.0,356579308.8,241.3727222721621,120.68636113608105,5.474643965641247,0.5221543409345099,0.03412810044903461,cdbox
