nameseq,average,median,maximum,minimum,peak,none_levated_peak,sample_standard_deviation,population_standard_deviation,percentile15,percentile25,percentile50,percentile75,amplitude,variance,interquartile_range,semi_interquartile_range,coefficient_of_variation,skewness,kurtosis,label
AF396686.1/578-664,12228.000000000002,270.54586422333307,573128.0,33.248084188324015,0.002371606149820085,0.40574837764493493,64943.79591616123,65320.284843580645,99.62362500394809,119.29099254768158,270.54586422333307,621.2152190694578,573094.7519158117,4266739612.0465117,501.92422652177623,250.96211326088812,5.3110726133596025,0.552360112329116,0.05037067253932424,cdbox
AF357333.1/1-64,12144.0,284.7815345975525,586888.0,88.99582786406896,0.0017566974088713218,0.29612469964437066,73160.68539864836,73739.03973785065,129.54245042096954,150.02075793839273,284.7815345975525,845.0075247149282,586799.004172136,5437445981.460318,694.9867667765354,347.4933833882677,6.024430615830728,0.4862947251293061,0.05320844403786863,cdbox
AF272707.1/1-72,12316.0,221.8136481634411,606744.0,26.540996510104918,0.001948684637869438,0.3371200562994303,71822.99765395482,72327.02487382287,97.00180307703307,111.29042289041962,221.8136481634411,1524.4451906977065,606717.4590034899,5231198527.098592,1413.1547678072868,706.5773839036434,5.831682173916436,0.5051663149778299,0.12625124410170635,cdbox
AF396685.1/1899-1983,12093.000000000002,190.0066232724111,622571.0,19.885439790820886,0.0023429532236279938,0.4171280694637585,69547.36810261048,69960.11575057129,67.8967608458285,119.92367120322639,190.0066232724111,675.1822592662245,622551.1145602092,4894417795.833333,555.2585880629981,277.62929403149906,5.751043422030138,0.513448331754231,0.07482361064394273,cdbox
