nameseq,average,median,maximum,minimum,peak,none_levated_peak,sample_standard_deviation,population_standard_deviation,percentile15,percentile25,percentile50,percentile75,amplitude,variance,interquartile_range,semi_interquartile_range,coefficient_of_variation,skewness,kurtosis,label
X87373.1/2786-2857,27347.999999999985,668.1967006939192,1476936.0,149.01142328699544,0.0008775778850372975,0.26041239907641345,173768.01975047076,174987.45941127115,339.75613382360484,397.1748922925818,668.1967006939192,1980.2438661763952,1476786.988576713,30620610951.211266,1583.0689738838134,791.5344869419067,6.3539571358223945,0.46061070393075804,0.13719155550127418,cdbox
Z83331.1/1-70,6041.000000000002,260.28700373567233,290811.0,42.46940090238733,0.003862495171881034,0.4259920105192293,34732.5968220057,34983.376951039914,129.0254474458152,153.69924196625115,260.28700373567233,637.6356566684904,290768.5305990976,1223836662.8985507,483.9364147022392,241.9682073511196,5.749478037080895,0.4993044164726965,0.08601225631882586,cdbox
Z83334.1/4297-4361,13355.0,296.42984405882544,741963.0,67.35357953122205,0.0016223636590540372,0.32934476288143955,91209.17787152783,91918.98762633323,133.45370101107937,201.2946955409102,296.42984405882544,856.9418860137148,741895.6464204688,8449100286.25,655.6471904728046,327.8235952364023,6.829590256198266,0.4295150047619577,0.060571452165018115,cdbox
Z83332.1/1-68,5098.000000000001,301.4868480349083,211444.0,58.218117361250926,0.004446188047600366,0.3967026608151713,25733.177417489664,25924.50479096402,116.13395898328162,138.46132022806583,301.4868480349083,934.2936290364546,211385.78188263875,672079948.6567165,795.8323088083888,397.9161544041944,5.047700552665685,0.5591823824334792,0.08330467610055357,cdbox
