nameseq,average,median,maximum,minimum,peak,none_levated_peak,sample_standard_deviation,population_standard_deviation,percentile15,percentile25,percentile50,percentile75,amplitude,variance,interquartile_range,semi_interquartile_range,coefficient_of_variation,skewness,kurtosis,label
U40580.1/1015-1089,8429.999999999996,278.2153461220639,306476.0,51.68673104494987,0.002965599051008305,0.36598520616124036,37777.96921487443,38032.369188377954,124.4947526124362,184.47777743075483,278.2153461220639,994.2463512361337,306424.31326895504,1446461106.081081,809.7685738053789,404.88428690268944,4.481372386106103,0.6473443244801237,0.06298282853519618,cdbox
U40654.1/922-996,10061.999999999996,325.36304191958686,389124.0,40.92191991923894,0.0024845955078513227,0.35132349305839106,47045.66613408721,47362.47554620498,149.02307811551182,188.74989850564404,325.36304191958686,999.6438662139902,389083.07808008074,2243204089.864865,810.8939677083462,405.4469838541731,4.675578029625047,0.6208842019791706,0.09466348014408363,cdbox
U72857.1/1-72,5428.000000000002,180.16567122684376,257432.0,41.45981738512473,0.004421518054532054,0.4597051646598574,30408.833716537043,30622.231658954053,88.7839561956386,108.68285846217283,180.16567122684376,549.5065938579072,257390.54018261487,937721071.7746478,440.8237353957344,220.4118676978672,5.60221697062215,0.5177279448819434,0.09965629343954481,cdbox
U72856.1/1-73,5071.0,122.5883997949241,231715.0,17.932027262449072,0.004798527575100243,0.491139513463043,27367.636580457583,27557.03424919146,67.65708422418624,77.40486191026466,122.5883997949241,507.8283837895283,231697.06797273754,759390136.6111112,430.4235218792636,215.2117609396318,5.396891457396487,0.5424375889007446,0.09044646704229069,cdbox
