nameseq,average,median,maximum,minimum,peak,none_levated_peak,sample_standard_deviation,population_standard_deviation,percentile15,percentile25,percentile50,percentile75,amplitude,variance,interquartile_range,semi_interquartile_range,coefficient_of_variation,skewness,kurtosis,label
AC152939.2/6387-6477,6989.999999999997,207.10823822394988,294356.0,32.65369763117515,0.004339532665712925,0.5188439648717311,35536.76031942135,35733.64138455526,86.81452115018585,129.17213571521623,207.10823822394988,991.8588506426722,294323.34630236885,1276893126.6000001,862.686714927456,431.343357463728,5.083942821090324,0.57260918278494,0.12858148812058642,cdbox
AF357325.1/3-89,28115.999999999978,566.5495535598802,2079608.0,90.39969213976491,0.0010314411722862436,0.3344608511309129,221686.62910514022,222971.7797502113,178.45814202111524,209.54027829167495,566.5495535598802,1661.5897447560458,2079517.6003078602,49716414564.976746,1452.0494664643709,726.0247332321854,7.884714365668672,0.37281613091839794,0.08014924574147636,cdbox
AC152939.2/8747-8839,2529.0,153.88299972693548,76163.0,14.192135770402153,0.012257809410834321,0.6947647718331462,9339.336486067948,9389.95656678384,59.467748360693385,83.31064762206047,153.88299972693548,633.177952826434,76148.8078642296,88171284.32608695,549.8673052043735,274.9336526021867,3.6928969893507113,0.7629397453928883,0.072569168012615,cdbox
AC010325.7/135083-134993,19822.0,485.71941764173846,1302020.0,135.41220859383216,0.0015302862139710085,0.37190187642823674,137002.4189786443,137761.44095847558,214.20716065525673,326.0394428929381,485.71941764173846,2063.3259037553107,1301884.587791406,18978214614.955555,1737.2864608623727,868.6432304311863,6.911634495946136,0.4234147263933865,0.17046808835055346,cdbox
