nameseq,average,median,maximum,minimum,peak,none_levated_peak,sample_standard_deviation,population_standard_deviation,percentile15,percentile25,percentile50,percentile75,amplitude,variance,interquartile_range,semi_interquartile_range,coefficient_of_variation,skewness,kurtosis,label
AANS01001575.1/3964-3877,44931.99999999999,803.5996065138772,3029400.0,216.0,0.0006528383631561768,0.24191931177176593,322536.3974251588,324384.7586742292,429.68261028442225,561.0228021908649,803.5996065138772,3170.35493622172,3029184.0,105225471660.13792,2609.332134030855,1304.6660670154274,7.178322741590823,0.4104504243158385,0.0879108528445117,cdbox
AASM01001991.1/91-2,29130.99999999999,580.2921764671428,2003515.0,131.0,0.0010298307644777045,0.2989384042624571,210992.34631616378,212174.38551628584,256.46328501714515,361.7047769242563,580.2921764671428,2212.706738181315,2003384.0,45017969869.213486,1851.0019612570586,925.5009806285293,7.242880310190651,0.4059489595999477,0.10389041264253476,cdbox
CAAJ01004367.1/269-353,37989.0,831.8447729098864,2504595.0,203.14638661461896,0.0007458299332262848,0.2515302327850498,270919.6400595572,272527.48586697853,443.8735925909365,519.8868071231868,831.8447729098864,2767.8059534101176,2504391.8536133855,74271230552.9762,2247.9191462869308,1123.9595731434654,7.131528601952071,0.41145583117106305,0.08351006902811656,cdbox
