nameseq,average,median,maximum,minimum,peak,none_levated_peak,sample_standard_deviation,population_standard_deviation,percentile15,percentile25,percentile50,percentile75,amplitude,variance,interquartile_range,semi_interquartile_range,coefficient_of_variation,skewness,kurtosis,label
AC146127.4/44893-44966,11330.999999999996,255.52903874304764,442043.0,47.64401728187062,0.002176918777395347,0.35845585925478607,55719.93973435362,56100.285035292785,84.9442009241186,132.72091287718123,255.52903874304764,609.9874301209849,441995.3559827181,3147241981.0410957,477.2665172438036,238.6332586219018,4.917477692556141,0.5963109982203625,0.04190016719705771,cdbox
AC117663.13/64140-64070,3836.0,163.95107511669568,157384.0,30.74539461566158,0.006169621133124783,0.5346427316221378,19113.14301730618,19249.181339178336,57.46780330564205,106.63068141590928,163.95107511669568,570.5374389165586,157353.25460538434,370530982.2285714,463.9067575006493,231.95337875032465,4.98257117239473,0.5763650052048078,0.07765716858910185,cdbox
AC005682.2/110683-110610,11330.999999999996,255.52903874304764,442043.0,47.64401728187062,0.002176918777395347,0.35845585925478607,55719.93973435362,56100.285035292785,84.9442009241186,132.72091287718123,255.52903874304764,609.9874301209849,441995.3559827181,3147241981.0410957,477.2665172438036,238.6332586219018,4.917477692556141,0.5963109982203625,0.04190016719705771,cdbox
AAPY01584255.1/1738-1811,10722.999999999987,224.06405739660127,451947.0,47.26669244716824,0.0023003512698560754,0.3750066937271727,55185.111071737454,55561.80562270087,70.26645686713202,107.9989680809007,224.06405739660127,574.7144947782854,451899.7333075528,3087114244.0547943,466.7155266973847,233.35776334869234,5.146424608014317,0.5707482909088673,0.06871757287076283,cdbox
