nameseq,average,median,maximum,minimum,peak,none_levated_peak,sample_standard_deviation,population_standard_deviation,percentile15,percentile25,percentile50,percentile75,amplitude,variance,interquartile_range,semi_interquartile_range,coefficient_of_variation,skewness,kurtosis,label
AC064836.7/31785-31868,51009.99999999998,626.5607238020432,3344660.0,164.0,0.0005489119780435211,0.2159045027443968,364323.0068002843,366511.15264110756,324.5145647854972,420.7696651321528,626.5607238020432,2100.3819952931276,3344496.0,134330425010.31325,1679.6123301609748,839.8061650804874,7.142187939625259,0.4148799691682712,0.06871020895094947,cdbox
AAFC03122356.1/14349-14432,47010.000000000015,551.888461479227,3183332.0,116.0,0.0005956179536268877,0.23040165924390066,345976.42981567397,348054.38501420215,274.5339260611975,356.3891511897639,551.888461479227,1828.7543085398631,3183216.0,121141854927.61446,1472.3651573500993,736.1825786750496,7.35963475464101,0.40284343846723,0.08134392362481671,cdbox
ABDC01102575.1/7482-7565,51113.999999999985,585.4423348955995,3223220.0,140.1823830399584,0.000547795124623391,0.21093589246594915,352053.56179422466,354168.0166120873,286.5479753270326,407.37645626146593,585.4423348955995,2234.602925272411,3223079.81761696,125434983990.93976,1827.226469010945,913.6132345054725,6.887615169899142,0.43057559827761377,0.07185493713067685,cdbox
AAPY01283634.1/685-768,40634.000000000015,541.239984930268,2560724.0,59.0267497652577,0.000689078111925973,0.2412114231382996,279719.36737380194,281399.3786794076,190.66807267586935,339.42673352884185,541.239984930268,1791.639854414229,2560664.973250235,79185610321.15663,1452.213120885387,726.1065604426935,6.883874769252396,0.4299962536540268,0.07678618356047631,cdbox
