nameseq,average,median,maximum,minimum,peak,none_levated_peak,sample_standard_deviation,population_standard_deviation,percentile15,percentile25,percentile50,percentile75,amplitude,variance,interquartile_range,semi_interquartile_range,coefficient_of_variation,skewness,kurtosis,label
AY559178.1/865-955,8846.0,353.2929687542456,336492.0,117.26336998722408,0.0034290451428140778,0.42916009512194525,40179.13456011715,40401.73534694326,167.70836055818302,216.68289992426458,353.2929687542456,998.2908857619502,336374.73663001275,1632300219.0444443,781.6079858376856,390.8039929188428,4.542068116676141,0.634113237447068,0.08323162140516974,cdbox
AY559178.1/1040-1124,22309.00000000002,356.6767695204439,1280763.0,61.515894668793706,0.0012700404918792106,0.3464435915798961,140683.27227499365,141518.19516744968,135.94198049846517,239.98997178805246,356.6767695204439,895.537848125446,1280701.4841053311,20027399563.45238,655.5478763373935,327.77393816869676,6.306121846563877,0.46812224812846315,0.029009645416354743,cdbox
AJ532540.1/1-88,14708.000000000005,323.8663451526435,804880.0,74.89698047859746,0.0019943794760221185,0.39701343453403504,87201.88832817787,87701.61670772909,161.76227484879763,194.2569982186986,323.8663451526435,795.8039203325261,804805.1030195215,7691573573.1494255,601.5469221138275,300.77346105691373,5.928874648366728,0.4948562673567482,0.03539718192002307,cdbox
AC025814.7/54017-53931,33876.00000000001,571.6489173876703,2316104.0,143.1534746698895,0.000856063289644586,0.3294402353842518,247549.2353532929,248984.31540654346,293.88676384523205,321.5647187678884,571.6489173876703,1032.6262406632534,2315960.84652533,61993189318.46512,711.061521895365,355.5307609476825,7.307510785018681,0.40360881383957775,0.03485933847079164,cdbox
