nameseq,average,median,maximum,minimum,peak,none_levated_peak,sample_standard_deviation,population_standard_deviation,percentile15,percentile25,percentile50,percentile75,amplitude,variance,interquartile_range,semi_interquartile_range,coefficient_of_variation,skewness,kurtosis,label
BX293565.25/6224-6291,24105.999999999985,707.4375879064298,1270308.0,114.95752210847778,0.0009402914903620128,0.24866429267170342,153195.8536384063,154334.87195038036,318.42284504968046,347.1128877648535,707.4375879064298,1845.90003183227,1270193.0424778915,23819252699.9403,1498.7871440674166,749.3935720337083,6.355092244188434,0.45820879331346714,0.06592199250570138,cdbox
AL359396.5/115844-115908,14787.000000000004,331.7040676780443,718043.0,43.99594934609492,0.0014652510087689635,0.3136439219212605,88856.18312756857,89547.68136305931,142.57716015127647,173.88458307402277,331.7040676780443,1004.1534747845797,717999.0040506539,8018787237.5,830.2688917105569,415.13444585527844,6.009074398293674,0.48804580920054347,0.07921227848191015,cdbox
AC155932.6/138556-138619,3391.9999999999973,176.5214117043949,107960.0,23.30464811273489,0.006289308176100634,0.4687851079217697,14415.843506364794,14529.80451697776,55.3017335322102,93.61904362886466,176.5214117043949,457.69880013055644,107936.69535188726,211115219.30158728,364.0797565016918,182.0398782508459,4.249953863904719,0.6691551389710754,0.05601431933732256,cdbox
X94606.1/1-64,6879.999999999996,206.68932618507372,294048.0,24.635703490074988,0.003100775193798451,0.3923946800784774,37027.473907897096,37320.18576656329,72.90364655342361,101.66215747629354,206.68932618507372,617.4968299997979,294023.36429650994,1392796265.6507936,515.8346725235044,257.9173362617522,5.381900277310628,0.5406777700051254,0.05590279744602498,cdbox
