nameseq,average,median,maximum,minimum,peak,none_levated_peak,sample_standard_deviation,population_standard_deviation,percentile15,percentile25,percentile50,percentile75,amplitude,variance,interquartile_range,semi_interquartile_range,coefficient_of_variation,skewness,kurtosis,label
AF141346.1/240-319,5832.0,174.80632492975707,315320.0,21.202094340787,0.004572473708276178,0.5356260253823458,35576.52484434083,35800.98464100985,79.95940501896666,99.57484687147694,174.80632492975707,521.4843695383643,315298.7979056592,1281710501.265823,421.9095226668873,210.95476133344366,6.10022716809685,0.4770443740490972,0.052587838470005664,cdbox
AL591203.15/7971-8050,7464.000000000002,187.8070049206829,383400.0,24.235498012182877,0.0035727045373347617,0.4979983957307391,43889.717793578944,44166.627277428495,79.66934623107797,114.52692031811497,187.8070049206829,518.228700782844,383375.76450198784,1950690965.063291,403.70178046472904,201.85089023236452,5.880187271379814,0.49735063433083804,0.03993711352466268,cdbox
AJ224026.1/1-80,7360.000000000002,187.4369469849005,395940.0,30.416425034847375,0.0036231884057971006,0.4927270731379023,44868.94676722421,45152.034413142115,77.96430961449312,105.26956725772482,187.4369469849005,521.2571168610718,395909.58357496513,2038706211.6455696,415.987549603347,207.9937748016735,6.096324289025027,0.4795675118178505,0.043314699699978594,cdbox
AC107390.4/33836-33915,11375.99999999999,258.40718058436437,570232.0,71.89421921293876,0.002344116268166903,0.4026894025318989,65889.1828451378,66304.89159265645,126.18436946003867,171.5997314611248,258.40718058436437,713.0767038264323,570160.1057807871,4396338649.113924,541.4769723653076,270.7384861826538,5.7919464526316675,0.5061950538472659,0.05416780410193272,cdbox
