nameseq,average,median,maximum,minimum,peak,none_levated_peak,sample_standard_deviation,population_standard_deviation,percentile15,percentile25,percentile50,percentile75,amplitude,variance,interquartile_range,semi_interquartile_range,coefficient_of_variation,skewness,kurtosis,label
AC115088.6/123021-122911,17200.000000000004,301.6932814992435,1467776.0,66.18026753662457,0.002151162790697674,0.5427243499967073,139345.19028656857,139977.14450502917,116.56207288337507,142.08286266312294,301.6932814992435,1201.3749671888406,1467709.8197324635,19593600983.78182,1059.2921045257176,529.6460522628588,8.101464551544682,0.363808180614245,0.169891541609809,cdbox
AANN01521896.1/8940-8830,16672.000000000004,342.0833477552855,1337168.0,81.44677424073774,0.002219289827255278,0.49770615684060754,127611.95834246882,128190.7003516813,114.09833316285827,145.8088432995637,342.0833477552855,1039.0066966852594,1337086.5532257592,16432855656.654545,893.1978533856957,446.59892669284784,7.654268134745009,0.38389623192884215,0.13561955229298858,cdbox
AAPY01607636.1/641-751,21975.999999999996,343.1540813408565,1713616.0,85.88328366286912,0.0016836548962504553,0.44774114456285324,164313.39662973315,165058.5859250092,145.27563573379047,156.7209783647382,343.1540813408565,1211.649861191527,1713530.1167163372,27244336787.563637,1054.9288828267888,527.4644414133944,7.476947425816035,0.39496802504923556,0.13521482160756937,cdbox
AANG01792695.1/556-445,15335.999999999996,327.3779048743793,1103672.0,41.779758726366595,0.0024343592418709795,0.5078576130053843,106743.6732364031,107223.42249965975,127.60001543886246,158.4743077388547,327.3779048743793,925.1858582251266,1103630.2202412735,11496862332.54054,766.7115504862719,383.35577524313595,6.960333413954299,0.42181297420465336,0.08430770262185026,cdbox
