nameseq,average,median,maximum,minimum,peak,none_levated_peak,sample_standard_deviation,population_standard_deviation,percentile15,percentile25,percentile50,percentile75,amplitude,variance,interquartile_range,semi_interquartile_range,coefficient_of_variation,skewness,kurtosis,label
AJ011568.1/1-67,25769.999999999993,327.69661468805225,1431204.0,32.683803498506435,0.0008666407967921358,0.2506278774602407,173751.5418348856,175062.8928297173,135.17573851368255,177.61585638258038,327.69661468805225,1554.0904642080077,1431171.3161965015,30647016445.909092,1376.4746078254273,688.2373039127136,6.742395880282718,0.4392876710611785,0.10435823871681085,cdbox
AJ010666.1/3-73,27052.0,313.2387922688023,1540832.0,82.16436026644789,0.0008748582975996846,0.25703005762530734,182147.79936084867,183444.241339822,169.48616043693178,207.20375210088827,313.2387922688023,992.158323307341,1540749.8356397336,33651789680.74286,784.9545712064528,392.4772856032264,6.7332470560715905,0.4403911763121498,0.06914624751823219,cdbox
AJ010668.1/1-72,18972.000000000007,250.9434452206528,1057304.0,33.211914775498606,0.0012650221378874126,0.2956618389942094,124300.15999989702,125172.45252625123,134.66782206903625,180.33853334983306,250.9434452206528,1288.519354708205,1057270.7880852246,15668142871.436619,1108.1808213583718,554.0904106791859,6.551768922617382,0.45183505527575024,0.11295533621179366,cdbox
AANU01127039.1/4502-4571,22448.999999999993,348.9147017035168,1250227.0,37.835921350012654,0.0010393929944912173,0.2750729600783142,148940.9419132295,150016.3417407429,112.73396691858807,174.62232585005455,348.9147017035168,948.4850094100736,1250189.16407865,22504902789.275364,773.8626835600191,386.9313417800096,6.634635926465747,0.44514459921647903,0.061823658513774214,cdbox
