nameseq,average,median,maximum,minimum,peak,none_levated_peak,sample_standard_deviation,population_standard_deviation,percentile15,percentile25,percentile50,percentile75,amplitude,variance,interquartile_range,semi_interquartile_range,coefficient_of_variation,skewness,kurtosis,label
AK024486.1/3319-3428,73429.0,1163.6314567840059,5380979.0,364.7238955132743,0.0004993485770835319,0.2734373514388594,522521.862239275,524913.2791371308,593.3627832328009,652.6898513482449,1163.6314567840059,4337.046932142537,5380614.276104487,275533950614.4954,3684.3570807942924,1842.1785403971462,7.116014956478708,0.4149034160993095,0.09004345111597714,cdbox
AF357349.1/1-99,38602.00000000002,793.8291475072715,2234052.0,229.60010010313235,0.0008548779855966007,0.290242040143588,234093.3311010803,235284.65345701526,329.71254219247913,395.13227193707957,793.8291475072715,2761.198444658342,2233822.3998998967,55358868152.38776,2366.0661727212623,1183.0330863606312,6.064279858584533,0.48452688517001,0.12083735584877417,cdbox
AAHX01004065.1/24142-24250,56480.99999999996,904.3583826614695,4014923.0,268.77950644227985,0.000643284172258518,0.2750213196917808,393931.51810689125,395751.07290771947,429.51588725500847,505.2026590219486,904.3583826614695,3356.4357402698724,4014654.220493558,156618911707.6111,2851.233081247924,1425.616540623962,6.974584694089898,0.4232459632914526,0.08546426334371375,cdbox
AAQQ01534227.1/350-242,67449.00000000001,1097.063113811841,4376443.0,333.40588567060314,0.0005386786065521108,0.25709818584251865,435713.4398638629,437725.9837829167,562.7760754958755,697.0972937196598,1097.063113811841,4161.674191600375,4376109.59411433,191604036878.72223,3464.576897880715,1732.2884489403575,6.459894733263099,0.4568502883931209,0.08280102336124698,cdbox
