nameseq,average,median,maximum,minimum,peak,none_levated_peak,sample_standard_deviation,population_standard_deviation,percentile15,percentile25,percentile50,percentile75,amplitude,variance,interquartile_range,semi_interquartile_range,coefficient_of_variation,skewness,kurtosis,label
X96815.1/716-841,7540.999999999999,248.76803375857318,364899.0,52.73066004661526,0.0055695531096671535,0.7043069076502101,37845.9231886342,37997.00531905113,97.97384788433612,152.23757863255636,248.76803375857318,756.910017823411,364846.2693399534,1443772413.216,604.6724391908546,302.3362195954273,5.018687599606711,0.5780463007781571,0.05938880989479369,cdbox
Z49897.1/2330-2421,11198.000000000005,345.5140269250759,648116.0,30.774597472619753,0.0027385842710007727,0.42596337679669755,68422.41518683772,68797.3353368468,111.79723745209176,136.1300900664111,345.5140269250759,901.5011326564622,648085.2254025274,4733073349.450549,765.3710425900512,382.6855212950256,6.110235326561679,0.47583029377612207,0.10149139477947455,cdbox
Z49897.1/1656-1746,11950.0,328.32501507451025,663860.0,78.40626497030966,0.0025383542538354254,0.40918792331203707,70851.46224320287,71243.99412363746,108.71538526255529,138.6691794636625,328.32501507451025,915.6305729788236,663781.5937350297,5075706698.688889,776.961393515161,388.4806967575805,5.928992656334969,0.49208617367838786,0.11737952417495708,cdbox
AC006597.2/8154-8065,16475.000000000015,287.707269961518,1073035.0,91.2588852906956,0.0018209408194233671,0.35815217973208646,113010.45323331821,113643.56996990906,126.45,170.55710173620497,287.707269961518,1480.1652520488205,1072943.7411147093,12914860995.505617,1309.6081503126156,654.8040751563078,6.859511577136153,0.4297113833342124,0.07244984946440845,cdbox
