nameseq,average,median,maximum,minimum,peak,none_levated_peak,sample_standard_deviation,population_standard_deviation,percentile15,percentile25,percentile50,percentile75,amplitude,variance,interquartile_range,semi_interquartile_range,coefficient_of_variation,skewness,kurtosis,label
AF228365.1/1-73,11646.999999999995,324.24068994166635,650771.0,66.57099205455125,0.0020892361409232717,0.34407167790620546,75757.03233363884,76281.30870920405,127.42628058307591,179.74531614449492,324.24068994166635,962.4272652090644,650704.4290079455,5818838058.388889,782.6819490645695,391.34097453228475,6.504424515638266,0.4483844850280896,0.11820105667021992,cdbox
AF228364.1/1-74,6922.999999999995,271.23672771172573,297099.0,57.0680442731706,0.0035630025518802086,0.3890361280004744,35207.07320979692,35447.39731852727,82.3640245157261,109.75549657005172,271.23672771172573,636.9457185724133,297041.9319557268,1256517976.6575344,527.1902220023616,263.5951110011808,5.0855226361110715,0.5667977482238409,0.05748233974396392,cdbox
AJ532536.1/2-76,2789.9999999999986,150.04759747124507,105300.0,13.998501332428305,0.008960573476702514,0.5930796523565504,12661.611824724368,12746.87616739988,40.85685547952257,60.467991169951176,150.04759747124507,499.1543311409165,105286.00149866757,162482852.02702704,438.6863399709653,219.34316998548266,4.538212123557123,0.6255015014850741,0.08675156114800772,cdbox
AAAA02007626.1/8599-8673,2789.9999999999986,150.04759747124507,105300.0,13.998501332428305,0.008960573476702514,0.5930796523565504,12661.611824724368,12746.87616739988,40.85685547952257,60.467991169951176,150.04759747124507,499.1543311409165,105286.00149866757,162482852.02702704,438.6863399709653,219.34316998548266,4.538212123557123,0.6255015014850741,0.08675156114800772,cdbox
