nameseq,average,median,maximum,minimum,peak,none_levated_peak,sample_standard_deviation,population_standard_deviation,percentile15,percentile25,percentile50,percentile75,amplitude,variance,interquartile_range,semi_interquartile_range,coefficient_of_variation,skewness,kurtosis,label
AJ240078.1/7-91,20364.999999999993,406.7009790984529,1480859.0,96.16313035373852,0.0013912758818233903,0.3665376778826794,159607.53368810634,160554.76772332386,150.62065022777657,185.9756362283968,406.7009790984529,1263.0080008563505,1480762.8368696463,25777833438.690475,1077.0323646279537,538.5161823139769,7.837345135679175,0.37513828877092903,0.09016378515395049,cdbox
AJ489975.1/4-83,16880.000000000007,370.44014304438366,847080.0,84.1033093349774,0.0015797788309636644,0.34174236051874873,97135.1159571038,97747.96188493256,194.00749706885765,207.9090940309586,370.44014304438366,1047.3343874400143,846995.896690665,9554664052.658228,839.4252934090557,419.71264670452786,5.754449997458753,0.5098946872389529,0.06683085794858737,cdbox
AY220637.1/6-85,16880.000000000007,370.44014304438366,847080.0,84.1033093349774,0.0015797788309636644,0.34174236051874873,97135.1159571038,97747.96188493256,194.00749706885765,207.9090940309586,370.44014304438366,1047.3343874400143,846995.896690665,9554664052.658228,839.4252934090557,419.71264670452786,5.754449997458753,0.5098946872389529,0.06683085794858737,cdbox
AJ489976.1/4-82,11960.000000000004,253.19825448837062,579720.0,54.927742524102314,0.0022017837235228533,0.39032169055539156,66937.04606568773,67364.76317208254,135.8817692232948,185.91122408121396,253.19825448837062,759.8485025946054,579665.0722574759,4538011317.230769,573.9372785133914,286.9686392566957,5.596742982080912,0.5246781461206098,0.054656483152846956,cdbox
