nameseq,average,median,maximum,minimum,peak,none_levated_peak,sample_standard_deviation,population_standard_deviation,percentile15,percentile25,percentile50,percentile75,amplitude,variance,interquartile_range,semi_interquartile_range,coefficient_of_variation,skewness,kurtosis,label
AJ532543.1/5-99,36056.00000000002,419.4903165712366,2494160.0,86.42870681710188,0.0008782634420531021,0.31618543208777333,257855.37651947464,259223.31915066854,174.16925877924865,205.96755381990744,419.4903165712366,1307.5097456816666,2494073.5712931827,67196729191.489365,1101.5421918617592,550.7710959308796,7.1515247537018665,0.414610431992338,0.06172487271183723,cdbox
AJ300656.1/3-95,14881.000000000015,325.20317108896074,851555.0,39.63664846553594,0.00208319333378133,0.4140310788561794,89691.40858521512,90177.54444174824,142.64706656605173,165.27630347106006,325.20317108896074,877.7726006066343,851515.3633515345,8131989521.543478,712.4962971355743,356.24814856778715,6.027243369747667,0.4868625788750447,0.058039855225302896,cdbox
AAAA02005023.1/6403-6489,13428.000000000002,271.49489043972915,903464.0,57.53688494820427,0.00215966636878165,0.43518385078540067,96531.06229602988,97090.66734519278,97.07709183527149,129.67521870896013,271.49489043972915,498.70818469835797,903406.4631150517,9426597685.534883,369.03296598939784,184.51648299469892,7.188789268396624,0.4088789078860486,0.03358370629006238,cdbox
Y11048.1/29-119,17846.000000000004,402.75829786389255,1191188.0,88.65113038349594,0.001699727296499682,0.40048886728959443,124968.84145257968,125661.19490271361,159.8414173989359,216.65618063493764,402.75829786389255,896.205796150778,1191099.3488696164,15790735904.377777,679.5496155158404,339.7748077579202,7.002624759194198,0.41874218003585495,0.04050966969499574,cdbox
