nameseq,average,median,maximum,minimum,peak,none_levated_peak,sample_standard_deviation,population_standard_deviation,percentile15,percentile25,percentile50,percentile75,amplitude,variance,interquartile_range,semi_interquartile_range,coefficient_of_variation,skewness,kurtosis,label
AJ490415.1/1-86,26817.0,456.5187738357528,1570779.0,101.61510680364826,0.0010689736609861904,0.3081027064432583,172081.14223818947,173090.42445408157,218.56528704279597,255.73101281789042,456.5187738357528,1843.0382072527746,1570677.3848931964,29960295037.69412,1587.3071944348842,793.6535972174421,6.416867742036375,0.4595590350570234,0.10392701632354232,cdbox
X51528.1/3627-3692,9399.000000000002,146.52739182763725,468299.0,13.897590484457476,0.002340674539844664,0.3851370181151654,57707.94440976043,58150.157347230735,53.33016149095593,70.38841907043481,146.52739182763725,459.12627054348013,468285.10240951553,3381440799.5076923,388.73785147304534,194.36892573652267,6.139796192122611,0.48099820758513007,0.05431632952218132,cdbox
Z69624.1/1-66,10647.0,169.97665301660203,532651.0,19.0,0.002066309758617451,0.36337451469667975,65688.34100508249,66191.70730118807,63.999999999999986,94.6314177258017,169.97665301660203,404.7713232304675,532632.0,4381342115.446154,310.13990550466576,155.06995275233288,6.169657274826945,0.47848780407649943,0.04482898746165839,cdbox
AJ490417.1/3-83,29354.99999999997,604.5899556606944,1837499.0,162.00435271718374,0.000919775166070517,0.2929479407210735,204016.0442122139,205287.1845116007,264.1461450952752,335.30868395298523,604.5899556606944,1723.2466029767454,1837336.9956472828,42142828124.7,1387.93791902376,693.96895951188,6.949958923938481,0.4227668978979948,0.06226859231201676,cdbox
