nameseq,average,median,maximum,minimum,peak,none_levated_peak,sample_standard_deviation,population_standard_deviation,percentile15,percentile25,percentile50,percentile75,amplitude,variance,interquartile_range,semi_interquartile_range,coefficient_of_variation,skewness,kurtosis,label
AJ505626.1/1-73,26623.000000000015,516.0372426067266,1354947.0,192.14357876856116,0.0009139966695463817,0.23443973376657465,160278.11292874647,161387.3172565855,293.5645902387122,366.4537984292863,516.0372426067266,2351.2181002537513,1354754.8564212315,26045866171.27778,1984.764301824465,992.3821509122325,6.0202874555364305,0.4886561667156535,0.12094766713311245,cdbox
AASG02000099.1/88757-88676,52486.999999999985,889.4849456075622,3059379.0,107.0,0.0005207638716888627,0.19484981926872677,341272.68096933863,343372.84036689566,476.9441094900914,572.0803115102539,889.4849456075622,3217.25229280304,3059272.0,117904907501.62962,2645.171981292786,1322.585990646393,6.502042047923081,0.45357438141110534,0.09687810157335999,cdbox
AARH01001054.1/12320-12396,38080.99999999996,647.4749956154951,2258267.0,161.85808333124862,0.0006740019082131953,0.22525244610167197,256963.39212813956,258648.41603282528,322.6155171320358,371.49632467594677,647.4749956154951,2537.2857185560197,2258105.141916669,66899003116.289474,2165.789393880073,1082.8946969400365,6.747811037739025,0.4370294697742496,0.0754978206816313,cdbox
