nameseq,average,median,maximum,minimum,peak,none_levated_peak,sample_standard_deviation,population_standard_deviation,percentile15,percentile25,percentile50,percentile75,amplitude,variance,interquartile_range,semi_interquartile_range,coefficient_of_variation,skewness,kurtosis,label
X96659.1/1-75,25790.000000000007,465.3613671750631,1510804.0,87.33284426556908,0.0009693679720822021,0.2715818552869266,173928.81610015055,175100.06715273383,157.29727744395146,234.62227562474595,465.3613671750631,1226.0754035017624,1510716.6671557345,30660033516.89189,991.4531278770164,495.7265639385082,6.744040949986449,0.4368104009558027,0.06896621793292096,cdbox
M19482.1/4348-4418,10819.999999999995,244.17373873627798,506936.0,42.63310723092275,0.0021873074553296376,0.3540848767216283,61419.12454602393,61856.27685668956,85.70102994130426,111.20334337600362,244.17373873627798,481.33137704873917,506893.36689276906,3826198986.5714283,370.12803367273557,185.06401683636778,5.676444043070607,0.5165732826428748,0.04010504863156713,cdbox
AANG01089171.1/891-821,10571.999999999984,197.52481900008067,508408.0,33.51739268007979,0.00223861773237483,0.383637415868264,61542.81719258552,61980.84988907,76.8914997769736,108.51270364281226,197.52481900008067,430.8403776757143,508374.4826073199,3841625752.9714284,322.32767403290205,161.16383701645103,5.821303177505261,0.5057198705351006,0.047787791845766384,cdbox
AAPY01020387.1/1161-1091,14699.999999999993,298.1332724625153,767224.0,66.49775118073643,0.0016099773242630394,0.3177272298095679,91418.11660715833,92068.78757010201,112.53497423713785,159.7052114057754,298.1332724625153,653.2232899170858,767157.5022488192,8476661644.6285715,493.5180785113104,246.7590392556552,6.218919497085603,0.4726152953716539,0.04422124919280829,cdbox
