nameseq,average,median,maximum,minimum,peak,none_levated_peak,sample_standard_deviation,population_standard_deviation,percentile15,percentile25,percentile50,percentile75,amplitude,variance,interquartile_range,semi_interquartile_range,coefficient_of_variation,skewness,kurtosis,label
AJ505631.1/1-68,3929.9999999999973,184.2224235813455,137708.0,44.69139183625256,0.005767599660729436,0.43463048679534955,17490.308287734664,17620.349545044566,82.93104907065319,91.6203762341602,184.2224235813455,669.864151713931,137663.30860816376,310476718.0895522,578.2437754797709,289.12188773988544,4.450460124105516,0.6424891170807034,0.07844475490341107,cdbox
AASG02007650.1/11125-11063,7743.999999999998,277.0023242526181,359144.0,24.384775315066086,0.0027117768595041327,0.34776175801993225,45078.51568097601,45440.59792882387,71.84002577404472,120.94177515677701,277.0023242526181,1126.8998908836547,359119.61522468494,2064847940.1290321,1005.9581157268777,502.97905786343887,5.821089318307854,0.49693280022296266,0.12595724164038993,cdbox
AM463855.1/5770-5834,8067.0,302.15447478638134,317771.0,44.178420508773485,0.002685839428122805,0.33176612427905494,40241.163005062364,40554.328529763625,148.1503621722935,176.55040041699328,302.15447478638134,1194.8513578019138,317726.82157949125,1644653562.5,1018.3009573849205,509.15047869246024,4.988367795346766,0.5788733435142118,0.06711875137474475,cdbox
AARH01002882.1/376548-376486,8240.000000000002,313.0,398968.0,90.00426116985071,0.002548543689320388,0.333200199799588,49895.26662921043,50296.03826122087,114.88162941980985,143.28633898581128,313.0,908.6772339893707,398877.9957388301,2529691464.774194,765.3908950035594,382.6954475017797,6.055250804515828,0.4766183569420547,0.062374576650214626,cdbox
