nameseq,average,median,maximum,minimum,peak,none_levated_peak,sample_standard_deviation,population_standard_deviation,percentile15,percentile25,percentile50,percentile75,amplitude,variance,interquartile_range,semi_interquartile_range,coefficient_of_variation,skewness,kurtosis,label
AF326225.1/1-89,39558.99999999999,599.6051420893867,2658875.0,112.05599820084137,0.0007499346966977597,0.2951012353670962,281805.6636833263,283402.30911590555,331.48600236344,379.9258195636144,599.6051420893867,2069.202816067817,2658762.944001799,80316868812.22728,1689.2769965042025,844.6384982521013,7.123680165912342,0.414747464781515,0.08856508288885781,cdbox
AF317938.1/3-92,40706.99999999999,694.2250983490128,2700755.0,59.0,0.0007369739848183361,0.2809607666178645,284946.66908037366,286543.0214537081,372.9767943850221,438.65185804470923,694.2250983490128,2052.3280156630085,2700696.0,82106903143.82022,1613.6761576182994,806.8380788091497,6.999942739095824,0.42126593405130924,0.08585134093827786,cdbox
AJ490337.1/6-104,29498.00000000001,413.9843051390153,2227700.0,59.044545530301775,0.0011187199132144548,0.41696992650696524,224806.45589039475,225950.51648964817,154.63657120927746,204.91988531617213,413.9843051390153,1094.8699229796728,2227640.9554544697,51053635901.938774,889.9500376635007,444.97501883175033,7.621074509810653,0.38812073585254625,0.07217673353671188,cdbox
AF317939.1/1-90,39770.99999999998,548.8632023773424,2734955.0,51.0,0.0007543184732594105,0.3071993442479639,288226.8859561856,289841.61503843765,341.97758181318926,377.0790344964878,548.8632023773424,1768.9095064265057,2734904.0,84008161808.08989,1391.830471930018,695.915235965009,7.247162152226138,0.40824231231070796,0.07845905651239886,cdbox
