nameseq,average,median,maximum,minimum,peak,none_levated_peak,sample_standard_deviation,population_standard_deviation,percentile15,percentile25,percentile50,percentile75,amplitude,variance,interquartile_range,semi_interquartile_range,coefficient_of_variation,skewness,kurtosis,label
AF250841.1/1-91,20685.999999999996,328.50340441787944,1265380.0,33.31665937904108,0.0014663701698411165,0.3888545890113469,134984.0944333813,135731.93447420953,148.97501950199978,223.11445471878653,328.50340441787944,946.4723023183094,1265346.683340621,18423158036.11111,723.3578475995229,361.67892379976144,6.525384048795385,0.45244211951866264,0.07700338383996286,cdbox
AF250841.1/1142-1233,15414.0,262.37666555889075,831764.0,50.85156932291446,0.0019895333246831887,0.4059490846140542,90823.70802824557,91321.37590719062,131.85251495361584,168.69432660705607,262.37666555889075,757.4770847286969,831713.1484306771,8339593697.5824175,588.7827581216409,294.39137906082044,5.892286754135563,0.5004736207113143,0.07814481438202782,cdbox
AF250841.1/2261-2352,13278.000000000005,240.0,711460.0,26.5879206161738,0.002309584776823818,0.4535010029960905,78026.17501838725,78453.71890386174,106.24893349540298,135.77856549693695,240.0,741.2854517450535,711433.4120793839,6154986009.846153,605.5068862481165,302.75344312405826,5.8763499787910245,0.5012933158748665,0.09311759427193651,cdbox
AF250841.1/4124-4215,12933.999999999998,239.80723362797204,708020.0,36.0,0.002371011803515283,0.42233717619654537,76851.11020668472,77272.21533266392,116.33369626988701,135.74588088728675,239.80723362797204,658.9841439774628,707984.0,5970995262.4175825,523.2382630901761,261.61913154508807,5.941789872172935,0.495537126226233,0.05255023866512796,cdbox
