nameseq,average,median,maximum,minimum,peak,none_levated_peak,sample_standard_deviation,population_standard_deviation,percentile15,percentile25,percentile50,percentile75,amplitude,variance,interquartile_range,semi_interquartile_range,coefficient_of_variation,skewness,kurtosis,label
AY864855.1/568-672,120014.9999999999,1635.889106695895,9753763.0,522.4026757566503,0.00029163021289005565,0.21882491361054385,951628.9948483076,956193.1888744072,801.4606029025142,1044.2875403756898,1635.889106695895,5078.5730525294275,9753240.597324243,914305414449.8077,4034.2855121537377,2017.1427560768689,7.929250467427475,0.37318885259115286,0.052555183801196524,cdbox
U85049.2/1114-1200,46972.0,874.6698756389715,3200456.0,244.18039625946238,0.0006173890828578728,0.26183131420362726,341761.12776616355,343742.3682928559,424.9293586909133,487.23287363364364,874.6698756389715,3074.4751897789683,3200211.8196037407,118158815759.58139,2587.242316145325,1293.6211580726624,7.27584790441462,0.40464517213234347,0.08522920619669701,cdbox
CR382122.1/491586-491502,56948.99999999998,842.4820522758287,3958971.0,184.79453511879854,0.000497521173915843,0.2663399141584147,427675.0265633943,430213.1795679074,430.98740529717765,506.7267227984589,842.4820522758287,2176.071616826006,3958786.2054648814,185083379873.92856,1669.344894027547,834.6724470137735,7.509789927187386,0.3935688160136758,0.04674034686378264,cdbox
AF064266.1/1-86,41072.99999999999,852.3260959704402,2768555.0,212.76300322752962,0.0006979443105365246,0.2877703712492591,297593.86979237327,299339.30335024797,322.0488684071477,428.52709304215966,852.3260959704402,2254.0626754547834,2768342.2369967727,89604018530.21176,1825.5355824126236,912.7677912063118,7.245486567632589,0.4054586937434992,0.06730904161076377,cdbox
