nameseq,average,median,maximum,minimum,peak,none_levated_peak,sample_standard_deviation,population_standard_deviation,percentile15,percentile25,percentile50,percentile75,amplitude,variance,interquartile_range,semi_interquartile_range,coefficient_of_variation,skewness,kurtosis,label
AABR05151673.1/128645-128724,3536.0,109.63477629982505,108072.0,8.0,0.007541478129713424,0.6564780167071167,15784.51595710176,15884.103796491685,57.63034947982,76.36220759293802,109.63477629982505,381.3575741549827,108064.0,252304753.41772157,304.99536656204464,152.49768328102232,4.4639468204473305,0.6512138667436146,0.05257510437915936,cdbox
AAEX03012427.1/37620-37541,7615.999999999995,205.11621674331622,469624.0,31.906275069012384,0.003501400560224092,0.5555220299283208,52469.53066304291,52800.57199536739,83.31777635266714,101.4019132593933,205.11621674331622,667.2993791426602,469592.093724931,2787900403.037975,565.8974658832669,282.94873294163347,6.889381652185261,0.4237249898907459,0.13461723704473422,cdbox
AAFC03026210.1/28436-28510,1190.0000000000002,120.78397873986738,20724.0,12.475080439466367,0.021008403361344533,0.7817367748619929,3581.360356065835,3605.477533315558,69.8797930036909,85.58006308546966,120.78397873986738,349.5174006206627,20711.524919560532,12999468.243243242,263.9373375351931,131.96866876759654,3.0095465177023817,0.8956507429774637,0.18073142657627683,cdbox
AAIY01448758.1/1752-1673,12144.000000000004,162.11673854222806,764712.0,15.840172340769252,0.0021958717610891516,0.44350214781829617,85406.8950846476,85945.74519405847,73.26888794888607,85.10308167126645,162.11673854222806,600.459389399897,764696.1598276593,7386671116.962026,515.3563077286306,257.6781538643153,7.032847091950558,0.42087526714028467,0.10491748017170394,cdbox
