nameseq,average,median,maximum,minimum,peak,none_levated_peak,sample_standard_deviation,population_standard_deviation,percentile15,percentile25,percentile50,percentile75,amplitude,variance,interquartile_range,semi_interquartile_range,coefficient_of_variation,skewness,kurtosis,label
AJ784359.1/4-73,27496.999999999993,620.6530830229752,1324475.0,144.05736743514404,0.0008485774205670923,0.260404736891235,160137.701401013,161293.94530717397,203.77443734488227,321.4284264109293,620.6530830229752,1744.3743175350805,1324330.9426325648,26015736792.753624,1422.9458911241513,711.4729455620757,5.8238244681606375,0.5034981771657989,0.05449765336235558,cdbox
AAPQ01006572.1/223606-223676,27676.0,787.3323311818457,1312728.0,200.84110473408992,0.0008551332080743845,0.2519082920960748,157977.5299338485,159101.9393544367,350.16045221475395,383.918657962633,787.3323311818457,2800.910065048242,1312527.158895266,25313427106.342857,2416.991407085609,1208.4957035428044,5.708105576450661,0.5106169405245957,0.08381538663179437,cdbox
AAKO01000106.1/14068-14138,28468.000000000015,719.3379529496398,1401224.0,157.01001633669736,0.0008313427942485126,0.26293104884515084,168109.7823566493,169306.30836293643,273.8883489273002,295.647267873774,719.3379529496398,1987.3774446813823,1401066.9899836632,28664626051.485714,1691.7301768076081,845.8650884038041,5.905219276262794,0.4951882333922876,0.0699916155493272,cdbox
AAPT01020876.1/13987-13917,21699.999999999993,487.3577561167904,976144.0,137.73416478959587,0.00109062980030722,0.27151507282610166,118621.20483286283,119465.49452552637,267.82935986376526,298.9615113977325,487.3577561167904,1769.0212556382533,976006.2658352104,14272004382.22857,1470.0597442405208,735.0298721202604,5.466414969256354,0.5364801918958367,0.06415329434691103,cdbox
