nameseq,average,median,maximum,minimum,peak,none_levated_peak,sample_standard_deviation,population_standard_deviation,percentile15,percentile25,percentile50,percentile75,amplitude,variance,interquartile_range,semi_interquartile_range,coefficient_of_variation,skewness,kurtosis,label
X58062.1/52-155,50532.00000000011,584.1595504782932,4349080.0,151.31554413442763,0.0006860339322937265,0.31210103004345163,425390.7288693537,427450.7444472006,288.55532112274886,357.85873571473024,584.1595504782932,1521.4011537017761,4348928.684455866,182714138928.46603,1163.5424179870458,581.7712089935229,8.418244456371266,0.35224914691214504,0.0500620286443454,cdbox
AANU01284163.1/3535-3432,46236.000000000015,412.86378158387373,3954664.0,110.65195752460835,0.000749776508925224,0.35640095300944863,387258.10421474715,389133.4570919719,222.33385750151112,275.5831344588717,412.86378158387373,1771.675323681471,3954553.3480424755,151424847428.34952,1496.0921892225992,748.0460946112996,8.375683541282703,0.35498136038753414,0.06519349324761288,cdbox
AANG01408182.1/948-1051,25804.000000000007,318.7561752777422,2157816.0,75.4003459916912,0.0013434609621247348,0.4232717123748212,211379.4359345298,212403.07115107297,162.62372283533298,200.93273842792084,318.7561752777422,915.0092347159894,2157740.599654008,45115064634.40777,714.0764962880685,357.03824814403424,8.191731356941938,0.3616990041446004,0.05657344100119798,cdbox
AC097004.3/70903-71006,26571.999999999993,327.2194167518194,2224648.0,69.74098246450714,0.0013046314416177433,0.412582668768308,218060.68663562444,219116.6767663434,165.52067799925288,193.9090201715016,327.2194167518194,964.3818177180198,2224578.2590175355,48012118037.12621,770.4727975465182,385.2363987732591,8.206408499007395,0.36106619200602724,0.050469773486322436,cdbox
