nameseq,average,median,maximum,minimum,peak,none_levated_peak,sample_standard_deviation,population_standard_deviation,percentile15,percentile25,percentile50,percentile75,amplitude,variance,interquartile_range,semi_interquartile_range,coefficient_of_variation,skewness,kurtosis,label
AP000603.1/65098-65183,35377.0,524.7357224650818,2003699.0,138.33728120583928,0.0008103193223469109,0.28402750048135805,220179.84818325224,221471.23666532995,227.53269002249021,290.0472529362386,524.7357224650818,1570.1162561765439,2003560.662718794,49049508670.07059,1280.0690032403054,640.0345016201527,6.2238134432894885,0.4748699469789069,0.041840163699074784,cdbox
AARH01002519.1/12521-12439,15945.999999999989,271.7537434986482,882124.0,21.596157302241792,0.001735022367155819,0.39201401655360585,98109.46805482131,98705.8836883968,96.27086173702806,159.9983203737753,271.7537434986482,871.9040692226793,882102.4038426977,9742851474.707317,711.905748848904,355.952874424452,6.152606801380997,0.47928848970242915,0.08228691947711539,cdbox
AASG02002801.1/14167-14078,35946.99999999998,546.364270528115,2167227.0,82.10922870770429,0.0008345619940467917,0.29509974158314217,230893.9060521087,232187.43945646222,288.94087484965524,373.8282438351108,546.364270528115,2134.491254020516,2167144.890771292,53911007041.34831,1760.6630101854053,880.3315050927026,6.4231759549366805,0.4599597668222897,0.06064990681263716,cdbox
AM475808.2/15755-15675,23347.00000000001,426.7016942336788,1290907.0,100.92120156265061,0.0011564654987792859,0.3124592435931376,144769.12983091388,145671.12690543724,146.16728256222456,230.88879587157132,426.7016942336788,1348.9361527950928,1290806.0787984373,21220077213.9,1118.0473569235214,559.0236784617607,6.2007594051018895,0.4749693183733971,0.0585379370072366,cdbox
