nameseq,average,median,maximum,minimum,peak,none_levated_peak,sample_standard_deviation,population_standard_deviation,percentile15,percentile25,percentile50,percentile75,amplitude,variance,interquartile_range,semi_interquartile_range,coefficient_of_variation,skewness,kurtosis,label
U72853.1/1-69,5349.000000000002,159.87596165937657,252467.0,19.85117857447988,0.004299869134417647,0.44510728841294406,30459.461879685266,30682.611103800453,51.90476546859702,106.4675925539317,159.87596165937657,525.6871647395747,252447.1488214255,941422624.1470588,419.21957218564296,209.60978609282148,5.6944217385838956,0.5110849356601547,0.09287362332363074,cdbox
U72855.1/1-69,5348.999999999998,181.19137498040047,255467.0,19.108366271029084,0.004299869134417649,0.44555971702100405,30795.610109234723,31021.221990665,56.472716516671596,91.00302404323881,181.19137498040047,437.5559327300175,255447.89163372898,962316213.7941177,346.55290868677866,173.27645434338933,5.757264929750371,0.5034297362535369,0.07098176947116176,cdbox
