nameseq,average,median,maximum,minimum,peak,none_levated_peak,sample_standard_deviation,population_standard_deviation,percentile15,percentile25,percentile50,percentile75,amplitude,variance,interquartile_range,semi_interquartile_range,coefficient_of_variation,skewness,kurtosis,label
AJ007734.1/1-97,11419.000000000005,361.33133491737215,523331.0,23.551498225156582,0.002831538079808505,0.4615776290949708,60048.07633888034,60360.01649684997,169.86088304449083,237.5925925643673,361.33133491737215,777.3462435019072,523307.44850177487,3643331591.5,539.75365093754,269.87682546877,5.258610766168694,0.5524407777534219,0.05961389175524929,cdbox
AL713883.1/98037-98133,15146.999999999987,393.62398312073265,808163.0,55.91710214148631,0.002134636121564228,0.42603523531107457,87581.69589588912,88036.66880624232,181.23351230278365,244.52382456152225,393.62398312073265,1023.4780684711529,808107.0828978585,7750455054.499999,778.9542439096307,389.47712195481535,5.782114999398507,0.5053581983985678,0.08094001275595275,cdbox
AC118772.5/60281-60186,11664.000000000007,355.86709726736905,613904.0,57.01019349563357,0.002743484224965705,0.46059055274002747,66374.05685958936,66722.47949955413,153.2264371940662,199.66695551725905,355.86709726736905,1046.1145053102891,613846.9898065043,4451889270.568421,846.44754979303,423.223774896515,5.690505560664379,0.5111093145920416,0.07162592377389884,cdbox
AJ007733.1/1-97,16154.99999999999,437.4587447027037,915411.0,58.931135827703194,0.0020014443412772116,0.40044931714879806,96716.0607965399,97218.48527243502,207.53035912880367,266.83599114190883,437.4587447027037,1321.1771976887344,915352.0688641723,9451433878.666666,1054.3412065468256,527.1706032734128,5.986757090469821,0.487536644664283,0.08201155464589412,cdbox
