nameseq,average,median,maximum,minimum,peak,none_levated_peak,sample_standard_deviation,population_standard_deviation,percentile15,percentile25,percentile50,percentile75,amplitude,variance,interquartile_range,semi_interquartile_range,coefficient_of_variation,skewness,kurtosis,label
AJ536282.1/1-115,18258.000000000004,369.327966013743,1535652.0,86.47683630597224,0.0020995362763354874,0.5358555417784959,143550.83211880035,144179.06633309918,156.97815459225703,202.65043806572257,369.327966013743,808.4421502999041,1535565.523163694,20787603168.68421,605.7917122341815,302.8958561170908,7.862352509519132,0.3738467782446963,0.04842561042657318,cdbox
AJ536279.1/1-115,4874.0,232.36881039375345,222404.0,39.93864193414682,0.007864861168102859,0.7374362603808798,23679.556625916794,23783.187565788434,83.01706260168787,120.8029320046156,232.36881039375345,616.0673225738467,222364.06135806584,565640010.7894737,495.26439056923107,247.63219528461553,4.8583415317843235,0.5880555024234797,0.06293657204678975,cdbox
AJ536281.1/1-115,19346.000000000004,337.80218271570095,1496644.0,45.619069903937245,0.001981460422481822,0.4784594645928304,141626.2430272017,142246.0544918866,134.94394807281338,212.78096569992482,337.80218271570095,829.3015062400079,1496598.3809300961,20233940018.50877,616.5205405400832,308.2602702700416,7.320699008952842,0.40264143306336503,0.05190364553057667,cdbox
AJ536280.1/1-114,7775.0,280.055802038672,386715.0,25.57082546708665,0.004887459807073955,0.6042545043819597,40002.31123322751,40178.9227375994,105.26893115440225,154.05278429446642,280.055802038672,703.5903668175821,386689.42917453294,1614345832.3539822,549.5375825231157,274.76879126155785,5.1449917984858535,0.5620883369160726,0.04684269535759822,cdbox
