nameseq,average,median,maximum,minimum,peak,none_levated_peak,sample_standard_deviation,population_standard_deviation,percentile15,percentile25,percentile50,percentile75,amplitude,variance,interquartile_range,semi_interquartile_range,coefficient_of_variation,skewness,kurtosis,label
AJ494961.1/1-137,152551.00000000026,1496.8492112033332,15769115.0,551.5475484052096,0.0002993534402702479,0.3101914595359869,1356828.2564318888,1361807.4594269602,774.040157108901,890.715887643015,1496.8492112033332,4915.9297070154735,15768563.452451594,1854519556550.9119,4025.2138193724586,2012.6069096862293,8.894259994571563,0.333986597211715,0.07469787670414785,cdbox
AK060741.1/737-601,145967.0000000002,1367.8474552905468,15086451.0,510.28283209871864,0.0003128561021783458,0.31103489798672346,1298653.712376013,1303419.4300883103,747.1072705000806,874.8058461845867,1367.8474552905468,4444.357495685681,15085940.7171679,1698902210731.7354,3569.5516495010943,1784.7758247505471,8.896899383943023,0.3340362819588406,0.07801434607423725,cdbox
AK064985.1/714-578,150519.00000000006,1415.290096383537,15579275.0,469.47913802616637,0.00030339469878664255,0.3113703834657908,1341054.5616088854,1345975.8792908126,744.3810867397207,834.8820569879085,1415.290096383537,4592.015623787887,15578805.520861974,1811651067632.6765,3757.133566799979,1878.5667833999894,8.909536746914908,0.33355177523441176,0.07833692447208779,cdbox
AAAA02033424.1/23901-23765,152551.00000000026,1496.8492112033332,15769115.0,551.5475484052096,0.0002993534402702479,0.3101914595359869,1356828.2564318888,1361807.4594269602,774.040157108901,890.715887643015,1496.8492112033332,4915.9297070154735,15768563.452451594,1854519556550.9119,4025.2138193724586,2012.6069096862293,8.894259994571563,0.333986597211715,0.07469787670414785,cdbox
