nameseq,average,median,maximum,minimum,peak,none_levated_peak,sample_standard_deviation,population_standard_deviation,percentile15,percentile25,percentile50,percentile75,amplitude,variance,interquartile_range,semi_interquartile_range,coefficient_of_variation,skewness,kurtosis,label
AJ490388.1/4-85,2831.0,134.1824539114862,149043.0,10.560535746184748,0.009655010008242081,0.6628087904967217,16499.549812040324,16601.086461545332,42.17768645237352,64.97245383375713,134.1824539114862,586.9104032625957,149032.4394642538,275596071.7037037,521.9379494288385,260.96897471441923,5.828170191466028,0.4903438415247937,0.10404091346008873,cdbox
AJ490400.1/1-82,3199.000000000001,133.6664954010117,160019.0,27.091248027036055,0.008544336771907884,0.6450744799008854,17852.690329471352,17962.554076140495,53.741344096201274,59.35254630840482,133.6664954010117,546.0879096270696,159991.90875197295,322653348.9382716,486.7353633186648,243.3676816593324,5.580709699740965,0.5151044657183205,0.12657606811770986,cdbox
AJ490397.1/1-82,3239.000000000001,121.81519608837547,96915.0,19.29632068961925,0.008438818565400841,0.6127954238267436,13000.979963064325,13080.986748750558,50.282987963791314,64.03216038568661,121.81519608837547,457.77723108883134,96895.70367931038,171112214.32098767,393.74507070314473,196.87253535157237,4.01388699075774,0.7192961175467206,0.06597702858500053,cdbox
AJ490385.1/4-84,4011.0000000000014,147.68686732138224,146115.0,17.54904140981261,0.006731488406881075,0.5676426053136532,18169.378415344872,18282.58436053284,41.590995572634185,59.1701281861767,147.68686732138224,530.5767167302007,146097.4509585902,334252890.9,471.406588544024,235.703294272012,4.529887413449231,0.6378830983148892,0.09272923641103295,cdbox
