nameseq,average,median,maximum,minimum,peak,none_levated_peak,sample_standard_deviation,population_standard_deviation,percentile15,percentile25,percentile50,percentile75,amplitude,variance,interquartile_range,semi_interquartile_range,coefficient_of_variation,skewness,kurtosis,label
AJ494930.1/3-84,15223.0,320.5116582798943,784619.0,61.037131239559784,0.0017955286956140926,0.3615547838429269,87790.97206433017,88331.22929933028,121.43295906726264,168.99459800615654,320.5116582798943,762.850398792908,784557.9628687605,7802406069.530864,593.8558007867514,296.9279003933757,5.7669954716107314,0.5092490033303224,0.028591751685513738,cdbox
AJ490373.1/3-94,7406.000000000003,246.88546751627575,292324.0,32.140439973050185,0.0041407867494824,0.5023208973596911,34088.650369294475,34275.43889283846,105.54167142857415,141.01358606337908,246.88546751627575,774.4529062718054,292291.85956002696,1174805711.2967033,633.4393202084264,316.7196601042132,4.6028423398993334,0.6300438229375314,0.046983868458187285,cdbox
AJ494931.1/3-84,17191.00000000001,321.79157087753265,968451.0,27.0,0.00158997925270975,0.3637282319871862,107294.7721000422,107955.05385272928,125.53484653166451,155.39163623511894,321.79157087753265,833.2017358823418,968424.0,11654293652.345678,677.8100996472228,338.9050498236114,6.24133395963249,0.47166906920852236,0.03654173915754078,cdbox
AJ494932.1/3-84,12831.0,278.2289327205589,668075.0,57.975086596590316,0.0021302574494063854,0.40680339136764565,74527.54459929562,74986.17997181503,144.13931673674338,186.0107351008306,278.2289327205589,712.5815795198123,668017.0249134034,5622927186.765432,526.5708444189817,263.28542220949083,5.80839720982742,0.5052938937450818,0.028519210749400073,cdbox
