nameseq,average,median,maximum,minimum,peak,none_levated_peak,sample_standard_deviation,population_standard_deviation,percentile15,percentile25,percentile50,percentile75,amplitude,variance,interquartile_range,semi_interquartile_range,coefficient_of_variation,skewness,kurtosis,label
AJ224024.1/1-72,7947.999999999996,127.8996614344461,406584.0,21.0360834330001,0.003019627579265225,0.4815596122936792,48474.892305192385,48815.07116154848,41.27107486495983,79.42812973314324,127.8996614344461,342.95977427898856,406562.963916567,2382911172.5070424,263.5316445458453,131.76582227292266,6.099005071111274,0.4839680894594521,0.05385234574678366,cdbox
AF001689.1/2296-2367,7947.999999999996,127.8996614344461,406584.0,21.0360834330001,0.003019627579265225,0.4815596122936792,48474.892305192385,48815.07116154848,41.27107486495983,79.42812973314324,127.8996614344461,342.95977427898856,406562.963916567,2382911172.5070424,263.5316445458453,131.76582227292266,6.099005071111274,0.4839680894594521,0.05385234574678366,cdbox
AF001689.1/3399-3470,5756.0,233.82893224606312,248496.0,16.0,0.004169562195969423,0.4554132241681125,29696.33270287764,29904.730576837494,68.84678894606405,98.89944838348575,233.82893224606312,546.095405253112,248480.0,894292910.8732394,447.19595686962623,223.59797843481311,5.159196091535379,0.5578639412824358,0.13148375763277936,cdbox
AJ224025.1/2-73,5756.0,233.82893224606312,248496.0,16.0,0.004169562195969423,0.4554132241681125,29696.33270287764,29904.730576837494,68.84678894606405,98.89944838348575,233.82893224606312,546.095405253112,248480.0,894292910.8732394,447.19595686962623,223.59797843481311,5.159196091535379,0.5578639412824358,0.13148375763277936,cdbox
