nameseq,average,median,maximum,minimum,peak,none_levated_peak,sample_standard_deviation,population_standard_deviation,percentile15,percentile25,percentile50,percentile75,amplitude,variance,interquartile_range,semi_interquartile_range,coefficient_of_variation,skewness,kurtosis,label
AJ490429.1/1-84,3610.0000000000014,212.74794253232187,179460.0,17.953977110989864,0.007756232686980606,0.6044755957584294,19757.263879393828,19875.927191830317,59.99999999999999,111.92412650380224,212.74794253232187,452.0989312539186,179442.046022889,395052481.73493975,340.1748047501163,170.08740237505816,5.47292628238056,0.5158485625650171,0.03652721664869399,cdbox
AJ490425.1/1-86,3712.9999999999995,191.22921132722144,148499.0,11.872752629014379,0.00772062124068588,0.59264540662979,16926.078163591235,17025.35220055495,67.11987030554963,115.72368256215907,191.22921132722144,477.12553255514376,148487.12724737098,289862617.5529412,361.4018499929847,180.70092499649235,4.558599020627859,0.6242032125755393,0.04023998457727182,cdbox
AC078839.4/148113-148196,6585.999999999998,188.1568600904311,356852.0,19.215768788868157,0.004251442453689646,0.532395774957419,39501.66745847573,39738.91684361332,98.03092865685724,141.57906175813736,188.1568600904311,456.61764906773004,356832.7842312111,1579181511.9036145,315.0385873095927,157.51929365479634,5.997823786589088,0.4858916257118765,0.08137011720590646,cdbox
AC078839.4/149971-150054,3610.0000000000014,212.74794253232187,179460.0,17.953977110989864,0.007756232686980606,0.6044755957584294,19757.263879393828,19875.927191830317,59.99999999999999,111.92412650380224,212.74794253232187,452.0989312539186,179442.046022889,395052481.73493975,340.1748047501163,170.08740237505816,5.47292628238056,0.5158485625650171,0.03652721664869399,cdbox
