nameseq,average,median,maximum,minimum,peak,none_levated_peak,sample_standard_deviation,population_standard_deviation,percentile15,percentile25,percentile50,percentile75,amplitude,variance,interquartile_range,semi_interquartile_range,coefficient_of_variation,skewness,kurtosis,label
AF317993.1/1-96,20200.000000000015,353.85836852499904,1653264.0,48.0,0.001584158415841583,0.4382830195422478,167814.7643564177,168695.68780736512,130.12835696664416,177.979502121091,353.85836852499904,1192.4305909532989,1653216.0,28458235084.8,1014.4510888322079,507.22554441610396,8.30766160180285,0.35478657150793264,0.08922110237839093,cdbox
AF317936.1/1-96,28447.99999999999,508.7801597373781,2270112.0,94.10788020272463,0.0011248593925759283,0.34227218778983187,230641.30995118807,231852.03380777146,192.16270409886363,294.77262016171665,508.7801597373781,1495.7824600025292,2270017.8921197974,53755365580.8,1201.0098398408127,600.5049199204063,8.107470119206559,0.3634113053664439,0.0961652959834548,cdbox
AF317937.1/1-96,28447.99999999999,508.7801597373781,2270112.0,94.10788020272463,0.0011248593925759283,0.34227218778983187,230641.30995118807,231852.03380777146,192.16270409886363,294.77262016171665,508.7801597373781,1495.7824600025292,2270017.8921197974,53755365580.8,1201.0098398408127,600.5049199204063,8.107470119206559,0.3634113053664439,0.0961652959834548,cdbox
AJ505638.1/15-116,37489.00000000001,513.2740289268534,3208475.0,135.34105044554175,0.0009069327002587424,0.3279501409106247,316282.60573417565,317844.50464413455,330.1979351594749,370.3805174598291,513.2740289268534,2015.3760249350266,3208339.6589495544,101025129132.47525,1644.9955074751974,822.4977537375987,8.436677578334328,0.3507217150172648,0.06527447288460046,cdbox
