nameseq,average,median,maximum,minimum,peak,none_levated_peak,sample_standard_deviation,population_standard_deviation,percentile15,percentile25,percentile50,percentile75,amplitude,variance,interquartile_range,semi_interquartile_range,coefficient_of_variation,skewness,kurtosis,label
AK099797.1/502-609,22510.000000000007,505.3859012583201,1750308.0,117.66983923917935,0.001599289204797867,0.44160329071158744,168419.6952496946,169204.87291054268,204.36966349718386,289.0045931247211,505.3859012583201,1305.122738055923,1750190.3301607608,28630289016.672897,1016.1181449312019,508.05907246560093,7.481994458005089,0.39196034762059556,0.049355644097083186,cdbox
AJ490440.1/1-108,22510.000000000007,505.3859012583201,1750308.0,117.66983923917935,0.001599289204797867,0.44160329071158744,168419.6952496946,169204.87291054268,204.36966349718386,289.0045931247211,505.3859012583201,1305.122738055923,1750190.3301607608,28630289016.672897,1016.1181449312019,508.05907246560093,7.481994458005089,0.39196034762059556,0.049355644097083186,cdbox
AL731784.3/24013-23910,19596.000000000004,385.98356683878416,1492496.0,72.80545407279956,0.0017690685173844998,0.45331092264752965,146192.69886010038,146900.6579588324,175.9078646227805,211.44576225413243,385.98356683878416,1461.6854249492378,1492423.1945459272,21579803308.737865,1250.2396626951054,625.1198313475527,7.460333683409898,0.3942060701309915,0.08121310860719493,cdbox
AAAA02035057.1/4449-4556,22510.000000000007,505.3859012583201,1750308.0,117.66983923917935,0.001599289204797867,0.44160329071158744,168419.6952496946,169204.87291054268,204.36966349718386,289.0045931247211,505.3859012583201,1305.122738055923,1750190.3301607608,28630289016.672897,1016.1181449312019,508.05907246560093,7.481994458005089,0.39196034762059556,0.049355644097083186,cdbox
