nameseq,average,median,maximum,minimum,peak,none_levated_peak,sample_standard_deviation,population_standard_deviation,percentile15,percentile25,percentile50,percentile75,amplitude,variance,interquartile_range,semi_interquartile_range,coefficient_of_variation,skewness,kurtosis,label
Z49425.1/3177-2988,236005.00000000032,1789.9506478699025,28191227.0,420.4506167755666,0.00026835589641462364,0.27030446749508297,2122642.661736073,2128250.7102459352,845.5459091276471,1046.7596293765919,1789.9506478699025,5362.165768955287,28190806.549383223,4529451085662.328,4315.406139578695,2157.7030697893474,8.994058014601682,0.33102375671735057,0.055781216041416976,cdbox
AABY01000001.1/58183-58381,209603.99999999985,1579.3611865771286,26126792.0,352.0913451835452,0.00031646978747224946,0.30972855837924,1924707.723310737,1929561.9749630676,757.369106766379,867.189329644003,1579.3611865771286,4820.9286680126925,26126439.908654816,3723209415223.3735,3953.7393383686895,1976.8696691843447,9.182590615211247,0.3242434728566389,0.057498252690006926,cdbox
AABZ01000130.1/3235-3036,182859.99999999997,1315.9979300371856,23167968.0,217.5461911336398,0.0003645776368077583,0.32701544963741064,1693824.4359696787,1698074.9431194877,612.6298028988494,797.7386288392926,1315.9979300371856,3958.5466068558353,23167750.453808866,2883458512450.2515,3160.8079780165426,1580.4039890082713,9.262957650495892,0.3215398211551353,0.04678720238746906,cdbox
AACI02000020.1/23732-23928,180757.0000000001,1352.35050084013,22589187.0,180.31112648765537,0.0003632869911907513,0.3249724780269053,1659966.4068655125,1664195.6274953564,685.5544499490112,836.631679442922,1352.35050084013,4328.206669339226,22589006.68887351,2769547086574.663,3491.574989896304,1745.787494948152,9.183414234942557,0.32423183160301444,0.05717554799369129,cdbox
