nameseq,average,median,maximum,minimum,peak,none_levated_peak,sample_standard_deviation,population_standard_deviation,percentile15,percentile25,percentile50,percentile75,amplitude,variance,interquartile_range,semi_interquartile_range,coefficient_of_variation,skewness,kurtosis,label
U56648.1/1-99,59058.0,1016.1160687521638,4697924.0,265.29455265714125,0.0005587727318906837,0.2808218145005992,470395.27477431146,472789.1593174078,433.0360107306028,562.5726796668387,1016.1160687521638,3089.0512209209373,4697658.705447343,223529589168.06122,2526.4785412540987,1263.2392706270493,7.964971295579116,0.3701687944830789,0.06626741747218824,cdbox
AADM01000045.1/22801-22708,60317.00000000008,921.8009717056548,4534699.0,165.80942618576339,0.0005194776486452126,0.2413413583368124,466467.740275788,468968.925713485,340.3141240564455,402.81900820556336,921.8009717056548,2619.6091000400697,4534533.190573814,219931853284.86023,2216.7900918345063,1108.3950459172531,7.73360313470145,0.38198911028560145,0.06521040119458128,cdbox
AACF01000157.1/2944-2847,90534.99999999993,1245.4499514440852,6940579.0,388.73206146464554,0.00036081809981406847,0.23190690131516037,700274.8904708779,703875.2992441936,490.1907968807512,709.0520428892943,1245.4499514440852,4337.169216159915,6940190.267938536,495440436886.1031,3628.1171732706207,1814.0585866353103,7.734852714098177,0.3825192846277091,0.07738718145211163,cdbox
AAZN01000317.1/31446-31541,47360.00000000001,686.2002742517955,3294424.0,186.97209330766248,0.0006756756756756756,0.29213119398175813,337492.095457064,339263.71967938857,342.72676900175867,409.461464921662,686.2002742517955,2177.1876133562937,3294237.027906692,115099871490.69473,1767.7261484346318,883.8630742173159,7.126099988535978,0.4148879368200144,0.05543106483537671,cdbox
