nameseq,average,median,maximum,minimum,peak,none_levated_peak,sample_standard_deviation,population_standard_deviation,percentile15,percentile25,percentile50,percentile75,amplitude,variance,interquartile_range,semi_interquartile_range,coefficient_of_variation,skewness,kurtosis,label
AJ223033.1/15-106,43486.0,734.1705125971216,2886348.0,188.00051158897256,0.0007052078063438041,0.28772595431126424,303367.50305199134,305029.803183338,309.64449541768346,487.46951390635894,734.1705125971216,2089.336170374361,2886159.999488411,93043180830.06593,1601.8666564680018,800.9333282340009,6.9762108046725695,0.42277266738167446,0.06798032335092455,cdbox
AABY01000024.1/7397-7488,47133.99999999998,769.3012747542418,3210308.0,211.7256905846377,0.0006506272895715764,0.27246405151886,336469.31669321645,338312.9979830921,352.0,505.14585353157145,769.3012747542418,2185.5182619742754,3210096.2743094154,114455684604.3077,1680.372408442704,840.186204221352,7.138569115568732,0.4133931068150247,0.06837741833753933,cdbox
AACH01000015.1/15664-15755,33806.00000000002,676.1111727602567,2159220.0,164.0,0.0009071368001735387,0.30379400623267044,227628.78430462172,228876.0746512842,293.00495178604507,421.2867334607181,676.1111727602567,2042.3317707899905,2159056.0,52384257547.78022,1621.0450373292724,810.5225186646362,6.733384142005016,0.43663048495972356,0.07902414382317247,cdbox
AACI02000291.1/11268-11177,39390.0,717.9250511471283,2541644.0,184.65229105560007,0.0007785393924007786,0.28686302638412225,267817.2046825969,269284.7072003088,312.00000000000006,413.00686650197315,717.9250511471283,1873.8912680080093,2541459.347708944,72514253531.95604,1460.8844015060363,730.4422007530181,6.799116645915128,0.43319182941982776,0.054505016957407074,cdbox
