nameseq,average,median,maximum,minimum,peak,none_levated_peak,sample_standard_deviation,population_standard_deviation,percentile15,percentile25,percentile50,percentile75,amplitude,variance,interquartile_range,semi_interquartile_range,coefficient_of_variation,skewness,kurtosis,label
AJ223034.1/8-96,36710.999999999956,575.8370744554865,2520795.0,191.47425516571883,0.0008081138260103703,0.28744733072751727,267226.9066168301,268740.95219822583,302.10936400609563,379.96854279352317,575.8370744554865,2139.704648674953,2520603.5257448344,72221699388.40909,1759.73610588143,879.868052940715,7.279205323113792,0.40566831442641105,0.1062059964519059,cdbox
AACI02000236.1/11645-11732,54699.999999999876,788.0250132835808,3806360.0,299.30334292023497,0.0005362583790371737,0.22095816958805253,405304.9960116455,407627.6797604041,470.64395475997037,552.3341248502106,788.0250132835808,2970.400287149999,3806060.6966570797,166160325306.8506,2418.066162299788,1209.033081149894,7.409597733302493,0.39904744957918503,0.09855710401472942,cdbox
