nameseq,average,median,maximum,minimum,peak,none_levated_peak,sample_standard_deviation,population_standard_deviation,percentile15,percentile25,percentile50,percentile75,amplitude,variance,interquartile_range,semi_interquartile_range,coefficient_of_variation,skewness,kurtosis,label
AJ010796.1/1-103,46860.00000000005,586.9047601911429,3681128.0,161.09295508396823,0.0007326789016929854,0.2926839608699305,364428.86102502915,366210.9198723663,257.3509980844322,349.5434582080384,586.9047601911429,1472.7912728752822,3680966.907044916,134110437833.76471,1123.2478146672438,561.6239073336219,7.776970999253708,0.3809228646956492,0.05358734974126196,cdbox
AACF01000013.1/100163-100061,76203.99999999999,1079.290967903707,6349096.0,219.65044281820263,0.0004505450282574844,0.2371008731166114,624606.4750064635,627660.8036119384,446.43492610213065,627.4861559921374,1079.290967903707,2943.1964565367684,6348876.349557182,393958084390.7843,2315.710300544631,1157.8551502723155,8.196505104803732,0.3608257937030778,0.051908433902439016,cdbox
CR382124.1/957592-957696,44927.00000000001,827.0210039828612,3508259.0,248.7088167411946,0.000779041556302446,0.2918796594384363,343997.5140549711,345647.39169336006,347.8209533739153,486.3378967655783,827.0210039828612,2004.3515382199785,3508010.291183259,119472119384.42308,1518.0136414544002,759.0068207272001,7.656810248958779,0.3845956193942431,0.05006058584903875,cdbox
AAZN01000292.1/2511-2408,61044.00000000009,680.9274578701493,5111112.0,24.0,0.0005678963807526803,0.29121650429322243,500778.59313672746,503203.68525299395,308.7082702840635,364.3445335260772,680.9274578701493,2407.194867075006,5111088.0,253213948852.19418,2042.850333548929,1021.4251667744645,8.203567805791343,0.3616153328202411,0.09215043196327137,cdbox
