nameseq,average,median,maximum,minimum,peak,none_levated_peak,sample_standard_deviation,population_standard_deviation,percentile15,percentile25,percentile50,percentile75,amplitude,variance,interquartile_range,semi_interquartile_range,coefficient_of_variation,skewness,kurtosis,label
AJ010801.1/1-82,39671.0,704.0189639332823,2115555.0,141.0059043121076,0.0006890003613050675,0.24435281774224749,237184.239392081,238643.84848794198,298.5162161616585,439.6653380259554,704.0189639332823,2435.995930357758,2115413.9940956878,56950886421.1358,1996.3305923318026,998.1652961659013,5.978781462329687,0.49286977670955306,0.05586961653297444,cdbox
AAZN01000292.1/3733-3648,41696.99999999997,625.5067931837873,2527099.0,68.5650601245861,0.0006874995003637357,0.261626821023853,274532.64454705565,276142.8204920737,294.62846468073457,339.202279611335,625.5067931837873,2807.7659715612895,2527030.4349398753,76254857309.31764,2468.5636919499543,1234.2818459749772,6.583990324173342,0.44881540344222803,0.11048429619839707,cdbox
AACF01000013.1/101212-101134,32904.00000000002,518.4969644618741,1606152.0,170.92172256820902,0.0008003079666099354,0.2732867477557408,185427.39454568198,186612.2461831979,296.77176869833954,370.27480977554364,518.4969644618741,2804.1084500192387,1605981.078277432,34824130425.53846,2433.8336402436953,1216.9168201218476,5.6354058638974545,0.5239598460877846,0.08219583004125815,cdbox
CR382124.1/956328-956411,51042.000000000015,978.2857581994306,2820452.0,224.86747265445769,0.0005485678460875356,0.22168652256061586,312578.62786185497,314455.99385774194,466.58895871674355,598.9412812792198,978.2857581994306,3486.1001353518072,2820227.1325273453,98882572073.06024,2887.1588540725875,1443.5794270362937,6.123949450684826,0.4804907608455532,0.06645624779057221,cdbox
