nameseq,average,median,maximum,minimum,peak,none_levated_peak,sample_standard_deviation,population_standard_deviation,percentile15,percentile25,percentile50,percentile75,amplitude,variance,interquartile_range,semi_interquartile_range,coefficient_of_variation,skewness,kurtosis,label
Z69299.1/1-84,38385.999999999985,440.1930811352308,2531892.0,68.01339135460364,0.0007294326056374723,0.28677321054587057,275691.44753510214,277347.26691245264,193.22268308803197,243.87722811642067,440.1930811352308,1774.5171079551235,2531823.9866086454,76921506463.80724,1530.6398798387029,765.3199399193514,7.1820832474105725,0.41291603992213083,0.0811502860792559,cdbox
AACI02000031.1/7633-7716,44362.0,482.732304573639,3026316.0,153.0567025375716,0.0006311708218745773,0.27029578049113484,329018.41670642083,330994.521060613,275.99999999999994,319.22811337447837,482.732304573639,1897.014846873371,3026162.9432974625,109557372972.14458,1577.7867334988925,788.8933667494463,7.416672303016564,0.4000925066870585,0.0821742725285989,cdbox
AACA01000204.1/8000-7917,48522.00000000002,738.3561685321823,3252884.0,212.0,0.0005770578294381927,0.26045203448570453,353658.38532120234,355782.47880546877,371.68210388913917,431.0,738.3561685321823,2218.0305393648487,3252672.0,126581172224.96385,1787.0305393648487,893.5152696824243,7.288619292716751,0.40533729000715824,0.07009172750371472,cdbox
AAZN01000292.1/3455-3372,39081.999999999985,752.7796786740138,2507876.0,220.56801306641032,0.0007164423519778929,0.26299146582115895,273523.05696595303,275165.85285942623,338.2936247741481,418.36403907902195,752.7796786740138,2735.274796392777,2507655.4319869336,75716246579.85542,2316.910757313755,1158.4553786568774,6.998696509031092,0.42039476393498737,0.08492403169188403,cdbox
