nameseq,average,median,maximum,minimum,peak,none_levated_peak,sample_standard_deviation,population_standard_deviation,percentile15,percentile25,percentile50,percentile75,amplitude,variance,interquartile_range,semi_interquartile_range,coefficient_of_variation,skewness,kurtosis,label
AF195106.1/1-62,4956.999999999998,182.50353206706188,205339.0,40.13805819183255,0.004169188353170602,0.4238363001366434,26436.001777878595,26651.809454765258,103.17989884491365,108.93117797274599,182.50353206706188,506.3564956398787,205298.86194180817,710318947.2131147,397.42531766713273,198.71265883356637,5.333064712099779,0.5418175382248829,0.09694290463996198,cdbox
BA000001.2/1732056-1732107,4802.000000000002,117.50031829047289,202324.0,24.000000000000004,0.0036096071081493804,0.426560818391384,27776.626793043102,28047.62469129123,43.585013179203045,62.17360869200774,117.50031829047289,589.0821367493869,202300.0,786669250.8235294,526.9085280573792,263.4542640286896,5.784387087264284,0.5059469297635668,0.13695016444351127,cdbox
AF254842.1/1-50,2974.9999999999995,112.89963420863023,115859.0,31.799913135322818,0.005602240896358544,0.46341315254432836,16216.433393320493,16381.071455824138,45.2286773866522,53.884515690630565,112.89963420863023,453.99969771627894,115827.20008686467,268339502.04081634,400.1151820256484,200.0575910128242,5.450901980948066,0.529481476544083,0.11705016968898858,cdbox
AE006641.1/2189456-2189402,10460.000000000002,373.2854784784775,422832.0,70.00763541193183,0.0017527087316762265,0.27729720511316097,56736.64272760593,57259.572148179665,152.88945406407112,182.0093179097553,373.2854784784775,952.7394134042338,422761.9923645881,3278658602.5925927,770.7300954944785,385.36504774723926,5.4241532244365125,0.5333439221958249,0.07968072075531935,cdbox
