nameseq,average,median,maximum,minimum,peak,none_levated_peak,sample_standard_deviation,population_standard_deviation,percentile15,percentile25,percentile50,percentile75,amplitude,variance,interquartile_range,semi_interquartile_range,coefficient_of_variation,skewness,kurtosis,label
AF195108.1/1-55,2196.0000000000005,120.05974120937591,71976.0,27.49119661864094,0.0083485124468731,0.5033714994891069,9726.278013711102,9815.92302408769,62.25735421375195,74.95671627086239,120.05974120937591,557.3742527797931,71948.50880338137,96352344.81481482,482.4175365089307,241.20876825446535,4.429088348684472,0.6403087355299258,0.11938257733556837,cdbox
AJ248283.1/65278-65224,2227.9999999999995,173.98079607466838,65552.0,23.2954323726896,0.008228605625374029,0.4535965507703035,9236.624708192921,9321.756689475314,50.92609129376207,65.94952932962218,173.98079607466838,308.0739087062379,65528.70456762731,86895147.77777778,242.1243793766157,121.06218968830785,4.145702292725729,0.6671330498369415,0.06821673425153268,cdbox
BA000001.2/56243-56188,2676.000000000001,181.6181000470184,117792.0,11.869222290528992,0.006975585450921772,0.5034550520998264,15577.550513479324,15718.526694781081,47.03210066308332,69.58748197154607,181.6181000470184,392.89430341908593,117780.13077770948,247072081.45454547,323.30682144753985,161.65341072376992,5.821207217294215,0.48038012737520885,0.15978438923527571,cdbox
CP000682.1/1693002-1693054,3661.0000000000045,194.27925072011115,142139.0,25.123117784372905,0.004825639624874801,0.41913592360081603,19340.171095416918,19525.248719975967,52.03186246017653,65.12623061306444,194.27925072011115,548.5107933891582,142113.8768822156,381235337.5769231,483.38456277609373,241.69228138804687,5.282756376786915,0.5377492368877869,0.11749577673765732,cdbox
