nameseq,average,median,maximum,minimum,peak,none_levated_peak,sample_standard_deviation,population_standard_deviation,percentile15,percentile25,percentile50,percentile75,amplitude,variance,interquartile_range,semi_interquartile_range,coefficient_of_variation,skewness,kurtosis,label
CP000077.1/2196893-2196945,4269.0,178.0310168965975,160595.0,46.24885604778599,0.004138361833372375,0.3957888681904964,22079.068322734995,22290.35608733068,75.2308211847501,87.90022011440226,178.0310168965975,319.0833720094697,160548.75114395222,496859974.5,231.18315189506745,115.59157594753373,5.171953226220425,0.5558616319273172,0.05407732481525436,cdbox
