nameseq,average,median,maximum,minimum,peak,none_levated_peak,sample_standard_deviation,population_standard_deviation,percentile15,percentile25,percentile50,percentile75,amplitude,variance,interquartile_range,semi_interquartile_range,coefficient_of_variation,skewness,kurtosis,label
BA000001.2/689901-689953,5021.0,264.1648740850526,188595.0,33.30879205314866,0.003518555400650601,0.39106022459445827,25850.550361646074,26097.92968579338,71.3188868215095,83.92058646806315,264.1648740850526,532.1610515565476,188561.69120794686,681101933.8846154,448.2404650884844,224.1202325442422,5.148486429326045,0.5520387449436163,0.11703501268058983,cdbox
AF195111.1/1-57,17230.999999999996,221.0,850859.0,72.46836185712178,0.0011026638036097734,0.2598789831199297,111662.43058432858,112655.00504289317,95.16931863085188,113.84477151698644,221.0,744.948637471738,850786.5316381429,12691150161.214285,631.1038659547517,315.5519329773758,6.480322127812002,0.45700241104336004,0.09664152460340387,cdbox
CP000077.1/794012-793956,17279.000000000004,210.07553297857203,852267.0,46.62172501346384,0.0010996006713351464,0.2602428578851565,111849.91796152556,112844.15900732935,94.69814841385809,117.73990342333079,210.07553297857203,809.1267581100145,852220.3782749865,12733804222.071428,691.3868546866837,345.69342734334185,6.473170783119714,0.45781681680516334,0.10422503385787163,cdbox
AJ248287.2/46690-46638,5989.000000000004,278.16376523132055,213011.0,58.99243332523751,0.0029498525073746295,0.35685291972260824,29404.567434328972,29685.95726615014,78.1510097446915,96.62927078563575,278.16376523132055,547.5427118122076,212952.00756667476,881256058.8076923,450.91344102657183,225.45672051328592,4.909762470250285,0.582647874095381,0.1225392912548772,cdbox
