nameseq,average,median,maximum,minimum,peak,none_levated_peak,sample_standard_deviation,population_standard_deviation,percentile15,percentile25,percentile50,percentile75,amplitude,variance,interquartile_range,semi_interquartile_range,coefficient_of_variation,skewness,kurtosis,label
AJ248284.1/214425-214363,2575.999999999999,97.42427372946739,44653.69788314721,21.868946294290417,0.008152173913043482,0.5332733281928829,9318.76386652221,9393.614577930566,45.29404234333204,64.45784439346505,97.42427372946739,216.3974235809942,44631.828936852915,88239994.83870965,151.93957918752915,75.96978959376457,3.6175325568797407,0.7979306360068366,0.02265406785501149,cdbox
BA000001.2/1433294-1433356,4496.0,130.05299492067442,180872.0,16.54806658122234,0.004670818505338078,0.4597428609681859,23182.12173205895,23368.32650432853,60.92395508981488,80.75211736966904,130.05299492067442,459.7221752898436,180855.45193341878,546078683.6129032,378.97005792017455,189.48502896008728,5.156165865671475,0.5649975082791818,0.04744197276212783,cdbox
