nameseq,average,median,maximum,minimum,peak,none_levated_peak,sample_standard_deviation,population_standard_deviation,percentile15,percentile25,percentile50,percentile75,amplitude,variance,interquartile_range,semi_interquartile_range,coefficient_of_variation,skewness,kurtosis,label
AE000782.1/2111100-2111040,5609.0000000000055,224.53470489717648,254067.0,44.53782892027936,0.0036251262851369785,0.41480890580282437,32522.580801652257,32792.48236562764,64.81283128455584,90.18563742853131,224.53470489717648,587.5611189640322,254022.4621710797,1075346899.7,497.37548153550085,248.68774076775043,5.798285042191518,0.4966824737502948,0.17327692374183234,cdbox
L77117.1/22583-22529,8004.0,235.98302873214223,346496.0,45.64933151479858,0.0022905214059636848,0.31151491770614914,46303.90674662344,46730.679885837235,92.11603891298074,173.34511273986797,235.98302873214223,653.9139735611767,346450.3506684852,2183756442.5925927,480.5688608213087,240.28443041065435,5.785095795430215,0.503284766905828,0.07681239033493692,cdbox
CP000745.1/387458-387404,9428.000000000005,253.2047006245096,398224.0,67.9658974987979,0.0019445622967048496,0.2827760604842973,53301.72428730613,53792.99480415642,131.73363562078634,164.6578070964837,253.2047006245096,720.9736703059951,398156.0341025012,2893686290.0,556.3158632095115,278.15793160475573,5.653555821733782,0.5163882832338588,0.09191045605430616,cdbox
CP000743.1/1513977-1513922,7276.000000000005,173.5099855464707,313888.0,70.03441337106798,0.0025655121861828827,0.3394264394337259,41611.50437078669,41988.08674677313,101.51570015421156,126.9459438354902,173.5099855464707,677.4519229308324,313817.96558662894,1762999428.6545455,550.5059790953422,275.2529895476711,5.719008297249404,0.512057191047375,0.11181896576397408,cdbox
