nameseq,average,median,maximum,minimum,peak,none_levated_peak,sample_standard_deviation,population_standard_deviation,percentile15,percentile25,percentile50,percentile75,amplitude,variance,interquartile_range,semi_interquartile_range,coefficient_of_variation,skewness,kurtosis,label
CP000077.1/458753-458807,9587.999999999996,303.60720384941374,411920.0,91.19629646685567,0.0019121123626755672,0.28193713913955487,55011.744964143785,55518.77637340362,190.31681859154486,200.7754398912362,303.60720384941374,1082.241998803123,411828.80370353314,3082334530.0,881.4665589118868,440.7332794559434,5.737562052997894,0.5063133046698706,0.04722376763851642,cdbox
BA000001.2/1401921-1401976,7516.0,302.8629150101524,326632.0,56.39722295095946,0.002483590562355863,0.3109465444877702,43274.68858351265,43666.3227071348,117.83139649824162,151.0787003817071,302.8629150101524,649.6959186294417,326575.60277704906,1906747738.7636364,498.6172182477346,249.3086091238673,5.7576754368696985,0.5000477637917423,0.07831610078719999,cdbox
AJ248284.1/246620-246563,4642.999999999999,276.76017442965724,159211.0,46.07463778345822,0.004163974441812047,0.3347920808592484,21248.147119219593,21433.723979960243,115.3024890048627,139.23120599920355,276.76017442965724,783.2533288411516,159164.92536221654,459404523.6491228,644.0221228419481,322.01106142097404,4.576383183118587,0.6164640805250655,0.12561120123116004,cdbox
CP000682.1/117691-117745,9548.000000000002,238.69477449084803,386088.0,114.15812068099288,0.001920122887864823,0.26604578678947116,51844.708158113885,52322.5496709982,169.4767715509123,176.13865552124213,238.69477449084803,1060.3978679451673,385973.841879319,2737649204.0740743,884.2592124239252,442.1296062119626,5.42990240449454,0.5386840174961355,0.0714138038855617,cdbox
