nameseq,average,median,maximum,minimum,peak,none_levated_peak,sample_standard_deviation,population_standard_deviation,percentile15,percentile25,percentile50,percentile75,amplitude,variance,interquartile_range,semi_interquartile_range,coefficient_of_variation,skewness,kurtosis,label
BA000002.3/277650-277585,21031.0,453.37864421070554,1134059.0,81.21184175165676,0.0010460748419000522,0.262956962670406,138632.1026025357,139694.43310046947,188.37147686356627,217.64999153902716,453.37864421070554,1023.6986149931829,1133977.7881582484,19514534639.26154,806.0486234541557,403.0243117270779,6.591797946009971,0.4452999190552473,0.07248807524168946,cdbox
