nameseq,average,median,maximum,minimum,peak,none_levated_peak,sample_standard_deviation,population_standard_deviation,percentile15,percentile25,percentile50,percentile75,amplitude,variance,interquartile_range,semi_interquartile_range,coefficient_of_variation,skewness,kurtosis,label
AJ248286.2/118705-118759,6027.999999999997,283.6666574046449,151928.0,96.07674773946042,0.0030413625304136264,0.27295375531544536,22706.234298095314,22915.51277094963,129.39279917424332,203.91414436762452,283.6666574046449,1141.5862397623548,151831.92325226055,525120725.5555556,937.6720953947303,468.83604769736513,3.766794010964719,0.7589545585386488,0.0896155638712679,cdbox
BA000001.2/1057034-1056980,4964.000000000002,277.0152679987527,122216.0,90.1349920558936,0.003693258125167874,0.29650264494747824,18035.9854734916,18202.21926843802,138.83804876938584,177.09533305164553,277.0152679987527,819.4035345596603,122125.8650079441,331320786.2962963,642.3082015080148,321.1541007540074,3.633357267020869,0.7796055400837312,0.04930901486622595,cdbox
