nameseq,average,median,maximum,minimum,peak,none_levated_peak,sample_standard_deviation,population_standard_deviation,percentile15,percentile25,percentile50,percentile75,amplitude,variance,interquartile_range,semi_interquartile_range,coefficient_of_variation,skewness,kurtosis,label
AJ248284.1/107848-107786,1975.999999999999,155.9351631519383,32136.0,31.120701158979198,0.010627530364372475,0.508516897713307,5980.833386744694,6028.8729808609205,74.17931449190635,96.38844355434085,155.9351631519383,363.3991690581259,32104.87929884102,36347309.41935484,267.010725503785,133.5053627518925,3.026737543899138,0.9129487744376225,0.042556369720439954,cdbox
BA000001.2/1615276-1615214,2679.999999999998,114.3630096428069,85656.0,25.84279974083551,0.007835820895522393,0.5502061524511992,11437.557081824772,11529.42648603018,57.993487750170026,75.76023413520127,114.3630096428069,217.22203756981574,85630.15720025917,132927675.09677419,141.46180343461447,70.73090171730723,4.267745179785366,0.6729506061484584,0.041968625305026416,cdbox
