nameseq,average,median,maximum,minimum,peak,none_levated_peak,sample_standard_deviation,population_standard_deviation,percentile15,percentile25,percentile50,percentile75,amplitude,variance,interquartile_range,semi_interquartile_range,coefficient_of_variation,skewness,kurtosis,label
AJ248283.1/235441-235496,6036.0,181.4122796796037,261064.0,29.608313668212034,0.003092555776452397,0.3729097202494949,34632.476088203686,34945.898549823345,79.7625422140673,102.75214632788847,181.4122796796037,624.3473240379356,261034.3916863318,1221215825.4545455,521.5951777100471,260.79758885502355,5.737653427469133,0.5071471966436629,0.11296005103176235,cdbox
BA000001.2/220695-220750,4716.0,161.37258300203047,211600.0,25.476196418671396,0.003958156629912356,0.43430353466459004,27986.670255677076,28239.94845218061,63.87257888392389,77.65964354974776,161.37258300203047,613.8128553549401,211574.52380358134,797494688.5818182,536.1532118051923,268.07660590259616,5.9344084511613815,0.4882282217271703,0.1591149013206997,cdbox
