nameseq,average,median,maximum,minimum,peak,none_levated_peak,sample_standard_deviation,population_standard_deviation,percentile15,percentile25,percentile50,percentile75,amplitude,variance,interquartile_range,semi_interquartile_range,coefficient_of_variation,skewness,kurtosis,label
BA000001.2/257161-257109,2021.0000000000005,159.86438773756922,79643.0,14.282314779261593,0.008741547088899883,0.5066848246567373,10866.03929681832,10970.022903348927,47.26713679219758,55.59080920972299,159.86438773756922,263.85026129224144,79628.71768522073,120341402.5,208.25945208251846,104.12972604125923,5.376565708470221,0.5138401108508939,0.1638245377702338,cdbox
AF195099.1/1-54,7105.000000000002,177.28367109296488,319115.0,11.0,0.0025334271639690354,0.38262531812550005,42977.34130911311,43380.89327350864,71.10347538781338,91.36603193547154,177.28367109296488,485.59520312128245,319104.0,1881901901.2075472,394.2291711858109,197.11458559290546,6.04888688375976,0.4835838689331431,0.07614615682943185,cdbox
AJ248288.1/160716-160768,3389.0,183.34344452093683,122267.0,21.88695325205606,0.005212943837906954,0.39452525057247545,16807.923667127954,16968.76870674702,67.73416501763006,85.57495828389133,183.34344452093683,430.2391965171736,122245.11304674794,287939111.4230769,344.6642382332823,172.33211911664114,4.959552572182932,0.5721688090031934,0.0677626808543198,cdbox
L77117.1/441357-441413,8559.0,250.8204120046691,342355.0,45.9450697255889,0.0022198855006425986,0.3166245718068682,45620.40845937265,46025.93117627124,97.93302836055247,106.85478318052586,250.8204120046691,569.828872632516,342309.05493027443,2118386340.642857,462.97408945199015,231.48704472599508,5.330109645913383,0.5463462429579646,0.052967833917564745,cdbox
