nameseq,average,median,maximum,minimum,peak,none_levated_peak,sample_standard_deviation,population_standard_deviation,percentile15,percentile25,percentile50,percentile75,amplitude,variance,interquartile_range,semi_interquartile_range,coefficient_of_variation,skewness,kurtosis,label
CP000077.1/368187-368239,11916.999999999998,506.00487958594215,444139.0,133.67548496161433,0.001482476014656933,0.21985586131370913,61154.427035170556,61739.65019742175,203.34991664636593,243.71641603237015,506.00487958594215,946.5650116473529,444005.3245150384,3811784406.5,702.8485956149827,351.42429780749137,5.131696486965727,0.559779349114896,0.06197672007002403,cdbox
