nameseq,average,median,maximum,minimum,peak,none_levated_peak,sample_standard_deviation,population_standard_deviation,percentile15,percentile25,percentile50,percentile75,amplitude,variance,interquartile_range,semi_interquartile_range,coefficient_of_variation,skewness,kurtosis,label
BA000002.3/509234-509293,1326.0,103.87559445399853,38924.0,12.0,0.015082956259426848,0.6151402810743869,5219.157403259649,5263.201706508105,41.43397280300026,52.97771733257082,103.87559445399853,275.8676961799732,38912.0,27701292.20338983,222.8899788474024,111.4449894237012,3.936016141221455,0.7024837408329847,0.046111856261439585,cdbox
AJ248285.1/47926-47870,3294.999999999998,210.27454226302467,141219.0,26.8182729549646,0.005766312594840671,0.48722229447112625,18557.764197230226,18722.72534534283,69.40827030440447,93.0,210.27454226302467,464.615810166988,141192.18172704504,350540444.35714287,371.615810166988,185.807905083494,5.63209839066168,0.49866871218204833,0.13204358161235835,cdbox
BA000001.2/1316443-1316499,4103.000000000001,235.3809315608095,104915.0,53.792908373612605,0.004630757981964415,0.3659210745647206,15859.690413119673,16000.668211493097,89.0,119.79637682208144,235.3809315608095,493.1438463194505,104861.20709162639,256021383.21428573,373.34746949736905,186.67373474868452,3.865388840633602,0.7315941801562089,0.05788889964663103,cdbox
AE009950.1/1301535-1301479,1135.0,156.65298159012576,16035.0,9.0,0.016740088105726872,0.5680497727775052,3176.192059684049,3204.4254332318073,29.48172984326141,48.181125110167144,156.65298159012576,317.75595603684235,16026.0,10268342.357142856,269.5748309266752,134.7874154633376,2.798407101043215,0.9240754337511897,0.0712431855274173,cdbox
