nameseq,average,median,maximum,minimum,peak,none_levated_peak,sample_standard_deviation,population_standard_deviation,percentile15,percentile25,percentile50,percentile75,amplitude,variance,interquartile_range,semi_interquartile_range,coefficient_of_variation,skewness,kurtosis,label
JF909315.1/1-56,10620.000000000002,267.2419765892713,443336.0,87.1385314715756,0.0017576898932831135,0.2843394466374346,59023.9537814945,59558.11809713876,177.726623343369,194.37692698631514,267.2419765892713,899.8213555237014,443248.8614685284,3547169431.2727275,705.4444285373863,352.72221426869316,5.557811090536204,0.5261977905649848,0.08108909296479698,cdbox
