nameseq,average,median,maximum,minimum,peak,none_levated_peak,sample_standard_deviation,population_standard_deviation,percentile15,percentile25,percentile50,percentile75,amplitude,variance,interquartile_range,semi_interquartile_range,coefficient_of_variation,skewness,kurtosis,label
JF909312.1/1-73,33286.99999999997,720.3792916364356,1982883.0,190.32334073161695,0.0007310161123962313,0.2301146635391571,230509.8389136568,232105.08174663284,286.0570790708606,361.4950117123797,720.3792916364356,1825.0211302905016,1982692.6766592683,53872768972.611115,1463.526118578122,731.763059289061,6.924920807331901,0.42384248145558123,0.054058752133220964,cdbox
