nameseq,average,median,maximum,minimum,peak,none_levated_peak,sample_standard_deviation,population_standard_deviation,percentile15,percentile25,percentile50,percentile75,amplitude,variance,interquartile_range,semi_interquartile_range,coefficient_of_variation,skewness,kurtosis,label
JF909323.1/1-74,20706.999999999993,649.9923099956684,1213187.0,159.90532291712492,0.001191223579787834,0.3275187765824811,140304.93404011137,141262.6580185498,233.57529328312694,256.35305866145785,649.9923099956684,1519.049630265449,1213027.094677083,19955138550.46575,1262.696571603991,631.3482858019955,6.775724829290164,0.4288589241830288,0.06472825751286203,cdbox
