nameseq,average,median,maximum,minimum,peak,none_levated_peak,sample_standard_deviation,population_standard_deviation,percentile15,percentile25,percentile50,percentile75,amplitude,variance,interquartile_range,semi_interquartile_range,coefficient_of_variation,skewness,kurtosis,label
JF909317.1/1-66,18094.999999999985,324.68792087053635,956499.0,91.0,0.001215805471124621,0.27852005403676033,116970.75860231051,117867.09936247297,133.7919417985414,188.31522939209196,324.68792087053635,1275.8951003809975,956408.0,13892653112.123077,1087.5798709889054,543.7899354944527,6.464258557740293,0.4557629348941856,0.11369754300199326,cdbox
