nameseq,average,median,maximum,minimum,peak,none_levated_peak,sample_standard_deviation,population_standard_deviation,percentile15,percentile25,percentile50,percentile75,amplitude,variance,interquartile_range,semi_interquartile_range,coefficient_of_variation,skewness,kurtosis,label
EF503648.1/1-60,6429.999999999998,271.55930305892844,269476.0,87.61434272875397,0.0031104199066874037,0.3218085447251176,34594.088570158914,34886.026982791656,125.02742245218505,145.67843836541527,271.55930305892844,743.5261756930237,269388.38565727125,1217034878.6440678,597.8477373276085,298.9238686638042,5.380107087116474,0.5340600910283887,0.037749891893941456,cdbox
AFXF01000011.1/357712-357651,8037.000000000002,385.6267285813785,327003.0,102.07641127090768,0.00257144042138443,0.30714811999734914,41690.17339853601,42030.5069915557,138.66018350286524,198.86197249568727,385.6267285813785,907.3463977114402,326900.9235887291,1766563517.9672132,708.4844252157529,354.24221260787647,5.18728050249297,0.550588254810711,0.04794903817469049,cdbox
