nameseq,average,median,maximum,minimum,peak,none_levated_peak,sample_standard_deviation,population_standard_deviation,percentile15,percentile25,percentile50,percentile75,amplitude,variance,interquartile_range,semi_interquartile_range,coefficient_of_variation,skewness,kurtosis,label
JF909322.1/1-77,25425.0,599.8964444861422,1553667.0,132.19062875337352,0.0010095050803015405,0.2928035354126371,176202.0893803476,177357.5252975128,270.0369453996947,320.00472571068906,599.8964444861422,1316.7263918293752,1553534.8093712467,31455691779.657894,996.7216661186861,498.36083305934307,6.930269002176897,0.4226698498777736,0.057795359233846884,cdbox
