nameseq,average,median,maximum,minimum,peak,none_levated_peak,sample_standard_deviation,population_standard_deviation,percentile15,percentile25,percentile50,percentile75,amplitude,variance,interquartile_range,semi_interquartile_range,coefficient_of_variation,skewness,kurtosis,label
JF909319.1/1-77,18400.999999999993,378.7039347099801,1210571.0,63.2461868822483,0.001394851729072696,0.35902767184527223,137009.10036198326,137907.53031870764,126.4496778307118,156.2550974681153,378.7039347099801,980.4301891542382,1210507.7538131177,19018486918.605263,824.1750916861229,412.08754584306143,7.445742098906761,0.39462260574679536,0.14261196219268796,cdbox
