nameseq,average,median,maximum,minimum,peak,none_levated_peak,sample_standard_deviation,population_standard_deviation,percentile15,percentile25,percentile50,percentile75,amplitude,variance,interquartile_range,semi_interquartile_range,coefficient_of_variation,skewness,kurtosis,label
JF909320.1/1-58,5626.999999999998,265.8067576460396,236699.0,20.774054672317448,0.0034358154137788055,0.3776734902616294,31000.026516117694,31270.774246329627,77.01906834687291,122.61169042670355,265.8067576460396,618.9261780740111,236678.2259453277,977861321.9649123,496.31448764730754,248.15724382365377,5.509157013704941,0.5188247087046721,0.16598784467853436,cdbox
