nameseq,average,median,maximum,minimum,peak,none_levated_peak,sample_standard_deviation,population_standard_deviation,percentile15,percentile25,percentile50,percentile75,amplitude,variance,interquartile_range,semi_interquartile_range,coefficient_of_variation,skewness,kurtosis,label
EF503645.1/1-59,7254.000000000004,232.46367170510877,332996.0,43.3983616286855,0.002711147872438194,0.3697592299038495,42941.21402568866,43309.81489821033,98.09884941136058,124.87359289051086,232.46367170510877,862.7895964475761,332952.6016383713,1875740066.5172415,737.9160035570652,368.9580017785326,5.919660053169099,0.4905452596725195,0.08150986283116107,cdbox
