nameseq,average,median,maximum,minimum,peak,none_levated_peak,sample_standard_deviation,population_standard_deviation,percentile15,percentile25,percentile50,percentile75,amplitude,variance,interquartile_range,semi_interquartile_range,coefficient_of_variation,skewness,kurtosis,label
AC147499.5/74526-74608,30442.0,577.9961023397581,1711428.0,221.16557399924082,0.0009088320960077087,0.244640785074151,189289.79081292255,190440.49922828146,345.77767372170814,405.34934454410416,577.9961023397581,1781.0168723329898,1711206.8344260007,36267583746.31707,1375.6675277888858,687.8337638944429,6.218047132675992,0.473306094894075,0.057224633372190144,cdbox
BT018726.1/381-464,12185.999999999996,275.5441395492577,673236.0,105.96209275663908,0.002297718693582801,0.41629502175461935,74239.61920699755,74685.50681486182,142.85965783106306,165.32471538121945,275.5441395492577,930.0722324591641,673130.0379072434,5577924928.192771,764.7475170779446,382.3737585389723,6.092205744870965,0.4812978294207671,0.057230518486921074,cdbox
AC121328.3/104144-104228,23253.00000000001,526.3994113550465,1234395.0,112.36807954204332,0.001218480769506443,0.3272914678212654,136652.08837774856,137463.0871201256,258.5952190781054,345.14591344983705,526.3994113550465,1725.3028496889006,1234282.631920458,18896100320.595238,1380.1569362390635,690.0784681195317,5.876750887100524,0.4989298193340805,0.0444471505700771,cdbox
BT018726.1/784-862,7855.999999999995,235.8034158264731,381016.0,60.02232022755045,0.0033520027155465055,0.4494034761951686,43324.87387171484,43601.71294329781,125.8413525172159,174.66359629797378,235.8034158264731,907.7755535095989,380955.9776797725,1901109371.5897436,733.1119572116252,366.5559786058126,5.514877020330303,0.5276550791633206,0.06492967764580103,cdbox
