nameseq,k1,k2,label
AACD01000006.1/37257-37396,1.9755695340520656,3.9227392116849296,cdbox
AM920430.1/196085-195955,1.9710493621032987,3.8845087282718125,cdbox
ABKH01000411.1/150082-150224,1.9565141009117721,3.846283047350572,cdbox
ABBS02000005.1/49246-49105,1.966591092938434,3.861798789615366,cdbox
