nameseq,k1,k2,label
CAAC02000457.1/1091310-1091374,1.977661702746154,3.6174285626377785,cdbox
AY948697.1/1-65,1.9569605722528491,3.635323047446007,cdbox
