nameseq,k1,k2,label
AJ703793.1/1-106,1.8853961476397756,3.708983562854187,cdbox
AAFI02000024.1/237109-237214,1.878340786997804,3.700585222008349,cdbox
