nameseq,k1,k2,label
ACGJ01002906.1/52907-52808,1.966736272193029,3.7850702641803458,cdbox
ACVC01000232.1/20832-20931,1.9848866744250986,3.8980417991890417,cdbox
