nameseq,k1,k2,label
ABHA01003077.1/735-808,1.748304556654507,3.2660376209223902,cdbox
CAAJ01004442.1/633-711,1.9041457889995435,3.497340790120343,cdbox
