nameseq,k1,k2,label
ABGT01006737.1/707-786,1.7918512803882827,3.4900749298913,cdbox
CAAI01000969.1/797-720,1.8565470061346416,3.6237775194970063,cdbox
