nameseq,k1,k2,label
AY948658.1/3-77,1.8728068126278465,3.6043575109504213,cdbox
DQ789434.1/1-68,1.9168339709507873,3.556354355297139,cdbox
AAGD02000367.1/6414-6343,1.9427301639562478,3.6928072883607967,cdbox
