nameseq,k1,k2,label
CP002684.1/14283975-14284049,1.8915407920013103,3.589660598788397,cdbox
AFNC01014841.1/284-358,1.9461746685002015,3.6020492274196325,cdbox
CP002687.1/11116124-11116050,1.9131646486444431,3.725112403500706,cdbox
CP002685.1/56814-56886,1.928546845342823,3.766430906016466,cdbox
