nameseq,k1,k2,label
AAQB01006145.1/99907-100016,1.8880530416994015,3.704336644584815,cdbox
AAPQ01007048.1/171637-171746,1.9287093651108609,3.7787420559713554,cdbox
AAGH01006567.1/583-474,1.9181260857111169,3.792343696448998,cdbox
AAFS01000198.1/37463-37357,1.970982549077756,3.8570553781801147,cdbox
