nameseq,k1,k2,label
AABL01000190.1/3903-3814,1.8509743344519776,3.620399637650089,cdbox
ACBS01001329.1/10278-10195,1.8107327278278436,3.553457094321983,cdbox
