nameseq,k1,k2,label
AB023044.1/29891-29990,1.9094225827969,3.66911746293882,cdbox
AM435377.2/7052-7143,1.898709635786063,3.708606212601242,cdbox
AASG02005463.1/7246-7155,1.9401609588737323,3.8205911421105108,cdbox
CT963106.2/109102-109018,1.8413907516445294,3.562027752817793,cdbox
