nameseq,k1,k2,label
AB017710.1/1702-1771,1.9322737626156195,3.6986993701863544,cdbox
X96662.1/1-74,1.9444184251015266,3.6040179522310427,cdbox
AB116374.1/1155-1226,1.9809256184491058,3.756011246572268,cdbox
AB116376.1/1-69,1.967991445404907,3.694390916632295,cdbox
