nameseq,k1,k2,label
U40580.1/1015-1089,1.9591170820432497,3.6901460307669516,cdbox
U40654.1/922-996,1.9534451713327086,3.6509649710046905,cdbox
U72857.1/1-72,1.9770026094237687,3.6832471168871015,cdbox
U72856.1/1-73,1.989669797320134,3.811054830414466,cdbox
