nameseq,k1,k2,label
AL132709.5/185108-185034,1.9655919540102569,3.73939703587879,cdbox
AB014878.1/886-973,1.953978260264367,3.5514386774532904,cdbox
AL132709.5/152651-152577,1.9742808806112244,3.7651116101024225,cdbox
AL132709.5/137723-137652,1.96982221616199,3.6889514452429575,cdbox
