nameseq,k1,k2,label
AJ505631.1/1-68,1.9705767701879051,3.7403781474279003,cdbox
AASG02007650.1/11125-11063,1.9577122734283512,3.748372426270624,cdbox
AM463855.1/5770-5834,1.9367513770919738,3.6728797348508206,cdbox
AARH01002882.1/376548-376486,1.9455021356069673,3.674788043734423,cdbox
