nameseq,k1,k2,label
AACN010948193.1/172-257,1.9324260420815305,3.748671274591052,cdbox
AAPY01351447.1/97-181,1.9498149185288889,3.7896235960971123,cdbox
AC159621.2/106632-106547,1.9426454603979777,3.78816332500848,cdbox
AALT01578859.1/299-379,1.9663517601564804,3.780126174472379,cdbox
