nameseq,k1,k2,label
AF317994.1/2-87,1.9216866788969034,3.734022892263564,cdbox
AJ490348.1/1-93,1.9787858391338713,3.734613986799234,cdbox
AY220661.1/1-96,1.9874267924185613,3.780580288551234,cdbox
AJ490346.1/1-97,1.9861606990552272,3.77756166330393,cdbox
