nameseq,k1,k2,label
Z69627.1/1-79,1.9415052890559927,3.7737826311323226,cdbox
X97586.1/1-79,1.9415052890559927,3.7737826311323226,cdbox
Z69626.1/1-80,1.9618852339586523,3.844655990967805,cdbox
X67247.1/516-595,1.9618852339586523,3.844655990967805,cdbox
