nameseq,k1,k2,label
AF250841.1/1-91,1.970395917099018,3.7855059202757206,cdbox
AF250841.1/1142-1233,1.9791106573179582,3.8271835551186677,cdbox
AF250841.1/2261-2352,1.9844931900928526,3.8249109606623986,cdbox
AF250841.1/4124-4215,1.9821808382943087,3.822816141043241,cdbox
