nameseq,k1,k2,label
AC025362.12/104594-104663,1.9809372866401305,3.8212398207926417,cdbox
AJ010676.1/1-70,1.985180829596712,3.858777363775003,cdbox
AJ010677.1/3-72,1.9970524300500303,3.8217063416793167,cdbox
AAHX01066269.1/69687-69618,1.9884425761095814,3.869111327864816,cdbox
