nameseq,k1,k2,label
AADB02016115.1/24955-25031,1.9427498191586106,3.6881565465840382,cdbox
AANG01132981.1/497-573,1.958305145125696,3.8237706461318055,cdbox
AAQQ01697068.1/858-934,1.9678003049983244,3.8552227451523735,cdbox
AAPY01359948.1/6379-6455,1.9772554263955247,3.8423220873715036,cdbox
