nameseq,k1,k2,label
AC154727.2/126995-126920,1.9492937627462636,3.75530903243305,cdbox
AC104446.2/142006-142080,1.9788223868594028,3.803340277984996,cdbox
AAYZ01025109.1/988-1063,1.957875256621177,3.7467889044190477,cdbox
AALT01657539.1/13774-13698,1.9527211724578595,3.6009873453939245,cdbox
