nameseq,k1,k2,label
AK024486.1/3319-3428,1.8810069830906624,3.4787019536788426,cdbox
AF357349.1/1-99,1.9132131409008941,3.6296357565051105,cdbox
AAHX01004065.1/24142-24250,1.9008467241667453,3.5829626026223718,cdbox
AAQQ01534227.1/350-242,1.8678294903649388,3.499957087094049,cdbox
