nameseq,k1,k2,label
AJ489960.1/1-96,1.9679426965886073,3.7766415304945373,cdbox
AJ010687.1/1-99,1.9811962835880963,3.8089447638203526,cdbox
AJ240070.1/1-95,1.9089099534881877,3.6701327106121826,cdbox
AF317952.1/1-90,1.9423694601768866,3.5827018565399333,cdbox
