nameseq,k1,k2,label
AABL01000190.1/4648-4579,1.8265117353954814,3.5056682626648543,cdbox
ABGW01006943.1/417-341,1.804951973841357,3.494579977733766,cdbox
AM910991.1/281397-281326,1.8318416515543057,3.4886516029324013,cdbox
