nameseq,k1,k2,label
AC119809.10/32611-32502,1.9940225679307737,3.8138325086426064,cdbox
AC013722.8/184033-183920,1.982242904002353,3.863994760076224,cdbox
ABDC01304918.1/3845-3734,1.994597750977696,3.866513453646715,cdbox
AANG01205833.1/951-837,1.9928078515985068,3.8689096215128456,cdbox
