nameseq,k1,k2,label
AC005314.3/54045-54126,1.9665707962248806,3.7413089161127298,cdbox
AASG02003152.1/15450-15361,1.9767123406466545,3.8788473092905646,cdbox
AP004489.1/54837-54753,1.9848238648073644,3.81008978637488,cdbox
AARH01008371.1/237066-236979,1.9804609171903125,3.8510215197141435,cdbox
