nameseq,k1,k2,label
AAQQ01544386.1/1713-1633,1.9400389517029457,3.719825015052788,cdbox
AANG01431959.1/798-716,1.967150052445411,3.7471592801488263,cdbox
AAPY01565688.1/821-739,1.9425531164205574,3.7305784782506697,cdbox
AAIY01116190.1/1086-1167,1.9719133087286735,3.7552162078913036,cdbox
