nameseq,k1,k2,label
AC007066.4/164516-164622,1.9256868269198235,3.754704363657029,cdbox
AL929572.10/175094-174985,1.8642223116085372,3.637727341216976,cdbox
AAFC03111050.1/1381-1271,1.8730197876519985,3.6193435450352776,cdbox
AANN01135589.1/606-496,1.8611841076136453,3.56256573615818,cdbox
