nameseq,k1,k2,label
AF084536.1/1-141,1.977739315198768,3.8795194633963463,cdbox
BAAF04088825.1/1745-1607,1.9924851411342934,3.861417437074763,cdbox
AANH01007266.1/45004-45142,1.989220540484568,3.8673468491460916,cdbox
AAFR03049834.1/2493-2629,1.9566336175315966,3.74552008642825,cdbox
