nameseq,k1,k2,label
AF064267.1/1-98,1.928130852580652,3.672934982922999,cdbox
AJ002157.1/1-98,1.928130852580652,3.672934982922999,cdbox
CR380953.1/76850-76759,1.946639353807501,3.751748696984243,cdbox
CR382122.1/550960-551053,1.9737331227740285,3.8483520985212394,cdbox
