nameseq,k1,k2,label
AY864855.1/568-672,1.7958679476203394,3.4469705392947434,cdbox
U85049.2/1114-1200,1.857467735688485,3.55600865223138,cdbox
CR382122.1/491586-491502,1.8573844787729095,3.5520410754964313,cdbox
AF064266.1/1-86,1.8777823429032265,3.5563047812193957,cdbox
