nameseq,k1,k2,label
AF016399.1/719-808,1.9737667323187411,3.8366504998750406,cdbox
AF016400.1/574-664,1.9887478841003974,3.8276238649534355,cdbox
AF168732.1/1-90,1.987864706055026,3.88779934841562,cdbox
Z50171.1/562-651,1.987864706055026,3.88779934841562,cdbox
