nameseq,k1,k2,label
CM000208.1/3814121-3814202,1.9681055396629188,3.728860660064772,cdbox
AHKC01021457.1/284-198,1.986245867745789,3.748695995085314,cdbox
