nameseq,k1,k2,label
AL732366.7/162677-162598,1.9866370421013735,3.8008733495819285,cdbox
AC149132.1/66984-66905,1.979506586778816,3.7213364014787316,cdbox
AC093872.3/45198-45119,1.9479262036887497,3.765356465569193,cdbox
AC069285.8/146535-146456,1.9559369026561573,3.7411014407477543,cdbox
