nameseq,k1,k2,label
AAAA02011125.1/45898-45831,1.919381270096303,3.6763433865879036,cdbox
AJ489950.1/1-67,1.9270665201417394,3.6481481503317497,cdbox
AC189189.1/52925-52858,1.9211513307365489,3.625166804393087,cdbox
AL049862.1/41945-41876,1.9131160836428307,3.599924183580673,cdbox
