nameseq,k1,k2,label
AJ490427.1/1-92,1.930547864981108,3.802376852008301,cdbox
AJ490423.1/1-86,1.9554821433243708,3.767539387634728,cdbox
AJ490421.1/1-86,1.9554821433243708,3.767539387634728,cdbox
AACV01021454.1/9963-10048,1.9554821433243708,3.767539387634728,cdbox
