nameseq,k1,k2,label
AJ224024.1/1-72,1.9888206143705673,3.817946946302746,cdbox
AF001689.1/2296-2367,1.9888206143705673,3.817946946302746,cdbox
AF001689.1/3399-3470,1.979868756651153,3.8136662758383557,cdbox
AJ224025.1/2-73,1.979868756651153,3.8136662758383557,cdbox
