nameseq,k1,k2,label
AJ429604.1/1-103,1.9840964269115307,3.9176403865283573,cdbox
AJ240080.1/1-102,1.9859316819869086,3.9209962308486337,cdbox
AC122722.7/4040-4136,1.9588632831375916,3.8358142541797173,cdbox
AC122722.7/22593-22688,1.959590373442955,3.8446877773020125,cdbox
