nameseq,k1,k2,label
X94605.1/2-96,1.9637300455177034,3.8883133636902176,cdbox
AACH01000077.1/3889-3986,1.955008602889807,3.8752115214353413,cdbox
AACA01000192.1/11990-12087,1.9613712387226658,3.899588098513695,cdbox
