nameseq,k1,k2,label
Z74123.1/1919-1665,1.895340224353709,3.7657440157156437,cdbox
AABY01000419.1/584-331,1.9174926595486463,3.817926105296371,cdbox
AABZ01000568.1/3571-3319,1.8892409125002418,3.761896189492802,cdbox
AACI02000012.1/27730-27474,1.8881924136101453,3.7532655064958695,cdbox
