nameseq,k1,k2,label
CP000077.1/2196893-2196945,1.9557425262801234,3.722208536590742,cdbox
