nameseq,k1,k2,label
CP000077.1/2217166-2217111,1.9267568253702354,3.7231713594148794,cdbox
AF195098.1/1-56,1.9267568253702354,3.7231713594148794,cdbox
