nameseq,k1,k2,label
AJ248283.1/57376-57436,1.934274616218782,3.556031014430837,cdbox
BA000001.2/49019-49079,1.9621325123194846,3.626841849022285,cdbox
AE009950.1/9297-9237,1.9510501943492133,3.6458113802293837,cdbox
AP006878.1/87729-87781,1.976181022645175,3.334867970243121,cdbox
