nameseq,k1,k2,label
AJ248287.2/274259-274205,1.968165181546782,3.5906648828927623,cdbox
