nameseq,k1,k2,label
AJ248283.1/73088-73034,1.9110228858930052,3.584341912702095,cdbox
AP006878.1/1167429-1167375,1.9166108990553088,3.6877457816923527,cdbox
AE009950.1/1881800-1881853,1.9532834203464597,3.585622343877653,cdbox
