nameseq,k1,k2,label
AE009950.1/1130394-1130451,1.8313201516756847,3.5956436374512015,cdbox
AJ248286.2/134883-134942,1.8929378884582297,3.61505481242689,cdbox
