nameseq,k1,k2,label
AE009950.1/1245431-1245494,1.9820681692545434,3.7429770534172553,cdbox
AJ248286.2/3131-3195,1.9967984444116944,3.7434002439442158,cdbox
AP006878.1/1476852-1476910,1.9977397145865754,3.539679539871056,cdbox
