nameseq,k1,k2,label
JF909313.1/1-61,1.8985319241807423,3.528075747708068,cdbox
