nameseq,k1,k2,label
EF503641.1/1-72,1.8897916544884972,3.672920855490479,cdbox
