nameseq,k1,k2,label
JF909315.1/1-56,1.8889483785036179,3.5903871050879705,cdbox
