nameseq,k1,k2,label
JF909314.1/1-68,1.906246945130485,3.6434217912876408,cdbox
