nameseq,k1,k2,label
JF909305.1/1-70,1.9684954058345414,3.736845740112773,cdbox
