nameseq,k1,k2,label
ABVF01000102.1/235831-235936,0.7239231043075827,0.9224489795918367,cdbox
ABIW01001098.1/7114-7219,0.741189035243859,0.9302494331065759,cdbox
AM921937.1/1-105,0.742312925170068,0.9271449704142012,cdbox
ABKI01000243.1/38567-38673,0.7392785396104463,0.9279102883588466,cdbox
