nameseq,k1,k2,label
AY948630.1/1-155,0.746888657648283,0.933040984989037,cdbox
AAGD02001042.1/12284-12133,0.7488746537396122,0.9350467084776983,cdbox
CAAC02000522.1/191093-190937,0.7493204592478396,0.9345825115055885,cdbox
DQ789432.1/2-154,0.7494553376906319,0.934643351800554,cdbox
