nameseq,k1,k2,label
AJ703793.1/1-106,0.7079031683873265,0.912108843537415,cdbox
AAFI02000024.1/237109-237214,0.7046991812032752,0.910657596371882,cdbox
