nameseq,k1,k2,label
ADID01000475.1/21144-21245,0.7402921953094963,0.9279482403685914,cdbox
AJ699368.1/1-98,0.7399000416493128,0.9246466149431396,cdbox
