nameseq,k1,k2,label
ACGJ01002910.1/40910-40824,0.7454089047430308,0.9283396430502975,cdbox
