nameseq,k1,k2,label
AM050842.1/3-68,0.731404958677686,0.9178698224852071,cdbox
AAGD02000356.1/28674-28739,0.7295684113865932,0.9145562130177515,cdbox
CAAC02000450.1/1739599-1739534,0.7396694214876033,0.9221301775147929,cdbox
ABEG02001356.1/1765-1830,0.7323232323232323,0.916923076923077,cdbox
