nameseq,k1,k2,label
AC097725.2/165119-165045,0.7260444444444445,0.9192841490138788,cdbox
AC097725.2/165332-165259,0.718772826880935,0.9138675173578532,cdbox
AC097725.2/165542-165471,0.7202932098765432,0.9109303709581432,cdbox
AAQB01006225.1/108648-108570,0.7187950648934466,0.910913872452334,cdbox
