nameseq,k1,k2,label
AY220656.1/1-147,0.7289555277893471,0.9180896978795271,cdbox
AY220657.1/1-148,0.7305514974433893,0.9183210699245685,cdbox
AC137998.2/5577-5723,0.7271044472210653,0.9178082191780822,cdbox
AP003861.2/88090-88241,0.7211738227146814,0.9150475856322091,cdbox
