nameseq,k1,k2,label
AC104631.2/33035-32954,0.6876859012492564,0.9026063100137174,cdbox
AC104631.2/34419-34338,0.706424747174301,0.9099222679469593,cdbox
AANI01016544.1/160806-160723,0.6969954648526077,0.902017709391784,cdbox
AAFS01000767.1/35932-35850,0.6993758165190884,0.9039262343842951,cdbox
