nameseq,k1,k2,label
AF254836.1/1-50,0.74,0.9129529362765514,cdbox
AJ248283.1/127068-127123,0.7423469387755102,0.915702479338843,cdbox
AF254829.1/1-52,0.7433431952662721,0.9127258746635909,cdbox
AF254824.1/1-52,0.7433431952662722,0.9019607843137255,cdbox
