nameseq,k1,k2,label
AJ429614.1/1-63,0.7341899722852104,0.9037460978147762,cdbox
AJ429613.1/1-65,0.7318343195266273,0.90087890625,cdbox
AF318009.1/1-65,0.7318343195266273,0.90087890625,cdbox
AF262038.1/28916-28852,0.7346745562130177,0.90771484375,cdbox
