nameseq,k1,k2,label
AF318003.1/3-90,0.7275309917355373,0.9142555159202008,cdbox
AB013389.1/56436-56523,0.7306301652892562,0.9147839873166865,cdbox
AF318001.1/3-87,0.7360553633217992,0.9166666666666667,cdbox
AJ309198.1/702-616,0.7451446690447879,0.9221200648999459,cdbox
