nameseq,k1,k2,label
AF317949.1/1-74,0.6880934989043097,0.8932257459185589,cdbox
BT004309.1/805-878,0.6880934989043097,0.8932257459185589,cdbox
AF317950.1/1-74,0.6734842951059167,0.8842184274723213,cdbox
AJ421410.1/955-1028,0.6734842951059167,0.8842184274723213,cdbox
