nameseq,k1,k2,label
AL808123.9/5649-5412,0.739672339524045,0.9227153768092721,cdbox
AL121585.22/69574-69338,0.747600989869857,0.9280379201378914,cdbox
AF357317.1/1-221,0.7370446960545443,0.92099173553719,cdbox
AAHX01025523.1/33959-33721,0.7433693387720803,0.9259586187416143,cdbox
