nameseq,k1,k2,label
AM910994.1/759659-759754,0.7016059027777778,0.9048199445983379,cdbox
ABGV01006154.1/1319-1218,0.6826220684352171,0.8932457602195862,cdbox
ABGU01007392.1/389-288,0.6833910034602075,0.8910891089108911,cdbox
