nameseq,k1,k2,label
AJ490415.1/1-86,0.7233639805300163,0.9093425605536332,cdbox
X51528.1/3627-3692,0.743801652892562,0.9235502958579882,cdbox
Z69624.1/1-66,0.743801652892562,0.9192899408284023,cdbox
AJ490417.1/3-83,0.7160493827160495,0.9084375,cdbox
