nameseq,k1,k2,label
AC147254.4/80430-80347,0.7346938775510203,0.9205980548700827,cdbox
AC126934.4/123899-123813,0.7173999207292905,0.913196322336398,cdbox
AC064836.7/15165-15252,0.7326962809917354,0.9168978729026291,cdbox
AC064836.7/16842-16926,0.7305190311418686,0.9152494331065759,cdbox
