nameseq,k1,k2,label
AC069159.8/55796-55870,0.7267555555555555,0.9119795471146822,cdbox
AC172870.1/115241-115165,0.7370551526395682,0.9196675900277008,cdbox
AJ532521.1/2-78,0.7363805026142689,0.922437673130194,cdbox
AC167403.2/76385-76309,0.7134424017540901,0.9096260387811634,cdbox
