nameseq,k1,k2,label
HQ318014.1/785-888,0.7420488165680473,0.9218587991328118,cdbox
X96646.1/1-98,0.7446897126197418,0.9259219895844404,cdbox
Z69628.1/1-100,0.7434000000000001,0.9237832874196511,cdbox
X67247.1/1141-1244,0.7433431952662721,0.923178433405599,cdbox
