nameseq,k1,k2,label
AC152939.2/6387-6477,0.7448375800024152,0.9153086419753086,cdbox
AF357325.1/3-89,0.7266481701677896,0.8988642509464575,cdbox
AC152939.2/8747-8839,0.748063359926003,0.9217863894139886,cdbox
AC010325.7/135083-134993,0.7274483758000241,0.9044444444444445,cdbox
