nameseq,k1,k2,label
AJ489960.1/1-96,0.7389322916666667,0.9225484764542936,cdbox
AJ010687.1/1-99,0.7435975920824405,0.9225322782174094,cdbox
AJ240070.1/1-95,0.7193351800554016,0.916025350837483,cdbox
AF317952.1/1-90,0.7301234567901235,0.9079661658881455,cdbox
