nameseq,k1,k2,label
AC189510.1/85284-85187,0.7197001249479383,0.9169943670953342,cdbox
AARH01030264.1/984-1074,0.7180292235237291,0.9125925925925926,cdbox
AC170860.16/132308-132397,0.7241975308641975,0.915793460421664,cdbox
AASG02005916.1/14672-14579,0.7177455862381168,0.9124754306856284,cdbox
