nameseq,k1,k2,label
AB018108.1/5630-5526,0.7401360544217687,0.924741124260355,cdbox
CU179904.1/61661-61756,0.7322048611111112,0.919224376731302,cdbox
AAAA02010687.1/1542-1640,0.7460463218038975,0.9181591003748438,cdbox
