nameseq,k1,k2,label
AEAB01027627.1/3905-3978,0.6997808619430241,0.9014824544942767,cdbox
AADG06002824.1/6841-6765,0.6965761511216056,0.9016620498614959,cdbox
AEVX01005495.1/1202-1277,0.6935595567867037,0.9016888888888889,cdbox
AJ784369.2/7-85,0.7274475244351867,0.9191321499013807,cdbox
