nameseq,k1,k2,label
DQ108835.1/292-381,0.7251851851851852,0.9205908344905946,cdbox
DQ108711.1/301-390,0.7286419753086419,0.9213483146067416,cdbox
AASG02001178.1/41441-41526,0.7222823147647377,0.9110034602076125,cdbox
AARH01005974.1/498-589,0.7190453686200378,0.9061707523245985,cdbox
