nameseq,k1,k2,label
X58062.1/52-155,0.7315088757396451,0.9103591290413799,cdbox
AANU01284163.1/3535-3432,0.7377958579881656,0.9124328400414742,cdbox
AANG01408182.1/948-1051,0.7420488165680473,0.923178433405599,cdbox
AC097004.3/70903-71006,0.7416789940828402,0.9218587991328118,cdbox
