nameseq,k1,k2,label
AJ490427.1/1-92,0.7256616257088848,0.9192126554763917,cdbox
AJ490423.1/1-86,0.7341806381828015,0.9190311418685121,cdbox
AJ490421.1/1-86,0.7341806381828015,0.9190311418685121,cdbox
AACV01021454.1/9963-10048,0.7341806381828015,0.9190311418685121,cdbox
