nameseq,k1,k2,label
AY069871.1/80-155,0.7268005540166205,0.9159111111111111,cdbox
AC011809.2/63495-63570,0.7268005540166205,0.9159111111111111,cdbox
AY220696.1/1-73,0.7288421842747232,0.9189814814814815,cdbox
AJ532499.1/1-73,0.7288421842747232,0.9189814814814815,cdbox
