nameseq,k1,k2,label
BC041570.1/378-468,0.7144064726482309,0.9019753086419753,cdbox
AJ010679.1/1-91,0.7144064726482309,0.9019753086419753,cdbox
AJ344343.1/4557-4647,0.7305880932254558,0.9091358024691358,cdbox
AY749166.1/4115-4205,0.7385581451515517,0.9199999999999999,cdbox
