nameseq,k1,k2,label
ABXC01001605.1/118086-117999,0.7352789256198347,0.9253534152463998,cdbox
ABXC01001605.1/104054-103967,0.7352789256198347,0.9253534152463998,cdbox
AECO01021519.1/799-886,0.7394111570247933,0.9248249438499141,cdbox
ACYM01075370.1/27425-27333,0.7117585848074921,0.9146975425330812,cdbox
