nameseq,k1,k2,label
AJ494961.1/1-137,0.7150087910916938,0.9136029411764706,cdbox
AK060741.1/737-601,0.7175661995844211,0.9154411764705882,cdbox
AK064985.1/714-578,0.7175661995844211,0.9152249134948097,cdbox
AAAA02033424.1/23901-23765,0.7150087910916938,0.9136029411764706,cdbox
