nameseq,k1,k2,label
AF064268.1/2-88,0.703923900118906,0.9061654948620876,cdbox
AAZN01000252.1/47075-47158,0.7071995464852607,0.9037596167803745,cdbox
AADM01000047.1/81966-82047,0.7135633551457465,0.9087029416247523,cdbox
CR382125.1/1819986-1819898,0.7082439085973993,0.900051652892562,cdbox
