nameseq,k1,k2,label
Z74123.1/1919-1665,0.7126182237600922,0.916485832971666,cdbox
AABY01000419.1/584-331,0.7201004402008804,0.9199331344029746,cdbox
AABZ01000568.1/3571-3319,0.7105563280163727,0.9168871252204586,cdbox
AACI02000012.1/27730-27474,0.7109872973095732,0.9163818359375,cdbox
