nameseq,k1,k2,label
AF195106.1/1-62,0.7393340270551509,0.9174952969631819,cdbox
BA000001.2/1732056-1732107,0.7359467455621302,0.9119569396386005,cdbox
AF254842.1/1-50,0.7392,0.9104539775093711,cdbox
AE006641.1/2189456-2189402,0.7067768595041323,0.9032921810699589,cdbox
