nameseq,k1,k2,label
BA000001.2/1484845-1484791,0.7451239669421488,0.9128943758573388,cdbox
AF254825.1/1-53,0.7461730153079388,0.9134615384615384,cdbox
CP000077.1/808273-808328,0.7251275510204082,0.9064462809917355,cdbox
U95207.1/9-63,0.711404958677686,0.9142661179698217,cdbox
