nameseq,k1,k2,label
BA000023.2/582159-582106,0.7379972565157751,0.9049483802064792,cdbox
BA000001.2/1623026-1622971,0.7353316326530612,0.9064462809917355,cdbox
