nameseq,k1,k2,label
BA000001.2/1016391-1016333,0.7377190462510772,0.9078478002378121,cdbox
AJ248286.2/158357-158415,0.7377190462510772,0.9078478002378121,cdbox
