nameseq,k1,k2,label
AE009950.1/1891933-1891879,0.7378512396694215,0.906721536351166,cdbox
AJ248283.1/64245-64299,0.743801652892562,0.9163237311385459,cdbox
AP006878.1/1103625-1103571,0.7352066115702479,0.9108367626886146,cdbox
BA000001.2/55211-55265,0.7358677685950413,0.9087791495198903,cdbox
