nameseq,k1,k2,label
EF503645.1/1-59,0.725653547831083,0.9090368608799049,cdbox
