nameseq,AB.1,AD.1,ASSD.1,MAXD.1,MIND.1,AS.1,APL.1,TALU.1,TU.1,NE.1,MOT3.1,MOT4.1,AB.2,AD.2,ASSD.2,MAXD.2,MIND.2,AS.2,APL.2,TALU.2,TU.2,NE.2,MOT3.2,MOT4.2,AB.3,AD.3,ASSD.3,MAXD.3,MIND.3,AS.3,APL.3,TALU.3,TU.3,NE.3,MOT3.3,MOT4.3,AB.4,AD.4,ASSD.4,MAXD.4,MIND.4,AS.4,APL.4,TALU.4,TU.4,NE.4,MOT3.4,MOT4.4,AB.5,AD.5,ASSD.5,MAXD.5,MIND.5,AS.5,APL.5,TALU.5,TU.5,NE.5,MOT3.5,MOT4.5,AB.6,AD.6,ASSD.6,MAXD.6,MIND.6,AS.6,APL.6,TALU.6,TU.6,NE.6,MOT3.6,MOT4.6,AB.7,AD.7,ASSD.7,MAXD.7,MIND.7,AS.7,APL.7,TALU.7,TU.7,NE.7,MOT3.7,MOT4.7,AB.8,AD.8,ASSD.8,MAXD.8,MIND.8,AS.8,APL.8,TALU.8,TU.8,NE.8,MOT3.8,MOT4.8,AB.9,AD.9,ASSD.9,MAXD.9,MIND.9,AS.9,APL.9,TALU.9,TU.9,NE.9,MOT3.9,MOT4.9,AB.10,AD.10,ASSD.10,MAXD.10,MIND.10,AS.10,APL.10,TALU.10,TU.10,NE.10,MOT3.10,MOT4.10,label
ADID01000475.1/21144-21245,67.28,4.120000000000001,0.3393025039588284,14.0,1.0,3.10251510874645,3.746122448979592,0.0642371234207969,0.061224489795918366,99.0,188.0,613.0,7.580000000000001,1.72,0.3442119508640433,12.0,0.0,2.993593158730825,1.7976931348623157e+308,0.0,0.0,99.0,16.0,20.0,0.04000000000000001,1.0000000000000002,0.7852875280059748,12.0,0.0,2.2715633383201093,1.7976931348623157e+308,0.0,0.0,99.0,2.0,0.0,0.0,0.4000000000000002,1.0,12.0,0.0,1.8330302779823358,1.7976931348623157e+308,0.0,0.0,99.0,0.0,0.0,0.0,0.23999999999999996,0.0,12.0,0.0,1.68,1.7976931348623157e+308,0.0,0.0,99.0,0.0,0.0,0.0,0.23999999999999996,0.0,12.0,0.0,1.68,1.7976931348623157e+308,0.0,0.0,99.0,0.0,0.0,0.0,0.0,0.0,0.0,0.0,0.0,0.0,0.0,0.0,0.0,0.0,0.0,0.0,0.0,0.0,0.0,0.0,0.0,0.0,0.0,0.0,0.0,0.0,0.0,0.0,0.0,0.0,0.0,0.0,0.0,0.0,0.0,0.0,0.0,0.0,0.0,0.0,0.0,0.0,0.0,0.0,0.0,0.0,0.0,0.0,0.0,0.0,0.0,cdbox
AJ699368.1/1-98,60.37499999999999,3.958333333333335,0.06730095727293983,13.0,1.0,2.4913043214794577,3.5691489361702127,0.02796352583586626,0.030456852791878174,95.0,193.0,643.0,7.291666666666664,1.7500000000000009,-0.31955844891027413,11.0,0.0,2.3139072294858036,1.7976931348623157e+308,0.0,0.0,95.0,25.0,32.0,0.0,0.25000000000000006,0.0,3.0,0.0,0.82915619758885,1.7976931348623157e+308,0.0,0.0,95.0,0.0,0.0,0.0,0.0,0.0,0.0,0.0,0.0,0.0,0.0,0.0,0.0,0.0,0.0,0.0,0.0,0.0,0.0,0.0,0.0,0.0,0.0,0.0,0.0,0.0,0.0,0.0,0.0,0.0,0.0,0.0,0.0,0.0,0.0,0.0,0.0,0.0,0.0,0.0,0.0,0.0,0.0,0.0,0.0,0.0,0.0,0.0,0.0,0.0,0.0,0.0,0.0,0.0,0.0,0.0,0.0,0.0,0.0,0.0,0.0,0.0,0.0,0.0,0.0,0.0,0.0,0.0,0.0,0.0,0.0,0.0,0.0,0.0,0.0,0.0,0.0,0.0,0.0,0.0,0.0,0.0,0.0,0.0,0.0,0.0,0.0,cdbox
