nameseq,AB.1,AD.1,ASSD.1,MAXD.1,MIND.1,AS.1,APL.1,TALU.1,TU.1,NE.1,MOT3.1,MOT4.1,AB.2,AD.2,ASSD.2,MAXD.2,MIND.2,AS.2,APL.2,TALU.2,TU.2,NE.2,MOT3.2,MOT4.2,AB.3,AD.3,ASSD.3,MAXD.3,MIND.3,AS.3,APL.3,TALU.3,TU.3,NE.3,MOT3.3,MOT4.3,AB.4,AD.4,ASSD.4,MAXD.4,MIND.4,AS.4,APL.4,TALU.4,TU.4,NE.4,MOT3.4,MOT4.4,AB.5,AD.5,ASSD.5,MAXD.5,MIND.5,AS.5,APL.5,TALU.5,TU.5,NE.5,MOT3.5,MOT4.5,AB.6,AD.6,ASSD.6,MAXD.6,MIND.6,AS.6,APL.6,TALU.6,TU.6,NE.6,MOT3.6,MOT4.6,AB.7,AD.7,ASSD.7,MAXD.7,MIND.7,AS.7,APL.7,TALU.7,TU.7,NE.7,MOT3.7,MOT4.7,AB.8,AD.8,ASSD.8,MAXD.8,MIND.8,AS.8,APL.8,TALU.8,TU.8,NE.8,MOT3.8,MOT4.8,AB.9,AD.9,ASSD.9,MAXD.9,MIND.9,AS.9,APL.9,TALU.9,TU.9,NE.9,MOT3.9,MOT4.9,AB.10,AD.10,ASSD.10,MAXD.10,MIND.10,AS.10,APL.10,TALU.10,TU.10,NE.10,MOT3.10,MOT4.10,label
LJSK01000184.1/20806-20724,49.10000000000001,4.000000000000001,0.33395617261320476,14.0,1.0,2.9068883707497264,3.517948717948718,0.08547008547008549,0.06521739130434782,80.0,132.0,395.0,2.0000000000000004,1.9000000000000004,-0.12453425050157549,12.0,0.0,2.9816103031751147,1.7976931348623157e+308,0.36666666666666664,0.2727272727272727,80.0,18.0,22.0,0.22500000000000003,1.0000000000000002,-0.6094420600858348,10.0,0.0,2.258317958127243,1.7976931348623157e+308,0.0,0.0,80.0,5.0,3.0,0.0,0.4,0.0,4.0,0.0,1.2000000000000002,1.7976931348623157e+308,0.0,0.0,80.0,0.0,0.0,0.0,0.0,0.0,0.0,0.0,0.0,0.0,0.0,0.0,0.0,0.0,0.0,0.0,0.0,0.0,0.0,0.0,0.0,0.0,0.0,0.0,0.0,0.0,0.0,0.0,0.0,0.0,0.0,0.0,0.0,0.0,0.0,0.0,0.0,0.0,0.0,0.0,0.0,0.0,0.0,0.0,0.0,0.0,0.0,0.0,0.0,0.0,0.0,0.0,0.0,0.0,0.0,0.0,0.0,0.0,0.0,0.0,0.0,0.0,0.0,0.0,0.0,0.0,0.0,0.0,0.0,0.0,0.0,0.0,0.0,0.0,0.0,cdbox
FR796419.1/39898-39980,50.45,3.9999999999999996,0.26364049977251275,12.0,1.0,2.924038303442689,3.5871794871794873,0.048621553884711774,0.04285714285714286,80.0,136.0,416.0,9.175,2.0500000000000003,0.16094233362417665,10.0,0.0,2.9491524206117257,1.7976931348623157e+308,0.25,0.21428571428571427,80.0,24.0,38.0,0.05000000000000001,0.65,-0.8687500000000018,7.0,0.0,1.6665833312498959,1.7976931348623157e+308,0.0,0.0,80.0,2.0,0.0,0.0,0.2,0.0,4.0,0.0,0.8717797887081347,1.7976931348623157e+308,0.0,0.0,80.0,0.0,0.0,0.0,0.0,0.0,0.0,0.0,0.0,0.0,0.0,0.0,0.0,0.0,0.0,0.0,0.0,0.0,0.0,0.0,0.0,0.0,0.0,0.0,0.0,0.0,0.0,0.0,0.0,0.0,0.0,0.0,0.0,0.0,0.0,0.0,0.0,0.0,0.0,0.0,0.0,0.0,0.0,0.0,0.0,0.0,0.0,0.0,0.0,0.0,0.0,0.0,0.0,0.0,0.0,0.0,0.0,0.0,0.0,0.0,0.0,0.0,0.0,0.0,0.0,0.0,0.0,0.0,0.0,0.0,0.0,0.0,0.0,0.0,0.0,cdbox
