nameseq,AB.1,AD.1,ASSD.1,MAXD.1,MIND.1,AS.1,APL.1,TALU.1,TU.1,NE.1,MOT3.1,MOT4.1,AB.2,AD.2,ASSD.2,MAXD.2,MIND.2,AS.2,APL.2,TALU.2,TU.2,NE.2,MOT3.2,MOT4.2,AB.3,AD.3,ASSD.3,MAXD.3,MIND.3,AS.3,APL.3,TALU.3,TU.3,NE.3,MOT3.3,MOT4.3,AB.4,AD.4,ASSD.4,MAXD.4,MIND.4,AS.4,APL.4,TALU.4,TU.4,NE.4,MOT3.4,MOT4.4,AB.5,AD.5,ASSD.5,MAXD.5,MIND.5,AS.5,APL.5,TALU.5,TU.5,NE.5,MOT3.5,MOT4.5,AB.6,AD.6,ASSD.6,MAXD.6,MIND.6,AS.6,APL.6,TALU.6,TU.6,NE.6,MOT3.6,MOT4.6,AB.7,AD.7,ASSD.7,MAXD.7,MIND.7,AS.7,APL.7,TALU.7,TU.7,NE.7,MOT3.7,MOT4.7,AB.8,AD.8,ASSD.8,MAXD.8,MIND.8,AS.8,APL.8,TALU.8,TU.8,NE.8,MOT3.8,MOT4.8,AB.9,AD.9,ASSD.9,MAXD.9,MIND.9,AS.9,APL.9,TALU.9,TU.9,NE.9,MOT3.9,MOT4.9,AB.10,AD.10,ASSD.10,MAXD.10,MIND.10,AS.10,APL.10,TALU.10,TU.10,NE.10,MOT3.10,MOT4.10,label
JF909309.1/1-74,61.82499999999998,3.7500000000000004,0.6096989966555182,14.0,1.0,2.680951323690902,4.170512820512821,0.1,0.08035714285714286,71.0,106.0,242.0,1.2749999999999997,1.55,0.7608241808114732,12.0,0.0,2.71062723368596,1.7976931348623157e+308,0.0,0.0,71.0,7.0,6.0,0.024999999999999998,0.8500000000000003,0.8140624999999992,12.0,0.0,2.351063589101749,1.7976931348623157e+308,0.0,0.0,71.0,1.0,0.0,0.0,0.7000000000000003,1.0,12.0,0.0,2.1702534414210706,1.7976931348623157e+308,0.0,0.0,71.0,0.0,0.0,0.0,0.30000000000000004,0.0,12.0,0.0,1.8734993995195195,1.7976931348623157e+308,0.0,0.0,71.0,0.0,0.0,0.0,0.30000000000000004,0.0,12.0,0.0,1.8734993995195195,1.7976931348623157e+308,0.0,0.0,71.0,0.0,0.0,0.0,0.0,0.0,0.0,0.0,0.0,0.0,0.0,0.0,0.0,0.0,0.0,0.0,0.0,0.0,0.0,0.0,0.0,0.0,0.0,0.0,0.0,0.0,0.0,0.0,0.0,0.0,0.0,0.0,0.0,0.0,0.0,0.0,0.0,0.0,0.0,0.0,0.0,0.0,0.0,0.0,0.0,0.0,0.0,0.0,0.0,0.0,0.0,cdbox
AFXF01001532.1/89408-89481,60.99999999999999,3.560975609756097,0.29476461189759545,10.0,1.0,1.9133520641419697,4.05,0.09583333333333335,0.07563025210084033,71.0,113.0,260.0,0.41463414634146356,1.268292682926829,0.008434176751009664,8.0,0.0,1.975760307422306,1.7976931348623157e+308,0.0,0.0,71.0,6.0,5.0,0.024390243902439022,0.4878048780487806,-0.9148936170212759,6.0,0.0,1.3636742193653038,1.7976931348623157e+308,0.0,0.0,71.0,1.0,0.0,0.0,0.19512195121951217,0.0,4.0,0.0,0.8616352064710096,1.7976931348623157e+308,0.0,0.0,71.0,0.0,0.0,0.0,0.0,0.0,0.0,0.0,0.0,0.0,0.0,0.0,0.0,0.0,0.0,0.0,0.0,0.0,0.0,0.0,0.0,0.0,0.0,0.0,0.0,0.0,0.0,0.0,0.0,0.0,0.0,0.0,0.0,0.0,0.0,0.0,0.0,0.0,0.0,0.0,0.0,0.0,0.0,0.0,0.0,0.0,0.0,0.0,0.0,0.0,0.0,0.0,0.0,0.0,0.0,0.0,0.0,0.0,0.0,0.0,0.0,0.0,0.0,0.0,0.0,0.0,0.0,0.0,0.0,0.0,0.0,0.0,0.0,0.0,0.0,cdbox
