nameseq,k1,k2,label
AACD01000006.1/37257-37396,0.741938775510204,0.9305936545727447,cdbox
AM920430.1/196085-195955,0.7407493735796282,0.9274556213017752,cdbox
ABKH01000411.1/150082-150224,0.7339234192381046,0.9240230113072803,cdbox
ABBS02000005.1/49246-49105,0.7379488196786352,0.9261103566219003,cdbox
