nameseq,k1,k2,label
AM921926.1/1-96,0.7224392361111112,0.9194459833795015,cdbox
AP007161.1/1645458-1645553,0.7315538194444444,0.9247645429362881,cdbox
ACJE01000001.1/1049987-1049893,0.7273130193905817,0.9214576731552738,cdbox
AAJN01000109.1/294816-294721,0.7380642361111112,0.9263157894736842,cdbox
