nameseq,k1,k2,label
DQ789446.1/1-61,0.7395861327600108,0.9177777777777778,cdbox
AY948655.1/1-63,0.7372134038800706,0.9167533818938606,cdbox
nameseq,k1,k2,label
DQ789446.1/1-61,0.7395861327600108,0.9177777777777778,cdbox
AY948655.1/1-63,0.7372134038800706,0.9167533818938606,cdbox
