nameseq,k1,k2,label
AY948651.1/1-67,0.7395856538204499,0.9146005509641874,cdbox
DQ789419.1/8-78,0.7482642332870462,0.9244897959183673,cdbox
nameseq,k1,k2,label
AY948651.1/1-67,0.7395856538204499,0.9146005509641874,cdbox
DQ789419.1/8-78,0.7482642332870462,0.9244897959183673,cdbox
