nameseq,k1,k2,label
AY948623.1/1-88,0.7448347107438016,0.9311666006077421,cdbox
CAAC02000575.1/854533-854445,0.7403105668476202,0.9287190082644627,cdbox
DQ789436.1/1-87,0.7401241907781742,0.9288804759329368,cdbox
nameseq,k1,k2,label
AY948623.1/1-88,0.7448347107438016,0.9311666006077421,cdbox
CAAC02000575.1/854533-854445,0.7403105668476202,0.9287190082644627,cdbox
DQ789436.1/1-87,0.7401241907781742,0.9288804759329368,cdbox
