nameseq,k1,k2,label
ABEG02003244.1/3220-3299,0.734375,0.9235699407146291,cdbox
