nameseq,k1,k2,label
DQ789421.1/3-75,0.7348470632388817,0.9205246913580247,cdbox
AY948671.1/1-73,0.7404766372677801,0.9251543209876543,cdbox
AM051016.1/3-74,0.7415123456790123,0.9260067446935132,cdbox
nameseq,k1,k2,label
DQ789421.1/3-75,0.7348470632388817,0.9205246913580247,cdbox
AY948671.1/1-73,0.7404766372677801,0.9251543209876543,cdbox
AM051016.1/3-74,0.7415123456790123,0.9260067446935132,cdbox
