nameseq,k1,k2,label
AY948672.1/1-119,0.7469811453993362,0.9303361103131285,cdbox
CAAC02000589.1/214835-214717,0.7476873102182049,0.9327779373743177,cdbox
AAGD02001053.1/233627-233746,0.7476388888888889,0.9308664642327519,cdbox
ABLE03023995.1/5294-5411,0.7496409077851192,0.9318430856892396,cdbox
