nameseq,k1,k2,label
DQ789442.1/1-71,0.7427097798055942,0.9269387755102041,cdbox
Z48717.1/2830-2757,0.7432432432432432,0.9270031900919498,cdbox
nameseq,k1,k2,label
DQ789442.1/1-71,0.7427097798055942,0.9269387755102041,cdbox
Z48717.1/2830-2757,0.7432432432432432,0.9270031900919498,cdbox
