nameseq,k1,k2,label
AAGD02006818.1/4023-4095,0.7457309063614187,0.9239969135802469,cdbox
DQ789515.1/1-74,0.739590942293645,0.9131169074873334,cdbox
nameseq,k1,k2,label
AAGD02006818.1/4023-4095,0.7457309063614187,0.9239969135802469,cdbox
DQ789515.1/1-74,0.739590942293645,0.9131169074873334,cdbox
