nameseq,k1,k2,label
DQ789510.1/3-70,0.7374567474048442,0.9160169302740031,cdbox
AY948689.1/1-68,0.7417820069204153,0.9160169302740031,cdbox
nameseq,k1,k2,label
DQ789510.1/3-70,0.7374567474048442,0.9160169302740031,cdbox
AY948689.1/1-68,0.7417820069204153,0.9160169302740031,cdbox
