nameseq,k1,k2,label
DQ789409.1/1-64,0.74169921875,0.9231544469639708,cdbox
AY948696.1/1-69,0.7313589582020583,0.9165224913494809,cdbox
nameseq,k1,k2,label
DQ789409.1/1-64,0.74169921875,0.9231544469639708,cdbox
AY948696.1/1-69,0.7313589582020583,0.9165224913494809,cdbox
