nameseq,k1,k2,label
CAAC02000457.1/1091310-1091374,0.7422485207100591,0.90625,cdbox
AY948697.1/1-65,0.7351479289940828,0.90771484375,cdbox
nameseq,k1,k2,label
CAAC02000457.1/1091310-1091374,0.7422485207100591,0.90625,cdbox
AY948697.1/1-65,0.7351479289940828,0.90771484375,cdbox
