nameseq,k1,k2,label
AY948694.1/1-76,0.7441135734072022,0.9208888888888889,cdbox
DQ789403.1/1-72,0.7368827160493827,0.9176750644713351,cdbox
DQ789529.1/1-72,0.7426697530864197,0.9180718111485817,cdbox
nameseq,k1,k2,label
AY948694.1/1-76,0.7441135734072022,0.9208888888888889,cdbox
DQ789403.1/1-72,0.7368827160493827,0.9176750644713351,cdbox
DQ789529.1/1-72,0.7426697530864197,0.9180718111485817,cdbox
