nameseq,k1,k2,label
AY948701.1/1-71,0.7446935131918271,0.9244897959183673,cdbox
DQ789437.1/1-70,0.7477551020408164,0.9208149548414198,cdbox
nameseq,k1,k2,label
AY948701.1/1-71,0.7446935131918271,0.9244897959183673,cdbox
DQ789437.1/1-70,0.7477551020408164,0.9208149548414198,cdbox
