nameseq,k1,k2,label
CAAC02000486.1/298980-299055,0.7406509695290859,0.9230222222222222,cdbox
AY948711.1/1-78,0.7301117685733071,0.9144881092933042,cdbox
DQ789512.1/1-74,0.7388604821037253,0.9217489209983112,cdbox
nameseq,k1,k2,label
CAAC02000486.1/298980-299055,0.7406509695290859,0.9230222222222222,cdbox
AY948711.1/1-78,0.7301117685733071,0.9144881092933042,cdbox
DQ789512.1/1-74,0.7388604821037253,0.9217489209983112,cdbox
