nameseq,k1,k2,label
AJ699374.1/1-80,0.7459375,0.9232494792501202,cdbox
AAFI02000040.1/499806-499884,0.7367409069059445,0.9201183431952663,cdbox
nameseq,k1,k2,label
AJ699374.1/1-80,0.7459375,0.9232494792501202,cdbox
AAFI02000040.1/499806-499884,0.7367409069059445,0.9201183431952663,cdbox
