nameseq,k1,k2,label
AAFI02000013.1/1197997-1198066,0.6722448979591837,0.8830077714765806,cdbox
