nameseq,k1,k2,label
AJ699373.1/1-75,0.7036444444444445,0.8991964937910883,cdbox
nameseq,k1,k2,label
AJ699373.1/1-75,0.7036444444444445,0.8991964937910883,cdbox
