nameseq,k1,k2,label
AJ698945.1/1-66,0.7148760330578512,0.8942011834319527,cdbox
AAFI02000040.1/500089-500154,0.7148760330578512,0.8942011834319527,cdbox
nameseq,k1,k2,label
AJ698945.1/1-66,0.7148760330578512,0.8942011834319527,cdbox
AAFI02000040.1/500089-500154,0.7148760330578512,0.8942011834319527,cdbox
