nameseq,k1,k2,label
AJ698946.1/1-83,0.7231818841631587,0.9125520523497918,cdbox
AJ703792.1/1-82,0.7201070791195716,0.9120560890108215,cdbox
nameseq,k1,k2,label
AJ698946.1/1-83,0.7231818841631587,0.9125520523497918,cdbox
AJ703792.1/1-82,0.7201070791195716,0.9120560890108215,cdbox
