nameseq,k1,k2,label
ADID01000140.1/43579-43495,0.7291349480968858,0.921485260770975,cdbox
AJ699367.1/1-86,0.7163331530557058,0.9132179930795847,cdbox
nameseq,k1,k2,label
ADID01000140.1/43579-43495,0.7291349480968858,0.921485260770975,cdbox
AJ699367.1/1-86,0.7163331530557058,0.9132179930795847,cdbox
