nameseq,k1,k2,label
AJ699369.1/1-88,0.7285640495867769,0.9195402298850575,cdbox
