nameseq,k1,k2,label
AACB02000005.1/294322-294382,0.7336737436173072,0.9177777777777778,cdbox
