nameseq,k1,k2,label
ACGJ01002918.1/30690-30632,0.7377190462510772,0.9102259215219977,cdbox
ACVC01000099.1/120002-119944,0.7451881643205975,0.9227110582639715,cdbox
nameseq,k1,k2,label
ACGJ01002918.1/30690-30632,0.7377190462510772,0.9102259215219977,cdbox
ACVC01000099.1/120002-119944,0.7451881643205975,0.9227110582639715,cdbox
