nameseq,k1,k2,label
ACVC01000208.1/27609-27542,0.7443771626297577,0.9186901314323903,cdbox
nameseq,k1,k2,label
ACVC01000208.1/27609-27542,0.7443771626297577,0.9186901314323903,cdbox
