nameseq,k1,k2,label
ACGJ01002906.1/52907-52808,0.739,0.918885827976737,cdbox
ACVC01000232.1/20832-20931,0.7446,0.9286807468625651,cdbox
nameseq,k1,k2,label
ACGJ01002906.1/52907-52808,0.739,0.918885827976737,cdbox
ACVC01000232.1/20832-20931,0.7446,0.9286807468625651,cdbox
