nameseq,k1,k2,label
ACGJ01002422.1/30167-30109,0.741740879057742,0.9233055885850179,cdbox
ACVC01000035.1/64374-64316,0.7457627118644068,0.9239001189060643,cdbox
