nameseq,k1,k2,label
ABHA01003077.1/735-808,0.6680058436815194,0.8718333646087446,cdbox
CAAJ01004442.1/633-711,0.7165518346418842,0.8974358974358975,cdbox
