nameseq,k1,k2,label
AAKM01000009.1/910633-910779,0.6852700263778981,0.8937887033214487,cdbox
AANS01001223.1/1059-1203,0.634577883472057,0.8639081790123456,cdbox
AABL01000250.1/6452-6597,0.6486207543629199,0.8678240190249703,cdbox
