nameseq,k1,k2,label
AM910996.2/156798-156669,0.7165680473372781,0.9101616489393666,cdbox
ACBS01001318.1/13764-13639,0.7059712773998489,0.908416,cdbox
