nameseq,k1,k2,label
ACBS01000745.1/1206-1058,0.6985270933741723,0.9006574141709277,cdbox
ABGS01008962.1/448-289,0.707578125,0.8889679996835568,cdbox
nameseq,k1,k2,label
ACBS01000745.1/1206-1058,0.6985270933741723,0.9006574141709277,cdbox
ABGS01008962.1/448-289,0.707578125,0.8889679996835568,cdbox
