nameseq,k1,k2,label
CAAI01004629.1/216-91,0.6768707482993197,0.884992,cdbox
ABHA01001532.1/667-541,0.7121334242668486,0.9089191232048376,cdbox
ACBS01000373.1/22837-22710,0.7037353515625,0.9019778039556079,cdbox
nameseq,k1,k2,label
CAAI01004629.1/216-91,0.6768707482993197,0.884992,cdbox
ABHA01001532.1/667-541,0.7121334242668486,0.9089191232048376,cdbox
ACBS01000373.1/22837-22710,0.7037353515625,0.9019778039556079,cdbox
