nameseq,k1,k2,label
AY948667.1/1-86,0.7398593834505138,0.9165397923875432,cdbox
DQ789431.1/1-87,0.7430307834588452,0.9172525689561926,cdbox
AAGD02011809.1/15532-15445,0.7435433884297521,0.9176905799973576,cdbox
nameseq,k1,k2,label
AY948667.1/1-86,0.7398593834505138,0.9165397923875432,cdbox
DQ789431.1/1-87,0.7430307834588452,0.9172525689561926,cdbox
AAGD02011809.1/15532-15445,0.7435433884297521,0.9176905799973576,cdbox
