nameseq,k1,k2,label
AY948656.1/6-128,0.7457201401282305,0.9269013705993012,cdbox
DQ789410.1/2-123,0.7450954044611664,0.9239806024178676,cdbox
nameseq,k1,k2,label
AY948656.1/6-128,0.7457201401282305,0.9269013705993012,cdbox
DQ789410.1/2-123,0.7450954044611664,0.9239806024178676,cdbox
