nameseq,k1,k2,label
AM051011.1/2-76,0.7402666666666666,0.9141709276844412,cdbox
DQ789441.1/1-77,0.7394164277281161,0.9207063711911357,cdbox
AAGD02001642.1/71286-71210,0.7326699274751223,0.9151662049861496,cdbox
