nameseq,k1,k2,label
U70870.1/2038-1941,0.7280299875052062,0.9110426187692635,cdbox
CAAC02000447.1/926003-925906,0.7303206997084548,0.9050908704431927,cdbox
AAGD02003554.1/75595-75692,0.7307371928363182,0.9095546816877458,cdbox
