nameseq,k1,k2,label
Z72511.1/19566-19656,0.7467697138026808,0.9306172839506173,cdbox
DQ789428.1/2-92,0.7455621301775148,0.9291358024691359,cdbox
AAGD02011065.1/170533-170623,0.7448375800024152,0.9291358024691359,cdbox
nameseq,k1,k2,label
Z72511.1/19566-19656,0.7467697138026808,0.9306172839506173,cdbox
DQ789428.1/2-92,0.7455621301775148,0.9291358024691359,cdbox
AAGD02011065.1/170533-170623,0.7448375800024152,0.9291358024691359,cdbox
