nameseq,k1,k2,label
AY948662.1/1-76,0.7420360110803325,0.9187555555555555,cdbox
