nameseq,k1,k2,label
AC069351.5/37957-38002,0.7476370510396976,0.8958024691358024,cdbox
ABGA01077128.1/22957-22999,0.7495943753380205,0.8968253968253969,cdbox
nameseq,k1,k2,label
AC069351.5/37957-38002,0.7476370510396976,0.8958024691358024,cdbox
ABGA01077128.1/22957-22999,0.7495943753380205,0.8968253968253969,cdbox
