nameseq,k1,k2,label
AY060937.1/627-715,0.7385431132432774,0.922004132231405,cdbox
AY060937.1/872-959,0.724948347107438,0.9147839873166865,cdbox
AY060937.1/1109-1197,0.7218785506880444,0.9137396694214875,cdbox
AY060937.1/1349-1435,0.7287620557537323,0.911032990805841,cdbox
