nameseq,k1,k2,label
AC008186.5/23701-23785,0.695916955017301,0.9067460317460317,cdbox
AC008186.5/24468-24549,0.6814396192742416,0.8937661941777169,cdbox
AAPP01018724.1/106634-106550,0.6834602076124567,0.8954081632653061,cdbox
AAEU02000094.1/193595-193512,0.6927437641723356,0.9023080272898825,cdbox
