nameseq,k1,k2,label
AASS01027918.1/1012-1092,0.7020271300106692,0.9028125,cdbox
AE014296.4/20447343-20447428,0.7082206598161168,0.9110034602076125,cdbox
AJ784844.1/652-737,0.6925365062195781,0.897993079584775,cdbox
AAPP01019315.1/203189-203276,0.7104855371900827,0.9137270445237151,cdbox
