nameseq,k1,k2,label
M55020.1/3865-3944,0.724375,0.9062650216311489,cdbox
X07699.1/9160-9239,0.7209375,0.9046627143086045,cdbox
Z34290.1/1-80,0.7209375,0.9046627143086045,cdbox
M60858.1/8893-8973,0.7239750038103948,0.906875,cdbox
nameseq,k1,k2,label
M55020.1/3865-3944,0.724375,0.9062650216311489,cdbox
X07699.1/9160-9239,0.7209375,0.9046627143086045,cdbox
Z34290.1/1-80,0.7209375,0.9046627143086045,cdbox
M60858.1/8893-8973,0.7239750038103948,0.906875,cdbox
