nameseq,k1,k2,label
CAAJ01009251.1/10-101,0.6788752362948961,0.892887332447772,cdbox
ABGS01009239.1/169-258,0.6834567901234567,0.88448428228759,cdbox
nameseq,k1,k2,label
CAAJ01009251.1/10-101,0.6788752362948961,0.892887332447772,cdbox
ABGS01009239.1/169-258,0.6834567901234567,0.88448428228759,cdbox
