nameseq,k1,k2,label
AF019618.1/48-114,0.7351303185564714,0.9155188246097337,cdbox
AL590560.9/76944-76878,0.7079527734462019,0.9127640036730946,cdbox
AF357424.1/1-46,0.722117202268431,0.8977777777777778,cdbox
AAQQ01222593.1/1115-1049,0.7293383827132992,0.9100091827364555,cdbox
