nameseq,k1,k2,label
AB026636.1/61895-61803,0.725401780552665,0.9109168241965974,cdbox
AASG02000028.1/122020-121924,0.7433308534381975,0.9149305555555556,cdbox
AARH01004350.1/130761-130670,0.7398393194706994,0.9088274362999638,cdbox
AC159538.20/113729-113653,0.7367178276269185,0.9096260387811634,cdbox
