nameseq,k1,k2,label
AC007202.3/26280-26365,0.7309356408869659,0.9187543252595156,cdbox
AM474843.1/11598-11685,0.7430268595041323,0.925089179548157,cdbox
AARH01003557.1/39889-39803,0.7380103051922314,0.9167117360735533,cdbox
AASG02001221.1/38053-38137,0.7161245674740484,0.9138321995464853,cdbox
