nameseq,k1,k2,label
AJ609488.1/1-73,0.7254644398573842,0.9135802469135802,cdbox
AANG01072514.1/867-795,0.7280915744042035,0.9077932098765432,cdbox
AAPY01155118.1/654-725,0.7287808641975309,0.9069629041856775,cdbox
AAYZ01416934.1/837-767,0.714540765721087,0.9048979591836734,cdbox
