nameseq,k1,k2,label
ADBK01001983.1/287723-287648,0.7198753462603878,0.9091555555555555,cdbox
AC232542.1/85172-85095,0.7149901380670611,0.9040310339011638,cdbox
AENI01002604.1/10661-10586,0.7143351800554016,0.9031111111111111,cdbox
AFAN01000008.1/2227657-2227733,0.717827626918536,0.9106648199445984,cdbox
