nameseq,k1,k2,label
AM910996.2/1733707-1733590,0.7326917552427463,0.9229308203667178,cdbox
ABGY01002306.1/259-129,0.6631315191422411,0.8841420118343195,cdbox
AASM01000120.1/2889-2759,0.6631315191422411,0.8841420118343195,cdbox
