nameseq,k1,k2,label
AJ238853.1/1-62,0.7424557752341311,0.9142703574307982,cdbox
X96642.1/1-62,0.7424557752341311,0.9142703574307982,cdbox
AP001324.4/95881-95819,0.7382212144116906,0.8985431841831426,cdbox
nameseq,k1,k2,label
AJ238853.1/1-62,0.7424557752341311,0.9142703574307982,cdbox
X96642.1/1-62,0.7424557752341311,0.9142703574307982,cdbox
AP001324.4/95881-95819,0.7382212144116906,0.8985431841831426,cdbox
