nameseq,k1,k2,label
Z69627.1/1-79,0.7293702932222401,0.9194608809993425,cdbox
X97586.1/1-79,0.7293702932222401,0.9194608809993425,cdbox
Z69626.1/1-80,0.7359375,0.9245313251081557,cdbox
X67247.1/516-595,0.7359375,0.9245313251081557,cdbox
nameseq,k1,k2,label
Z69627.1/1-79,0.7293702932222401,0.9194608809993425,cdbox
X97586.1/1-79,0.7293702932222401,0.9194608809993425,cdbox
Z69626.1/1-80,0.7359375,0.9245313251081557,cdbox
X67247.1/516-595,0.7359375,0.9245313251081557,cdbox
