nameseq,k1,k2,label
AANS01001575.1/3964-3877,0.7011880165289256,0.8997225525168451,cdbox
AASM01001991.1/91-2,0.7222222222222222,0.9089761393763414,cdbox
CAAJ01004367.1/269-353,0.7022837370242214,0.8945578231292517,cdbox
nameseq,k1,k2,label
AANS01001575.1/3964-3877,0.7011880165289256,0.8997225525168451,cdbox
AASM01001991.1/91-2,0.7222222222222222,0.9089761393763414,cdbox
CAAJ01004367.1/269-353,0.7022837370242214,0.8945578231292517,cdbox
