nameseq,k1,k2,label
AM910986.1/47208-47291,0.6918934240362812,0.8927275366526346,cdbox
CAAJ01001233.1/1131-1214,0.6383219954648527,0.8695021048047612,cdbox
