nameseq,k1,k2,label
L36588.1/797-921,0.746752,0.9210457856399584,cdbox
U40654.1/2537-2662,0.7474174855127236,0.92096,cdbox
L36586.1/1-125,0.74496,0.9196149843912591,cdbox
AAPY01121463.1/1034-1159,0.7451499118165785,0.920832,cdbox
