nameseq,k1,k2,label
CAAJ01001824.1/1127-1059,0.6931316950220543,0.8923010380622838,cdbox
ABGV01005517.1/794-725,0.676326530612245,0.8712455366519638,cdbox
GQ282330.1/1-68,0.6734429065743945,0.8750278458453998,cdbox
nameseq,k1,k2,label
CAAJ01001824.1/1127-1059,0.6931316950220543,0.8923010380622838,cdbox
ABGV01005517.1/794-725,0.676326530612245,0.8712455366519638,cdbox
GQ282330.1/1-68,0.6734429065743945,0.8750278458453998,cdbox
