nameseq,k1,k2,label
FM245454.1/1310-1382,0.7457309063614187,0.9290123456790124,cdbox
X96652.1/1-78,0.7353714661406969,0.913476134255355,cdbox
AF357377.1/1-68,0.7314013840830449,0.9111160614836267,cdbox
AC097720.5/99784-99861,0.7363576594345825,0.913476134255355,cdbox
