nameseq,k1,k2,label
AC068667.6/42916-42992,0.7255861022094788,0.9047783933518005,cdbox
nameseq,k1,k2,label
AC068667.6/42916-42992,0.7255861022094788,0.9047783933518005,cdbox
