nameseq,k1,k2,label
AJ532507.1/1-76,0.7489612188365651,0.9201777777777778,cdbox
AJ532506.1/1-77,0.7475122280317086,0.9175900277008311,cdbox
AJ532509.1/6-77,0.7403549382716049,0.9133108510216227,cdbox
AJ532505.1/2-77,0.747229916897507,0.9152,cdbox
nameseq,k1,k2,label
AJ532507.1/1-76,0.7489612188365651,0.9201777777777778,cdbox
AJ532506.1/1-77,0.7475122280317086,0.9175900277008311,cdbox
AJ532509.1/6-77,0.7403549382716049,0.9133108510216227,cdbox
AJ532505.1/2-77,0.747229916897507,0.9152,cdbox
