nameseq,k1,k2,label
AC150706.4/101845-101922,0.7350427350427351,0.9181986844324507,cdbox
