nameseq,k1,k2,label
AY055807.1/1-71,0.7395358063876215,0.9179591836734694,cdbox
AANU01099487.1/56230-56160,0.7375520730013886,0.9191836734693878,cdbox
AANG01133945.1/1523-1593,0.7220789525887721,0.9155102040816326,cdbox
nameseq,k1,k2,label
AY055807.1/1-71,0.7395358063876215,0.9179591836734694,cdbox
AANU01099487.1/56230-56160,0.7375520730013886,0.9191836734693878,cdbox
AANG01133945.1/1523-1593,0.7220789525887721,0.9155102040816326,cdbox
