nameseq,k1,k2,label
CR752656.3/1766-1839,0.7403214024835647,0.9142428222931132,cdbox
AL513497.21/78318-78245,0.737399561723886,0.9138675173578533,cdbox
AANG01797529.1/1565-1492,0.7373995617238861,0.9142428222931132,cdbox
AALT01584320.1/5415-5342,0.7392257121986852,0.9116156877462939,cdbox
