nameseq,k1,k2,label
AC122539.4/111761-111697,0.730887573964497,0.90966796875,cdbox
AL513534.17/133194-133260,0.7355758520828692,0.9095500459136823,cdbox
AAPN01032983.1/19495-19429,0.732902650924482,0.9201101928374655,cdbox
AAFR03050138.1/41907-41972,0.7341597796143251,0.9117159763313609,cdbox
