nameseq,k1,k2,label
AL161547.2/22249-22338,0.6965432098765432,0.9046837520515086,cdbox
AF317945.1/1-90,0.6965432098765432,0.9046837520515086,cdbox
AC006413.4/30276-30369,0.7050701674966048,0.9113192276563764,cdbox
