nameseq,k1,k2,label
AB023044.1/29891-29990,0.7186,0.9156208550147944,cdbox
AM435377.2/7052-7143,0.7157372400756143,0.9151068711508271,cdbox
AASG02005463.1/7246-7155,0.7294423440453686,0.9221108561767902,cdbox
CT963106.2/109102-109018,0.6970242214532871,0.8988095238095238,cdbox
