nameseq,k1,k2,label
Z35312.1/944-1038,0.7423822714681441,0.9259846084200996,cdbox
Z35311.1/728-821,0.7453598913535537,0.9277373106717539,cdbox
D10737.1/4698-4793,0.7463107638888888,0.9249861495844875,cdbox
Z35416.1/1-94,0.7460389316432775,0.9231124985547462,cdbox
