nameseq,k1,k2,label
AP000371.1/18814-18902,0.7307158187097589,0.9240702479338844,cdbox
AM473368.1/38877-38965,0.7428355005681101,0.925103305785124,cdbox
AASG02000856.1/5230-5141,0.7439506172839506,0.9236207549551825,cdbox
AARH01006031.1/44112-44025,0.7368285123966942,0.9221825868674858,cdbox
