nameseq,k1,k2,label
AABL01000190.1/3903-3814,0.7,0.9021588183310189,cdbox
ACBS01001329.1/10278-10195,0.687358276643991,0.8944694440412251,cdbox
