nameseq,k1,k2,label
AABL01000190.1/4648-4579,0.6893877551020409,0.8935097668557026,cdbox
ABGW01006943.1/417-341,0.685444425704166,0.896814404432133,cdbox
AM910991.1/281397-281326,0.6940586419753086,0.8986312239634994,cdbox
nameseq,k1,k2,label
AABL01000190.1/4648-4579,0.6893877551020409,0.8935097668557026,cdbox
ABGW01006943.1/417-341,0.685444425704166,0.896814404432133,cdbox
AM910991.1/281397-281326,0.6940586419753086,0.8986312239634994,cdbox
