nameseq,k1,k2,label
ACBS01000723.1/11593-11697,0.7058503401360544,0.9021819526627218,cdbox
ABGW01001570.1/334-439,0.7155571377714489,0.9061224489795918,cdbox
AM910991.1/1216709-1216813,0.7345124716553288,0.9206730769230769,cdbox
nameseq,k1,k2,label
ACBS01000723.1/11593-11697,0.7058503401360544,0.9021819526627218,cdbox
ABGW01001570.1/334-439,0.7155571377714489,0.9061224489795918,cdbox
AM910991.1/1216709-1216813,0.7345124716553288,0.9206730769230769,cdbox
