nameseq,k1,k2,label
AAIY01246169.1/1638-1707,0.746530612244898,0.9128334383532871,cdbox
AAPY01265923.1/1643-1574,0.7489795918367347,0.9203948750262549,cdbox
AAFR03010505.1/107885-107953,0.7427011132115102,0.9087370242214533,cdbox
AANG01319836.1/252-322,0.7486609799642928,0.9175510204081633,cdbox
