nameseq,k1,k2,label
AM910995.1/1210650-1210732,0.7075047176658441,0.8941106484235575,cdbox
ABGW01004497.1/1342-1258,0.6665743944636677,0.8852040816326531,cdbox
nameseq,k1,k2,label
AM910995.1/1210650-1210732,0.7075047176658441,0.8941106484235575,cdbox
ABGW01004497.1/1342-1258,0.6665743944636677,0.8852040816326531,cdbox
