nameseq,k1,k2,label
AJ532522.1/1-93,0.7115273442016419,0.9085538752362949,cdbox
AJ532523.1/1-92,0.7270793950850661,0.9158314213259269,cdbox
AC087551.3/49489-49580,0.7270793950850661,0.9158314213259269,cdbox
U72863.1/1-65,0.7398816568047337,0.9111328125,cdbox
