nameseq,k1,k2,label
CM000208.1/3814397-3814495,0.7421691664115906,0.9283631820074969,cdbox
AHKC01021457.1/140-43,0.7469804248229904,0.92528430226379,cdbox
nameseq,k1,k2,label
CM000208.1/3814397-3814495,0.7421691664115906,0.9283631820074969,cdbox
AHKC01021457.1/140-43,0.7469804248229904,0.92528430226379,cdbox
