nameseq,k1,k2,label
AF016399.1/719-808,0.7409876543209877,0.9246307284433783,cdbox
AF016400.1/574-664,0.7462866803526145,0.9251851851851851,cdbox
AF168732.1/1-90,0.7459259259259259,0.9276606489079662,cdbox
Z50171.1/562-651,0.7459259259259259,0.9276606489079662,cdbox
