nameseq,k1,k2,label
CM000208.1/3813980-3814081,0.7483660130718954,0.9283403587883541,cdbox
CAEX01006950.1/493-393,0.7467895304381923,0.9249999999999999,cdbox
nameseq,k1,k2,label
CM000208.1/3813980-3814081,0.7483660130718954,0.9283403587883541,cdbox
CAEX01006950.1/493-393,0.7467895304381923,0.9249999999999999,cdbox
