nameseq,k1,k2,label
AF357382.1/1-99,0.7448219569431691,0.9266972094960433,cdbox
AL161747.5/13638-13529,0.7479338842975207,0.9271946805824426,cdbox
AJ243222.1/1-109,0.7462334820301322,0.9267832647462277,cdbox
AL161747.5/8490-8387,0.7457470414201184,0.9286454896785747,cdbox
