nameseq,k1,k2,label
DQ108823.1/109-181,0.7273409645336837,0.9185956790123456,cdbox
AJ300655.1/3-68,0.7249770431588614,0.9216568047337278,cdbox
AJ320263.1/4-65,0.7476586888657648,0.930395055092717,cdbox
AJ489964.1/2-63,0.7476586888657648,0.9330825047030368,cdbox
