nameseq,k1,k2,label
U72853.1/1-69,0.7448015122873346,0.9208477508650519,cdbox
U72855.1/1-69,0.7448015122873346,0.9234429065743944,cdbox
