nameseq,k1,k2,label
AJ458935.1/853-941,0.7193536169675545,0.90625,cdbox
AJ490491.1/1-89,0.7193536169675545,0.90625,cdbox
AJ010669.1/1-82,0.738548483045806,0.9208962048468221,cdbox
AK069030.1/2288-2376,0.7193536169675545,0.90625,cdbox
nameseq,k1,k2,label
AJ458935.1/853-941,0.7193536169675545,0.90625,cdbox
AJ490491.1/1-89,0.7193536169675545,0.90625,cdbox
AJ010669.1/1-82,0.738548483045806,0.9208962048468221,cdbox
AK069030.1/2288-2376,0.7193536169675545,0.90625,cdbox
