nameseq,k1,k2,label
AJ490406.1/1-81,0.7139155616521873,0.905,cdbox
AC078839.4/78433-78513,0.7139155616521873,0.905,cdbox
AJ490399.1/1-81,0.7075140984606005,0.9021875,cdbox
AAAA02029403.1/10313-10233,0.7075140984606005,0.9021875,cdbox
nameseq,k1,k2,label
AJ490406.1/1-81,0.7139155616521873,0.905,cdbox
AC078839.4/78433-78513,0.7139155616521873,0.905,cdbox
AJ490399.1/1-81,0.7075140984606005,0.9021875,cdbox
AAAA02029403.1/10313-10233,0.7075140984606005,0.9021875,cdbox
