nameseq,k1,k2,label
AJ490487.1/1-97,0.7441811031990647,0.9229600694444444,cdbox
AJ490488.1/1-94,0.7442281575373473,0.9180252052260377,cdbox
AJ458935.1/1-97,0.7441811031990647,0.9229600694444444,cdbox
AP003537.3/57284-57187,0.7396917950853812,0.916144117334467,cdbox
