nameseq,k1,k2,label
AJ224024.1/1-72,0.746141975308642,0.9208490378893077,cdbox
AF001689.1/2296-2367,0.746141975308642,0.9208490378893077,cdbox
AF001689.1/3399-3470,0.7430555555555556,0.922436024598294,cdbox
AJ224025.1/2-73,0.7430555555555556,0.922436024598294,cdbox
