nameseq,k1,k2,label
AB092809.1/7232-7313,0.7388459250446162,0.9160188995579942,cdbox
AJ490357.1/1-86,0.7201189832341807,0.9140484429065744,cdbox
AJ490358.1/3-88,0.72796106003245,0.9182006920415224,cdbox
AJ490364.1/1-93,0.7291016302462713,0.9132797731568998,cdbox
