nameseq,k1,k2,label
AJ298135.1/1-115,0.7429867674858223,0.9275161588180979,cdbox
AY013245.2/61987-62105,0.7466986794717887,0.9296179258833669,cdbox
AY013245.2/57789-57907,0.7465574465080149,0.9294742889974146,cdbox
AJ489952.1/1-119,0.7465574465080149,0.9300488365412238,cdbox
