nameseq,k1,k2,label
X94605.1/2-96,0.7375069252077562,0.9275690357627886,cdbox
AACH01000077.1/3889-3986,0.7344856309870887,0.926347114464874,cdbox
AACA01000192.1/11990-12087,0.7365680966264057,0.9284727388670422,cdbox
nameseq,k1,k2,label
X94605.1/2-96,0.7375069252077562,0.9275690357627886,cdbox
AACH01000077.1/3889-3986,0.7344856309870887,0.926347114464874,cdbox
AACA01000192.1/11990-12087,0.7365680966264057,0.9284727388670422,cdbox
