nameseq,k1,k2,label
AJ223033.1/15-106,0.7143194706994329,0.9117256370003622,cdbox
AABY01000024.1/7397-7488,0.7129017013232515,0.9105180533751962,cdbox
AACH01000015.1/15664-15755,0.7218809073724007,0.91607293805096,cdbox
AACI02000291.1/11268-11177,0.7176275992438563,0.9136577708006279,cdbox
