nameseq,k1,k2,label
AJ010801.1/1-82,0.6995835812016657,0.8998628257887518,cdbox
AAZN01000292.1/3733-3648,0.7149810708491076,0.9112802768166091,cdbox
AACF01000013.1/101212-101134,0.705335683384073,0.908612754766601,cdbox
CR382124.1/956328-956411,0.6828231292517006,0.8921469008564378,cdbox
