nameseq,k1,k2,label
Z28007.1/2587-2479,0.726201498190388,0.9180384087791496,cdbox
AACH01002005.1/735-843,0.7191313862469488,0.9166666666666666,cdbox
AACA01000080.1/6450-6342,0.7184580422523357,0.9151234567901234,cdbox
nameseq,k1,k2,label
Z28007.1/2587-2479,0.726201498190388,0.9180384087791496,cdbox
AACH01002005.1/735-843,0.7191313862469488,0.9166666666666666,cdbox
AACA01000080.1/6450-6342,0.7184580422523357,0.9151234567901234,cdbox
