nameseq,k1,k2,label
CP001365.1/2074171-2074240,0.7020408163265306,0.8972904851921865,cdbox
nameseq,k1,k2,label
CP001365.1/2074171-2074240,0.7020408163265306,0.8972904851921865,cdbox
