nameseq,k1,k2,label
CP000077.1/2196893-2196945,0.7347810608757566,0.9119822485207101,cdbox
