nameseq,k1,k2,label
AF195112.1/1-54,0.7325102880658436,0.9013883944464223,cdbox
AF254834.1/5-60,0.7225765306122449,0.8852892561983471,cdbox
BA000001.2/1131168-1131223,0.7264030612244898,0.8991735537190083,cdbox
BA000023.2/2234271-2234324,0.742798353909465,0.8978284086863653,cdbox
