nameseq,k1,k2,label
AJ248284.1/214425-214363,0.746283698664651,0.922996878251821,cdbox
BA000001.2/1433294-1433356,0.7427563618039809,0.922996878251821,cdbox
nameseq,k1,k2,label
AJ248284.1/214425-214363,0.746283698664651,0.922996878251821,cdbox
BA000001.2/1433294-1433356,0.7427563618039809,0.922996878251821,cdbox
