nameseq,k1,k2,label
BA000001.2/963521-963465,0.7269929208987381,0.8992346938775511,cdbox
AJ248285.1/293100-293155,0.7213010204081632,0.9044628099173554,cdbox
