nameseq,k1,k2,label
AJ248283.1/67950-68006,0.7466912896275777,0.923469387755102,cdbox
BA000001.2/58901-58957,0.7349953831948293,0.9158163265306123,cdbox
nameseq,k1,k2,label
AJ248283.1/67950-68006,0.7466912896275777,0.923469387755102,cdbox
BA000001.2/58901-58957,0.7349953831948293,0.9158163265306123,cdbox
