nameseq,k1,k2,label
AE009950.1/1849547-1849600,0.7187928669410152,0.9085083659665362,cdbox
AJ248288.1/255929-255876,0.7194787379972565,0.9077963688145247,cdbox
AP006878.1/1226898-1226844,0.7186776859504131,0.9108367626886146,cdbox
nameseq,k1,k2,label
AE009950.1/1849547-1849600,0.7187928669410152,0.9085083659665362,cdbox
AJ248288.1/255929-255876,0.7194787379972565,0.9077963688145247,cdbox
AP006878.1/1226898-1226844,0.7186776859504131,0.9108367626886146,cdbox
