nameseq,k1,k2,label
AJ248284.1/236815-236761,0.7385123966942149,0.9149519890260631,cdbox
BA000001.2/1411664-1411723,0.7350000000000001,0.9141051422005171,cdbox
AP006878.1/832424-832370,0.7411570247933885,0.9204389574759946,cdbox
DQ516907.1/5418-5363,0.7474489795918368,0.9150413223140497,cdbox
