nameseq,k1,k2,label
CP001463.1/675109-675057,0.7390530437878249,0.8927514792899408,cdbox
CP002565.1/1609578-1609526,0.7305090779636881,0.893491124260355,cdbox
BA000001.2/630833-630885,0.7312210751156996,0.9127218934911242,cdbox
AJ248287.2/97964-97912,0.7362050551797793,0.900887573964497,cdbox
