nameseq,k1,k2,label
AJ248284.1/107848-107786,0.743764172335601,0.9079084287200833,cdbox
BA000001.2/1615276-1615214,0.7467876039304611,0.9115504682622269,cdbox
nameseq,k1,k2,label
AJ248284.1/107848-107786,0.743764172335601,0.9079084287200833,cdbox
BA000001.2/1615276-1615214,0.7467876039304611,0.9115504682622269,cdbox
