nameseq,k1,k2,label
AJ248285.1/36404-36458,0.7358677685950413,0.9183813443072703,cdbox
X59857.1/407-462,0.7417091836734694,0.9269421487603307,cdbox
nameseq,k1,k2,label
AJ248285.1/36404-36458,0.7358677685950413,0.9183813443072703,cdbox
X59857.1/407-462,0.7417091836734694,0.9269421487603307,cdbox
