nameseq,k1,k2,label
AJ248283.1/73088-73034,0.7213223140495868,0.901920438957476,cdbox
AP006878.1/1167429-1167375,0.7206611570247934,0.9128943758573388,cdbox
AE009950.1/1881800-1881853,0.733196159122085,0.9085083659665362,cdbox
nameseq,k1,k2,label
AJ248283.1/73088-73034,0.7213223140495868,0.901920438957476,cdbox
AP006878.1/1167429-1167375,0.7206611570247934,0.9128943758573388,cdbox
AE009950.1/1881800-1881853,0.733196159122085,0.9085083659665362,cdbox
