nameseq,k1,k2,label
AE009950.1/1130394-1130451,0.6848989298454221,0.899353647276085,cdbox
AJ248286.2/134883-134942,0.71,0.9037632864119506,cdbox
