nameseq,k1,k2,label
AE009950.1/1245431-1245494,0.74365234375,0.9186192995716805,cdbox
AJ248286.2/3131-3195,0.7488757396449703,0.916015625,cdbox
AP006878.1/1476852-1476910,0.7492099971272622,0.9019024970273484,cdbox
nameseq,k1,k2,label
AE009950.1/1245431-1245494,0.74365234375,0.9186192995716805,cdbox
AJ248286.2/3131-3195,0.7488757396449703,0.916015625,cdbox
AP006878.1/1476852-1476910,0.7492099971272622,0.9019024970273484,cdbox
