nameseq,k1,k2,label
JF909313.1/1-61,0.7137866165009406,0.9022222222222223,cdbox
