nameseq,k1,k2,label
JF909315.1/1-56,0.7130102040816326,0.9044628099173554,cdbox
nameseq,k1,k2,label
JF909315.1/1-56,0.7130102040816326,0.9044628099173554,cdbox
