nameseq,k1,k2,label
JF909319.1/1-77,0.7323326024624726,0.9207063711911357,cdbox
