nameseq,k1,k2,label
JF909321.1/1-64,0.71923828125,0.90904509952129,cdbox
nameseq,k1,k2,label
JF909321.1/1-64,0.71923828125,0.90904509952129,cdbox
