nameseq,k1,k2,label
JF909317.1/1-66,0.7203856749311295,0.9159763313609467,cdbox
nameseq,k1,k2,label
JF909317.1/1-66,0.7203856749311295,0.9159763313609467,cdbox
