nameseq,k1,k2,label
EF503648.1/1-60,0.7261111111111112,0.9112324044814708,cdbox
AFXF01000011.1/357712-357651,0.7221644120707598,0.9142703574307982,cdbox
nameseq,k1,k2,label
EF503648.1/1-60,0.7261111111111112,0.9112324044814708,cdbox
AFXF01000011.1/357712-357651,0.7221644120707598,0.9142703574307982,cdbox
