nameseq,k1,k2,label
JF909312.1/1-73,0.6991930943891912,0.9077932098765432,cdbox
nameseq,k1,k2,label
JF909312.1/1-73,0.6991930943891912,0.9077932098765432,cdbox
