nameseq,k1,k2,label
JF909323.1/1-74,0.7140248356464572,0.9078626383936949,cdbox
nameseq,k1,k2,label
JF909323.1/1-74,0.7140248356464572,0.9078626383936949,cdbox
