nameseq,k1,k2,label
EF503641.1/1-72,0.7118055555555555,0.9129141043443761,cdbox
