nameseq,k1,k2,label
EF503643.1/1-98,0.736359850062474,0.9167818046551175,cdbox
nameseq,k1,k2,label
EF503643.1/1-98,0.736359850062474,0.9167818046551175,cdbox
