nameseq,k1,k2,label
JF909304.1/1-76,0.717797783933518,0.9027555555555555,cdbox
