nameseq,k1,k2,label
JF909320.1/1-58,0.7354340071343639,0.9030470914127424,cdbox
nameseq,k1,k2,label
JF909320.1/1-58,0.7354340071343639,0.9030470914127424,cdbox
