nameseq,k1,k2,label
JF909307.1/1-55,0.7133884297520661,0.906721536351166,cdbox
nameseq,k1,k2,label
JF909307.1/1-55,0.7133884297520661,0.906721536351166,cdbox
