nameseq,k1,k2,label
JF909305.1/1-70,0.7391836734693877,0.9149338374291115,cdbox
