nameseq,k1,k2,label
AY948646.1/1-142,0.7253521126760563,0.9194708515668226,hacabox
AAGD02009255.1/32794-32653,0.7133505256893474,0.9142397263719129,hacabox
DQ789505.1/1-143,0.7231649469411707,0.919361237849633,hacabox
