nameseq,k1,k2,label
AY948712.1/1-127,0.7263934527869056,0.918241370622323,hacabox
AM051026.1/1-124,0.7432362122788762,0.9270936611805143,hacabox
