nameseq,k1,k2,label
AY948601.1/1-137,0.746656721189195,0.9246323529411765,hacabox
DQ789470.1/1-139,0.7455100667667305,0.9268010922075194,hacabox
AM051030.1/1-135,0.7469958847736625,0.9234796168411673,hacabox
