nameseq,k1,k2,label
AY948699.1/1-121,0.7391571613960795,0.9244444444444444,hacabox
