nameseq,k1,k2,label
DQ789480.1/2-131,0.7418934911242603,0.9296316327143801,hacabox
AY948707.1/1-129,0.7376960519199567,0.92529296875,hacabox
DQ789488.1/2-110,0.7406783940745728,0.9260973936899863,hacabox
DQ789520.1/2-133,0.7366850321395776,0.9250043703746867,hacabox
