nameseq,k1,k2,label
DQ789487.1/2-127,0.7446460065507685,0.932736,hacabox
AY948714.1/1-132,0.7405876951331497,0.930948079948721,hacabox
AAGD02001344.1/30481-30356,0.7428823381204334,0.930816,hacabox
