nameseq,k1,k2,label
AE009441.1/1650846-1650787,0.6950000000000001,0.8980178109738581,hacabox
CP003098.1/1477287-1477344,0.6825208085612366,0.894429055093875,hacabox
CP001014.1/1643612-1643672,0.6852996506315507,0.895,hacabox
