nameseq,k1,k2,label
CU329670.1/3316609-3316466,0.7248263888888888,0.9129052765416401,hacabox
