nameseq,k1,k2,label
AJ544010.1/1-140,0.7486734693877551,0.9288339112882356,hacabox
AC007175.1/70408-70552,0.7492984542211653,0.9300733024691358,hacabox
AC007175.1/73628-73766,0.7250142332177423,0.9176643562276833,hacabox
AAKO01001995.1/15226-15363,0.7388153749212351,0.9265277851776866,hacabox
AAPP01018740.1/149264-149399,0.746431660899654,0.9312482853223594,hacabox
