nameseq,k1,k2,label
AC007233.7/16823-16971,0.7445610558082969,0.9299671292914536,hacabox
DQ108823.1/379-527,0.7445610558082969,0.9299671292914536,hacabox
Y11049.1/506-650,0.7486325802615934,0.9323881172839505,hacabox
AARH01014343.1/1683-1829,0.7446897126197418,0.9279414524300995,hacabox
AM460179.2/5268-5416,0.7434800234223684,0.9236669101533966,hacabox
