nameseq,k1,k2,label
AC010582.6/81476-81337,0.7198979591836734,0.9175508514052068,hacabox
AC126265.3/118626-118483,0.7122878086419753,0.9137855151841165,hacabox
AAFC03085126.1/12310-12453,0.7230902777777777,0.9176976869284561,hacabox
AAPY01357268.1/2436-2293,0.7257908950617284,0.9211208372047532,hacabox
AANN01835968.1/5302-5159,0.716917438271605,0.9151547752946354,hacabox
