nameseq,k1,k2,label
AJ609454.1/1-139,0.7332953780860204,0.9223902541482882,hacabox
AC007448.14/61996-61858,0.7307075203146836,0.9219701743331233,hacabox
Z77249.2/39964-40102,0.7312250918689509,0.9220751942869145,hacabox
AJ236935.1/1495-1357,0.7322602349774856,0.9220751942869145,hacabox
