nameseq,k1,k2,label
AJ505674.1/1-108,0.7261659807956105,0.9193816053803826,hacabox
AAAA02021081.1/8772-8665,0.7268518518518519,0.9178094156694908,hacabox
AARH01005974.1/1135-1242,0.744684499314129,0.9302122456109704,hacabox
AASG02001178.1/42223-42328,0.7390530437878249,0.927891156462585,hacabox
AP009482.1/31951-32059,0.7206464102348287,0.918724279835391,hacabox
