nameseq,k1,k2,label
AC112907.7/62863-62686,0.7372175230400202,0.9268090267802994,hacabox
ABDC01304434.1/1589-1766,0.7364600429238732,0.9272558970921511,hacabox
AALT01246665.1/603-780,0.7369650296679713,0.926298317852469,hacabox
DQ351284.1/3156-3333,0.7355763161217018,0.9271282198601934,hacabox
AAYZ01178903.1/11910-11732,0.737867107768172,0.9251988385304886,hacabox
