nameseq,k1,k2,label
Y11162.1/1-133,0.7495053423031263,0.9302112029384757,hacabox
AC008474.9/113719-113587,0.7498445361524111,0.9313590449954087,hacabox
AANU01234533.1/2567-2699,0.7486008253716999,0.9310146923783288,hacabox
AAQQ01143976.1/1834-1702,0.7484877607552716,0.9287190082644629,hacabox
AANG01185971.1/1373-1505,0.7486008253717,0.9307851239669421,hacabox
