nameseq,k1,k2,label
AJ609431.1/1-133,0.7486008253717,0.929178145087236,hacabox
Z78021.1/341-473,0.7491661484538414,0.9267676767676768,hacabox
AL646047.9/33135-33004,0.748852157943067,0.9250043703746867,hacabox
AC117503.8/209801-209669,0.7481485669059869,0.9290633608815426,hacabox
AC114006.3/20483-20615,0.7488269546045565,0.9244719926538109,hacabox
