nameseq,k1,k2,label
AJ609442.1/1-121,0.7315074106959907,0.9220833333333334,hacabox
AK128061.1/3770-3890,0.734102861826378,0.9236111111111112,hacabox
AK027016.1/1395-1517,0.7339546566197369,0.9242139209889815,hacabox
AL589699.4/106209-106088,0.7325987637731792,0.9223413701249914,hacabox
AL591067.35/160576-160455,0.7356893308250471,0.9254832320196708,hacabox
