nameseq,k1,k2,label
AAFW02000032.1/134926-135122,0.7163286866448504,0.9168054977092878,hacabox
AACG02000027.1/92648-92843,0.7283944189920866,0.9238658777120315,hacabox
X89633.1/18639-18835,0.7163286866448504,0.9168054977092878,hacabox
AAEG01000065.1/19439-19634,0.717201166180758,0.9174490466798159,hacabox
AACH01000317.1/2583-2779,0.7150403256976474,0.9172740524781341,hacabox
