nameseq,k1,k2,label
M20764.1/402-590,0.7482433302539123,0.9330579447713898,hacabox
AACH01001103.1/771-582,0.7479778393351801,0.9308809943730578,hacabox
AACA01000336.1/10189-9996,0.7483792113933467,0.9335552632285431,hacabox
AAZN01000271.1/10970-11147,0.7393637167024365,0.9308308595869641,hacabox
CR382123.1/649568-649394,0.7408326530612245,0.9311005416831813,hacabox
