nameseq,k1,k2,label
AAHK01012838.1/375-440,0.7222222222222223,0.912189349112426,hacabox
AC013353.9/110996-110931,0.7479338842975206,0.9287573964497041,hacabox
AAHK01012125.1/639-574,0.7148760330578512,0.9093491124260354,hacabox
FR796458.1/633590-633657,0.7478373702422145,0.9284918690131432,hacabox
FR799579.1/612347-612414,0.745674740484429,0.9293829360659389,hacabox
