nameseq,k1,k2,label
AAHK01028073.1/132-194,0.7387251196775007,0.9219562955254943,hacabox
FN554972.1/1587207-1587268,0.7455775234131113,0.9212577264176297,hacabox
