nameseq,k1,k2,label
JF909328.1/1-132,0.7101698806244261,0.912068061301789,hacabox
