nameseq,k1,k2,label
AM921940.1/1-93,0.7358076078159325,0.9194234404536862,cdbox
AARE01007308.1/520-615,0.7133246527777778,0.906814404432133,cdbox
