nameseq,k1,k2,label
AY948649.1/1-78,0.722879684418146,0.8993084837240681,cdbox
AM050290.1/2-78,0.7249114521841795,0.899584487534626,cdbox
