nameseq,k1,k2,label
AY948677.1/1-122,0.7391830153184629,0.9232975889625026,cdbox
DQ789544.1/1-118,0.7388681413386957,0.9232230257871283,cdbox
DQ789456.1/1-123,0.7424152290303391,0.9260951357162053,cdbox
