nameseq,k1,k2,label
AAFI02000019.1/388135-388060,0.7257617728531855,0.9169777777777778,cdbox
AJ699372.1/1-75,0.7296,0.918918918918919,cdbox
