nameseq,k1,k2,label
AJ699376.1/1-113,0.7255070874774845,0.9228316326530612,cdbox
AAFI02000049.1/53505-53617,0.7255070874774845,0.9228316326530612,cdbox
