nameseq,k1,k2,label
AJ699371.1/1-81,0.6901386983691511,0.895625,cdbox
AAFI02000013.1/120819-120899,0.6828227404359092,0.8940625,cdbox
ADID01000479.1/7580-7497,0.6709183673469388,0.881114820728698,cdbox
