nameseq,k1,k2,label
ACGJ01002915.1/13449-13382,0.7413494809688581,0.9209177990643795,cdbox
ACVC01000045.1/79812-79879,0.7413494809688581,0.9191356649587882,cdbox
