nameseq,k1,k2,label
CAAI01002424.1/3270-3195,0.6734764542936288,0.8842666666666666,cdbox
CAAJ01001830.1/5076-5001,0.6997922437673131,0.9034666666666666,cdbox
ABGX01001459.1/817-896,0.6681250000000001,0.8694119532126262,cdbox
ABGV01003715.1/582-661,0.6765625,0.8803076430059286,cdbox
