nameseq,k1,k2,label
ABGT01006737.1/707-786,0.6753125,0.8799871815414196,cdbox
CAAI01000969.1/797-720,0.7021696252465484,0.9033563838758644,cdbox
