nameseq,k1,k2,label
AABL01002187.1/2652-2576,0.6523865744644965,0.8632271468144045,cdbox
AM910995.1/424185-424272,0.7120351239669422,0.9087065662571013,cdbox
AASM01002319.1/1903-1824,0.6681250000000001,0.8771030283608396,cdbox
