nameseq,k1,k2,label
AM051017.1/1-66,0.7396694214876033,0.9155029585798816,cdbox
AAGD02011076.1/1329-1395,0.7413677879260414,0.9164370982552801,cdbox
