nameseq,k1,k2,label
AC018761.6/48391-48315,0.7394164277281161,0.9189750692520776,cdbox
CAEC01248628.1/1603-1530,0.7381300219138057,0.918371176580972,cdbox
AAPE02050986.1/14566-14492,0.7367111111111111,0.9170927684441198,cdbox
AAHY01072741.1/86035-86109,0.7370666666666666,0.9149013878743608,cdbox
