nameseq,k1,k2,label
CP002684.1/14283975-14284049,0.7100444444444445,0.8955441928414901,cdbox
AFNC01014841.1/284-358,0.7306666666666666,0.9050401753104456,cdbox
CP002687.1/11116124-11116050,0.7175111111111111,0.9101533966398831,cdbox
CP002685.1/56814-56886,0.7235879151810847,0.9147376543209876,cdbox
