nameseq,k1,k2,label
AC007580.6/21024-21105,0.6948245092207019,0.8955951836610273,cdbox
AC007580.6/21266-21347,0.7022605591909578,0.9010821521109587,cdbox
AC008306.3/141140-141221,0.6948245092207019,0.8955951836610273,cdbox
AC008306.3/141382-141463,0.7022605591909578,0.9010821521109587,cdbox
