nameseq,k1,k2,label
JN899102.1/2-75,0.7162162162162162,0.9082379433289548,cdbox
FJ916003.1/1-69,0.729678638941399,0.9169550173010381,cdbox
U72858.1/1-73,0.7100769375117283,0.9077932098765432,cdbox
U40580.1/1298-1369,0.7295524691358024,0.9156913310851021,cdbox
