nameseq,k1,k2,label
AC025362.12/104594-104663,0.743265306122449,0.9212350346565847,cdbox
AJ010676.1/1-70,0.7448979591836735,0.9250157529930687,cdbox
AJ010677.1/3-72,0.7489795918367348,0.9224952741020793,cdbox
AAHX01066269.1/69687-69618,0.7461224489795919,0.9266960722537282,cdbox
