nameseq,k1,k2,label
AF317982.1/2-94,0.725401780552665,0.9229678638941399,cdbox
AL161574.2/196824-196728,0.7261132957806355,0.921875,cdbox
AJ532534.1/5-96,0.7426748582230625,0.9291148412027533,cdbox
AJ532535.1/5-95,0.74821881415288,0.931358024691358,cdbox
