nameseq,k1,k2,label
AJ011568.1/1-67,0.720427712185342,0.9072543617998163,cdbox
AJ010666.1/3-73,0.7236659392977584,0.9118367346938776,cdbox
AJ010668.1/1-72,0.7280092592592593,0.912120610989883,cdbox
AANU01127039.1/4502-4571,0.7269387755102041,0.9023314429741651,cdbox
