nameseq,k1,k2,label
L16016.1/866-1013,0.7401387874360847,0.923226433430515,cdbox
AY043296.2/720-867,0.7435171658144631,0.9218381230043038,cdbox
Z34530.1/4257-4400,0.7387152777777777,0.9208274243239278,cdbox
Z34530.1/6444-6594,0.7461076268584711,0.9273777777777777,cdbox
