nameseq,k1,k2,label
AC005314.3/54045-54126,0.7388459250446163,0.9184575522024081,cdbox
AASG02003152.1/15450-15361,0.7419753086419754,0.9271556621638681,cdbox
AP004489.1/54837-54753,0.744636678200692,0.9203514739229025,cdbox
AARH01008371.1/237066-236979,0.7432851239669421,0.9248249438499141,cdbox
