nameseq,k1,k2,label
AL031584.2/110885-110818,0.708044982698962,0.9053241256404545,cdbox
AP004219.2/12572-12638,0.7124081087101805,0.9072543617998163,cdbox
AL136170.14/9004-8937,0.7184256055363321,0.9075517932724437,cdbox
AC018515.7/88497-88433,0.7138461538461538,0.91015625,cdbox
