nameseq,k1,k2,label
ABGU01005326.1/920-838,0.6871824647989548,0.8991671624033314,cdbox
CAAI01002564.1/5984-5906,0.6748918442557283,0.8892176199868508,cdbox
