nameseq,k1,k2,label
U40580.1/1015-1089,0.7367111111111111,0.9152666179693206,cdbox
U40654.1/922-996,0.7345777777777778,0.9112490869247626,cdbox
U72857.1/1-72,0.7418981481481481,0.9125173576671296,cdbox
U72856.1/1-73,0.7464815162319385,0.9209104938271605,cdbox
