nameseq,k1,k2,label
X96656.1/1-72,0.7391975308641975,0.9077563975401706,cdbox
AF357378.1/1-59,0.7388681413386957,0.9161712247324614,cdbox
AL833804.16/188215-188286,0.7391975308641976,0.9145010910533624,cdbox
AAHX01025040.1/7727-7798,0.7403549382716049,0.9057726641539378,cdbox
