nameseq,k1,k2,label
AL591203.15/10035-10099,0.7157396449704141,0.89990234375,cdbox
BC055883.1/519-584,0.7011019283746556,0.8998816568047338,cdbox
AC073875.6/8012-8076,0.7048520710059172,0.89892578125,cdbox
AC092630.3/54523-54591,0.7040537702163411,0.907439446366782,cdbox
