nameseq,k1,k2,label
U40654.1/666-735,0.7477551020408164,0.9182944759504306,cdbox
U40580.1/750-817,0.7461072664359861,0.9191356649587882,cdbox
L36587.1/100-167,0.7469723183391004,0.9182445979059924,cdbox
AL662969.3/86874-86961,0.7461260330578512,0.9290527150217994,cdbox
