nameseq,k1,k2,label
X96661.1/1-73,0.7093263276412085,0.9039351851851851,cdbox
AF266720.1/161-233,0.7093263276412085,0.9039351851851851,cdbox
AL672106.9/106229-106159,0.7363618329696489,0.9142857142857143,cdbox
AAPY01386508.1/870-799,0.7179783950617284,0.9081531442174172,cdbox
