nameseq,k1,k2,label
AB017710.1/1702-1771,0.7244897959183674,0.9086326402016383,cdbox
X96662.1/1-74,0.7308254200146092,0.9063614186526553,cdbox
AB116374.1/1155-1226,0.7434413580246914,0.9172783177940885,cdbox
AB116376.1/1-69,0.739340474690191,0.9134948096885813,cdbox
