nameseq,k1,k2,label
AC013483.7/59930-60049,0.7383333333333333,0.9250759127180284,cdbox
