nameseq,k1,k2,label
U40580.1/2987-3057,0.7462804999008134,0.9179591836734694,cdbox
U40654.1/2265-2331,0.7480507908220093,0.9219467401285584,cdbox
U72868.1/1-67,0.7373579861884607,0.9118457300275482,cdbox
U72869.1/1-64,0.736328125,0.9145880574452003,cdbox
