nameseq,k1,k2,label
AF317994.1/2-87,0.7233639805300163,0.917923875432526,cdbox
AJ490348.1/1-93,0.7427448259914441,0.9161153119092628,cdbox
AY220661.1/1-96,0.7456597222222222,0.9223268698060942,cdbox
AJ490346.1/1-97,0.7452439154001488,0.9220920138888888,cdbox
