nameseq,k1,k2,label
X87373.1/2786-2857,0.6986882716049383,0.8962507439000199,cdbox
Z83331.1/1-70,0.7359183673469387,0.9208149548414198,cdbox
Z83334.1/4297-4361,0.725207100591716,0.91357421875,cdbox
Z83332.1/1-68,0.7318339100346021,0.9155713967476052,cdbox
