nameseq,k1,k2,label
AC068602.2/61774-61577,0.7311498826650342,0.915354685768765,cdbox
ADBK01001126.1/71340-71543,0.7349096501345637,0.9181974811327622,cdbox
AFAN01000020.1/4183674-4183865,0.7382269965277778,0.9189441078917793,cdbox
AENI01003131.1/43685-43490,0.7360995418575593,0.9212886259040105,cdbox
