nameseq,k1,k2,label
ABHA01003077.1/169-252,0.6828231292517006,0.8793729133401074,cdbox
ABGY01002358.1/1180-1264,0.6759861591695502,0.8744331065759637,cdbox
