nameseq,k1,k2,label
AL049840.8/49457-49533,0.7009613762860516,0.8999307479224377,cdbox
AL645950.13/73701-73778,0.7314266929651545,0.9111148591668072,cdbox
X96650.1/1-70,0.7163265306122448,0.9035916824196597,cdbox
AAPY01284286.1/1238-1315,0.7333990795529257,0.9165120593692022,cdbox
