nameseq,k1,k2,label
AF064276.1/1-101,0.7418880501911578,0.9238,cdbox
CR382122.1/1258384-1258281,0.7328032544378699,0.9203506456781978,cdbox
AAZN01000105.1/58834-58734,0.7293402607587491,0.9218000000000001,cdbox
AACI02000800.1/1219-1117,0.7271184843057781,0.9102268358323722,cdbox
