nameseq,k1,k2,label
AF545070.1/587-661,0.7434666666666667,0.9189189189189189,cdbox
AF545069.1/568-642,0.7452444444444444,0.9211102994886778,cdbox
AF545068.1/590-664,0.7463111111111111,0.9222059897735574,cdbox
AF016400.1/448-527,0.7321875,0.9155584041019068,cdbox
