nameseq,k1,k2,label
AJ784370.1/4-84,0.7386069196768785,0.916875,cdbox
AAPP01019560.1/78347-78267,0.7425697302240513,0.9159375,cdbox
AAQB01009437.1/229861-229942,0.7379535990481856,0.9135802469135802,cdbox
AAIZ01002917.1/47541-47622,0.738548483045806,0.912665752171925,cdbox
