nameseq,k1,k2,label
AABR05151673.1/128645-128724,0.7496875000000001,0.9107514821342734,cdbox
AAEX03012427.1/37620-37541,0.7437499999999999,0.9174811728889601,cdbox
AAFC03026210.1/28436-28510,0.7495111111111111,0.9130752373995618,cdbox
AAIY01448758.1/1752-1673,0.7465625,0.9270950168242269,cdbox
