nameseq,k1,k2,label
AC149132.1/66733-66664,0.7408163265306122,0.9224952741020794,cdbox
AL732366.7/162427-162358,0.7379591836734694,0.9203948750262549,cdbox
AAFC03051600.1/63240-63171,0.7253061224489796,0.9178743961352657,cdbox
AAQQ01146349.1/2027-1958,0.7334693877551021,0.913253518168452,cdbox
