nameseq,k1,k2,label
AJ223843.1/1-95,0.7244321329639889,0.9031235853327297,cdbox
AJ251862.1/1-95,0.7244321329639889,0.9031235853327297,cdbox
AL683874.1/62362-62458,0.741630353916463,0.9249131944444444,cdbox
BX284747.1/26398-26296,0.7361674050334621,0.9188773548635141,cdbox
