nameseq,k1,k2,label
AJ489945.1/1-100,0.7427999999999999,0.9235792266095296,cdbox
AJ307914.1/1-96,0.7443576388888888,0.9221052631578948,cdbox
AAAA02019713.1/24827-24926,0.7427999999999999,0.9235792266095296,cdbox
AASG02003152.1/15228-15137,0.7327504725897921,0.9122086704504286,cdbox
