nameseq,k1,k2,label
AK099797.1/502-609,0.7367969821673526,0.9254956764782951,cdbox
AJ490440.1/1-108,0.7367969821673526,0.9254956764782951,cdbox
AL731784.3/24013-23910,0.7383505917159764,0.9267602978603073,cdbox
AAAA02035057.1/4449-4556,0.7367969821673526,0.9254956764782951,cdbox
