nameseq,k1,k2,label
AAAA02011125.1/45898-45831,0.7210207612456747,0.9111160614836267,cdbox
AJ489950.1/1-67,0.7239919803965249,0.9072543617998163,cdbox
AC189189.1/52925-52858,0.7214532871972318,0.9071062597460459,cdbox
AL049862.1/41945-41876,0.7187755102040816,0.9040117622348246,cdbox
