nameseq,k1,k2,label
AF317995.1/1-111,0.7429591753916078,0.9267768595041322,cdbox
AF317941.1/1-96,0.7445746527777778,0.925207756232687,cdbox
AJ490338.1/1-98,0.7469804248229904,0.9261345520246572,cdbox
AF317942.1/1-96,0.7454427083333333,0.9229916897506926,cdbox
