nameseq,k1,k2,label
AJ007734.1/1-97,0.7418429163566798,0.9205729166666666,cdbox
AL713883.1/98037-98133,0.7401424168349453,0.9192708333333334,cdbox
AC118772.5/60281-60186,0.7415364583333334,0.9174515235457064,cdbox
AJ007733.1/1-97,0.7369539802316931,0.9168836805555556,cdbox
