nameseq,k1,k2,label
AJ490481.1/1-105,0.7350566893424036,0.9251109467455622,cdbox
AJ490483.1/1-108,0.742798353909465,0.9268931784435321,cdbox
AJ490484.1/1-108,0.7409122085048011,0.9221766093108569,cdbox
AJ490485.1/1-108,0.7388545953360768,0.923574111276094,cdbox
