nameseq,k1,k2,label
AJ223032.1/9-104,0.7276475694444444,0.9101385041551247,cdbox
AABZ01000203.1/11569-11665,0.7286640450632373,0.9129774305555556,cdbox
