nameseq,k1,k2,label
AJ223034.1/8-96,0.7201110970837015,0.9163223140495868,cdbox
AACI02000236.1/11645-11732,0.7022210743801653,0.9105562161448012,cdbox
