nameseq,k1,k2,label
AF064279.1/1-82,0.7189173111243308,0.9074836153025454,cdbox
AAZN01000148.1/12872-12778,0.7242105263157894,0.9212313263920326,cdbox
AADM01000162.1/1080-1164,0.733840830449827,0.9200680272108843,cdbox
AAPO01000010.1/296734-296826,0.7413573823563417,0.9258034026465028,cdbox
