nameseq,k1,k2,label
AJ010799.1/3-106,0.7390902366863905,0.9244980676783863,cdbox
AABY01000226.1/9021-8920,0.7450980392156863,0.9283403587883541,cdbox
AACA01000204.1/7787-7681,0.7384051008821731,0.9264862940548237,cdbox
AABZ01000605.1/944-1046,0.7457818833066265,0.9277201076509035,cdbox
