nameseq,k1,k2,label
BA000002.3/1357410-1357474,0.7398816568047337,0.91845703125,cdbox
