nameseq,k1,k2,label
BA000002.3/277650-277585,0.7144168962350781,0.9145562130177515,cdbox
