nameseq,k1,k2,label
AJ248286.2/118705-118759,0.72,0.8854595336076818,cdbox
BA000001.2/1057034-1056980,0.7213223140495868,0.9026063100137174,cdbox
