nameseq,k1,k2,label
AJ248287.2/136133-136073,0.7121741467347487,0.9094444444444444,cdbox
