nameseq,k1,k2,label
AJ248283.1/57376-57436,0.7282988443966676,0.905,cdbox
BA000001.2/49019-49079,0.736898683149691,0.9105555555555556,cdbox
AE009950.1/9297-9237,0.7331362536952433,0.9094444444444444,cdbox
AP006878.1/87729-87781,0.7419010323958704,0.882396449704142,cdbox
