nameseq,k1,k2,label
AJ248284.1/234671-234725,0.7325619834710744,0.901920438957476,cdbox
BA000001.2/1413806-1413752,0.7418181818181818,0.8978052126200274,cdbox
AP006878.1/1257078-1257024,0.7332231404958678,0.8827160493827161,cdbox
D87814.1/94-148,0.7391735537190083,0.8923182441700961,cdbox
