nameseq,k1,k2,label
CP000077.1/368187-368239,0.6941972232111071,0.8846153846153846,cdbox
