nameseq,k1,k2,label
JF929905.1/1-98,0.7403165347771762,0.9280476139866085,cdbox
AFXF01000848.1/17725-17628,0.7430237401082882,0.9299606759485599,cdbox
