nameseq,k1,k2,label
JF909309.1/1-74,0.7319211102994887,0.9194970913867517,cdbox
AFXF01001532.1/89408-89481,0.7421475529583638,0.9266278851566898,cdbox
