nameseq,k1,k2,label
JF909318.1/1-63,0.7175610985134795,0.9084287200832466,cdbox
