nameseq,k1,k2,label
JF909306.1/1-108,0.6932441700960219,0.9003406411040266,cdbox
