nameseq,k1,k2,label
JF909314.1/1-68,0.7184256055363321,0.9053241256404545,cdbox
