nameseq,k1,k2,label
JF909322.1/1-77,0.7154663518299882,0.9002770083102494,cdbox
