nameseq,k1,k2,label
EF503642.1/1-87,0.7448804333465451,0.9307733910221742,cdbox
AFXF01000643.1/293393-293305,0.7466229011488448,0.931301652892562,cdbox
