nameseq,k1,k2,label
AL807389.7/15376-15244,0.7366159760303013,0.9249311294765841,cdbox
M11057.1/2-139,0.7434362528880487,0.9270605786136714,cdbox
L13416.1/2-139,0.749317370300357,0.9299376631679898,cdbox
AF375054.1/1920-2053,0.7428157718868345,0.9240771100684041,cdbox
