nameseq,average,median,maximum,minimum,peak,none_levated_peak,sample_standard_deviation,population_standard_deviation,percentile15,percentile25,percentile50,percentile75,amplitude,variance,interquartile_range,semi_interquartile_range,coefficient_of_variation,skewness,kurtosis,label
AM270162.1/34733-34641,32593.0,678.0693272169426,2159475.0,127.08869759347364,0.0009511244745804314,0.3012280055569768,225318.61034100136,226539.8583664118,328.20475315793055,356.92891052793465,678.0693272169426,1943.9322680564023,2159347.9113024063,51320307428.67391,1587.0033575284676,793.5016787642338,6.91309822173477,0.42493068758700064,0.08057910273845498,cdbox
AACD01000017.1/202498-202407,14029.999999999995,400.58351635216735,1012004.0,25.634244454482147,0.002185792349726777,0.4332232353079024,105150.24201588886,105726.41203856986,147.3121454555001,202.07853794692764,400.58351635216735,800.7709331613576,1011978.3657555456,11178074202.54945,598.6923952144299,299.34619760721495,7.494671562073336,0.38885549540404296,0.08752732874228365,cdbox
AP007169.1/1056814-1056914,32628.99999999999,584.8953666459356,2712395.0,131.82176069697894,0.0010318019757475459,0.3306994628355461,268664.51371552586,270004.4946649963,311.6458074256848,365.9595455472287,584.8953666459356,1331.2563521013265,2712263.178239303,72902427139.3,965.2968065540978,482.6484032770489,8.233918100938611,0.3578154500964404,0.050160221569159405,cdbox
AM920431.1/1133479-1133568,17067.0,428.4597270357915,1078299.0,67.0,0.0017577781683951485,0.3829163108561375,113899.71559227002,114537.81422979629,173.47807817323908,203.58063718642174,428.4597270357915,1359.1188452972879,1078232.0,13118910888.539326,1155.5382081108662,577.7691040554331,6.673681115150291,0.43824183896627944,0.11962311565766737,cdbox
