nameseq,average,median,maximum,minimum,peak,none_levated_peak,sample_standard_deviation,population_standard_deviation,percentile15,percentile25,percentile50,percentile75,amplitude,variance,interquartile_range,semi_interquartile_range,coefficient_of_variation,skewness,kurtosis,label
AACD01000109.1/203504-203433,14956.0,447.63870274325694,725192.0,95.3374517940407,0.0016047071409467772,0.33175113217785196,86051.01361401852,86654.88778490273,233.37849868019123,279.8473394418977,447.63870274325694,1504.534983286225,725096.6625482059,7509069577.014085,1224.6876438443273,612.3438219221637,5.7536115013384945,0.505805592099145,0.09704108021290639,cdbox
AAKD03000010.1/312115-312193,24064.000000000007,469.7436172512057,1511848.0,55.27484217853926,0.001094304078014184,0.30793949226677914,169426.60468769362,170509.21381616048,189.83246894666067,236.67807800115838,469.7436172512057,1436.8005664731813,1511792.7251578216,29073391996.205128,1200.122488472023,600.0612442360115,7.04066675065216,0.4177783605988047,0.09381749231974723,cdbox
AAJN01000176.1/28338-28263,22774.0,464.2292852601703,1373252.0,84.0,0.0011123796141799128,0.329214511158719,156734.39889188335,157775.83492605365,249.00620074935853,274.548440517896,464.2292852601703,1647.1616795688578,1373168.0,24893214086.613335,1372.613239050962,686.306619525481,6.882163822423964,0.42702375877542914,0.12363986267709225,cdbox
