nameseq,average,median,maximum,minimum,peak,none_levated_peak,sample_standard_deviation,population_standard_deviation,percentile15,percentile25,percentile50,percentile75,amplitude,variance,interquartile_range,semi_interquartile_range,coefficient_of_variation,skewness,kurtosis,label
AACD01000006.1/37257-37396,71326.00000000003,491.51412782615307,7587700.0,171.27331266496003,0.0006542728691734662,0.38410075236657404,644943.1185740337,647258.900238859,284.1854583551923,315.4836121592209,491.51412782615307,1851.3629279592687,7587528.726687335,418944083938.41724,1535.8793158000478,767.9396579000239,9.042188242352486,0.3294917822929343,0.05284573095945701,cdbox
AM920430.1/196085-195955,47121.99999999997,501.5611459972643,4551604.0,119.5035566004359,0.0009266726086895015,0.42362713915021144,401426.3219097621,402967.3115372435,246.29540186915236,311.6566495799141,501.5611459972643,1496.6889137271805,4551484.496443399,162382654167.55386,1185.0322641472665,592.5161320736332,8.518872753910326,0.34841092606141555,0.06465003123429133,cdbox
ABKH01000411.1/150082-150224,87128.0,819.4041310284981,9806824.0,198.63547302326964,0.0005470878095063202,0.3263054279403666,820743.8367286104,823628.7097244866,357.7122394912104,472.4699596121098,819.4041310284981,2359.6827280148564,9806625.364526976,678364251482.4225,1887.2127684027466,943.6063842013733,9.419977925909127,0.3154769807824115,0.042605949520214174,cdbox
ABBS02000005.1/49246-49105,82021.00000000003,830.743871608706,9483771.0,107.0,0.0005770879815331844,0.35067795195284635,794567.2429127694,797379.8791165977,265.04143656737716,413.9483465577166,830.743871608706,2287.626457018889,9483664.0,635814671620.0,1873.6781104611725,936.8390552305863,9.687363515596848,0.3065451924399482,0.06549924294038022,cdbox
