nameseq,average,median,maximum,minimum,peak,none_levated_peak,sample_standard_deviation,population_standard_deviation,percentile15,percentile25,percentile50,percentile75,amplitude,variance,interquartile_range,semi_interquartile_range,coefficient_of_variation,skewness,kurtosis,label
EU780959.1/1-95,12663.999999999998,483.9062269011407,689176.0,74.53063194979912,0.0025005264266161303,0.4243153511906389,73915.02840424266,74307.15332250063,161.7988403690989,215.69815260862725,483.9062269011407,1313.239371377571,689101.4693680502,5521553034.893617,1097.5412187689437,548.7706093844719,5.8366257425965475,0.4943552361159505,0.10131951718748189,cdbox
ABBS02000011.1/58644-58737,10700.999999999995,301.2623053396206,462731.0,60.29622650127545,0.002928075257764073,0.4303326269944715,52727.25881363452,53009.98072670052,129.3860954203617,167.1947580513725,301.2623053396206,1034.7200287885646,462670.7037734987,2810058056.6451607,867.5252707371922,433.7626353685961,4.927320700274231,0.5917093698015921,0.053291679057843676,cdbox
AM921933.1/1-97,16859.0,461.4542641572368,896579.0,47.421094140921895,0.0019178678055242503,0.38811803469068573,97377.20086344649,97883.05985630678,162.60363825010347,225.99322296590194,461.4542641572368,1466.153211603466,896531.578905859,9581093406.833334,1240.159988637564,620.079994318782,5.77597727406409,0.5051761271769545,0.07268727197080174,cdbox
AM920431.1/2305920-2305824,15547.0,382.26118126749327,947891.0,67.97318401021056,0.0020797152719710128,0.4214391904237631,98402.26029924312,98913.4443120179,189.70963431180047,236.23422855727034,382.26118126749327,1849.8027282353532,947823.0268159898,9783869465.666666,1613.5684996780828,806.7842498390414,6.329340728066065,0.4623289781946955,0.12943659420867848,cdbox
