nameseq,average,median,maximum,minimum,peak,none_levated_peak,sample_standard_deviation,population_standard_deviation,percentile15,percentile25,percentile50,percentile75,amplitude,variance,interquartile_range,semi_interquartile_range,coefficient_of_variation,skewness,kurtosis,label
AM921939.1/1-79,8856.000000000005,276.61018416765035,497048.0,54.34784249920923,0.0029735019572417927,0.42687656131842217,55860.01596849038,56216.95260967059,85.47146389646956,152.22196886560099,276.61018416765035,983.1850825269094,496993.6521575008,3160345760.717949,830.9631136613084,415.4815568306542,6.307589879007491,0.4607619421737276,0.07432457775245284,cdbox
ABFN01002286.1/18465-18539,9933.999999999996,300.25656499017555,602692.0,93.93688828834185,0.0025166096235152012,0.4301640976336077,69073.17185420111,69538.31631417898,142.76373906822982,162.66337428119397,300.25656499017555,937.8679801861783,602598.0631117116,4835577435.810811,775.2046059049844,387.6023029524922,6.953208360600073,0.4184146974752204,0.06750340765123614,cdbox
