nameseq,average,median,maximum,minimum,peak,none_levated_peak,sample_standard_deviation,population_standard_deviation,percentile15,percentile25,percentile50,percentile75,amplitude,variance,interquartile_range,semi_interquartile_range,coefficient_of_variation,skewness,kurtosis,label
AAJN01000116.1/81248-81329,25639.0,400.91368242471526,1626139.0,99.18303274936,0.0010660842206534316,0.30414440297577044,179222.45450835675,180325.3723306092,163.11353562339053,199.85036246818848,400.91368242471526,1832.4492026351359,1626039.8169672505,32517239906.17284,1632.5988401669474,816.2994200834737,6.990227953834266,0.4224596698021199,0.08731020799122245,cdbox
AAKD03000028.1/39409-39327,39009.999999999985,479.45553982059965,2455628.0,124.81491356830851,0.0007092198581560286,0.2832432566577007,269377.4225320304,271014.9903357881,253.57864612448225,342.8560216708307,479.45553982059965,1834.7959332221515,2455503.185086432,73449124986.70732,1491.9399115513206,745.9699557756603,6.905342797539874,0.42910661292259455,0.03770851387523875,cdbox
AM270160.1/33725-33807,13993.999999999995,319.76451062309064,759476.0,43.87308534348431,0.001977037778095375,0.38374139402975693,84798.73542689184,85314.23400739348,137.28865689357877,159.6598964020177,319.76451062309064,932.5060188474993,759432.1269146565,7278518524.268292,772.8461224454816,386.4230612227408,6.059649523145053,0.48376554510648234,0.06087790159481475,cdbox
ABAR01000017.1/60688-60770,12554.000000000004,295.142377970738,757540.0,5.84661511979164,0.0022038128617704843,0.42028318576999557,82986.75485883273,83491.23825843542,137.96603939583127,159.6002327542866,295.142377970738,921.2454070932966,757534.1533848802,6970786865.926829,761.64517433901,380.822587169505,6.610383531849029,0.44316195914212764,0.07689429914546657,cdbox
