nameseq,average,median,maximum,minimum,peak,none_levated_peak,sample_standard_deviation,population_standard_deviation,percentile15,percentile25,percentile50,percentile75,amplitude,variance,interquartile_range,semi_interquartile_range,coefficient_of_variation,skewness,kurtosis,label
ABVF01000102.1/235831-235936,36763.0,708.781575903317,3066003.0,191.9096185847078,0.0009611112622292342,0.316214518598156,296689.45667144965,298098.9157054448,293.2217073646574,409.1636342105463,708.781575903317,1613.4901252735453,3065811.090381415,88862963544.7619,1204.3264910629991,602.1632455314996,8.070327684668,0.3645652140314109,0.04428036161816531,cdbox
ABIW01001098.1/7114-7219,10147.0,290.8673498223326,599219.0,55.7207851053695,0.0034821457902171416,0.49062121518526186,59974.57678049926,60259.49323827187,118.66421207900379,185.9331536661942,290.8673498223326,1083.5525983958614,599163.2792148946,3631206525.333333,897.6194447296673,448.80972236483365,5.910572265743497,0.4930155332108516,0.07418626247022515,cdbox
AM921937.1/1-105,8055.000000000005,311.8788162201995,399283.0,32.76201264377462,0.00434512725015518,0.5135678283680614,41411.37404143938,41609.990883754755,133.75667234767738,164.05392335761118,311.8788162201995,762.3906035867951,399250.2379873562,1731391341.346154,598.3366802291839,299.16834011459196,5.141076851823633,0.5609416274884852,0.03955287228848695,cdbox
ABKI01000243.1/38567-38673,12949.999999999996,386.7093159618281,785524.0,59.12185184136382,0.002754182754182755,0.43408805021594626,77551.84401418189,77916.79588412923,156.62430811756226,219.97683282394104,386.7093159618281,1526.232015633243,785464.8781481587,6071027080.849056,1306.255182809302,653.127591404651,5.98855938333451,0.48599582036014727,0.10129533933052322,cdbox
