nameseq,average,median,maximum,minimum,peak,none_levated_peak,sample_standard_deviation,population_standard_deviation,percentile15,percentile25,percentile50,percentile75,amplitude,variance,interquartile_range,semi_interquartile_range,coefficient_of_variation,skewness,kurtosis,label
AM921940.1/1-93,16713.00000000001,396.995445884982,701627.0,60.0117379989587,0.0018548435349727745,0.3701399407070528,80078.301617854,80512.33353195565,135.99704038510882,202.26421186544513,396.995445884982,1302.62536250638,701566.9882620011,6482235850.760869,1100.361150640935,550.1805753204675,4.791378066047624,0.6112518956250165,0.07209090530667055,cdbox
AARE01007308.1/520-615,45056.00000000002,998.0715300964664,3005288.0,188.53325519037713,0.0007102272727272724,0.27320671375176286,308180.96756289154,309798.72653960006,391.99999999999994,487.98957184409096,998.0715300964664,2815.379111951073,3005099.4667448094,95975250965.55789,2327.389540106982,1163.694770053491,6.83995400308264,0.42888367330061516,0.060409272253975195,cdbox
