nameseq,average,median,maximum,minimum,peak,none_levated_peak,sample_standard_deviation,population_standard_deviation,percentile15,percentile25,percentile50,percentile75,amplitude,variance,interquartile_range,semi_interquartile_range,coefficient_of_variation,skewness,kurtosis,label
AY948649.1/1-78,19325.000000000007,493.4970524723055,1120675.0,118.29853645421805,0.0013454075032341521,0.2953259910900446,126535.98839065511,127355.00010192391,250.36408983050785,277.27805185682007,493.4970524723055,1646.5672656290233,1120556.7014635457,16219296050.961039,1369.2892137722033,684.6446068861017,6.547787238843729,0.4464698901957233,0.1440781189173948,cdbox
AM050290.1/2-78,18665.00000000002,422.2018781085494,1069091.0,188.24253577151518,0.001375122778819536,0.2974883357735008,121476.58137270738,122273.15765455553,255.30709592974324,277.2569040562828,422.2018781085494,1618.3373420847026,1068902.7574642284,14950725082.81579,1341.0804380284198,670.5402190142099,6.508255096314346,0.4505262968979999,0.13014008066591323,cdbox
