nameseq,average,median,maximum,minimum,peak,none_levated_peak,sample_standard_deviation,population_standard_deviation,percentile15,percentile25,percentile50,percentile75,amplitude,variance,interquartile_range,semi_interquartile_range,coefficient_of_variation,skewness,kurtosis,label
DQ789435.1/1-69,13036.999999999993,286.3348984562291,642763.0,70.25839314782107,0.0017642095574135163,0.35636352230910284,77541.31761841555,78109.3934738514,168.69549160779374,181.0,286.3348984562291,825.1218096181077,642692.7416068522,6101077348.8529415,644.1218096181077,322.06090480905385,5.947788418993295,0.49331113372191,0.0623883320761771,cdbox
AY948653.1/1-70,15136.999999999996,306.62688447973994,762843.0,47.597797825447344,0.0015414767347118542,0.30931238495260444,91426.39357428468,92086.52051196201,172.9279461061356,190.5873000036661,306.62688447973994,1313.8218472833557,762795.4022021745,8479927260.0,1123.2345472796897,561.6172736398448,6.039928227144395,0.48663320959293205,0.11721235064556988,cdbox
