nameseq,average,median,maximum,minimum,peak,none_levated_peak,sample_standard_deviation,population_standard_deviation,percentile15,percentile25,percentile50,percentile75,amplitude,variance,interquartile_range,semi_interquartile_range,coefficient_of_variation,skewness,kurtosis,label
AY948651.1/1-67,4810.000000000003,225.14679391568785,164340.0,66.64592039607479,0.00464310464310464,0.4341902988074748,20940.67434444268,21098.71941180748,96.26299256450588,108.48311162928633,225.14679391568785,756.7508743294641,164273.35407960392,445155960.8181818,648.2677627001777,324.13388135008887,4.35357054978018,0.6568346077118182,0.08562351577383646,cdbox
DQ789419.1/8-78,1571.9999999999998,115.7172239930937,33480.0,11.866305690363928,0.01505513146734521,0.667042956575909,5266.965350180311,5304.453121131877,47.34050823177991,67.75041480982799,115.7172239930937,272.76464972004476,33468.13369430964,28137222.914285716,205.01423491021677,102.50711745510839,3.350486863982387,0.8294811219654509,0.051476116036118236,cdbox
