nameseq,average,median,maximum,minimum,peak,none_levated_peak,sample_standard_deviation,population_standard_deviation,percentile15,percentile25,percentile50,percentile75,amplitude,variance,interquartile_range,semi_interquartile_range,coefficient_of_variation,skewness,kurtosis,label
AY948654.1/1-131,55649.99999999994,767.206932490197,5200964.0,134.98822079063783,0.0007846660676849364,0.39953188223900515,456700.04673746205,458453.22034985624,370.6041517640098,471.3344144851005,767.206932490197,2108.338852645107,5200829.01177921,210179355249.15384,1637.0044381600067,818.5022190800033,8.20664953706132,0.36051754401763564,0.07154756816128166,cdbox
