nameseq,average,median,maximum,minimum,peak,none_levated_peak,sample_standard_deviation,population_standard_deviation,percentile15,percentile25,percentile50,percentile75,amplitude,variance,interquartile_range,semi_interquartile_range,coefficient_of_variation,skewness,kurtosis,label
AY948672.1/1-119,9419.999999999996,250.36778905959886,692504.0,20.327485706385325,0.004210898796886059,0.6331626981942253,64865.97225047968,65140.248197931636,76.95662264346684,139.22461681403598,250.36778905959886,781.1888414633202,692483.6725142936,4243251935.2881355,641.9642246492842,320.9821123246421,6.885984315337549,0.4240882496387428,0.05514666404193023,cdbox
CAAC02000589.1/214835-214717,13243.999999999996,247.17119425202117,1143632.0,37.8859606087848,0.0029950669485553213,0.6301734040471559,105369.66229422965,105815.2019655822,86.89410508459359,109.41662376797716,247.17119425202117,825.9546537810379,1143594.1140393913,11196856967.016949,716.5380300130607,358.26901500653037,7.956030073560079,0.3700352223619033,0.09220515412775077,cdbox
AAGD02001053.1/233627-233746,8795.999999999996,250.00761268033233,579752.0,34.84247061718843,0.004547521600727605,0.6360569574699362,54727.58061526199,54957.047368487554,88.94465707605949,123.29075514213265,250.00761268033233,611.2633154761643,579717.1575293829,3020277055.462185,487.97256033403164,243.98628016701582,6.221871375086632,0.468465385711008,0.048582954227099545,cdbox
ABLE03023995.1/5294-5411,4616.999999999999,210.370740300139,185587.0,4.4474353667706925,0.008519240488051406,0.748164107250624,20715.38698648905,20803.72592450401,66.21881434819537,97.37722457542067,210.370740300139,641.4533583984656,185582.55256463322,432795012.3418803,544.076133823045,272.0380669115225,4.486763479854679,0.6381675508993304,0.09690300579615657,cdbox
