nameseq,average,median,maximum,minimum,peak,none_levated_peak,sample_standard_deviation,population_standard_deviation,percentile15,percentile25,percentile50,percentile75,amplitude,variance,interquartile_range,semi_interquartile_range,coefficient_of_variation,skewness,kurtosis,label
DQ789442.1/1-71,4619.999999999999,210.6568022910873,179464.0,44.59414516887135,0.005122655122655124,0.4571693068934891,21918.59219931791,22074.598383015455,86.20162735793934,97.24496805128265,210.6568022910873,707.4239684157303,179419.40585483113,487287893.7714285,610.1790003644477,305.08950018222384,4.7442840258263885,0.6035072632784501,0.06239752317405851,cdbox
Z48717.1/2830-2757,7019.000000000002,187.06161095314926,347659.0,22.30248533729548,0.003514270788811321,0.43777983725893127,40569.81779599213,40846.74809477259,58.66871589931688,92.38539597632787,187.06161095314926,704.0850378425041,347636.6975146627,1668456829.9178083,611.6996418661762,305.8498209330881,5.779999685994033,0.5051986003537173,0.05834049935398496,cdbox
