nameseq,average,median,maximum,minimum,peak,none_levated_peak,sample_standard_deviation,population_standard_deviation,percentile15,percentile25,percentile50,percentile75,amplitude,variance,interquartile_range,semi_interquartile_range,coefficient_of_variation,skewness,kurtosis,label
DQ789510.1/3-70,5690.000000000004,292.8703643141549,278732.0,44.8919510050503,0.003983596953719974,0.45029649177468134,33738.750717831856,33989.59990191908,102.62329783021511,144.10308278098097,292.8703643141549,648.333879565037,278687.10804899497,1155292901.4925373,504.23079678405605,252.11539839202803,5.929481672729672,0.4799048145697924,0.11632507170489138,cdbox
AY948689.1/1-68,4250.0,248.56292545712867,227636.0,36.25034943931559,0.005333333333333334,0.5035456750787957,27384.799944494756,27588.407208436434,67.89744842788083,101.2336425770734,248.56292545712867,612.604269817896,227599.7496505607,761120212.2985075,511.3706272408226,255.6853136204113,6.443482339881119,0.4383567251891455,0.1310796552269436,cdbox
