nameseq,average,median,maximum,minimum,peak,none_levated_peak,sample_standard_deviation,population_standard_deviation,percentile15,percentile25,percentile50,percentile75,amplitude,variance,interquartile_range,semi_interquartile_range,coefficient_of_variation,skewness,kurtosis,label
AY948694.1/1-76,3174.0000000000023,209.92805311376753,55602.622430295494,44.0,0.007981516488132738,0.5188435717317504,10830.721674939301,10902.687394705337,79.3364919227479,103.78480763133118,209.92805311376753,446.5726832183875,55558.622430295494,118868592.42666666,342.7878755870563,171.39393779352815,3.4123256694830792,0.8210178515836101,0.039123209851302576,cdbox
DQ789403.1/1-72,8564.000000000002,223.99999999999994,431336.0,24.9227067932635,0.0028024287716020544,0.37946035801803807,50780.40078613008,51136.75884786587,111.75017151523382,129.6545882517721,223.99999999999994,939.3904416273024,431311.07729320676,2614968105.464789,809.7358533755303,404.86792668776513,5.929519008188938,0.4927097780377081,0.08279770089112742,cdbox
DQ789529.1/1-72,4139.999999999999,185.95505887992857,131272.0,7.737072411685753,0.005797101449275363,0.4746987271071332,17202.157539099564,17322.875915154244,61.97658319877167,87.01986695293539,185.95505887992857,660.6336490091185,131264.2629275883,300082029.97183096,573.613782056183,286.8068910280915,4.1551105166907165,0.6895725025420926,0.0744053999664588,cdbox
