nameseq,average,median,maximum,minimum,peak,none_levated_peak,sample_standard_deviation,population_standard_deviation,percentile15,percentile25,percentile50,percentile75,amplitude,variance,interquartile_range,semi_interquartile_range,coefficient_of_variation,skewness,kurtosis,label
DQ789409.1/1-64,4143.999999999998,189.51411226072548,111704.0,26.43296118179845,0.00514800514800515,0.4336471733144658,15704.54099934156,15828.689500447827,70.29982950382819,97.87087987780072,189.51411226072548,490.2741699796952,111677.5670388182,250547411.30158728,392.4032901018945,196.20164505094726,3.7897058396094514,0.7554157529160014,0.03268818163476744,cdbox
AY948696.1/1-69,6853.000000000002,394.8795144074166,279931.0,75.43148514510266,0.0033561943674303217,0.36977849460819245,34417.28382658922,34669.428470916566,148.67819858076626,176.73551829887032,394.8795144074166,664.6506113515833,279855.5685148549,1201969270.5,487.91509305271296,243.95754652635648,5.022221483523889,0.5629253474619055,0.08177914565379228,cdbox
