nameseq,average,median,maximum,minimum,peak,none_levated_peak,sample_standard_deviation,population_standard_deviation,percentile15,percentile25,percentile50,percentile75,amplitude,variance,interquartile_range,semi_interquartile_range,coefficient_of_variation,skewness,kurtosis,label
DQ789465.1/2-125,39694.000000000015,518.8642173027777,3314540.0,137.7187441378088,0.0010412992727700237,0.3769986074911622,302097.8530013082,303323.40713293414,228.7432854261255,318.42803854271705,518.8642173027777,1164.042078227787,3314402.281255862,92005089314.7317,845.6140396850699,422.80701984253494,7.610667934733414,0.3890309255113534,0.03020809383556276,cdbox
