nameseq,average,median,maximum,minimum,peak,none_levated_peak,sample_standard_deviation,population_standard_deviation,percentile15,percentile25,percentile50,percentile75,amplitude,variance,interquartile_range,semi_interquartile_range,coefficient_of_variation,skewness,kurtosis,label
AJ698945.1/1-66,17934.999999999996,417.275975850779,914043.0,62.32913455476821,0.0012266517981600225,0.2450982212190029,111784.29556963714,112640.89273684689,177.46234888064228,235.3590103389179,417.275975850779,1655.1679545590005,913980.6708654453,12687970716.553846,1419.8089442200826,709.9044721100413,6.232745780297583,0.47013018961781744,0.07593503145545406,cdbox
AAFI02000040.1/500089-500154,17934.999999999996,417.275975850779,914043.0,62.32913455476821,0.0012266517981600225,0.2450982212190029,111784.29556963714,112640.89273684689,177.46234888064228,235.3590103389179,417.275975850779,1655.1679545590005,913980.6708654453,12687970716.553846,1419.8089442200826,709.9044721100413,6.232745780297583,0.47013018961781744,0.07593503145545406,cdbox
