nameseq,average,median,maximum,minimum,peak,none_levated_peak,sample_standard_deviation,population_standard_deviation,percentile15,percentile25,percentile50,percentile75,amplitude,variance,interquartile_range,semi_interquartile_range,coefficient_of_variation,skewness,kurtosis,label
AJ699374.1/1-80,4168.0,186.7266731825311,155224.0,28.002734112801917,0.0063979526551503525,0.5300558720670673,18489.72384866794,18606.379415047646,74.58185070391175,85.46865159193959,186.7266731825311,588.4412208753556,155195.99726588718,346197354.9367088,502.972569283416,251.486284641708,4.436114167146819,0.6459707066589249,0.03691176703705447,cdbox
AAFI02000040.1/499806-499884,10383.999999999996,251.1267489841831,551240.0,29.897542413824773,0.002535952747817155,0.40228444629440135,62320.73497641053,62718.95458721247,113.31340740092351,138.76016960016972,251.1267489841831,726.9226171464404,551210.1024575862,3933667264.5128202,588.1624475462706,294.0812237731353,6.001611611749861,0.48777697767129735,0.021884443104660586,cdbox
