nameseq,average,median,maximum,minimum,peak,none_levated_peak,sample_standard_deviation,population_standard_deviation,percentile15,percentile25,percentile50,percentile75,amplitude,variance,interquartile_range,semi_interquartile_range,coefficient_of_variation,skewness,kurtosis,label
AAFI02000019.1/388135-388060,14270.0,350.2603674974549,644676.0,114.45954966390974,0.001775286148096239,0.3186462461220456,76071.36241714092,76576.82553531889,188.43514190945734,234.10463226740677,350.2603674974549,939.6412222592351,644561.5404503361,5864010209.066667,705.5365899918284,352.7682949959142,5.330859314445754,0.5489479558486015,0.043418790799253724,cdbox
AJ699372.1/1-75,12638.000000000005,328.51846885690725,550836.0,71.6884019232265,0.0019781611014401002,0.3293104914387056,65798.16555193618,66241.25584823517,146.30110459887447,187.73435665602833,328.51846885690725,893.4598294794478,550764.3115980767,4387903976.351351,705.7254728234194,352.8627364117097,5.206374865638246,0.5612382090543347,0.04977349860231842,cdbox
