nameseq,average,median,maximum,minimum,peak,none_levated_peak,sample_standard_deviation,population_standard_deviation,percentile15,percentile25,percentile50,percentile75,amplitude,variance,interquartile_range,semi_interquartile_range,coefficient_of_variation,skewness,kurtosis,label
AAFI02000039.1/102443-102507,18482.999999999975,482.4924756961474,956379.0,125.06338288849945,0.0011722483723782232,0.2894177107437736,117926.4462281468,118844.1756040236,227.93670939408506,262.2108059264696,482.4924756961474,1241.6167046129062,956253.9366171116,14123938075.0,979.4058986864366,489.7029493432183,6.380265445444298,0.4579254637118229,0.07242971153456301,cdbox
