nameseq,average,median,maximum,minimum,peak,none_levated_peak,sample_standard_deviation,population_standard_deviation,percentile15,percentile25,percentile50,percentile75,amplitude,variance,interquartile_range,semi_interquartile_range,coefficient_of_variation,skewness,kurtosis,label
AJ699376.1/1-113,48778.999999999985,838.2089971303617,3535627.0,160.65452282870532,0.0007721902184683301,0.33194884305386824,342302.5650269072,343827.3056023703,364.1933377356101,439.68682892307163,838.2089971303617,2885.5323329771036,3535466.3454771712,118217216077.78572,2445.845504054032,1222.922752027016,7.017416614258335,0.42016154041178017,0.09226011260097115,cdbox
AAFI02000049.1/53505-53617,48778.999999999985,838.2089971303617,3535627.0,160.65452282870532,0.0007721902184683301,0.33194884305386824,342302.5650269072,343827.3056023703,364.1933377356101,439.68682892307163,838.2089971303617,2885.5323329771036,3535466.3454771712,118217216077.78572,2445.845504054032,1222.922752027016,7.017416614258335,0.42016154041178017,0.09226011260097115,cdbox
