nameseq,average,median,maximum,minimum,peak,none_levated_peak,sample_standard_deviation,population_standard_deviation,percentile15,percentile25,percentile50,percentile75,amplitude,variance,interquartile_range,semi_interquartile_range,coefficient_of_variation,skewness,kurtosis,label
AJ699373.1/1-75,31054.00000000002,605.0360630540608,1807396.0,192.44075495717863,0.0008050492690152633,0.26664122358367964,208133.92022926008,209535.51128595092,323.99742536418864,396.7285078593163,605.0360630540608,2022.3581600855605,1807203.5592450427,43905130489.86487,1625.6296522262442,812.8148261131221,6.702322413513878,0.4388851740755136,0.07623755918013056,cdbox
