nameseq,average,median,maximum,minimum,peak,none_levated_peak,sample_standard_deviation,population_standard_deviation,percentile15,percentile25,percentile50,percentile75,amplitude,variance,interquartile_range,semi_interquartile_range,coefficient_of_variation,skewness,kurtosis,label
AJ699377.1/1-78,26029.000000000007,492.8573845753492,1584483.0,97.74963778269608,0.0009988858580813704,0.32300357613217745,179096.38506122894,180255.59706626114,219.57785610002435,251.57695804428715,492.8573845753492,1264.2933185175784,1584385.2503622172,32492080273.714287,1012.7163604732913,506.35818023664564,6.880647933506046,0.4277497159983621,0.06285520554423424,cdbox
AAFI02000135.1/6224-6148,24249.000000000015,426.8053633229816,1482643.0,125.81758741795312,0.0010584628919405605,0.33287425713039465,168434.26035697132,169538.7591445964,217.79065028910802,262.290403077425,426.8053633229816,1135.5733726568333,1482517.182412582,28743390852.289474,873.2829695794082,436.6414847897041,6.946029129323734,0.4242995680247494,0.06391156998505433,cdbox
ADID01000101.1/93885-93964,26319.99999999998,600.0,1635416.0,69.94085895915961,0.001013171225937184,0.3095830470868899,182641.8597364799,183794.18574018803,204.77233619057893,302.64242584501716,600.0,1168.4305909532989,1635346.0591410408,33780302711.898735,865.7881651082816,432.8940825541408,6.939280385124621,0.42246613186773424,0.06344850316130884,cdbox
