nameseq,average,median,maximum,minimum,peak,none_levated_peak,sample_standard_deviation,population_standard_deviation,percentile15,percentile25,percentile50,percentile75,amplitude,variance,interquartile_range,semi_interquartile_range,coefficient_of_variation,skewness,kurtosis,label
AAFI02000013.1/1197997-1198066,40961.000000000015,888.5490303590336,2194923.0,305.2918380902238,0.0005696475509224219,0.2302187835878096,261881.894452442,263772.7630108477,416.7499855310812,497.8109935532592,888.5490303590336,2208.9544419723534,2194617.7081619096,69576070506.37682,1711.143448419094,855.571724209547,6.3934448488181905,0.45905179187847417,0.08042653883836375,cdbox
