nameseq,average,median,maximum,minimum,peak,none_levated_peak,sample_standard_deviation,population_standard_deviation,percentile15,percentile25,percentile50,percentile75,amplitude,variance,interquartile_range,semi_interquartile_range,coefficient_of_variation,skewness,kurtosis,label
AJ698946.1/1-83,17482.000000000004,421.2618135092499,823556.0,101.0537015274391,0.0015825801777065932,0.3407372620552796,94089.35400989848,94661.3310351247,247.43991168456935,315.9064074116116,421.2618135092499,1379.8748973028528,823454.9462984726,8960767593.341463,1063.9684898912412,531.9842449456206,5.382070358648808,0.5439745558683264,0.03835451077677101,cdbox
AJ703792.1/1-82,18319.00000000001,584.9252890858124,888923.0,83.0,0.001492075622759611,0.33795253748713994,101369.56178261795,101993.38035842459,255.77859879629145,367.9719728366961,584.9252890858124,1310.6573833469897,888840.0,10402649636.93827,942.6854105102937,471.3427052551468,5.533575074109826,0.5248343111794461,0.03542618236319039,cdbox
