nameseq,average,median,maximum,minimum,peak,none_levated_peak,sample_standard_deviation,population_standard_deviation,percentile15,percentile25,percentile50,percentile75,amplitude,variance,interquartile_range,semi_interquartile_range,coefficient_of_variation,skewness,kurtosis,label
ADID01000140.1/43579-43495,27852.999999999993,356.14700245722497,1881675.0,67.75654822725365,0.0010172452997283359,0.30780485296724946,203296.06672535502,204502.58216468518,160.03014273629898,208.4885673877464,356.14700245722497,1565.1535567027427,1881607.2434517727,41821306112.02381,1356.6649893149963,678.3324946574982,7.298892999869137,0.4057656418118005,0.0582948612979333,cdbox
AJ699367.1/1-86,45032.99999999998,543.4746543182363,3047499.0,135.1646855430861,0.0006365702188765279,0.2536525697534803,328139.1381868368,330063.7244151855,332.10956627120834,370.7246986712627,543.4746543182363,1852.0330957931046,3047363.835314457,108942062174.82353,1481.308397121842,740.654198560921,7.286637314565695,0.4067438488884264,0.049667420127184295,cdbox
