nameseq,average,median,maximum,minimum,peak,none_levated_peak,sample_standard_deviation,population_standard_deviation,percentile15,percentile25,percentile50,percentile75,amplitude,variance,interquartile_range,semi_interquartile_range,coefficient_of_variation,skewness,kurtosis,label
ADID01000475.1/21144-21245,31785.00000000002,389.39597861716777,2514467.0,19.0,0.0010696869592575107,0.3783223086708662,249467.34029527794,250699.2852704784,146.72252340785553,208.04933500465398,389.39597861716777,1189.968829799377,2514448.0,62850131635.128716,981.919494794723,490.9597473973615,7.8485870786621925,0.37755167451044236,0.09398554505789163,cdbox
AJ699368.1/1-98,28142.999999999996,325.64801257115676,2164859.0,35.0,0.0011607386087718675,0.3771316446077325,218723.9415153266,219848.49361434078,110.57256147950893,148.3255433291554,325.64801257115676,949.521677261764,2164824.0,48333360144.49484,801.1961339326086,400.5980669663043,7.77187725243672,0.3815405637998655,0.06323676849431116,cdbox
