nameseq,average,median,maximum,minimum,peak,none_levated_peak,sample_standard_deviation,population_standard_deviation,percentile15,percentile25,percentile50,percentile75,amplitude,variance,interquartile_range,semi_interquartile_range,coefficient_of_variation,skewness,kurtosis,label
X05499.1/123-455,813152.9999999998,3476.2543931664773,186417923.0,697.3026236587764,0.00013650567605358405,0.3596552589287353,10437801.903094253,10453509.66503296,1755.3421969965293,2082.766418442839,3476.2543931664773,12054.9677524139,186417225.69737634,109275864316937.52,9972.201333971061,4986.100666985531,12.836209056714118,0.2327147285771367,0.07636290492274445,cdbox
M18578.1/157-489,763233.0000000007,3376.351718408939,175167235.0,746.2871288979595,0.00014543396315410876,0.3704582009746315,9802800.918355428,9817553.07255299,1702.3674080805322,2011.2894035940965,3376.351718408939,11464.81944392872,175166488.7128711,96384348332394.67,9453.530040334623,4726.765020167311,12.84378547357808,0.2325427154780175,0.08441156465752689,cdbox
M26648.1/338-671,788052.9999999993,3478.821979611829,180534859.0,139.0,0.00014127645391024895,0.36527800839158,10097157.463573497,10112306.99566924,1732.8522440279742,2098.98649011078,3478.821979611829,11615.75193510911,180534720.0,102258752774661.06,9516.765444998331,4758.3827224991655,12.812789829584439,0.23310744063885813,0.07424179702267557,cdbox
AJ507112.1/1-294,469761.0000000002,2750.080108361869,86388011.0,761.7094511364742,0.00020861672212039732,0.3355045348591075,5234792.649849084,5243718.133994294,1582.284180699489,1808.8473926770573,2750.080108361869,7792.0,86387249.29054886,27496579868780.6,5983.1526073229425,2991.5763036614712,11.143523301953723,0.26763863506901386,0.05975203679081421,cdbox
