nameseq,average,median,maximum,minimum,peak,none_levated_peak,sample_standard_deviation,population_standard_deviation,percentile15,percentile25,percentile50,percentile75,amplitude,variance,interquartile_range,semi_interquartile_range,coefficient_of_variation,skewness,kurtosis,label
ACGJ01002906.1/52907-52808,20618.000000000015,409.4165062652019,1236884.0,52.0,0.0016167103178452475,0.4168797664059075,128858.94938264863,129508.11696413458,184.67314253252428,247.18439409435595,409.4165062652019,928.1520632740705,1236832.0,16772352359.59596,680.9676691797146,340.4838345898573,6.249827790408795,0.47048148981236326,0.04183654183668734,cdbox
ACVC01000232.1/20832-20931,10945.999999999995,297.75987505034254,616948.0,46.851784904295144,0.003045252451428225,0.4958164287728755,64453.40323055099,64778.107568854,116.01124307715358,157.21881996838277,297.75987505034254,672.6805466879042,616901.1482150957,4196203220.20202,515.4617267195215,257.73086335976075,5.888306525721818,0.49562503721614376,0.042356115058121195,cdbox
