nameseq,average,median,maximum,minimum,peak,none_levated_peak,sample_standard_deviation,population_standard_deviation,percentile15,percentile25,percentile50,percentile75,amplitude,variance,interquartile_range,semi_interquartile_range,coefficient_of_variation,skewness,kurtosis,label
ACGJ01002928.1/11866-11792,6709.999999999997,177.4640043945069,248740.0,57.12532919808008,0.003725782414307006,0.44903763481284464,32362.65103479627,32580.583807172883,85.75746642922914,109.86692729653723,177.4640043945069,492.77941500883315,248682.87467080192,1061494441.216216,382.91248771229596,191.45624385614798,4.823047844231935,0.6055625036943098,0.041962354214043575,cdbox
