nameseq,average,median,maximum,minimum,peak,none_levated_peak,sample_standard_deviation,population_standard_deviation,percentile15,percentile25,percentile50,percentile75,amplitude,variance,interquartile_range,semi_interquartile_range,coefficient_of_variation,skewness,kurtosis,label
ACVC01000208.1/27609-27542,2297.9999999999995,189.81486141858065,36267.205657555234,20.0,0.009863649550333626,0.5450721085842342,7128.130470186415,7181.128452461094,51.76817926996891,94.8116923848331,189.81486141858065,533.636654087728,36247.205657555234,51568605.85074627,438.8249617028948,219.4124808514474,3.101884451778249,0.8872670670376853,0.10270946645234781,cdbox
