nameseq,average,median,maximum,minimum,peak,none_levated_peak,sample_standard_deviation,population_standard_deviation,percentile15,percentile25,percentile50,percentile75,amplitude,variance,interquartile_range,semi_interquartile_range,coefficient_of_variation,skewness,kurtosis,label
X52629.1/325-543,66605.99999999994,1091.6644028229603,8087436.0,179.97614540624895,0.0010959973575954127,0.521377307814214,568281.3474521225,569583.2537344838,460.81159773899344,586.115960011017,1091.6644028229603,3117.9903842930325,8087256.023854594,324425082934.7615,2531.8744242820158,1265.9372121410079,8.53198431751078,0.345855107989603,0.06565178546204295,cdbox
X52630.1/529-746,68762.99999999997,1253.2632884022887,7959771.0,115.0,0.0010567698713940157,0.5092673831329706,566883.4576065877,568188.1393267827,455.33958358533835,634.4834137571944,1253.2632884022887,3067.04602687591,7959656.0,322837761671.63135,2432.5626131187155,1216.2813065593577,8.244018696196907,0.3572678077252108,0.0695589941899276,cdbox
AB265221.1/2418-2307,14136.0,218.66216478641542,1107704.0,27.01036768838319,0.0026410111299754765,0.5829310886303497,105848.56851181314,106324.29481221738,72.1612129248486,91.27975219562872,218.66216478641542,662.5833062636235,1107676.9896323115,11304855667.315315,571.3035540679948,285.6517770339974,7.487872701741167,0.3944504313346576,0.07806855720878636,cdbox
AB007644.1/28030-28248,73749.99999999999,1162.8953350355769,8526348.0,201.69511795995058,0.0009898305084745764,0.49149649372407284,608258.5166506097,609652.0087785454,523.2331098175842,649.1866589775449,1162.8953350355769,3247.781769392857,8526146.30488204,371675571807.7156,2598.595110415312,1299.297555207656,8.247573107126913,0.3580078338960237,0.058597118676708915,cdbox
