nameseq,average,median,maximum,minimum,peak,none_levated_peak,sample_standard_deviation,population_standard_deviation,percentile15,percentile25,percentile50,percentile75,amplitude,variance,interquartile_range,semi_interquartile_range,coefficient_of_variation,skewness,kurtosis,label
CAAI01004629.1/216-91,225316.99999999988,2616.5336707037623,20722563.0,754.5674163392475,0.00018640404408011834,0.2272787431487786,1864498.4705078194,1871941.6077693792,1347.7823121731346,1473.9059509912395,2616.5336707037623,8234.481202733521,20721808.43258366,3504165382898.208,6760.575251742282,3380.287625871141,8.275001311520304,0.35832767339622573,0.08293918695040532,cdbox
ABHA01001532.1/667-541,127791.99999999999,1369.7400975862258,11870944.0,408.6793385636153,0.0003312674763156797,0.2618604560355892,1062629.8327526855,1066838.2842034488,612.4063817789455,873.243009891477,1369.7400975862258,4498.099829790173,11870535.320661437,1138143924642.1587,3624.8568198986964,1812.4284099493482,8.315307943789014,0.3569133559188443,0.0699022373795977,cdbox
ACBS01000373.1/22837-22710,149351.99999999997,1821.8467197613058,13856840.0,525.5611861121238,0.0002856785758922992,0.25115306078760363,1237379.8873167448,1242241.9095329472,885.7019368812527,1009.8348767267129,1821.8467197613058,5322.368917077107,13856314.438813888,1543164961800.063,4312.534040350394,2156.267020175197,8.284990407338,0.35768357347432916,0.07733931996209209,cdbox
