nameseq,average,median,maximum,minimum,peak,none_levated_peak,sample_standard_deviation,population_standard_deviation,percentile15,percentile25,percentile50,percentile75,amplitude,variance,interquartile_range,semi_interquartile_range,coefficient_of_variation,skewness,kurtosis,label
AAKM01000009.1/910633-910779,286626.0000000003,3131.941777015227,30838292.0,1086.7071561190526,0.00017095448424078749,0.21433722470250088,2565729.0096052624,2574500.7583028837,1547.905475332523,1868.1450589709043,3131.941777015227,11057.200086473604,30837205.292843882,6628054154502.123,9189.0550275027,4594.52751375135,8.95148733752437,0.33147778720395804,0.09084249860095614,cdbox
AANS01001223.1/1059-1203,523467.0,5130.387231323237,54701251.0,2101.634348766622,9.233310472930163e-05,0.17311372988358145,4599567.116630869,4615510.204701131,2671.1700488137344,3132.028890311966,5130.387231323237,20114.24446432499,54699149.365651235,21302934449700.277,16982.215574013026,8491.107787006513,8.786737495641308,0.3380774318269014,0.08953414997581717,cdbox
AABL01000250.1/6452-6597,465759.0000000001,4646.538665407074,47954603.0,1827.4432754300092,0.0001044889452842922,0.17294728126981135,4032157.1231597615,4046037.223151773,2309.07978498172,2826.3374321734113,4646.538665407074,18400.231498527617,47952775.55672457,16370417211129.71,15573.894066354205,7786.947033177103,8.657174897661152,0.3430762596175171,0.10070495573772822,cdbox
