nameseq,average,median,maximum,minimum,peak,none_levated_peak,sample_standard_deviation,population_standard_deviation,percentile15,percentile25,percentile50,percentile75,amplitude,variance,interquartile_range,semi_interquartile_range,coefficient_of_variation,skewness,kurtosis,label
ABGT01006737.1/707-786,47023.999999999985,1110.7791582622076,2809992.0,418.82394776938384,0.0005670863105364638,0.19845043162885706,313945.44861169753,315926.1966434085,611.7520824233227,669.2994273632015,1110.7791582622076,3572.2724368761415,2809573.1760522304,99809361725.56963,2902.97300951294,1451.48650475647,6.676281231109596,0.4387375677345022,0.06406706239397394,cdbox
CAAI01000969.1/797-720,28869.000000000007,776.4173763038141,1727707.0,154.83521988477068,0.0009006200422598633,0.285322340251729,194889.48053191582,196150.91428676154,335.0853249431834,404.64001956527886,776.4173763038141,2058.1434142902253,1727552.1647801152,38475181175.53247,1653.5033947249465,826.7516973624732,6.750822007409878,0.4324386705791797,0.11824265507717377,cdbox
