nameseq,average,median,maximum,minimum,peak,none_levated_peak,sample_standard_deviation,population_standard_deviation,percentile15,percentile25,percentile50,percentile75,amplitude,variance,interquartile_range,semi_interquartile_range,coefficient_of_variation,skewness,kurtosis,label
AY948660.1/1-78,6108.999999999999,139.05236587388083,339971.0,12.011905638902164,0.004256015714519562,0.5357997497749616,38542.48987805536,38791.958436313515,43.99999999999998,63.65781646836807,139.05236587388083,468.1171213139319,339958.9880943611,1504816039.3246753,404.4593048455638,202.2296524227819,6.309132407604414,0.4646778907912626,0.08053161223367755,cdbox
AAGD02003714.1/6065-5988,7588.999999999995,255.47790772235658,409139.0,41.473160951320565,0.003426011332191332,0.44262796932908705,46298.633824336546,46598.30448562549,89.91653863641285,119.12880460896855,255.47790772235658,620.4736629416631,409097.52683904866,2171401980.935065,501.3448583326945,250.67242916634726,6.100755544121304,0.475188239037595,0.061536579965506134,cdbox
