nameseq,average,median,maximum,minimum,peak,none_levated_peak,sample_standard_deviation,population_standard_deviation,percentile15,percentile25,percentile50,percentile75,amplitude,variance,interquartile_range,semi_interquartile_range,coefficient_of_variation,skewness,kurtosis,label
AY948656.1/6-128,26822.0,286.3533963481961,2579348.0,38.918142265392696,0.0015285959287152338,0.5493682351339748,233247.80012253064,234201.78283655245,124.92960261990672,163.32200062057146,286.3533963481961,962.2354411608396,2579309.081857735,54850475083.81967,798.9134405402682,399.4567202701341,8.696137503636217,0.3412977089993388,0.07219218904412347,cdbox
DQ789410.1/2-123,27682.99999999997,269.65158557694326,2638859.0,42.637715244229625,0.00146901226986478,0.5521442450997002,239700.74291916576,240689.20378456172,143.6225735591817,176.87170419036886,269.65158557694326,1327.4605302971606,2638816.362284756,57931292818.44628,1150.5888261067917,575.2944130533958,8.658770469933389,0.34309466145877937,0.08674744286198477,cdbox
