nameseq,average,median,maximum,minimum,peak,none_levated_peak,sample_standard_deviation,population_standard_deviation,percentile15,percentile25,percentile50,percentile75,amplitude,variance,interquartile_range,semi_interquartile_range,coefficient_of_variation,skewness,kurtosis,label
CAAC02000445.1/763027-763135,42641.0,590.9663357617762,2994211.0,68.8001723008955,0.0008520750764131549,0.33895994003382074,295767.0147362616,297133.15140432067,232.1405456923756,287.817532855015,590.9663357617762,1408.2514562573572,2994142.199827699,88288109663.46297,1120.4339234023423,560.2169617011712,6.936211972896078,0.426518491608011,0.05281079449639518,cdbox
