nameseq,average,median,maximum,minimum,peak,none_levated_peak,sample_standard_deviation,population_standard_deviation,percentile15,percentile25,percentile50,percentile75,amplitude,variance,interquartile_range,semi_interquartile_range,coefficient_of_variation,skewness,kurtosis,label
U70870.1/2038-1941,34630.99999999998,515.105180758775,2549627.0,116.69017865957666,0.000943278180435641,0.32408537422838374,258468.92529663988,259797.82313223378,265.02363961864717,311.91170841225653,515.105180758775,1783.0428596213187,2549510.3098213403,67494908904.24742,1471.1311512090622,735.5655756045311,7.463513190397045,0.39597674784410203,0.07680372240978464,cdbox
CAAC02000447.1/926003-925906,27647.0,465.2346922728424,1963683.0,76.64475880153441,0.0011815627976513425,0.36201374034828965,199181.4518673865,200205.52777892302,195.16483101572032,288.1170151123001,465.2346922728424,1834.7548276298853,1963606.3552411986,40082253353.237114,1546.6378125175852,773.3189062587926,7.204450821694452,0.40940205605828056,0.07000268285878568,cdbox
AAGD02003554.1/75595-75692,31734.99999999999,555.6129726328247,2358995.0,123.69160274426774,0.0010293577018013762,0.3267903808054445,238534.6915146725,239761.09904085431,215.92433215931953,284.77098748048263,555.6129726328247,1417.2409859043892,2358871.308397256,57485384613.27835,1132.4699984239064,566.2349992119532,7.516454750738068,0.3921365084807711,0.06963387330969482,cdbox
