nameseq,average,median,maximum,minimum,peak,none_levated_peak,sample_standard_deviation,population_standard_deviation,percentile15,percentile25,percentile50,percentile75,amplitude,variance,interquartile_range,semi_interquartile_range,coefficient_of_variation,skewness,kurtosis,label
AM051017.1/1-66,3150.999999999999,234.3999318978002,45595.0,38.58036389112412,0.0069819105046017155,0.4389443180525869,9470.070749471728,9542.639402661654,64.46022914230586,96.38204099415536,234.3999318978002,575.441732841861,45556.419636108876,91061966.76923077,479.05969184770566,239.52984592385283,3.0054175656844593,0.9239424325097771,0.06947410433688178,cdbox
AAGD02011076.1/1329-1395,3305.9999999999995,206.80687243202112,48908.0,18.895045100344785,0.006755394232708208,0.4461686812735781,10076.374050222628,10152.423235142167,72.96727063128249,94.98691628257771,206.80687243202112,529.7193926534325,48889.10495489965,103071697.54545453,434.7324763708548,217.3662381854274,3.047905036364982,0.9227108220043215,0.06507560334937319,cdbox
