nameseq,average,median,maximum,minimum,peak,none_levated_peak,sample_standard_deviation,population_standard_deviation,percentile15,percentile25,percentile50,percentile75,amplitude,variance,interquartile_range,semi_interquartile_range,coefficient_of_variation,skewness,kurtosis,label
CP002684.1/14283975-14284049,23373.999999999993,621.0199891957167,1002308.0,151.26667107379723,0.0010695644733464537,0.23714693859245883,121304.28021302461,122121.15328252535,261.1563892355187,342.3724839475241,621.0199891957167,1816.6981794252554,1002156.7333289263,14913576079.054054,1474.3256954777312,737.1628477388656,5.189709943228572,0.5627084214385681,0.0670346220279943,cdbox
AFNC01014841.1/284-358,8669.999999999996,398.5547513804618,227852.0,50.9820444891721,0.0028835063437139576,0.34848693629122063,35107.59003406528,35344.00745300167,133.54117186826815,171.87155474968336,398.5547513804618,1026.440393836348,227801.01795551082,1249198862.8378377,854.5688390866646,427.2844195433323,4.049318343029446,0.706808291932912,0.10359117447961608,cdbox
CP002687.1/11116124-11116050,19694.0,553.7894955448519,875972.0,152.1583205138109,0.0012694221590332081,0.25767238911141743,105068.95822268345,105776.50128927502,192.28643253859548,265.42810402066766,553.7894955448519,1635.9522761443895,875819.8416794862,11188668225.0,1370.5241721237219,685.2620860618609,5.3350745517763505,0.5465042433529036,0.09486258115563496,cdbox
CP002685.1/56814-56886,14759.000000000004,414.0854862466076,652763.0,96.68798148983417,0.0016487115206540637,0.2872278203778729,78630.48108717127,79174.64315851242,148.62749041027502,200.05449186616403,414.0854862466076,1277.6754663715528,652666.3120185102,6268624119.277778,1077.6209745053889,538.8104872526944,5.327629316835236,0.5473035767586243,0.08128998070876248,cdbox
