nameseq,average,median,maximum,minimum,peak,none_levated_peak,sample_standard_deviation,population_standard_deviation,percentile15,percentile25,percentile50,percentile75,amplitude,variance,interquartile_range,semi_interquartile_range,coefficient_of_variation,skewness,kurtosis,label
AY220656.1/1-147,101737.99999999997,945.5396829000988,10739180.0,171.24439923593076,0.0004816292830604102,0.31990320683414836,893161.02394697,896214.5748166227,536.6863469565145,629.1137175277106,945.5396829000988,3670.139041153632,10739008.755600763,803200564113.7397,3041.0253236259214,1520.5126618129607,8.77903068614451,0.3385474431195654,0.08351531033969019,cdbox
AY220657.1/1-148,103441.99999999997,1079.8723701953995,11004804.0,203.48915072550432,0.00047691782190341787,0.32363280832888597,912211.043004852,915308.5427264553,461.2072803532087,533.8831002220852,1079.8723701953995,3953.762639160732,11004600.510849275,837789728388.0272,3419.879538938647,1709.9397694693234,8.818575075934845,0.33663962439860573,0.09686158338315509,cdbox
AC137998.2/5577-5723,115138.00000000004,1290.3289801818944,12451572.0,242.59074795231572,0.0004255762650037345,0.31201388738336394,1032129.136692691,1035657.7936072241,497.69193240577454,682.812699919652,1290.3289801818944,4429.394644039339,12451329.409252048,1072587065459.3835,3746.5819441196873,1873.2909720598436,8.964278836636824,0.3309111243132616,0.09719930697853767,cdbox
AP003861.2/88090-88241,153003.99999999965,1470.091759962228,16180664.0,297.24308407732195,0.00033114602668339897,0.2796951069411677,1331332.5625162183,1335733.6739007013,758.8904827895439,899.7232722506128,1470.091759962228,5706.554975020047,16180366.756915923,1784184447592.265,4806.831702769434,2403.415851384717,8.701292531673822,0.341463686474336,0.0973803076483684,cdbox
