nameseq,average,median,maximum,minimum,peak,none_levated_peak,sample_standard_deviation,population_standard_deviation,percentile15,percentile25,percentile50,percentile75,amplitude,variance,interquartile_range,semi_interquartile_range,coefficient_of_variation,skewness,kurtosis,label
AC008186.5/23701-23785,57900.999999999985,954.1528424112173,3848235.0,240.84715758878258,0.0004893410015946761,0.22041083182524668,416161.08776530274,418630.9081889098,483.22720643629447,517.4431075849238,954.1528424112173,2745.1930384965362,3847994.1528424113,175251837291.07144,2227.7499309116124,1113.8749654558062,7.18745941806364,0.41051541457214075,0.07036345192857625,cdbox
AC008186.5/24468-24549,47734.999999999985,1009.0947802818457,2914579.0,300.83193808261854,0.000572605705108062,0.24047079307723662,321273.5686980801,323250.655473885,558.8680802519698,640.9768635404657,1009.0947802818457,3415.904951235728,2914278.168061917,104490986264.2963,2774.928087695262,1387.464043847631,6.730356524522471,0.43631885507172785,0.08375080097859168,cdbox
AAPP01018724.1/106634-106550,57501.000000000065,1213.308306920204,3783811.0,338.15210927378155,0.0004927450537092103,0.21634461012355968,408923.4995961959,411350.3665971903,622.4661935304403,704.1558465061178,1213.308306920204,3002.0726102559975,3783472.8478907263,169209124099.64285,2297.9167637498795,1148.9583818749397,7.111589356640675,0.41294539258807245,0.06220649346044462,cdbox
AAEU02000094.1/193595-193512,62202.0,1026.7632934220073,4148052.0,164.2061910457149,0.00045014629754670267,0.20518717049796253,451181.4336649946,453891.25642969296,476.0619139166649,595.6125677318375,1026.7632934220073,2937.0244006294433,4147887.7938089543,206017272663.3253,2341.4118328976056,1170.7059164488028,7.253487567361091,0.40676698202967965,0.09057348559097811,cdbox
