nameseq,average,median,maximum,minimum,peak,none_levated_peak,sample_standard_deviation,population_standard_deviation,percentile15,percentile25,percentile50,percentile75,amplitude,variance,interquartile_range,semi_interquartile_range,coefficient_of_variation,skewness,kurtosis,label
AC010057.7/173600-173526,44806.00000000004,922.8850191331722,2435076.0,321.0,0.0005579609873677628,0.22187994766045543,281944.8089218881,283843.4486161294,504.49827051104893,558.139599125448,922.8850191331722,2591.846427992095,2434755.0,80567103322.2973,2033.706828866647,1016.8534144333235,6.292568158770877,0.4669330336174893,0.09564106248472996,cdbox
AC010057.7/173837-173765,49694.999999999985,886.8818399651651,2768715.0,385.99862961425094,0.0004896535533420533,0.21404432929174283,323367.7226873455,325605.588300648,595.986319729299,630.3831723037197,886.8818399651651,3331.4994807008306,2768329.0013703858,106018999132.61111,2701.116308397111,1350.5581541985555,6.507047443150128,0.45281066787756596,0.1144624965327835,cdbox
AAPQ01006530.1/556557-556485,49663.000000000015,838.0610209688446,2784155.0,339.0864085291318,0.0004899690581183844,0.2136642431645123,325038.7882761071,327288.21849513956,524.8062235380742,627.0687709851519,838.0610209688446,3767.902054499418,2783815.913591471,107117577965.72223,3140.8332835142664,1570.4166417571332,6.544888312750076,0.45063796143821816,0.14020881902864657,cdbox
AAQB01006228.1/174760-174688,44895.0,824.8833351999734,2397707.0,311.36343159780995,0.0005420054200542005,0.22333270735827515,281039.50446156145,282984.4377337736,453.3937352198151,538.8913059696168,824.8833351999734,3085.3460229413968,2397395.6365684024,80080191999.5,2546.45471697178,1273.22735848589,6.259928821952588,0.47043333017434513,0.09166461486043426,cdbox
