nameseq,average,median,maximum,minimum,peak,none_levated_peak,sample_standard_deviation,population_standard_deviation,percentile15,percentile25,percentile50,percentile75,amplitude,variance,interquartile_range,semi_interquartile_range,coefficient_of_variation,skewness,kurtosis,label
AC008234.9/100346-100423,23292.99999999999,516.2560269752637,1488523.0,147.26080347720298,0.0011162151719400683,0.30927020175728903,167509.66841946763,168593.88471185355,253.761250140301,327.54611731657906,516.2560269752637,1896.8140466488694,1488375.7391965229,28423897962.233765,1569.2679293322904,784.6339646661452,7.191416666786919,0.4079181372860563,0.1436380436510537,cdbox
AC008234.9/101391-101468,24429.0,526.4948877116879,1534339.0,130.49598457103076,0.0010643088132956731,0.29152698339100236,172886.49258400727,174005.51069061377,283.2199654150087,345.6217337290272,526.4948877116879,2337.290876503893,1534208.504015429,30277917750.701298,1991.6691427748656,995.8345713874328,7.077100682959076,0.41476644164101795,0.19493527848064843,cdbox
AAKO01000332.1/5610-5532,19367.99999999999,495.0268187700313,1278160.0,76.21498620285111,0.001359631006471156,0.33541386813052676,142911.98105127504,143825.16594061747,186.37651102604764,237.24390477121133,495.0268187700313,1757.327071230326,1278083.7850137972,20685678357.846153,1520.0831664591146,760.0415832295573,7.378768125323995,0.39618035609887536,0.20007842020449415,cdbox
AAPQ01006469.1/479113-479035,30504.0,643.9425841163709,1997976.0,116.47126887259529,0.0008632747617798759,0.27882242507524746,223440.85651464906,224868.6081442182,300.5198478575793,339.0590917618075,643.9425841163709,2858.1805087514504,1997859.5287311275,50565890928.71795,2519.121416989643,1259.5607084948215,7.324969070110447,0.4009122308469933,0.20443621883544424,cdbox
