nameseq,average,median,maximum,minimum,peak,none_levated_peak,sample_standard_deviation,population_standard_deviation,percentile15,percentile25,percentile50,percentile75,amplitude,variance,interquartile_range,semi_interquartile_range,coefficient_of_variation,skewness,kurtosis,label
AC093047.1/47159-47233,9958.000000000004,420.1405074644908,545156.0,35.22395562716563,0.002510544286001204,0.377856941877385,62812.304638502166,63235.287900118004,132.015142512471,177.32872457410102,420.1405074644908,1067.9139164027135,545120.7760443728,3998701635.8108106,890.5851918286126,445.2925959143063,6.307722900030342,0.4555409746909243,0.09349055629485084,cdbox
AY069135.1/400-474,29382.0,646.6601951200334,1866060.0,124.16608716389221,0.0008508610714042611,0.254602698699212,213953.24243862255,215394.02129303353,354.9785577664631,436.5578216081452,646.6601951200334,2182.992311071609,1865935.8339128362,46394584408.78378,1746.4344894634637,873.2172447317319,7.28177940366968,0.40291990171343206,0.11547311910842127,cdbox
AC002443.1/58722-58796,9958.000000000004,420.1405074644908,545156.0,35.22395562716563,0.002510544286001204,0.377856941877385,62812.304638502166,63235.287900118004,132.015142512471,177.32872457410102,420.1405074644908,1067.9139164027135,545120.7760443728,3998701635.8108106,890.5851918286126,445.2925959143063,6.307722900030342,0.4555409746909243,0.09349055629485084,cdbox
AC002443.1/59187-59261,29382.0,646.6601951200334,1866060.0,124.16608716389221,0.0008508610714042611,0.254602698699212,213953.24243862255,215394.02129303353,354.9785577664631,436.5578216081452,646.6601951200334,2182.992311071609,1865935.8339128362,46394584408.78378,1746.4344894634637,873.2172447317319,7.28177940366968,0.40291990171343206,0.11547311910842127,cdbox
