nameseq,average,median,maximum,minimum,peak,none_levated_peak,sample_standard_deviation,population_standard_deviation,percentile15,percentile25,percentile50,percentile75,amplitude,variance,interquartile_range,semi_interquartile_range,coefficient_of_variation,skewness,kurtosis,label
AC093192.2/140443-140346,64902.999999999905,929.9534237769742,4983651.0,256.4950982975092,0.0005033152037142614,0.2274326884024969,502186.7395142966,504768.6934975021,475.1713677451766,565.7435578306702,929.9534237769742,2986.992916058466,4983394.5049017025,254791433935.17526,2421.2493582277957,1210.6246791138979,7.737496564323641,0.3821668806195252,0.05338641059541927,cdbox
AC093192.2/140665-140574,25598.000000000004,727.8978125287491,1741956.0,96.79529535637647,0.0011980102612183243,0.34109113773078753,181749.50512174718,182745.4002759631,268.410224500692,290.0065103255449,727.8978125287491,1982.5117877565945,1741859.2047046437,33395881322.021976,1692.5052774310495,846.2526387155248,7.100144742626266,0.41051174534112267,0.11054133963064085,cdbox
AC093192.2/140885-140801,34909.00000000002,657.7053749021935,2194115.0,188.12111198978218,0.0008116340580748035,0.2976554850780659,238829.13569746888,240246.5317357806,289.45944706065444,354.9660683963337,657.7053749021935,2457.965069618288,2193926.87888801,57718396011.07143,2102.999001221954,1051.499500610977,6.841477432681221,0.430240152966322,0.11083750572290373,cdbox
AC105264.3/54702-54605,64902.999999999905,929.9534237769742,4983651.0,256.4950982975092,0.0005033152037142614,0.2274326884024969,502186.7395142966,504768.6934975021,475.1713677451766,565.7435578306702,929.9534237769742,2986.992916058466,4983394.5049017025,254791433935.17526,2421.2493582277957,1210.6246791138979,7.737496564323641,0.3821668806195252,0.05338641059541927,cdbox
