nameseq,average,median,maximum,minimum,peak,none_levated_peak,sample_standard_deviation,population_standard_deviation,percentile15,percentile25,percentile50,percentile75,amplitude,variance,interquartile_range,semi_interquartile_range,coefficient_of_variation,skewness,kurtosis,label
AF254836.1/1-50,2431.0000000000005,158.25586341737568,86891.0,15.502647468392578,0.006855889208830385,0.4618590210927372,12179.592439815053,12303.246294688044,59.5681838263735,69.2355450702226,158.25586341737568,333.1848050504361,86875.4973525316,151369869.3877551,263.9492599802135,131.97462999010676,5.010116182564809,0.5598079281749274,0.05968138397395616,cdbox
AJ248283.1/127068-127123,2203.999999999999,141.74672460636504,72192.0,13.67851951132534,0.008469449485783428,0.5114262960958754,9767.093324014058,9855.485110517715,46.85207488711923,68.13897235668236,141.74672460636504,343.76450198781714,72178.32148048868,97130586.76363637,275.6255296311348,137.8127648155674,4.431530546285872,0.6334289661152005,0.04617112390364684,cdbox
AF254829.1/1-52,1722.0000000000002,128.60456938991263,33300.0,13.563039400903786,0.010065814943863723,0.48256769056382126,5404.345288746824,5457.071857223612,31.458354731523034,45.30470460755927,128.60456938991263,245.62486228719456,33286.436960599094,29779633.254901957,200.3201576796353,100.16007883981764,3.1384118982269587,0.8845079350839753,0.04411926318661491,cdbox
AF254824.1/1-52,2842.0,127.99999999999999,88164.0,14.646383997089785,0.006098991320666197,0.43660000102510427,12472.047626592836,12593.729021487903,40.922827220904274,55.10851638411631,127.99999999999999,472.1524912328577,88149.3536160029,158602010.66666666,417.0439748487414,208.5219874243707,4.388475589934143,0.6528198290904269,0.09538918838648193,cdbox
