nameseq,average,median,maximum,minimum,peak,none_levated_peak,sample_standard_deviation,population_standard_deviation,percentile15,percentile25,percentile50,percentile75,amplitude,variance,interquartile_range,semi_interquartile_range,coefficient_of_variation,skewness,kurtosis,label
CR752656.3/1766-1839,5739.000000000002,185.98159092308754,206819.0,23.70675897254652,0.004298077481558923,0.44692430908628816,26504.17091704625,26685.08885973691,89.84745082475445,104.46070150548144,185.98159092308754,910.8375877985231,206795.29324102745,712093967.4520549,806.3768862930417,403.18844314652085,4.618255953484272,0.6285446648895708,0.08092987468524986,cdbox
AL513497.21/78318-78245,7907.0,208.9843678627514,335827.0,43.61327718260493,0.0031195986678470553,0.4180735577100793,40380.435708397206,40656.073281675046,85.28179902713994,103.66629254015436,208.9843678627514,1059.7128401644156,335783.3867228174,1652916294.6849315,956.0465476242613,478.02327381213064,5.106922436878362,0.5719117808233378,0.062035139315775166,cdbox
AANG01797529.1/1565-1492,7131.000000000003,217.07806386316713,295291.0,36.71432723219727,0.0034590753984948337,0.4189800657753125,35812.90074819408,36057.360246490665,102.15375772241502,130.36307926047698,217.07806386316713,991.8258169850801,295254.2856727678,1300133227.9452055,861.4627377246031,430.73136886230157,5.02214286189792,0.5791702256750716,0.07397521343664229,cdbox
AALT01584320.1/5415-5342,8059.000000000002,202.26519782415772,376731.0,15.84962692373355,0.003060760226661703,0.3954198002413526,44657.041773946476,44961.871536389524,78.06500896910346,132.30402775977643,202.26519782415772,947.0706372526372,376715.15037307626,2021569892.0547945,814.7666094928608,407.3833047464304,5.541263404137792,0.5278048762351901,0.0669982883973599,cdbox
