nameseq,average,median,maximum,minimum,peak,none_levated_peak,sample_standard_deviation,population_standard_deviation,percentile15,percentile25,percentile50,percentile75,amplitude,variance,interquartile_range,semi_interquartile_range,coefficient_of_variation,skewness,kurtosis,label
AAAA02011059.1/20497-20416,12639.0,357.87791709752946,729395.0,70.43841051822217,0.0021626183506079067,0.38160927428478075,80705.64822860913,81202.30305923261,140.29991924467936,200.14090417509956,357.87791709752946,858.6913811673636,729324.5615894818,6593814022.123457,658.5504769922641,329.27523849613203,6.385445702081584,0.4565153376173108,0.04367015550693085,cdbox
AASG02011273.1/5793-5709,33293.00000000004,620.3285532410988,1898419.0,215.50113320076957,0.0008510297459926501,0.24316389748803177,207825.1394081091,209058.53385304727,302.45223327165724,360.3850662727039,620.3285532410988,2788.841886791884,1898203.4988667993,43705470576.78571,2428.45682051918,1214.22841025959,6.242307374166007,0.4716369473848757,0.11701136522300704,cdbox
AARH01006125.1/83661-83576,28457.0,500.7976691095052,1737515.0,97.40429064753056,0.0010073678415386958,0.2823902855477826,187979.76608667223,189082.29616283954,249.01622929107936,359.87071482221864,500.7976691095052,1566.593207439751,1737417.5957093525,35752114722.21176,1206.7224926175325,603.3612463087662,6.605747833105114,0.44615763035901435,0.07912051751263864,cdbox
AM483106.2/1366-1281,25128.999999999996,516.7197271073412,1369291.0,123.03212211380963,0.0011407802406250417,0.27976433667757344,150284.0262769134,151165.46507422216,232.5824329755306,302.45516255293956,516.7197271073412,1887.4106933677485,1369167.9678778863,22850997831.10588,1584.955530814809,792.4777654074045,5.980501662498048,0.49131529576287886,0.08240462703811767,cdbox
