nameseq,average,median,maximum,minimum,peak,none_levated_peak,sample_standard_deviation,population_standard_deviation,percentile15,percentile25,percentile50,percentile75,amplitude,variance,interquartile_range,semi_interquartile_range,coefficient_of_variation,skewness,kurtosis,label
AC189510.1/85284-85187,54710.99999999998,822.5195920385174,4123571.0,183.8537805882378,0.0005970767609194984,0.2983505346127698,416362.8233163955,418503.52032317076,328.5384015257201,464.8655500354165,822.5195920385174,1631.7513508223228,4123387.146219412,175145196522.8866,1166.8858007869062,583.4429003934531,7.610221405501557,0.38828020219527204,0.06713986393586097,cdbox
AARH01030264.1/984-1074,42574.00000000002,830.2915712544573,2859092.0,180.22091330989588,0.0007124849282034415,0.28413441821622737,300516.75471094786,302181.6802198086,272.39384998196397,385.35678865630683,830.2915712544573,1608.8820603612462,2858911.77908669,91313767860.46666,1223.5252717049393,611.7626358524697,7.058692035302008,0.41671927878593756,0.0747579626446053,cdbox
AC170860.16/132308-132397,31355.00000000001,542.682161490905,2107243.0,170.21363578117138,0.0009567852017222131,0.3205711562525732,222331.67499931267,223577.24034737595,231.9980946983809,319.1960213894364,542.682161490905,1393.1024808953725,2107072.7863642187,49986782401.34831,1073.9064595059363,536.9532297529681,7.090788550448496,0.41576151268510475,0.08738288309343116,cdbox
AASG02005916.1/14672-14579,38045.00000000001,713.7073309083956,2624811.0,244.972773933449,0.0008235861041748805,0.30483730586618263,271695.3176445998,273152.1394423545,351.4699584709237,468.6260962159925,713.7073309083956,2414.8407977680145,2624566.0272260667,74612091281.93549,1946.214701552022,973.107350776011,7.141419835578914,0.41220393114677156,0.13264833366331208,cdbox
