nameseq,average,median,maximum,minimum,peak,none_levated_peak,sample_standard_deviation,population_standard_deviation,percentile15,percentile25,percentile50,percentile75,amplitude,variance,interquartile_range,semi_interquartile_range,coefficient_of_variation,skewness,kurtosis,label
AF357363.1/1-90,15066.999999999995,248.92430939096118,1076987.0,98.9188107214855,0.0019911063914515173,0.4331148759143106,113182.64508306918,113816.7264874307,139.3096293682361,149.6451583996406,248.92430939096118,707.6076900116545,1076888.0811892785,12954247228.314608,557.9625316120139,278.98126580600695,7.511956267542923,0.3927654017910644,0.0451295087974726,cdbox
X67692.1/35-134,19362.000000000015,300.29746985874317,1503020.0,44.0,0.0017215852356850176,0.43970070688924795,150152.85930011456,150909.301665911,132.60195201842654,173.46538392424523,300.29746985874317,772.7258971888324,1502976.0,22773617329.29293,599.2605132645872,299.6302566322936,7.75502837000901,0.38084594497215934,0.03677294511975358,cdbox
Z70298.1/1-100,27081.99999999998,307.1300851348516,2077076.0,82.19866555822027,0.0012308298254683316,0.4257019369449614,208493.89923928227,209544.2529863226,118.59958180851208,134.32475251287298,307.1300851348516,767.5039860376053,2076993.8013344419,43908793959.59596,633.1792335247324,316.5896167623662,7.698615288356931,0.3852611996690091,0.06756482992531032,cdbox
X72205.1/148-246,17074.000000000004,243.77733748201075,1287332.0,31.332277327139288,0.0019327632657842328,0.46130603801418457,129441.06502188554,130099.80243149598,73.49021444910495,123.21478714101586,243.77733748201075,842.0886996791246,1287300.667722673,16925958592.714285,718.8739125381087,359.43695626905435,7.58117986540269,0.3900668460895092,0.057263597018569014,cdbox
