nameseq,average,median,maximum,minimum,peak,none_levated_peak,sample_standard_deviation,population_standard_deviation,percentile15,percentile25,percentile50,percentile75,amplitude,variance,interquartile_range,semi_interquartile_range,coefficient_of_variation,skewness,kurtosis,label
AF318003.1/3-90,24939.999999999996,471.618934654911,1582424.0,104.0,0.0011761561079925156,0.30489229686359803,168918.69537739153,169886.7187486191,205.37125324829566,272.7823412015663,471.618934654911,2120.991491393544,1582320.0,28861497207.172413,1848.2091501919776,924.1045750959888,6.7730030223493,0.43455902280109593,0.10121136183513983,cdbox
AB013389.1/56436-56523,20003.999999999985,480.1036530673152,1228040.0,104.0,0.00146637339198827,0.3339439289085813,131391.78914985515,132144.75685659895,181.0605494255282,229.026456770313,480.1036530673152,1850.7144966686153,1227936.0,17462236764.689655,1621.6880398983023,810.8440199491512,6.568275802332296,0.4457789137340671,0.09346459078860746,cdbox
AF318001.1/3-87,12860.999999999996,304.71970844990364,718227.0,56.84043689201654,0.0022030427908664445,0.3751961177068978,78706.9820155747,79174.08986726354,125.70867485309967,175.21469239495346,304.71970844990364,1180.407838120403,718170.159563108,6268536506.309524,1005.1931457254497,502.5965728627248,6.1198182113035315,0.4785959251645081,0.07703509467241579,cdbox
AJ309198.1/702-616,5339.999999999999,253.15609805759794,229224.0,22.76990500693097,0.005430711610486892,0.5624955885083556,26321.671451486513,26474.26212951601,65.34970770405482,107.78724814388195,253.15609805759794,593.6149378355697,229201.23009499308,700886555.3023256,485.82768969168774,242.91384484584387,4.929151957207213,0.5797706173011808,0.0978425652485465,cdbox
