nameseq,average,median,maximum,minimum,peak,none_levated_peak,sample_standard_deviation,population_standard_deviation,percentile15,percentile25,percentile50,percentile75,amplitude,variance,interquartile_range,semi_interquartile_range,coefficient_of_variation,skewness,kurtosis,label
AC004288.1/11652-11734,26634.0,582.2358268988414,1574564.0,215.08781093478242,0.0010387724963079772,0.3161286286258564,173496.5893670536,174551.2895944844,361.439347113393,410.68690165510026,582.2358268988414,1816.2260390473107,1574348.9121890652,30468152699.09756,1405.5391373922105,702.7695686961052,6.5141018760626865,0.4504716363844839,0.061022829832711775,cdbox
AC004288.1/10223-10308,31433.000000000022,662.1732175597847,1893995.0,139.0,0.000911992704058367,0.30080476428468683,205350.6229111565,206555.03571915446,387.9418839719727,485.73994803906726,662.1732175597847,1994.104683308903,1893856.0,42664982780.94118,1508.3647352698358,754.1823676349179,6.532962902400546,0.4495359158820718,0.06654374195049409,cdbox
CR380952.1/649867-649758,79796.99999999999,1129.629574429251,6804211.0,459.8228999941872,0.00045949931283966404,0.2846258144589686,648272.4392768831,651239.3766966057,638.7777044772478,716.457912815296,1129.629574429251,4009.4924418000123,6803751.177100006,424112725760.1835,3293.0345289847164,1646.5172644923582,8.124020192198746,0.364047732061479,0.09215786639034165,cdbox
AL606506.11/153543-153468,9893.999999999996,260.57044185010113,467876.0,47.88885315922606,0.002560474361565933,0.3783882813552458,54509.99750504489,54872.19416401474,101.39409254476745,139.1336446278143,260.57044185010113,777.8788903852326,467828.1111468408,3010957692.3733335,638.7452457574183,319.37262287870914,5.509399383974622,0.5301832690741725,0.057314315862457166,cdbox
