nameseq,average,median,maximum,minimum,peak,none_levated_peak,sample_standard_deviation,population_standard_deviation,percentile15,percentile25,percentile50,percentile75,amplitude,variance,interquartile_range,semi_interquartile_range,coefficient_of_variation,skewness,kurtosis,label
Z35312.1/944-1038,11840.000000000002,258.71062711489327,615096.0,30.832286684706084,0.002674549549549549,0.46182423409781354,67507.8845765441,67866.01910334929,95.56558820897673,146.02264658170637,258.71062711489327,792.4857914137194,615065.1677133153,4605796548.936171,646.4631448320131,323.23157241600654,5.701679440586494,0.514663854994017,0.04541229513295715,cdbox
Z35311.1/728-821,10077.0,265.0359673916752,320931.0,30.70901012042436,0.003109391022460388,0.5127811461197107,48312.93770823712,48571.99016956438,73.6169695575816,90.37182347242175,265.0359673916752,523.2726300308302,320900.2909898796,2359238229.0322585,432.9008065584085,216.45040327920424,4.794377067404696,0.6092755583522775,0.04700108944619774,cdbox
D10737.1/4698-4793,4663.999999999996,206.86291501015236,166832.0,15.213813265819283,0.006861063464837055,0.6533970341466551,22062.119571790918,22177.932018824,68.62761301753238,100.00000000000003,206.86291501015236,684.1851437260581,166816.78618673419,491860668.63157886,584.1851437260581,292.09257186302904,4.730300079715038,0.606080082716372,0.06885095005204717,cdbox
Z35416.1/1-94,4565.0,232.1358892350804,163731.0,42.13982200555199,0.006863818912011683,0.6207257271688684,21581.55837746663,21697.27801866757,112.12263500007101,129.58175208765175,232.1358892350804,753.0043909665342,163688.86017799444,470771873.4193549,623.4226388788825,311.71131943944124,4.727614102402328,0.6023009138147609,0.08227062707267921,cdbox
