nameseq,average,median,maximum,minimum,peak,none_levated_peak,sample_standard_deviation,population_standard_deviation,percentile15,percentile25,percentile50,percentile75,amplitude,variance,interquartile_range,semi_interquartile_range,coefficient_of_variation,skewness,kurtosis,label
AC104446.2/145501-145577,11560.999999999989,271.87740004487557,743075.0,50.09052828785243,0.002220107833809073,0.4523329425269741,84223.67760909043,84775.96993733419,80.03202447683636,102.53865854964705,271.87740004487557,562.6379864286357,743024.9094717122,7186965078.815789,460.0993278789887,230.04966393949434,7.28515505657733,0.4021121941154701,0.13106388550868192,cdbox
AC154727.2/125080-125001,8423.999999999996,254.9758507928414,459512.0,41.30236751036056,0.0031655587211142783,0.4690551378132158,52209.699328764575,52539.10133041481,91.71556694244187,114.62792367488986,254.9758507928414,669.516521351733,459470.69763248967,2760357168.607595,554.8885976768431,277.44429883842156,6.197732588884686,0.4693969274425501,0.07222499280449796,cdbox
ABDC01345891.1/1521-1445,13464.999999999996,212.8074930774915,846667.0,45.55783553641115,0.0019061765069934404,0.41577163155007557,96085.0355778672,96715.10813602577,77.88312446845329,100.61008477617862,212.8074930774915,554.0656050432685,846621.4421644636,9353812141.763157,453.4555202670899,226.72776013354496,7.135910551642572,0.41376450850714247,0.07498905924755538,cdbox
AAYZ01417196.1/1128-1204,10593.0,237.0230385567835,682467.0,28.909114318002302,0.0024229837313949464,0.45840046052683564,77312.46325140599,77819.43565564555,88.23533359297521,113.532123444236,237.0230385567835,507.4790532441599,682438.090885682,6055864565.763158,393.9469297999239,196.97346489996195,7.2984483386581696,0.4018489332477019,0.06167931430967543,cdbox
