nameseq,average,median,maximum,minimum,peak,none_levated_peak,sample_standard_deviation,population_standard_deviation,percentile15,percentile25,percentile50,percentile75,amplitude,variance,interquartile_range,semi_interquartile_range,coefficient_of_variation,skewness,kurtosis,label
AF141346.1/2553-2637,40780.999999999985,952.3407732557719,2479459.0,331.5603623440312,0.000694767988360593,0.23933548340789038,269370.6883719904,270969.34150708956,455.4631121497541,519.2537529875249,952.3407732557719,2738.9924358918997,2479127.439637656,73424384036.78572,2219.738682904375,1109.8693414521874,6.605298751182916,0.4435745344171492,0.05792102484614528,cdbox
AK025846.1/2178-2094,45429.0,969.4467121705354,2790275.0,344.1471134837484,0.0006236838436534665,0.23198735320369487,303040.42076594336,304838.89602562046,511.21107580808376,555.6859489718639,969.4467121705354,2809.9741778961957,2789930.852886516,92926752530.11905,2254.2882289243316,1127.1441144621658,6.670638155494141,0.44013488209384743,0.058604422921173766,cdbox
X67268.1/1201-1284,37065.999999999985,715.1354029379631,2278596.0,218.29461119997296,0.0007554092699508987,0.25450376841805655,248767.7173991835,250261.83123772158,438.5498785476964,498.81737722140815,715.1354029379631,1979.330764869676,2278377.7053888002,62630984174.45783,1480.5133876482678,740.2566938241339,6.7114799924238815,0.43837116379612684,0.04756398750170315,cdbox
AL591203.15/10289-10373,45429.0,969.4467121705354,2790275.0,344.1471134837484,0.0006236838436534665,0.23198735320369487,303040.42076594336,304838.89602562046,511.21107580808376,555.6859489718639,969.4467121705354,2809.9741778961957,2789930.852886516,92926752530.11905,2254.2882289243316,1127.1441144621658,6.670638155494141,0.44013488209384743,0.058604422921173766,cdbox
