nameseq,average,median,maximum,minimum,peak,none_levated_peak,sample_standard_deviation,population_standard_deviation,percentile15,percentile25,percentile50,percentile75,amplitude,variance,interquartile_range,semi_interquartile_range,coefficient_of_variation,skewness,kurtosis,label
Z34846.1/492-568,9409.000000000004,227.0612451044248,472979.0,58.71246634756235,0.002727884649449108,0.3883930671914849,54186.935233504395,54542.26320623205,111.30023986996125,121.61777438820161,227.0612451044248,442.6017513496157,472920.28753365244,2974858475.6578946,320.9839769614141,160.49198848070705,5.759053590552065,0.5083479282595567,0.020798157252882112,cdbox
AJ314857.1/13267-13341,4773.999999999997,95.01477771412442,211620.0,8.600178084255685,0.005236698785085885,0.5469493465595873,25395.152568945123,25566.165629597253,42.79012549525113,63.784919609716574,95.01477771412442,299.01422863632683,211611.39982191575,653628825.0,235.22930902661025,117.61465451330513,5.319470584194624,0.5527415371397666,0.034725187290558554,cdbox
AF387339.1/12156-12229,6579.000000000003,127.55434236433845,344827.0,11.389643522980679,0.003749303338906621,0.4992740962117551,40387.29270451289,40662.97708376833,42.74745801667946,57.44352128517251,127.55434236433845,337.6861250733239,344815.61035647703,1653477705.3150685,280.2426037881514,140.1213018940757,6.138819380530912,0.4792184788049518,0.04514539293087455,cdbox
BC024859.1/809-885,5569.000000000002,209.4726408054354,220203.0,36.91143226566603,0.004608846591249176,0.4720931200447402,26864.66791158975,27040.831555942248,79.13387736077507,124.75400264048288,209.4726408054354,513.1077032773114,220166.08856773435,731206571.2368422,388.35370063682853,194.17685031841427,4.82396622581967,0.5985029158185573,0.06099866865828598,cdbox
