nameseq,average,median,maximum,minimum,peak,none_levated_peak,sample_standard_deviation,population_standard_deviation,percentile15,percentile25,percentile50,percentile75,amplitude,variance,interquartile_range,semi_interquartile_range,coefficient_of_variation,skewness,kurtosis,label
CAAJ01001824.1/1127-1059,30004.99999999999,671.0606052013663,1598275.0,233.54511532200735,0.0007665389101816366,0.22730035678146768,191902.59363020604,193308.49223220441,311.6276990429624,395.6125043896726,671.0606052013663,2472.7310973157855,1598041.454884678,37368173169.088234,2077.118592926113,1038.5592964630564,6.39568717314468,0.4585754497616343,0.11677518747932661,cdbox
ABGV01005517.1/794-725,37841.0,826.3003515036493,1956075.0,215.6140763299925,0.0006166151352589343,0.20099735583789996,234066.9625256841,235756.99864263946,412.99529721882027,538.8630439545084,826.3003515036493,2616.081162443009,1955859.38592367,55581362408.985504,2077.2181184885003,1038.6090592442501,6.18553850388954,0.47441167154593306,0.11885575388116942,cdbox
GQ282330.1/1-68,36002.0,802.4284236403385,1806756.0,285.8403739604561,0.0006295946521489548,0.20183795703512805,219253.71306319995,220883.87463883072,408.00098996764143,500.60110699856125,802.4284236403385,2649.95373890444,1806470.1596260394,48789686075.462685,2149.3526319058788,1074.6763159529394,6.09004258272318,0.4816279425956181,0.10021744342038294,cdbox
