nameseq,average,median,maximum,minimum,peak,none_levated_peak,sample_standard_deviation,population_standard_deviation,percentile15,percentile25,percentile50,percentile75,amplitude,variance,interquartile_range,semi_interquartile_range,coefficient_of_variation,skewness,kurtosis,label
U72852.1/1-68,14473.999999999993,347.98871127142775,675380.0,90.97139943641159,0.0015660264382110459,0.31015448917666744,82336.1879370183,82948.36133186593,204.77454835479674,240.42695427486416,347.98871127142775,1021.674658651038,675289.0286005636,6880430647.641791,781.2477043761739,390.62385218808697,5.68855796165665,0.5146951167887693,0.060718672131355525,cdbox
AC114820.4/4566-4635,14825.000000000004,400.96073789130094,595251.0,143.7620272785347,0.0015739179314221469,0.3019071871142594,74166.08013101407,74701.58224853597,226.31747443944448,261.6254314700699,400.96073789130094,1125.729453319531,595107.2379727215,5580326390.434783,864.1040218494612,432.0520109247306,5.002771003778351,0.5834488988751475,0.07056337286079295,cdbox
AANU01297394.1/4437-4506,18216.999999999985,494.7053317890511,768467.0,188.52736558687195,0.001280854879142194,0.2749253896609106,94472.68592561553,95154.80803954932,220.50394373214675,267.6310628105328,494.7053317890511,1033.9776197725396,768278.4726344132,9054437493.043478,766.3465569620068,383.1732784810034,5.185962887721118,0.5627751924666834,0.059882469516115054,cdbox
AAHX01094491.1/84642-84714,18263.0,437.39973153793204,884235.0,173.69300915492238,0.0013323842377119493,0.2961849936377179,104444.76364088341,105167.57339783442,243.01237428694054,305.50443454003397,437.39973153793204,1836.1776660886749,884061.3069908451,11060218494.38889,1530.6732315486408,765.3366157743204,5.718926991232733,0.5120103578314144,0.12392038170724679,cdbox
