nameseq,average,median,maximum,minimum,peak,none_levated_peak,sample_standard_deviation,population_standard_deviation,percentile15,percentile25,percentile50,percentile75,amplitude,variance,interquartile_range,semi_interquartile_range,coefficient_of_variation,skewness,kurtosis,label
AC068667.6/42916-42992,17048.999999999993,431.2139668629429,911315.0,89.47915911542071,0.001505464641132423,0.2956170796084748,104057.01759131864,104739.36600149314,154.20217855815974,232.07949131990304,431.2139668629429,1927.9360900540687,911225.5208408845,10970334790.394737,1695.8565987341656,847.9282993670828,6.103408856315249,0.4790965496936399,0.0868425618289527,cdbox
