nameseq,average,median,maximum,minimum,peak,none_levated_peak,sample_standard_deviation,population_standard_deviation,percentile15,percentile25,percentile50,percentile75,amplitude,variance,interquartile_range,semi_interquartile_range,coefficient_of_variation,skewness,kurtosis,label
AC020889.3/25746-25848,26700.0,371.6893463316866,2022632.0,72.34845949901228,0.001285892634207241,0.4050715088312953,199490.50354340178,200466.01304558376,166.72330734111142,236.67073876128163,371.6893463316866,1183.4239429777524,2022559.651540501,40186622386.39216,946.7532042164707,473.3766021082354,7.471554439827782,0.3959332928538161,0.05047621890304947,cdbox
AM439246.2/30554-30644,14101.999999999993,442.3893832184523,736756.0,84.17049846095364,0.0021509951307143206,0.38439520107158076,80691.1435412834,81138.1893086658,159.39341854770151,185.9253689998559,442.3893832184523,719.0018529108897,736671.829501539,6583405764.288889,533.0764839110338,266.5382419555169,5.7219645115078315,0.507847950244737,0.039322062369464415,cdbox
AASG02004037.1/17014-16901,18511.000000000004,358.62749133973455,1096299.0,19.0,0.002052833450380854,0.47197951219175,111353.14228166173,111844.7700243749,143.41016059632977,169.65395851712455,358.62749133973455,642.8813274631976,1096280.0,12509252581.80531,473.22736894607306,236.61368447303653,6.015511981074048,0.48904877231245514,0.04113569530292969,cdbox
AARH01006437.1/153808-153923,31810.000000000015,476.6061938578425,2375876.0,49.666742628924716,0.0012155506654091999,0.39980137690637996,225673.4875433975,226652.5528238436,163.16546683440652,254.23245382762622,476.6061938578425,915.3191046341801,2375826.333257371,51371379701.565216,661.086650806554,330.543325403277,7.094419602118749,0.4165317886548373,0.03313979180938316,cdbox
