nameseq,average,median,maximum,minimum,peak,none_levated_peak,sample_standard_deviation,population_standard_deviation,percentile15,percentile25,percentile50,percentile75,amplitude,variance,interquartile_range,semi_interquartile_range,coefficient_of_variation,skewness,kurtosis,label
AB061826.1/4476-4547,21939.999999999985,292.4943175374077,1183784.0,50.192643098409235,0.0010938924339106662,0.2976130196965864,139711.49959827928,140691.94320306164,141.88429440078755,199.99999999999997,292.4943175374077,1043.9797974644664,1183733.8073569017,19794222882.25352,843.9797974644664,421.9898987322332,6.367889680869616,0.4648330111273645,0.0887653208468375,cdbox
AL159977.10/81830-81901,21939.999999999985,292.4943175374077,1183784.0,50.192643098409235,0.0010938924339106662,0.2976130196965864,139711.49959827928,140691.94320306164,141.88429440078755,199.99999999999997,292.4943175374077,1043.9797974644664,1183733.8073569017,19794222882.25352,843.9797974644664,421.9898987322332,6.367889680869616,0.4648330111273645,0.0887653208468375,cdbox
ABDC01168401.1/597-667,16988.000000000007,244.43149089212918,898784.0,58.46931524516434,0.0013931402558668858,0.3424206499753489,106703.13770456798,107462.60022617836,92.76732971155415,130.2583417933771,244.43149089212918,811.6237348116351,898725.5306847548,11548210447.37143,681.365393018258,340.682696509129,6.281088868882031,0.4707519067189834,0.09041986556758702,cdbox
AAFC03084615.1/7250-7320,18235.999999999993,238.9306591006611,1000536.0,45.561060494530295,0.001297799224976238,0.32600873874026787,118515.21439882729,119358.74970165722,117.88299031167904,133.8204442071514,238.9306591006611,895.6539046780183,1000490.4389395055,14246511130.342857,761.8334604708668,380.9167302354334,6.498969861747496,0.45556351812356205,0.11678550455653852,cdbox
