nameseq,average,median,maximum,minimum,peak,none_levated_peak,sample_standard_deviation,population_standard_deviation,percentile15,percentile25,percentile50,percentile75,amplitude,variance,interquartile_range,semi_interquartile_range,coefficient_of_variation,skewness,kurtosis,label
AB023044.1/29891-29990,54081.99999999998,849.1081966128982,4518732.0,280.0620779547048,0.0006163480147430449,0.29932959876374043,449913.0444385893,452179.62323918054,358.99941286532396,463.5974770956561,849.1081966128982,2236.5626730948748,4518451.937922046,204466411672.72726,1772.9651959992186,886.4825979996093,8.319090352401714,0.354954534846698,0.09330732681075006,cdbox
AM435377.2/7052-7143,33894.00000000001,703.2311451895089,2109204.0,205.02366919191115,0.0009047815739265552,0.3183662448275323,223037.53059070572,224259.66319444947,347.00701904279964,434.889204773066,703.2311451895089,2509.072521795048,2108998.976330808,50292396536.08791,2074.183317021982,1037.091658510991,6.580442868670138,0.44643745068696883,0.1041334964514433,cdbox
AASG02005463.1/7246-7155,31246.00000000001,493.2634419516664,1816708.0,110.72851998274672,0.0009814589600802234,0.32565526385779764,193270.43400375545,194329.4580079673,198.7676252469655,273.26732224843045,493.2634419516664,2065.9037351436973,1816597.2714800173,37763938249.67033,1792.6364128952669,896.3182064476334,6.185445625160193,0.47735293889986485,0.10892646981483389,cdbox
CT963106.2/109102-109018,47349.00000000002,964.1207599976789,2909107.0,256.9699926662866,0.0005983934894788342,0.2590905069877906,316297.1376063969,318174.2884341776,388.02816008879495,510.610084441031,964.1207599976789,3178.978372623615,2908850.0300073335,101234877820.59523,2668.368288182584,1334.184144091292,6.680122866510312,0.43994908955885764,0.11145142384105383,cdbox
