nameseq,average,median,maximum,minimum,peak,none_levated_peak,sample_standard_deviation,population_standard_deviation,percentile15,percentile25,percentile50,percentile75,amplitude,variance,interquartile_range,semi_interquartile_range,coefficient_of_variation,skewness,kurtosis,label
AF084536.1/1-141,58840.999999999985,549.605099708381,4644987.0,123.5924657969713,0.0007987627674580652,0.40555156325829517,429274.19134860643,430804.58547664044,243.42301538756436,317.0225054690304,549.605099708381,1494.8758420572915,4644863.4075342035,185592590867.69998,1177.853336588261,588.9266682941305,7.295494491062466,0.4073717643063764,0.058451720995324946,cdbox
BAAF04088825.1/1745-1607,33302.00000000003,262.933420335372,2584940.0,46.384072540606994,0.0013913078293595969,0.5576491224683021,242958.61207621353,243837.30793561894,133.47831764424956,165.85676853167575,262.933420335372,739.964271913595,2584893.615927459,59456632741.289856,574.1075033819193,287.05375169095964,7.29561624155346,0.4079591947450785,0.05087281733631831,cdbox
AANH01007266.1/45004-45142,29086.000000000007,377.9168164315806,2851556.0,37.26619169394817,0.0015929771482270964,0.5672798497376536,246395.1939425767,247286.31871006108,110.41419242060212,139.96441750849658,377.9168164315806,1014.5910345990704,2851518.733808306,61150523421.17391,874.6266170905739,437.31330854528693,8.471264317629672,0.34953705132242496,0.05968657936709728,cdbox
AAFR03049834.1/2493-2629,81039.00000000009,713.6109006631759,8064995.0,168.25542794512106,0.0005635146863444344,0.3417273749427601,697861.0344388058,700422.0009696465,319.9345654432584,402.9643861286064,713.6109006631759,2677.575648179509,8064826.744572055,490590979442.32355,2274.6112620509025,1137.3056310254512,8.611422086141303,0.34530680953091886,0.08140284350997015,cdbox
