nameseq,average,median,maximum,minimum,peak,none_levated_peak,sample_standard_deviation,population_standard_deviation,percentile15,percentile25,percentile50,percentile75,amplitude,variance,interquartile_range,semi_interquartile_range,coefficient_of_variation,skewness,kurtosis,label
AF317949.1/1-74,40275.00000000002,889.1533883981672,2349147.0,252.13606578747505,0.0006124560314504445,0.23027386228910746,271933.5666592118,273789.79002807324,373.1130580738838,479.47948305111663,889.1533883981672,2717.1566452580455,2348894.8639342124,74960849123.61644,2237.677162206929,1118.8385811034645,6.751919718416181,0.43450884451819455,0.09830571359233489,cdbox
BT004309.1/805-878,40275.00000000002,889.1533883981672,2349147.0,252.13606578747505,0.0006124560314504445,0.23027386228910746,271933.5666592118,273789.79002807324,373.1130580738838,479.47948305111663,889.1533883981672,2717.1566452580455,2348894.8639342124,74960849123.61644,2237.677162206929,1118.8385811034645,6.751919718416181,0.43450884451819455,0.09830571359233489,cdbox
AF317950.1/1-74,51482.99999999996,988.7598173864224,2990115.0,345.6703031198824,0.00047912255825547625,0.20478300068810773,346294.6302846754,348658.44359813514,477.3191931627666,527.7990467592499,988.7598173864224,3235.594255343343,2989769.32969688,121562710292.27397,2707.795208584093,1353.8976042920465,6.7263879394105945,0.43743883762596186,0.09029628967159978,cdbox
AJ421410.1/955-1028,51482.99999999996,988.7598173864224,2990115.0,345.6703031198824,0.00047912255825547625,0.20478300068810773,346294.6302846754,348658.44359813514,477.3191931627666,527.7990467592499,988.7598173864224,3235.594255343343,2989769.32969688,121562710292.27397,2707.795208584093,1353.8976042920465,6.7263879394105945,0.43743883762596186,0.09029628967159978,cdbox
