nameseq,average,median,maximum,minimum,peak,none_levated_peak,sample_standard_deviation,population_standard_deviation,percentile15,percentile25,percentile50,percentile75,amplitude,variance,interquartile_range,semi_interquartile_range,coefficient_of_variation,skewness,kurtosis,label
X52138.1/4300-4372,7519.000000000002,225.25264623881367,418939.0,55.23639672284948,0.0032362459546925555,0.4551185692447252,48766.79751634302,49104.28803124586,96.75982439064245,115.08819571143468,225.25264623881367,682.8059418223609,418883.76360327716,2411231103.0555553,567.7177461109262,283.8588730554631,6.485808952831893,0.4486913879048669,0.1473058332037159,cdbox
X52138.1/3930-4011,4807.0,211.90836176825997,219179.0,12.114876764697863,0.005686152139241384,0.5057394199304702,24733.736474701913,24885.945520402565,71.67902101421512,98.91986074520074,211.90836176825997,583.5209146409018,219166.8851232353,619310284.4444444,484.60105389570106,242.30052694785053,5.145358118307034,0.5573470441392886,0.04714280813700934,cdbox
AB052962.1/8100-8020,23035.000000000007,519.3229077533421,1154715.0,75.30355405671007,0.0011721293683525068,0.29720416969772695,130520.17986503083,131333.39757616873,258.89235032115096,304.79048277365115,519.3229077533421,1870.1085531261713,1154639.6964459433,17248461318.9,1565.3180703525202,782.6590351762601,5.6661679993501535,0.5175217452702675,0.07842383385488623,cdbox
AB052962.1/8576-8491,29833.000000000004,704.8212383271964,1754723.0,153.59018942333176,0.0009609045911127497,0.2957046273602945,190356.4356726612,191472.9052794185,394.5650861637213,486.10264636931106,704.8212383271964,2134.38482449035,1754569.4098105766,36661873456.141174,1648.2821781210391,824.1410890605196,6.38073394136229,0.45905743074158906,0.058253090623334745,cdbox
