nameseq,average,median,maximum,minimum,peak,none_levated_peak,sample_standard_deviation,population_standard_deviation,percentile15,percentile25,percentile50,percentile75,amplitude,variance,interquartile_range,semi_interquartile_range,coefficient_of_variation,skewness,kurtosis,label
AC069556.4/36784-36921,37034.99999999997,588.8858056815568,3225059.0,87.92599468233902,0.0012420683137572576,0.4526058301717553,283526.2343064571,284559.1201836765,291.17162323604305,368.79600448583375,588.8858056815568,1638.9935530693401,3224971.074005318,80973892879.70802,1270.1975485835064,635.0987742917532,7.655629385890572,0.38563748025085354,0.03176020796205651,cdbox
AC144541.12/54772-54621,32539.999999999975,678.4008399531805,3459984.0,63.569409046701004,0.0015570579799221483,0.5268775031891377,281538.9294857818,282469.6392292535,267.5832987430714,351.4413481052858,678.4008399531805,1577.2542704244734,3459920.430590953,79789097086.30464,1225.8129223191877,612.9064611595938,8.65208756870873,0.3395082792092792,0.07489192122829551,cdbox
