nameseq,average,median,maximum,minimum,peak,none_levated_peak,sample_standard_deviation,population_standard_deviation,percentile15,percentile25,percentile50,percentile75,amplitude,variance,interquartile_range,semi_interquartile_range,coefficient_of_variation,skewness,kurtosis,label
AJ224023.1/1-67,8626.000000000004,183.15566485687492,421812.0,39.03111229023292,0.0025890717984388273,0.386646300513098,51442.956855141994,51831.21109413563,90.00182003737513,111.28685589518238,183.15566485687492,829.4484522857642,421772.9688877098,2686474443.4848485,718.1615963905818,359.0807981952909,5.963709350236723,0.49236153117620934,0.10913616288639935,cdbox
AC004807.1/1740-1672,6652.999999999998,175.3787891680646,353123.0,25.47726494253443,0.0034570870284082377,0.44310202741497856,42246.120034862375,42555.61955737179,60.04395278491782,83.28048147760714,175.3787891680646,531.3380443225129,353097.52273505746,1810980755.9117646,448.05756284490576,224.02878142245288,6.349935372743482,0.45999167773181054,0.07151149858077178,cdbox
AC124016.3/72783-72715,14301.0,321.40704747826186,765131.0,75.57765818281307,0.001608279141318789,0.3443806023101888,91650.5754810083,92322.01724478869,166.33565366729036,194.02491845311891,321.40704747826186,642.1625561574014,765055.4223418172,8523354868.1470585,448.13763770428244,224.06881885214122,6.408682992868212,0.4575942773676932,0.04703677860352468,cdbox
Z75890.1/1272-1207,29871.0,514.0006885029675,1469363.0,123.0,0.0007365002845569281,0.20385064458599628,180537.06305354586,181920.5090555086,350.9323792880291,385.41737726134966,514.0006885029675,1616.8271012652024,1469240.0,33095071615.015385,1231.4097240038527,615.7048620019264,6.043890832364028,0.4878277980426099,0.054164968674655666,cdbox
