nameseq,average,median,maximum,minimum,peak,none_levated_peak,sample_standard_deviation,population_standard_deviation,percentile15,percentile25,percentile50,percentile75,amplitude,variance,interquartile_range,semi_interquartile_range,coefficient_of_variation,skewness,kurtosis,label
AL445235.30/136607-136535,3310.999999999999,160.83945078760888,117531.0,14.71425197566472,0.007349239907379444,0.5849183007402744,15134.814303452818,15239.554752536425,42.00254479530955,55.50693229341522,160.83945078760888,311.61683222857886,117516.28574802434,232244029.05555555,256.10989993516364,128.05494996758182,4.571070463138877,0.6244200594837269,0.09180641904448539,cdbox
AF357332.1/1-59,2494.0,102.42886254243923,90956.0,15.781514730733448,0.007885592087677092,0.5409398031749426,12044.174940609257,12147.560312742808,28.681136789850605,54.58191204100925,102.42886254243923,220.13589947693362,90940.21848526927,147563221.55172414,165.55398743592437,82.77699371796218,4.829260200725444,0.5956998671766012,0.040284428207199637,cdbox
AJ278763.1/1-66,1390.999999999999,110.18916491682853,23291.0,15.485410127514513,0.015815959741193396,0.619490223246835,3985.730547841888,4016.272991028067,60.33587174742223,76.96801046498034,110.18916491682853,280.81737020875323,23275.514589872484,16130448.738461535,203.84935974377288,101.92467987188644,2.865370631086909,0.9640472327789528,0.04350829604213983,cdbox
AAQQ01135135.1/1016-1088,3223.000000000002,156.21901915268703,108843.0,25.154319030607816,0.007549901747853961,0.5618457054693831,13786.62873947072,13882.039073325408,50.63208967909382,65.46447395796959,156.21901915268703,303.8295365484268,108817.84568096939,192711008.83333334,238.36506259045723,119.18253129522861,4.277576400704533,0.6673381227857126,0.05747612055016021,cdbox
