nameseq,average,median,maximum,minimum,peak,none_levated_peak,sample_standard_deviation,population_standard_deviation,percentile15,percentile25,percentile50,percentile75,amplitude,variance,interquartile_range,semi_interquartile_range,coefficient_of_variation,skewness,kurtosis,label
AC011807.4/8760-8847,12315.999999999998,348.38999627874307,791464.0,33.30888044182584,0.002381725668507091,0.42555713811575246,84420.97360253554,84904.76537754576,113.29741375045458,165.3530313848082,348.38999627874307,911.7995761279899,791430.6911195582,7208819183.8160925,746.4465447431817,373.22327237159084,6.854577265551766,0.42528329725500164,0.08868523264919356,cdbox
AARH01005480.1/16910-16995,7633.0,230.51594085160826,493763.0,35.0,0.003755622516267086,0.5174417533042768,53080.563919385786,53391.889544474936,89.17718456357117,129.58915137518284,230.51594085160826,684.1388046690123,493728.0,2850693869.1294117,554.5496532938295,277.27482664691473,6.954089338318589,0.41837257439788983,0.0704107734162455,cdbox
AM452399.2/5938-6029,6406.0,170.0383934035606,403236.0,12.70836338762981,0.004787178686647934,0.6402003391567991,42492.76216016088,42725.60095604209,54.18887336656229,72.14789379212948,170.0383934035606,389.17667132431546,403223.2916366124,1825476977.054945,317.028777532186,158.514388766093,6.633275391845282,0.44026050246573306,0.07340516831193543,cdbox
AASG02007560.1/10700-10615,13105.0,304.5177881905768,703691.0,36.84900693392386,0.0021874602568994024,0.3804244565183237,77223.64835981268,77676.57686738837,108.8441798509019,195.5034802661557,304.5177881905768,679.984443205798,703654.150993066,6033650593.835294,484.4809629396423,242.24048146982116,5.892685872553429,0.49727573678599274,0.032866060028161864,cdbox
