nameseq,average,median,maximum,minimum,peak,none_levated_peak,sample_standard_deviation,population_standard_deviation,percentile15,percentile25,percentile50,percentile75,amplitude,variance,interquartile_range,semi_interquartile_range,coefficient_of_variation,skewness,kurtosis,label
AJ532513.1/3-77,25597.99999999999,388.0501021762445,1422444.0,149.75890702375926,0.0009766387999062432,0.2738163469183336,164581.7084307974,165690.01528619803,203.01622641645628,281.03520401526,388.0501021762445,1977.7504089037834,1422294.2410929762,27453181165.54054,1696.7152048885234,848.3576024442617,6.429475288334927,0.4595276742146091,0.13000822116153646,cdbox
AJ532516.1/6-75,17344.99999999999,461.3590151755103,865995.0,119.74581344309895,0.0013452483905063907,0.3084198141921796,103801.20347086541,104550.6803767741,191.55291521925764,267.6657797852284,461.3590151755103,1439.8024675730649,865875.2541865569,10930844767.246376,1172.1366877878365,586.0683438939183,5.984502938648918,0.4879608449692973,0.11784648815615716,cdbox
AJ532511.1/1-79,18336.00000000001,203.43696179978826,1146328.0,23.53897342509779,0.0014361547411285622,0.3631153499929347,128415.91680161768,129236.47413985946,106.75478201119778,147.3562569548796,203.43696179978826,758.6186455358901,1146304.461026575,16702066248.102564,611.2623885810106,305.6311942905053,7.003485863962566,0.4236055036591493,0.058390812586013474,cdbox
AJ532514.1/1-80,22623.99999999998,352.2069273124373,1304904.0,119.2649853484349,0.0011786892975011796,0.32512881825836937,146995.80282443442,147923.2303389973,200.6149069259475,233.82983661685753,352.2069273124373,1743.7930726875627,1304784.7350146517,21881282073.92405,1509.963236070705,754.9816180353525,6.497339233753294,0.4545393673441418,0.11252850099552995,cdbox
