nameseq,average,median,maximum,minimum,peak,none_levated_peak,sample_standard_deviation,population_standard_deviation,percentile15,percentile25,percentile50,percentile75,amplitude,variance,interquartile_range,semi_interquartile_range,coefficient_of_variation,skewness,kurtosis,label
AC011765.6/41033-40924,112421.00000000003,1845.1709763311783,7617963.0,386.0321330782444,0.0003261549591861543,0.18738814189905093,756158.1753191589,759618.8715475628,747.8249381999426,939.7091713343557,1845.1709763311783,5444.321516546615,7617576.967866922,577020830011.1926,4504.612345212259,2252.3061726061296,6.726129240259015,0.438701184353381,0.08148829528436208,cdbox
