nameseq,average,median,maximum,minimum,peak,none_levated_peak,sample_standard_deviation,population_standard_deviation,percentile15,percentile25,percentile50,percentile75,amplitude,variance,interquartile_range,semi_interquartile_range,coefficient_of_variation,skewness,kurtosis,label
AM910994.1/759659-759754,65223.99999999996,1213.3775004775175,4992616.0,338.02773953488884,0.000490616950815651,0.25604308015781985,508733.8981589491,511404.4356584285,504.9332607712988,566.5708050137262,1213.3775004775175,3674.9635046008957,4992277.972260465,261534496811.11578,3108.39269958717,1554.196349793585,7.799796059103235,0.3774701630725004,0.058688447169304096,cdbox
ABGV01006154.1/1319-1218,94201.00000000013,1469.7296097218496,7461739.0,522.7913491344391,0.0003609303510578439,0.2443688117024372,738684.3836998314,742332.2300018002,720.0014613646538,834.6738803711809,1469.7296097218496,5149.291669671844,7461216.208650866,551057139699.4456,4314.617789300663,2157.3088946503317,7.841576880286095,0.3766071373777416,0.056040415597133214,cdbox
ABGU01007392.1/389-288,94536.99999999999,1468.684759042007,7508331.0,524.7811011565177,0.00035964754540550266,0.24807025860914264,743306.9062412913,746977.5799538981,737.7808793262392,830.3462862932054,1468.684759042007,5006.580189924049,7507806.218898843,557975504953.7822,4176.233903630843,2088.1169518154215,7.86260306801878,0.37562538889183783,0.05606402841425908,cdbox
