nameseq,average,median,maximum,minimum,peak,none_levated_peak,sample_standard_deviation,population_standard_deviation,percentile15,percentile25,percentile50,percentile75,amplitude,variance,interquartile_range,semi_interquartile_range,coefficient_of_variation,skewness,kurtosis,label
ABDC01345891.1/4294-4211,59298.000000000015,984.4960126857711,3387692.0,210.44594835388529,0.000472191304934399,0.22206848201808527,376670.4944377777,378932.8000302892,364.33077037719795,478.4858177485305,984.4960126857711,2468.343706512779,3387481.554051646,143590066938.79517,1989.8578887642486,994.9289443821243,6.352161867816412,0.4644391173326723,0.04899102676556792,cdbox
AAFC03120533.1/12388-12469,47151.00000000004,841.562010754554,2692899.0,167.4148461649873,0.0005796978501693137,0.22937530997521638,301916.1934444723,303774.15678667725,334.4411146351871,412.31111193974266,841.562010754554,2239.389350375126,2692731.585153835,92278738331.45679,1827.0782384353834,913.5391192176917,6.403176887965728,0.46015522513961415,0.05890690378358548,cdbox
AACN010086138.1/143-224,48191.0,854.2378874288481,2779275.0,194.34754027330715,0.0005671875108076888,0.22957657008342425,310636.0589886499,312547.6835483776,380.1076991975945,472.38234297475674,854.2378874288481,2277.3159649435675,2779080.6524597267,97686054491.45679,1804.9336219688107,902.4668109844054,6.445935112129857,0.4571596961410789,0.050536997864271876,cdbox
AAQQ01595244.1/1480-1396,58036.999999999985,1045.305167085654,3505291.0,231.36866191579173,0.00048819431282342884,0.2236357419233745,384155.87556355295,386435.7524074222,493.66187723937185,546.9059912987985,1045.305167085654,2339.9021422002265,3505059.631338084,149332590738.6905,1792.9961509014279,896.4980754507139,6.61915460074699,0.445066951658423,0.046576906211292866,cdbox
