nameseq,average,median,maximum,minimum,peak,none_levated_peak,sample_standard_deviation,population_standard_deviation,percentile15,percentile25,percentile50,percentile75,amplitude,variance,interquartile_range,semi_interquartile_range,coefficient_of_variation,skewness,kurtosis,label
X96647.1/1-77,29873.00000000001,588.8918705763202,1720107.0,84.87897248863648,0.0008591928050971331,0.2855618315685707,196416.64214113832,197704.6339229439,289.52529156934247,338.3204639751776,588.8918705763202,1398.2722323156836,1720022.1210275113,39087122274.60526,1059.951768340506,529.975884170253,6.575055807623548,0.4472753603289042,0.040475653161822785,cdbox
X67268.1/1927-2003,14200.999999999996,406.235322467269,664395.0,53.3175886482429,0.0018073844564936747,0.342104917614221,77671.63259517595,78180.96023346296,175.25138949305676,209.85529310594927,406.235322467269,1144.9346768890482,664341.6824113517,6112262543.026316,935.0793837830989,467.53969189154947,5.469448108948382,0.5328109201501254,0.04837893245985466,cdbox
AF357371.1/1-65,9835.0,286.6314686975861,368971.0,70.2058122418235,0.002203016437891883,0.3317896299235896,47222.252212278065,47589.74609881839,136.1604180611926,178.82905107671985,286.6314686975861,1075.8153318409481,368900.7941877582,2264783933.75,896.9862807642282,448.4931403821141,4.801449131904226,0.606601850863423,0.04735552628295929,cdbox
AAIY01534871.1/691-615,27713.0,618.5467637474928,1565571.0,141.8756213220331,0.0009261598046644776,0.28328478731009704,178859.5420714254,180032.40409459334,277.2137891234998,352.15128857828967,618.5467637474928,1411.8007282419053,1565429.124378678,32411666524.07895,1059.6494396636156,529.8247198318078,6.453994229113608,0.4544535827800453,0.038573030005605254,cdbox
