nameseq,average,median,maximum,minimum,peak,none_levated_peak,sample_standard_deviation,population_standard_deviation,percentile15,percentile25,percentile50,percentile75,amplitude,variance,interquartile_range,semi_interquartile_range,coefficient_of_variation,skewness,kurtosis,label
AAQQ01544386.1/1713-1633,20338.999999999993,416.2108038447325,1096715.0,81.36768744043522,0.0013274988937509223,0.3323219719479049,123096.35799648987,123863.32091826054,227.94146899470223,261.80882904191174,416.2108038447325,1483.7128139961796,1096633.6323125595,15342122268.9,1221.9039849542678,610.9519924771339,6.052232557966955,0.4855413154479363,0.08595952725359146,cdbox
AANG01431959.1/798-716,14553.999999999996,338.63500979688433,859172.0,21.651404351256904,0.0019009665155054745,0.3933971721930895,94540.34208738618,95115.06070672459,133.52569247470055,179.90809973740664,338.63500979688433,814.1169420017427,859150.3485956488,9046874773.243902,634.208842264336,317.104421132168,6.495832217080267,0.45108885824836986,0.06078343646233045,cdbox
AAPY01565688.1/821-739,22617.999999999993,436.56365004630766,1357220.0,76.76063745355009,0.0012232145488843698,0.33328717841924194,149502.47161167604,150411.30959739987,235.42787233437224,251.15093515036068,436.56365004630766,1346.355919034765,1357143.2393625465,22623562054.80488,1095.2049838844043,547.6024919422022,6.609889097695468,0.44510507640774005,0.06190779004781141,cdbox
AAIY01116190.1/1086-1167,12863.0,293.2501091602734,731531.0,19.0,0.002124957889554018,0.4056635217176588,81273.02730918788,81773.1737363396,124.9679977723189,142.53762674186234,293.2501091602734,915.6371203549418,731512.0,6686851942.91358,773.0994936130794,386.5497468065397,6.318357094704803,0.46398234347862377,0.07717896964785217,cdbox
