nameseq,average,median,maximum,minimum,peak,none_levated_peak,sample_standard_deviation,population_standard_deviation,percentile15,percentile25,percentile50,percentile75,amplitude,variance,interquartile_range,semi_interquartile_range,coefficient_of_variation,skewness,kurtosis,label
AC069159.8/55796-55870,13525.999999999995,463.9033415438937,723020.0,89.84042988155882,0.0018482921780275034,0.3626071525886612,83630.86806915255,84194.0452611254,179.2857631197088,213.70628455377374,463.9033415438937,717.7309271369493,722930.1595701184,7088637257.432432,504.02464258317553,252.01232129158777,6.18297117175459,0.4685625162107131,0.04416867404646837,cdbox
AC172870.1/115241-115165,9200.999999999996,280.14443127420407,503939.0,52.88675271244943,0.0027895518603050407,0.4318573144655991,57435.91432196409,57812.54730387823,107.62275678617516,144.15418244928253,280.14443127420407,635.847830820526,503886.1132472876,3342290625.763158,491.6936483712435,245.84682418562176,6.242355648512565,0.4659552654834833,0.09155440738038145,cdbox
AJ532521.1/2-78,12025.0,298.6234577913479,593379.0,33.376415545800675,0.0021344421344421344,0.3904337566815299,68410.45322171168,68859.05116422127,123.08337459795911,145.94795500745525,298.6234577913479,968.6019195512981,593345.6235844542,4741568927.236842,822.6539645438429,411.32698227192145,5.689018978936522,0.5142361725424299,0.08821257283259668,cdbox
AC167403.2/76385-76309,27017.00000000001,701.5647949815551,1393475.0,209.2493754640189,0.0009500191237615819,0.28110149009067786,160693.11033768687,161746.84694193545,253.52911557137628,346.66856832783844,701.5647949815551,1383.2439441321296,1393265.750624536,26162042495.657894,1036.575375804291,518.2876879021455,5.947851735488278,0.4912861879962027,0.06852212269597896,cdbox
