nameseq,average,median,maximum,minimum,peak,none_levated_peak,sample_standard_deviation,population_standard_deviation,percentile15,percentile25,percentile50,percentile75,amplitude,variance,interquartile_range,semi_interquartile_range,coefficient_of_variation,skewness,kurtosis,label
AJ224036.1/1-85,20221.0,337.86041525484836,987651.0,46.782731188509224,0.001401183588019056,0.35392489352734413,112082.14649086625,112747.32827422649,141.38099113753643,187.59482837377206,337.86041525484836,922.4205355191856,987604.2172688115,12711960032.97619,734.8257071454135,367.41285357270675,5.542858735515862,0.5321937580763265,0.035906172187097955,cdbox
AJ240063.1/2-93,33678.00000000001,396.09015042244744,2006580.0,67.87892720240768,0.0009105845556941226,0.31328143656292795,213942.38062618638,215114.6764187076,194.9446913931274,255.01233140968313,396.09015042244744,1337.8285965269777,2006512.1210727976,46274324010.72527,1082.8162651172945,541.4081325586473,6.352585682825177,0.4666944868823791,0.03617678237339921,cdbox
AJ003046.1/33-102,11857.0,249.79764922749052,616563.0,43.91499537409435,0.001967895195524444,0.40066010163674437,73802.10740893515,74334.98153043717,87.74752597377172,126.44679033320222,249.79764922749052,899.9396223986529,616519.085004626,5525689479.130435,773.4928320654507,386.74641603272534,6.22434911098382,0.471824020679682,0.09814502482021212,cdbox
Y15171.1/2155-2227,17102.999999999996,264.103379533291,944451.0,102.25338149730909,0.0014227523436434156,0.3624531587995729,110493.64664088158,111258.3176793238,143.44660213889597,178.39416873852304,264.103379533291,1184.6770090815846,944348.7466185027,12378413252.833334,1006.2828403430616,503.1414201715308,6.460483344494042,0.4571909009898622,0.11018277619093488,cdbox
