nameseq,average,median,maximum,minimum,peak,none_levated_peak,sample_standard_deviation,population_standard_deviation,percentile15,percentile25,percentile50,percentile75,amplitude,variance,interquartile_range,semi_interquartile_range,coefficient_of_variation,skewness,kurtosis,label
AF317971.1/6-97,34726.0,503.4314813549087,2527364.0,128.107572604388,0.0008831039182936897,0.3288931516370821,263160.2389799796,264602.2236863859,229.8382148831613,333.76525460972795,503.4314813549087,1428.8302292167248,2527235.8924273956,70014336779.78021,1095.0649746069969,547.5324873034984,7.578190375510557,0.3901338057522661,0.07052032152952377,cdbox
AM451544.1/694-602,25217.00000000001,276.00164928095154,1923211.0,41.655093101434844,0.0012293294206289402,0.4034042159017323,199045.3927072918,200124.23742607882,108.26020070704848,176.29740605644855,276.00164928095154,835.2070501409291,1923169.3449068987,40049710405.36957,658.9096440844805,329.45482204224027,7.893301848248868,0.3759092035965328,0.07701131123633108,cdbox
AASG02006843.1/13326-13243,27578.000000000007,488.0000000000001,1684940.0,121.27825193999772,0.001015302052360577,0.3265675190701866,185018.38837261556,186129.61991560535,239.35419916875531,280.8596390210075,488.0000000000001,1485.8196333948501,1684818.72174806,34644235409.92771,1204.9599943738426,602.4799971869213,6.708912479970103,0.4392536369754086,0.07729404146727958,cdbox
AARH01002655.1/240508-240577,23649.000000000007,389.23115937983806,1271363.0,116.76468640137398,0.0009866520078368355,0.2524409371988618,151820.35684979797,152916.54694683937,233.0061756441708,296.97553220756083,389.23115937983806,1185.1739005081395,1271246.2353135985,23383470330.144928,888.1983683005786,444.0991841502893,6.419736853558202,0.4596175899579527,0.06130033768684695,cdbox
