nameseq,average,median,maximum,minimum,peak,none_levated_peak,sample_standard_deviation,population_standard_deviation,percentile15,percentile25,percentile50,percentile75,amplitude,variance,interquartile_range,semi_interquartile_range,coefficient_of_variation,skewness,kurtosis,label
AC021876.5/63434-63504,25780.000000000015,499.05561931840725,1582176.0,129.16697887191103,0.0009180243082492884,0.26671358704901216,186305.02819838226,187631.05936811207,198.5102703491319,246.92272984455798,499.05561931840725,1337.4964558121333,1582046.833021128,35205414439.6,1090.5737259675752,545.2868629837876,7.226727238106368,0.40708956637115273,0.09995724937675372,cdbox
AC093484.2/162015-162087,16063.000000000013,332.80260366216476,961651.0,58.52985941483887,0.0015148685384631334,0.34142470734148284,112015.2737978174,112790.47525365093,123.35607202020223,140.82033751698404,332.80260366216476,1002.8113030573786,961592.4701405852,12721691307.944445,861.9909655403945,430.99548277019727,6.973496470012906,0.42128712084559533,0.1502969210097071,cdbox
AL596181.10/69636-69565,13876.000000000004,295.46460691471555,788304.0,66.92300584255948,0.001729605073508215,0.3510093714960439,92615.46263988536,93265.40368489831,123.51940016101234,186.8933983799825,295.46460691471555,947.3688318253313,788237.0769941574,8698435524.507042,760.4754334453488,380.2377167226744,6.674507252802345,0.43990069279976013,0.14936046765922692,cdbox
AC016868.8/21258-21186,6023.000000000002,267.64476259748704,274667.0,43.2399319592692,0.004040068625823232,0.4245328844158195,32435.95011711542,32660.42303852716,83.92396218362154,118.71950015877587,267.64476259748704,826.0562498179256,274623.76006804075,1066703233.0555556,707.3367496591497,353.6683748295749,5.385347852750359,0.5323126237975311,0.05801488214447386,cdbox
