nameseq,average,median,maximum,minimum,peak,none_levated_peak,sample_standard_deviation,population_standard_deviation,percentile15,percentile25,percentile50,percentile75,amplitude,variance,interquartile_range,semi_interquartile_range,coefficient_of_variation,skewness,kurtosis,label
AB016878.1/364-492,116362.99999999994,981.7697245332092,12384419.0,263.2651122909619,0.00036953327088507534,0.28334578063003596,1088236.8542775973,1092479.5091758014,522.9305688597791,604.8289903083818,981.7697245332092,3760.1285494699687,12384155.73488771,1193511477969.0,3155.299559161587,1577.6497795807934,9.352086610671758,0.31807753014961093,0.07223096234878795,cdbox
AL161507.2/7333-7461,93890.99999999991,854.3740952436248,9938915.0,211.8404622930872,0.0004579778679532654,0.32154322982821376,873480.7225073716,876886.1183559556,411.1656766025344,506.6797386824294,854.3740952436248,3239.1645221336594,9938703.159537707,768929264565.375,2732.48478345123,1366.242391725615,9.303135790516368,0.3195375358863897,0.07243213470166392,cdbox
AC007288.13/16248-16120,111994.99999999997,933.9807167855449,12089923.0,216.12217777195195,0.0003839457118621368,0.2989756976810733,1061716.8513459698,1065856.1140277684,475.9408529753865,571.2320189148297,933.9807167855449,3692.2918963918137,12089706.877822228,1136049255810.375,3121.059877476984,1560.529938738492,9.48003796014081,0.3138153618144586,0.07461662648086237,cdbox
AB028614.1/46886-46758,101691.00000000003,970.7585720847226,10806059.0,145.31248681845494,0.0004228496130434354,0.29731093227091754,949489.3597802978,953191.0867225811,417.38926258233903,520.9476037241363,970.7585720847226,3860.0454354887966,10805913.687513182,908573247807.375,3339.0978317646604,1669.5489158823302,9.337004845859491,0.3182349766970141,0.08381209600912101,cdbox
