nameseq,average,median,maximum,minimum,peak,none_levated_peak,sample_standard_deviation,population_standard_deviation,percentile15,percentile25,percentile50,percentile75,amplitude,variance,interquartile_range,semi_interquartile_range,coefficient_of_variation,skewness,kurtosis,label
L16016.1/866-1013,49818.00000000002,705.2464124000737,5008652.0,108.0,0.0009902712540313403,0.46244552613655227,418349.09159217734,419769.6358891103,312.1107628128066,470.3316029592166,705.2464124000737,2390.658362752324,5008544.0,176206547214.4762,1920.3267597931076,960.1633798965538,8.39754890987549,0.3521897470890908,0.0748509443322689,cdbox
AY043296.2/720-867,34682.00000000003,550.5669577883717,3808084.0,98.66049771407693,0.0014224477634892248,0.49469742295896874,313509.23896434053,314573.7895284439,263.227366227386,292.9264505926526,550.5669577883717,1648.3103337698553,3807985.3395022857,98956669058.28572,1355.3838831772027,677.6919415886014,9.039537482392603,0.3266069589045878,0.04909191480397515,cdbox
Z34530.1/4257-4400,61519.99999999997,733.65154146021,6370704.0,95.51025548705731,0.0007802340702210667,0.37310078411053177,535589.643365142,537459.0718879767,338.374459551769,400.28563260357976,733.65154146021,2473.6652224137047,6370608.489744513,288862253954.6853,2073.379589810125,1036.6897949050624,8.705943487729881,0.34048277003611643,0.057517050009564696,cdbox
Z34530.1/6444-6594,25171.99999999998,433.4172252619872,1356120.0,40.96614633675473,0.00199957624874199,0.5859739004094768,160239.85877427628,160773.1043705176,206.66401913526033,237.43315746620442,433.4172252619872,925.8315827441265,1356079.0338536631,25847991088.933342,688.3984252779221,344.19921263896106,6.3657976630492765,0.4631541046772817,0.07079551461711743,cdbox
