nameseq,average,median,maximum,minimum,peak,none_levated_peak,sample_standard_deviation,population_standard_deviation,percentile15,percentile25,percentile50,percentile75,amplitude,variance,interquartile_range,semi_interquartile_range,coefficient_of_variation,skewness,kurtosis,label
AJ132685.1/1-77,10177.0,186.89875710812746,517203.0,27.045900877106725,0.0025220267924404706,0.4338867133613098,59934.69404276624,60327.71264104085,57.86411069063254,78.46056324198152,186.89875710812746,761.854045394041,517175.9540991229,3639432912.5,683.3934821520595,341.69674107602975,5.8892300326978715,0.5000493321495958,0.07641778896166364,cdbox
AF295529.1/5361-5441,9571.0,159.93629763699266,483075.0,56.51812267599521,0.0028210218367986624,0.46273728914706797,55261.23205285962,55605.542125762964,75.00241530232171,90.68016951735126,159.93629763699266,542.5794311703515,483018.481877324,3091976315.1,451.8992616530003,225.94963082650014,5.773820087019081,0.5109041195477297,0.04534345271732241,cdbox
AF146043.1/3911-3989,1199.9999999999998,126.10009401077247,16972.754236349083,14.776803254687628,0.021944444444444447,0.7716453818236759,3254.6864672345932,3275.4833974818866,52.15115297556664,67.5496660685829,126.10009401077247,635.5480122214676,16957.977433094395,10728791.487179484,567.9983461528848,283.9991730764424,2.7122387226954947,0.9898648457849953,0.0991507702298517,cdbox
AJ240068.1/1-85,21229.000000000007,343.5118549698202,1318339.0,87.55375632518364,0.0013346522838255839,0.3439884737528359,143402.6899956901,144253.75200740632,173.46629808705882,217.5779550757282,343.5118549698202,839.6508784587559,1318251.4462436747,20809144968.214287,622.0729233830277,311.03646169151386,6.755037448569883,0.4369267022604225,0.0508770745678233,cdbox
