nameseq,average,median,maximum,minimum,peak,none_levated_peak,sample_standard_deviation,population_standard_deviation,percentile15,percentile25,percentile50,percentile75,amplitude,variance,interquartile_range,semi_interquartile_range,coefficient_of_variation,skewness,kurtosis,label
AAFC03094834.1/33076-32973,14523.999999999996,208.36147470481055,1062536.0,37.64750676534921,0.00238685394289911,0.5265037336360037,105613.6655551733,106125.11486873837,75.10375029089568,102.69908257453196,208.36147470481055,854.8795216537548,1062498.3524932347,11262540005.902912,752.1804390792228,376.0902195396114,7.271665213107499,0.40664165333272895,0.09546065824793692,cdbox
AAFR03029930.1/44054-43950,28863.00000000002,326.65017407480514,2342715.0,34.61364017203959,0.0012126251602397526,0.43353181140269875,229474.33839102794,230574.94105246163,107.87543591714382,166.42516216019206,326.65017407480514,921.0452096469351,2342680.386359828,53164803441.34615,754.620047486743,377.3100237433715,7.9504673246380415,0.37306589520217487,0.0840659166750445,cdbox
AAHX01065923.1/31199-31096,20804.0,238.29238362402023,1709016.0,30.772388992171322,0.0016663462154713835,0.45072424297221747,167450.8735599788,168261.77841673125,79.16523744854419,118.67334856692028,238.29238362402023,975.2499239869262,1708985.2276110079,28312026075.961166,856.576575420006,428.288287710003,8.048974887520611,0.3684490951731513,0.07287388170064223,cdbox
AAHY01095698.1/223417-223314,18443.999999999996,230.05291639128762,1427496.0,14.397642634969834,0.001879563362972602,0.4959926720885739,140878.7957359091,141561.02149709492,78.80974963967209,111.94266938174555,230.05291639128762,1054.5017577351741,1427481.602357365,20039522807.300972,942.5590883534286,471.2795441767143,7.6381910505264115,0.38786419890511786,0.1065666804150698,cdbox
