nameseq,average,median,maximum,minimum,peak,none_levated_peak,sample_standard_deviation,population_standard_deviation,percentile15,percentile25,percentile50,percentile75,amplitude,variance,interquartile_range,semi_interquartile_range,coefficient_of_variation,skewness,kurtosis,label
AAYZ01665444.1/416-340,8512.999999999996,283.13322782015877,355659.0,43.84754470859474,0.003014996671756922,0.44535557801120457,43073.811602875365,43356.26585293672,142.16609225349058,208.3027230103234,283.13322782015877,715.7238026685104,355615.1524552914,1879765788.7105262,507.421079658187,253.7105398290935,5.059768777502101,0.5731928380095198,0.059001846386281497,cdbox
CR524332.1/704-776,6039.000000000004,233.54640642263874,280491.0,39.88842760177229,0.004029364685102388,0.44070528740706366,33276.63438510572,33506.92526014419,88.39135597558112,132.49428582292657,233.54640642263874,567.1744547482028,280451.1115723982,1122714040.3888888,434.68016892527623,217.34008446263812,5.510288853304471,0.5233810781215146,0.05966382331994918,cdbox
CAAE01015001.1/1084295-1084363,10772.999999999996,268.6143999608071,576683.0,25.552397219402085,0.0021349670472477498,0.37330741877096135,68980.8007057036,69486.16131309465,89.08666676137845,132.12820347481133,268.6143999608071,795.3491082138785,576657.4476027807,4828326614.029411,663.2209047390671,331.61045236953356,6.403118973888761,0.45683953328642557,0.07758658536004401,cdbox
AAFR03054690.1/25422-25495,4162.999999999998,197.24157909590923,197771.0,61.19936688647553,0.005925214188485871,0.5241926103220439,23167.08328642171,23325.22220951577,99.30018958058004,120.90062114621438,197.24157909590923,454.14494720875894,197709.8006331135,544065991.1232877,333.2443260625446,166.6221630312723,5.564997186265127,0.5135422148581513,0.06859217133834147,cdbox
