nameseq,average,median,maximum,minimum,peak,none_levated_peak,sample_standard_deviation,population_standard_deviation,percentile15,percentile25,percentile50,percentile75,amplitude,variance,interquartile_range,semi_interquartile_range,coefficient_of_variation,skewness,kurtosis,label
AB026636.1/61895-61803,26048.999999999985,594.7835989752259,1692963.0,147.2637991324736,0.0011900648777304317,0.3321329289794387,177803.12304906236,178766.83267165787,234.44935368814993,299.56871005563863,594.7835989752259,1942.080191819206,1692815.7362008675,31957580463.45652,1642.5114817635674,821.2557408817837,6.825717802950687,0.4294786722165901,0.08669470373370981,cdbox
AASG02000028.1/122020-121924,13579.0,297.7656095727325,1101251.0,37.74174145129867,0.002381127721727177,0.5062404653761925,111270.15829951891,111848.18898548753,138.28294217950878,190.28996364207575,297.7656095727325,811.2423579349502,1101213.2582585488,12510017379.333334,620.9523942928745,310.47619714643724,8.194282222514095,0.3580807628944846,0.0764044077651947,cdbox
AARH01004350.1/130761-130670,12854.000000000002,299.9935540467228,864660.0,59.611050853054415,0.0023857683730096986,0.4392946114670475,90511.49135883244,91007.44844870038,145.62213288268018,187.90700684422904,299.9935540467228,907.3659383916286,864600.388949147,8282355673.142858,719.4589315473995,359.72946577369976,7.041503917755751,0.41610207469180804,0.059912062694017824,cdbox
AC159538.20/113729-113653,12617.000000000005,294.97237133018143,799099.0,36.948379826682455,0.0020342923568730012,0.4254600071101864,90502.17207338175,91095.63529826628,101.14094540175097,141.93680767178975,294.97237133018143,997.7282129957488,799062.0516201733,8298414770.394737,855.791405323959,427.8957026619795,7.173034166076065,0.40845520100927873,0.0889580557546247,cdbox
