nameseq,average,median,maximum,minimum,peak,none_levated_peak,sample_standard_deviation,population_standard_deviation,percentile15,percentile25,percentile50,percentile75,amplitude,variance,interquartile_range,semi_interquartile_range,coefficient_of_variation,skewness,kurtosis,label
AL031584.2/110885-110818,15618.000000000004,499.38983510423714,731524.0,196.0,0.0014513168566184314,0.2898515924333364,88913.93053959543,89575.0097572695,279.22944844708707,334.6517123313683,499.38983510423714,1344.9110133800323,731328.0,8023682373.014925,1010.2593010486639,505.12965052433196,5.693042037366847,0.5101093857782982,0.07167829161317385,cdbox
AP004219.2/12572-12638,13874.000000000004,485.3478782639047,685676.0,120.6634149519622,0.0016097256258709332,0.2953978617262723,83620.65688572412,84251.76513626143,250.43157683659467,275.2413983754037,485.3478782639047,1056.705211271517,685555.336585048,7098359928.575757,781.4638128961134,390.7319064480567,6.027148398855709,0.48033533651976734,0.06165411650641421,cdbox
AL136170.14/9004-8937,13794.0,439.39782639681835,706420.0,116.62502720659796,0.0016432265236092987,0.316267318248421,85403.12539948408,86038.10161730934,183.1743300398489,257.8763669332949,439.39782639681835,826.3653330201156,706303.3749727934,7402554929.910448,568.4889660868207,284.24448304341036,6.191324155392495,0.46911405564381803,0.04669742703569666,cdbox
AC018515.7/88497-88433,14362.999999999993,489.2068152625128,720171.0,92.4158968115729,0.0015085056510942476,0.2973799783849867,88858.83357325822,89550.35243509653,195.33471910407656,279.64336478097994,489.2068152625128,946.5926361002461,720078.5841031885,8019265621.25,666.9492713192661,333.47463565963307,6.186648581303228,0.4683988960973517,0.03755625951896411,cdbox
