nameseq,average,median,maximum,minimum,peak,none_levated_peak,sample_standard_deviation,population_standard_deviation,percentile15,percentile25,percentile50,percentile75,amplitude,variance,interquartile_range,semi_interquartile_range,coefficient_of_variation,skewness,kurtosis,label
FM245454.1/1310-1382,4543.000000000004,137.54868397605935,215259.0,43.846841894891774,0.005356225695208741,0.5592779294697025,25439.91124198353,25615.968091754366,67.97537681565453,85.20011454719854,137.54868397605935,451.9226875304608,215215.1531581051,656177821.2777778,366.72257298326224,183.36128649163112,5.599804367594873,0.5195125809346717,0.0830406432552528,cdbox
X96652.1/1-78,9021.000000000005,339.73059155649304,450315.0,59.0,0.0028821638399290526,0.38687257958111215,51425.236197804676,51758.089097888216,175.8550750468207,208.29164181869928,339.73059155649304,770.468876796195,450256.0,2678899787.064935,562.1772349774957,281.08861748874784,5.700613701120124,0.5064402256735251,0.06364798628223936,cdbox
AF357377.1/1-68,8705.999999999998,273.7958291654014,412836.0,36.0,0.0026035684202465738,0.3611140176753687,49990.56394960953,50362.24612254166,127.89911806164108,165.57061002880533,273.7958291654014,759.1304874629368,412800.0,2536355834.5074625,593.5598774341315,296.77993871706576,5.742081776890598,0.5060277483167176,0.07219435453272083,cdbox
AC097720.5/99784-99861,8972.999999999993,292.78518566048507,450971.0,55.85166463583442,0.0028975816337902622,0.3932498345664615,51476.7942086529,51809.98082102834,128.69671419582534,202.43387744890043,292.78518566048507,649.8492314452567,450915.1483353642,2684274112.6753244,447.41535399635626,223.70767699817813,5.736854364053599,0.505871526060208,0.052475111096154825,cdbox
