nameseq,average,median,maximum,minimum,peak,none_levated_peak,sample_standard_deviation,population_standard_deviation,percentile15,percentile25,percentile50,percentile75,amplitude,variance,interquartile_range,semi_interquartile_range,coefficient_of_variation,skewness,kurtosis,label
Z69627.1/1-79,11207.999999999995,331.5006658073986,620592.0,64.99047913066968,0.0023495122531525113,0.39686063454294485,70133.34219898548,70581.483130656,217.1121280857171,255.8004473626548,331.5006658073986,1037.461436424171,620527.0095208694,4981745760.923077,781.6609890615163,390.83049453075813,6.257435956369157,0.46524943742164615,0.05490438257109364,cdbox
X97586.1/1-79,11207.999999999995,331.5006658073986,620592.0,64.99047913066968,0.0023495122531525113,0.39686063454294485,70133.34219898548,70581.483130656,217.1121280857171,255.8004473626548,331.5006658073986,1037.461436424171,620527.0095208694,4981745760.923077,781.6609890615163,390.83049453075813,6.257435956369157,0.46524943742164615,0.05490438257109364,cdbox
Z69626.1/1-80,5735.999999999998,331.41273750891685,176904.0,85.89619439563896,0.0046490004649000485,0.4335285980789239,24404.387802196554,24558.360230585226,146.32841171028642,205.74993902835553,331.41273750891685,886.5358313280927,176818.10380560436,603113057.2151899,680.7858922997373,340.39294614986864,4.254600383925482,0.6643789600005414,0.047869223837032925,cdbox
X67247.1/516-595,5735.999999999998,331.41273750891685,176904.0,85.89619439563896,0.0046490004649000485,0.4335285980789239,24404.387802196554,24558.360230585226,146.32841171028642,205.74993902835553,331.41273750891685,886.5358313280927,176818.10380560436,603113057.2151899,680.7858922997373,340.39294614986864,4.254600383925482,0.6643789600005414,0.047869223837032925,cdbox
