nameseq,average,median,maximum,minimum,peak,none_levated_peak,sample_standard_deviation,population_standard_deviation,percentile15,percentile25,percentile50,percentile75,amplitude,variance,interquartile_range,semi_interquartile_range,coefficient_of_variation,skewness,kurtosis,label
U40580.1/2987-3057,1635.9999999999995,163.89096785370072,18584.0,38.8107539969696,0.014466177669111659,0.6074196099404324,4260.027699440462,4290.348563928111,61.5976060315132,77.26372990170753,163.89096785370072,338.60470110707195,18545.189246003032,18407090.8,261.34097120536444,130.67048560268222,2.603928911638425,1.0366897607306553,0.07673740916629214,cdbox
U40654.1/2265-2331,3402.0,135.02875038658016,124844.0,18.760794034736726,0.006564765824025083,0.5210175704583582,15850.031734984002,15969.656313069976,55.9642539037972,75.68837268825308,135.02875038658016,210.68918390941064,124825.23920596526,255029922.75757575,135.00081122115756,67.50040561057878,4.659033431800118,0.6183529416668484,0.01852243612307183,cdbox
U72868.1/1-67,4970.000000000003,210.5265163774959,170868.0,32.095790089900504,0.0044936284372904065,0.39170073399944066,21838.205466567073,22003.02444982039,90.82282789312796,116.86565696844815,210.5265163774959,665.045259363726,170835.9042099101,484133084.93939394,548.1796023952779,274.08980119763896,4.394005124057759,0.6538275534007082,0.044682987355669675,cdbox
U72869.1/1-64,5256.0,224.90955173057108,188200.0,25.009079103815193,0.004058853373921867,0.37934506149010044,24232.923719600985,24424.491315071435,84.66482857471532,110.78884141873141,224.90955173057108,806.7249634685277,188174.99092089618,596555776.0,695.9361220497963,347.96806102489813,4.610525821841892,0.62284153243135,0.0516969088413793,cdbox
