nameseq,average,median,maximum,minimum,peak,none_levated_peak,sample_standard_deviation,population_standard_deviation,percentile15,percentile25,percentile50,percentile75,amplitude,variance,interquartile_range,semi_interquartile_range,coefficient_of_variation,skewness,kurtosis,label
AF141346.1/1960-2019,4053.999999999999,220.34968405609146,135556.0,25.710859497779822,0.004933399111988161,0.4137407441618924,18051.603917657845,18203.940828702867,62.65330709232288,106.71747314569357,220.34968405609146,433.6314449399489,135530.28914050222,331383461.69491524,326.9139717942553,163.45698589712765,4.452788336866761,0.6371151837971385,0.042415908090840844,cdbox
X96643.1/1-60,4053.999999999999,220.34968405609146,135556.0,25.710859497779822,0.004933399111988161,0.4137407441618924,18051.603917657845,18203.940828702867,62.65330709232288,106.71747314569357,220.34968405609146,433.6314449399489,135530.28914050222,331383461.69491524,326.9139717942553,163.45698589712765,4.452788336866761,0.6371151837971385,0.042415908090840844,cdbox
AL138691.15/31428-31368,4193.000000000001,233.3684270330067,161699.0,40.497127710470465,0.004849352094761108,0.39455630931509655,20904.966443407655,21078.454616819832,73.49544867984665,96.56261626980591,233.3684270330067,673.514392495024,161658.50287228954,444301249.03333336,576.951776225218,288.475888112609,4.985682433438504,0.5682331397688979,0.06543432656780364,cdbox
AAPY01728088.1/7700-7760,8249.0,393.33283385282164,301907.0,55.47372750783279,0.0024649452458883904,0.322793885435136,39568.46044515759,39896.83504197629,109.28785117732326,168.91498243746963,393.33283385282164,859.1757353619046,301851.5262724922,1591757446.3666668,690.2607529244349,345.13037646221744,4.796758448922001,0.5956006686463253,0.054990299352563665,cdbox
