nameseq,average,median,maximum,minimum,peak,none_levated_peak,sample_standard_deviation,population_standard_deviation,percentile15,percentile25,percentile50,percentile75,amplitude,variance,interquartile_range,semi_interquartile_range,coefficient_of_variation,skewness,kurtosis,label
AB028894.1/2954-3040,5532.000000000001,126.58213512878184,341192.0,22.775879607252513,0.005242227042660881,0.6720068845787484,37018.33518676927,37232.93602912396,62.68657911417364,82.8569243866034,126.58213512878184,382.15162508797545,341169.22412039276,1386291525.3488371,299.29470070137205,149.64735035068603,6.691673027254025,0.43806004545578564,0.0742467924506971,cdbox
AB028893.1/10920-11006,9028.000000000002,133.0,592120.0,13.696223516526256,0.003212228622064687,0.5631469762443211,63466.30693525503,63834.23063740776,79.03596594216488,93.49187655365544,133.0,660.4848845797267,592106.3037764835,4074809001.0697675,566.9930080260713,283.49650401303563,7.029940954281681,0.42045931595204733,0.07863119524198105,cdbox
AB032798.1/2193-2284,19718.0,279.791872388367,1508556.0,23.514377821026525,0.0015552625350779322,0.4734688335415743,156900.26005077237,157759.99393876904,110.97127770558316,129.23750261606355,279.791872388367,747.0117969087022,1508532.485622179,24888215687.56044,617.7742942926386,308.8871471463193,7.957209658726664,0.3716668434071715,0.07266715475372135,cdbox
Z69625.1/1-89,4134.999999999999,168.69026916339493,203187.0,13.444593938845873,0.007174526400644903,0.6744727295856556,22852.451684666135,22981.928367741468,42.24835002870713,61.142863898005714,168.69026916339493,493.7914998418552,203173.55540606115,528169031.5,432.6486359438495,216.32431797192476,5.526590492059526,0.5206850169382012,0.10882053482866541,cdbox
