nameseq,average,median,maximum,minimum,peak,none_levated_peak,sample_standard_deviation,population_standard_deviation,percentile15,percentile25,percentile50,percentile75,amplitude,variance,interquartile_range,semi_interquartile_range,coefficient_of_variation,skewness,kurtosis,label
BC059277.1/353-435,7193.999999999995,156.68381001071768,443460.0,8.81456057596833,0.0038457974237790776,0.5345897446798011,48710.94392433798,49007.0618124348,58.33583939670348,93.42977161188983,156.68381001071768,627.6216794033156,443451.185439424,2401692107.487805,534.1919077914258,267.0959538957129,6.771051421231306,0.4334128405058363,0.07744666860971734,cdbox
AY349606.1/1-85,10605.0,119.48544857498955,697339.0,11.437694101250946,0.0026716957410026715,0.4956224746234611,75413.05368435892,75860.61282833455,68.8593094176229,78.4862777812452,119.48544857498955,557.2749192007492,697327.5623058988,5754832578.690476,478.78864141950396,239.39432070975198,7.111084741570855,0.4171233243774518,0.050746233869795834,cdbox
AAIY01432621.1/769-683,13579.999999999995,169.96928004077446,1023392.0,30.548497074763407,0.0021354933726067753,0.5090627428470692,109159.85205193346,109792.66808980948,61.946879955084896,90.72488226856316,169.96928004077446,442.4590565949749,1023361.4515029253,12054429966.27907,351.7341743264118,175.8670871632059,8.038280710746207,0.3685429340884225,0.0765852359452727,cdbox
AACN010784424.1/382-296,9844.000000000002,145.23379171324262,709240.0,9.650004260292967,0.0029459569280780164,0.5708291156732204,75686.77689002221,76125.5444897471,49.0,71.95372411000031,145.23379171324262,721.0263572799898,709230.3499957398,5795098523.860465,649.0726331699896,324.5363165849948,7.688620163553657,0.38443040938497197,0.15536953642269152,cdbox
