nameseq,average,median,maximum,minimum,peak,none_levated_peak,sample_standard_deviation,population_standard_deviation,percentile15,percentile25,percentile50,percentile75,amplitude,variance,interquartile_range,semi_interquartile_range,coefficient_of_variation,skewness,kurtosis,label
DQ351284.1/1267-1335,9412.999999999996,222.5442756811836,521203.0,48.5906142057311,0.0024434292999043886,0.39867842675309445,62307.36985301177,62763.8402034821,131.87286279165443,145.58434928393046,222.5442756811836,446.42530599044846,521154.40938579425,3939299637.0882354,300.840956706518,150.420478353259,6.61928926516645,0.4425057138184387,0.05545447299744462,cdbox
X56953.1/2429-2497,10469.0,201.8668756790727,596195.0,25.908395493666475,0.002196962460597956,0.3927772724713579,71226.96917600805,71748.78545006058,117.13524631791066,139.8194698871092,201.8668756790727,509.0959032147465,596169.0916045064,5147888213.558824,369.2764333276373,184.63821666381864,6.80360771573293,0.43244012386445707,0.06233035821731126,cdbox
AAPY01267864.1/1108-1174,9081.999999999998,253.18017569068502,476628.0,44.70137350271149,0.0024590765616971304,0.39006900911960446,57825.21098967128,58261.63386774691,97.42580639103998,133.38276832929586,253.18017569068502,562.1282283111059,476583.2986264973,3394417980.939394,428.74545998181003,214.37272999090501,6.3670128814877,0.458043455780195,0.07371142751384094,cdbox
AALT01545687.1/2663-2595,16988.999999999993,493.99209737016344,846531.0,161.07856063988302,0.0013538171758196486,0.3232086460244968,102124.18519625996,102872.35772734263,236.67693066031762,259.2218298350896,493.99209737016344,1114.4138084498597,846369.9214393601,10582721984.382353,855.1919786147702,427.5959893073851,6.011194608055801,0.4845573417578831,0.07929172410317849,cdbox
