nameseq,average,median,maximum,minimum,peak,none_levated_peak,sample_standard_deviation,population_standard_deviation,percentile15,percentile25,percentile50,percentile75,amplitude,variance,interquartile_range,semi_interquartile_range,coefficient_of_variation,skewness,kurtosis,label
AAIY01246169.1/1638-1707,7113.000000000004,169.90721858821138,395555.0,13.973688765007193,0.0032803786494212455,0.44548192127124947,46938.861362414835,47277.77450989731,40.999217329142866,88.76630450507952,169.90721858821138,778.604431834513,395541.026311235,2235187962.6086955,689.8381273294335,344.91906366471676,6.599024513203263,0.44375337917578717,0.11349872361838176,cdbox
AAPY01265923.1/1643-1574,7329.0,117.97402885158914,409011.0,13.374885403074876,0.0031836994587710918,0.4677916068648583,48590.41372534299,48941.25159347922,37.2035853267962,66.29799810336189,117.97402885158914,422.25536146151546,408997.6251145969,2395246107.536232,355.95736335815354,177.97868167907677,6.629883166235911,0.44521287749732014,0.0590628960361833,cdbox
AAFR03010505.1/107885-107953,11052.999999999993,225.66472407911766,625131.0,11.475864459460453,0.0020808830181851096,0.37299283445057635,74742.99904338867,75290.57412237252,52.95497252250934,76.12775089710354,225.66472407911766,687.967277977029,625119.5241355406,5668670551.676471,611.8395270799255,305.91976353996273,6.762236410331016,0.4345825862420461,0.06016030007665266,cdbox
AANG01319836.1/252-322,6932.000000000004,131.62639033473803,369432.0,16.013792815653083,0.0034141180996345435,0.46196916065436927,43716.69699325419,44027.85178822281,38.691695833716466,53.26392461980366,131.62639033473803,466.54849942353593,369415.9862071843,1938451733.0857143,413.28457480373226,206.64228740186613,6.306505625108795,0.46666656522892935,0.05955246263333348,cdbox
