nameseq,average,median,maximum,minimum,peak,none_levated_peak,sample_standard_deviation,population_standard_deviation,percentile15,percentile25,percentile50,percentile75,amplitude,variance,interquartile_range,semi_interquartile_range,coefficient_of_variation,skewness,kurtosis,label
BX784024.10/48132-48213,21431.0,484.8643988308797,1059347.0,63.40348381890749,0.0012754110089745383,0.28471241709265843,120233.96994194279,120973.87827905883,249.6009104134551,283.1119907487023,484.8643988308797,1140.4334718374407,1059283.596516181,14634679225.876543,857.3214810887384,428.6607405443692,5.610282765243936,0.5226343838920902,0.06317700573879191,cdbox
AC010553.6/712-633,18248.0,469.08831635955266,748848.0,56.2554348350265,0.0014613473622680112,0.2965805674446485,90470.55724377959,91041.35506544208,199.66874988925184,254.52980947916478,469.08831635955266,1231.054319806563,748791.744565165,8288528332.151897,976.5245103273982,488.2622551636991,4.9578341321667905,0.5895479886036468,0.07728043894453533,cdbox
AC106804.4/74513-74420,39853.00000000002,659.9361868448177,2304875.0,85.53262638845456,0.0007862227017623093,0.27279258655697597,246014.54278558414,247333.6650715394,323.2934038553478,366.4253230907291,659.9361868448177,1612.137670713428,2304789.4673736114,61173941877.72043,1245.7123476226989,622.8561738113494,6.173049526650039,0.47793593869750484,0.055254729632446035,cdbox
AC132945.3/142528-142616,26550.999999999996,600.9611666225701,1336779.0,63.07080416610029,0.0011173464904021195,0.28446336826943125,148828.1991156246,149671.4251219833,219.55894274162483,286.48455753687165,600.9611666225701,1863.1696001017956,1336715.9291958339,22401535498.045456,1576.685042564924,788.342521282462,5.605370762518346,0.5230871364616227,0.10116574212685105,cdbox
