nameseq,average,median,maximum,minimum,peak,none_levated_peak,sample_standard_deviation,population_standard_deviation,percentile15,percentile25,percentile50,percentile75,amplitude,variance,interquartile_range,semi_interquartile_range,coefficient_of_variation,skewness,kurtosis,label
ACBS01000723.1/11593-11697,72734.99999999999,1075.975784825091,5810915.0,315.4280288010885,0.0004811988726197842,0.2635281036384015,568458.4930318132,571184.9283044112,557.7928045466997,678.5846135759771,1075.975784825091,3607.1025365893715,5810599.571971199,326252222322.11536,2928.5179230133945,1464.2589615066972,7.815473885087142,0.3781754961544637,0.07873494650207075,cdbox
ABGW01001570.1/334-439,70763.00000000003,857.6611584841708,5758323.0,195.32354411115722,0.0004993193241288996,0.28041594291985894,560479.5767376364,563142.2025406067,495.03545385730297,557.5766377077546,857.6611584841708,2580.7587964310724,5758127.676455889,317129140282.2857,2023.1821587233178,1011.5910793616589,7.920517455981743,0.37417245021706974,0.05615659973490233,cdbox
AM910991.1/1216709-1216813,37886.99999999996,559.7035815041856,3153827.0,31.836885632907666,0.0009237997202206571,0.3849328565215398,307226.6132417568,308700.1306318405,165.50334153002262,280.03498439505336,559.7035815041856,1572.9843160148655,3153795.163114367,95295770652.11539,1292.9493316198123,646.4746658099061,8.109024553059283,0.36449280247531396,0.09283835781197833,cdbox
