nameseq,average,median,maximum,minimum,peak,none_levated_peak,sample_standard_deviation,population_standard_deviation,percentile15,percentile25,percentile50,percentile75,amplitude,variance,interquartile_range,semi_interquartile_range,coefficient_of_variation,skewness,kurtosis,label
AC147254.4/80430-80347,18674.00000000001,364.0,1138420.0,30.906402455536597,0.0014994109456999028,0.37367304557187336,124946.38954367588,125696.82505695039,160.27134887451402,221.40022205776543,364.0,1112.6891691769622,1138389.0935975444,15799691829.39759,891.2889471191968,445.6444735595984,6.690928003838267,0.4396285494972135,0.08306714808502072,cdbox
AC126934.4/123899-123813,37715.99999999999,572.369398080935,2495408.0,169.72603115447887,0.000768904443737406,0.29464173873017113,268148.8276386828,269703.3266186437,307.9721684980997,362.5295921395788,572.369398080935,1793.7229944011588,2495238.2739688456,72739884389.1628,1431.1934022615799,715.5967011307899,7.1096836260123775,0.4155561401741602,0.0652513384179571,cdbox
AC064836.7/15165-15252,33524.00000000002,399.1324248234401,2442600.0,80.00000000000001,0.0008749950284373378,0.32564582477804377,259522.04595371083,261009.29048440483,166.58053657552665,225.03047810331495,399.1324248234401,930.4406922210658,2442520.0,68125849719.17242,705.4102141177508,352.7051070588754,7.74138068111534,0.38291391531051094,0.05752388164958723,cdbox
AC064836.7/16842-16926,28180.99999999999,438.33297681094274,1931331.0,22.885521150594002,0.0010054055332789234,0.34079938118584935,209024.67550507042,210265.1889210951,154.7679921989227,245.99617051884854,438.33297681094274,1029.4158064893898,1931308.1144788493,44211449672.02381,783.4196359705412,391.7098179852706,7.417219953339857,0.3981730906576541,0.06348901576135887,cdbox
