nameseq,average,median,maximum,minimum,peak,none_levated_peak,sample_standard_deviation,population_standard_deviation,percentile15,percentile25,percentile50,percentile75,amplitude,variance,interquartile_range,semi_interquartile_range,coefficient_of_variation,skewness,kurtosis,label
AM910995.1/1210650-1210732,54338.000000000015,680.3179587953084,3401676.0,156.6280936375449,0.000509158722563706,0.24712811781849547,373176.12100722623,375444.6897504734,350.66862869560964,372.40058287766897,680.3179587953084,2338.5670712057977,3401519.3719063625,140958715061.82925,1966.1664883281287,983.0832441640644,6.8676823034934324,0.43135944949836974,0.0776291646860529,cdbox
ABGW01004497.1/1342-1258,78012.99999999996,1344.9927778688027,5061043.0,428.9480396062233,0.0003631873320258591,0.21614802316443177,547760.2573334434,551011.0885874344,677.9502626494298,765.0266772110568,1344.9927778688027,4945.8692913666055,5060614.051960394,303613219746.3095,4180.842614155548,2090.421307077774,7.021397168849342,0.4198990682275456,0.09023812508495822,cdbox
