nameseq,average,median,maximum,minimum,peak,none_levated_peak,sample_standard_deviation,population_standard_deviation,percentile15,percentile25,percentile50,percentile75,amplitude,variance,interquartile_range,semi_interquartile_range,coefficient_of_variation,skewness,kurtosis,label
L36588.1/797-921,13512.999999999995,299.27896891981163,498457.85233991075,28.009837603235617,0.003083450504452504,0.5770580260715125,73041.08196077055,73335.01104355318,101.71561466611328,138.1754199264628,299.27896891981163,1138.7221426127571,498429.8425023075,5378023844.758066,1000.5467226862943,500.27336134314714,5.405245464424671,0.5427242043666785,0.0662715189354685,cdbox
U40654.1/2537-2662,15365.0,271.58786629082795,772643.0,28.929552231523857,0.002733485193621868,0.5864511310184689,88461.85988322877,88815.00244458702,87.70870102830577,132.9543687129192,271.58786629082795,1006.1467661774316,772614.0704477684,7888104659.231999,873.1923974645124,436.5961987322562,5.757361528358527,0.5118616820955182,0.0746832475563459,cdbox
L36586.1/1-125,23881.0,389.0671132287228,2157587.0,24.26678725905868,0.00174476222380414,0.5300198248947318,195200.40050676122,195985.9183706747,132.34593146442637,189.54182007372503,389.0671132287228,1103.0873379510003,2157562.733212741,38410480199.59677,913.5455178772753,456.77275893863765,8.173878837015252,0.3610433097337458,0.10097333642486028,cdbox
AAPY01121463.1/1034-1159,14244.999999999995,310.1579686127616,601269.396404142,33.52271585700945,0.0029484029484029496,0.5457813417803624,78706.95164977487,79021.15230686021,151.38413186560345,177.22179695793386,310.1579686127616,1461.6277826555572,601235.873688285,6244342511.903999,1284.4059856976232,642.2029928488116,5.525233531047729,0.5311414712156658,0.06717828148997046,cdbox
