nameseq,average,median,maximum,minimum,peak,none_levated_peak,sample_standard_deviation,population_standard_deviation,percentile15,percentile25,percentile50,percentile75,amplitude,variance,interquartile_range,semi_interquartile_range,coefficient_of_variation,skewness,kurtosis,label
AC025362.12/104594-104663,3121.0,158.26387347781574,97435.0,20.282332759935812,0.00747623624906547,0.5133517516810909,13358.308949863376,13454.760086508686,43.30381632757105,68.27603196198618,158.26387347781574,595.4641504806618,97414.71766724007,181030568.98550722,527.1881185186757,263.5940592593378,4.280137439879326,0.6653692778723655,0.11279087638496312,cdbox
AJ010676.1/1-70,2929.000000000002,154.67436042449384,101395.0,16.393202250020998,0.007966313872766582,0.5367034888408332,13125.067390303184,13219.834450497128,47.644146568463995,59.44028472792292,154.67436042449384,553.7323093495318,101378.60679774998,174764022.89855072,494.29202462160885,247.14601231080442,4.4810745613872225,0.6341283188287131,0.11374014954020135,cdbox
AJ010677.1/3-72,1400.9999999999995,151.0842672625033,41771.0,14.196601125010522,0.016654770402093746,0.7079532127353645,5719.867306153177,5761.16652338265,36.90374150108137,63.73376899652425,151.0842672625033,309.2086753523595,41756.80339887499,33191039.710144926,245.47490635583523,122.73745317791762,4.082703287761013,0.6555654174317433,0.09966260997005642,cdbox
AAHX01066269.1/69687-69618,3536.999999999999,129.27275509487816,148867.0,19.0,0.0065969277165205936,0.5647770135623477,18451.267327747435,18584.49120458597,71.68754145431603,89.53986035537508,129.27275509487816,409.3977227795553,148848.0,345383313.3333333,319.8578624241802,159.9289312120901,5.2166432931149105,0.5540639324726226,0.11945621046926551,cdbox
