nameseq,average,median,maximum,minimum,peak,none_levated_peak,sample_standard_deviation,population_standard_deviation,percentile15,percentile25,percentile50,percentile75,amplitude,variance,interquartile_range,semi_interquartile_range,coefficient_of_variation,skewness,kurtosis,label
AY220692.1/2-94,19600.999999999993,264.5826846278232,1559651.0,45.57217082036822,0.001581551961634611,0.47266866092055876,160849.8887472416,161721.71024801672,97.86754756126905,141.77326802694535,264.5826846278232,500.0480729602234,1559605.4278291797,26153911565.54348,358.27480493327806,179.13740246663903,8.206208292803513,0.36064216393255855,0.04846440993713714,cdbox
AP005757.2/6127-6035,19600.999999999993,264.5826846278232,1559651.0,45.57217082036822,0.001581551961634611,0.47266866092055876,160849.8887472416,161721.71024801672,97.86754756126905,141.77326802694535,264.5826846278232,500.0480729602234,1559605.4278291797,26153911565.54348,358.27480493327806,179.13740246663903,8.206208292803513,0.36064216393255855,0.04846440993713714,cdbox
AY220693.1/1-99,15522.00000000001,227.8918583108091,1146708.0,41.45486047858138,0.0021260146888287578,0.5026940751329689,115159.68753865214,115745.74571306485,80.99999999999999,127.86491739196019,227.8918583108091,633.3831805832799,1146666.5451395214,13397077650.67347,505.5182631913197,252.75913159565985,7.419126886912259,0.39842348833803215,0.08284114501953478,cdbox
AP005757.2/5906-5806,17285.000000000004,277.100364886323,1333139.0,66.28794605183681,0.0019477388872818431,0.5050905873345085,132430.8030708868,133091.3099267567,113.13012752024699,146.18855656962347,277.100364886323,628.8650346475231,1333072.712053948,17713296778.02,482.6764780778996,241.3382390389498,7.661602723221681,0.38528573203644606,0.08080253557238384,cdbox
