nameseq,average,median,maximum,minimum,peak,none_levated_peak,sample_standard_deviation,population_standard_deviation,percentile15,percentile25,percentile50,percentile75,amplitude,variance,interquartile_range,semi_interquartile_range,coefficient_of_variation,skewness,kurtosis,label
AL132709.5/185108-185034,9110.0,244.83866782079787,428780.0,24.24284355161826,0.0027442371020856204,0.4020983763211656,50803.06036057276,51145.172376602975,98.0079279035439,122.55088144111862,244.83866782079787,941.0696089243334,428755.7571564484,2615828657.432432,818.5187274832148,409.2593637416074,5.576625725639161,0.5235016120638636,0.06830057604678418,cdbox
AB014878.1/886-973,32812.00000000001,510.53534926888165,2176104.0,24.0,0.0008939818765492298,0.2825506289856648,231977.9164317156,233307.31365570473,212.52843827370228,228.01972659201653,510.53534926888165,1257.4011537017761,2176080.0,54432302605.24138,1029.3814271097597,514.6907135548798,7.069910899418369,0.4177311161457815,0.09381431424243437,cdbox
AL132709.5/152651-152577,7862.000000000002,271.85937323532403,392596.0,29.398227248761692,0.0031798524548460943,0.42707397565977184,45951.426158499155,46260.866867995224,87.13204483849876,128.92015364458,271.85937323532403,443.23249768988865,392566.60177275125,2140067803.3783784,314.31234404530863,157.15617202265432,5.844750210951303,0.4955324303048302,0.04000191002924305,cdbox
AL132709.5/137723-137652,8412.000000000002,224.79446829001236,467408.0,62.6738769255644,0.0028530670470756055,0.41743692808108285,54914.81038845532,55300.18220686688,82.72593757462496,122.6089993275982,224.79446829001236,528.0000000000001,467345.32612307445,3058110152.112676,405.3910006724019,202.69550033620095,6.5281514964877925,0.4472676209093045,0.07190514772737062,cdbox
