nameseq,average,median,maximum,minimum,peak,none_levated_peak,sample_standard_deviation,population_standard_deviation,percentile15,percentile25,percentile50,percentile75,amplitude,variance,interquartile_range,semi_interquartile_range,coefficient_of_variation,skewness,kurtosis,label
AJ505639.1/22-116,8847.99999999999,260.38150002962726,532744.0,19.688660179025312,0.003578963230861969,0.5076594939952949,55371.114057782885,55664.862082271415,83.99036521323244,136.09197436331974,260.38150002962726,828.3066868007234,532724.311339821,3098576870.638298,692.2147124374036,346.1073562187018,6.258037303094817,0.4652760909420406,0.09857590218314555,cdbox
AY013245.2/64306-64401,7408.000000000003,153.81771813900076,478736.0,16.0,0.004319654427645787,0.6452894205063087,49171.74082743055,49429.86197538147,63.714825284876554,76.2036411581222,153.81771813900076,455.29001224406124,478720.0,2443311254.905263,379.08637108593905,189.54318554296952,6.637653999383171,0.4425823954852281,0.0749108625082168,cdbox
AY013245.2/62208-62303,5279.999999999999,153.81771813900076,274448.0,16.0,0.0060606060606060615,0.6551986253802498,29018.69411258887,29171.024262189752,63.714825284876554,76.2036411581222,153.81771813900076,455.29001224406124,274432.0,850948656.5052632,379.08637108593905,189.54318554296952,5.4959647940509235,0.5299530980241969,0.0749108625082168,cdbox
AY013245.2/60110-60205,7920.000000000003,178.91050695893662,492168.0,21.897644669693985,0.004040404040404039,0.6162872996666645,50747.17568495808,51013.56688898397,59.46633259729168,76.75179280386304,178.91050695893662,524.5155475363513,492146.1023553303,2602384006.736842,447.7637547324882,223.8818773662441,6.407471677393694,0.45762681697391067,0.08017116769315004,cdbox
