nameseq,average,median,maximum,minimum,peak,none_levated_peak,sample_standard_deviation,population_standard_deviation,percentile15,percentile25,percentile50,percentile75,amplitude,variance,interquartile_range,semi_interquartile_range,coefficient_of_variation,skewness,kurtosis,label
AL161547.2/22249-22338,61883.000000000044,864.2840488151597,4235075.0,197.56351813387295,0.00048478580547161546,0.22719353884648621,446520.8699221124,449022.40697374375,577.8921917238081,680.6657346972661,864.2840488151597,2644.308373553531,4234877.436481866,201621121964.4944,1963.642638856265,981.8213194281325,7.215565986169256,0.4099610123161444,0.05242937596882211,cdbox
AF317945.1/1-90,61883.000000000044,864.2840488151597,4235075.0,197.56351813387295,0.00048478580547161546,0.22719353884648621,446520.8699221124,449022.40697374375,577.8921917238081,680.6657346972661,864.2840488151597,2644.308373553531,4234877.436481866,201621121964.4944,1963.642638856265,981.8213194281325,7.215565986169256,0.4099610123161444,0.05242937596882211,cdbox
AC006413.4/30276-30369,63084.99999999996,839.9232304616564,4729467.0,194.10546055477022,0.0004966843676521099,0.2418864489058462,486374.0463449915,488981.96877339494,499.12294844474104,548.1961925651101,839.9232304616564,3059.743837048608,4729272.894539446,239103365785.50537,2511.5476444834976,1255.7738222417488,7.709820818657237,0.3839333774322349,0.08111987247130152,cdbox
