nameseq,average,median,maximum,minimum,peak,none_levated_peak,sample_standard_deviation,population_standard_deviation,percentile15,percentile25,percentile50,percentile75,amplitude,variance,interquartile_range,semi_interquartile_range,coefficient_of_variation,skewness,kurtosis,label
AJ617329.1/1-83,20954.00000000001,324.6441089868642,1362196.0,78.9655651193285,0.001320352518214501,0.36084444485773076,149186.16974103195,150093.0849013209,178.71322766239706,204.9826911537957,324.6441089868642,1285.5150358220692,1362117.0344348806,22527934135.19512,1080.5323446682735,540.2661723341367,7.1196988518197895,0.4148378350383899,0.09503627813160993,cdbox
AY220644.1/1-79,21512.00000000001,465.56544012813447,1214384.0,123.07997336569466,0.0012241229701252007,0.3206292539417377,136826.8707235534,137701.17272315922,178.55805488857524,231.25740256688712,465.56544012813447,1346.541638093811,1214260.9200266344,18961612969.333332,1115.2842355269238,557.6421177634619,6.360490457584294,0.4614539771737015,0.05058540926841848,cdbox
AJ223844.1/4-101,33119.0,592.5745108572444,2540739.0,69.77978126367884,0.0009863421802188068,0.3662152916259383,256225.9104150086,257543.27596439832,210.82123317106286,303.58600285637544,592.5745108572444,1520.0952273668454,2540669.220218736,66328538994.47423,1216.50922451047,608.254612255235,7.7365231563455605,0.38083297785684245,0.05158198124739415,cdbox
AJ224029.1/1-77,13536.999999999995,418.1085418734008,745747.0,45.26948732526689,0.0018960380192558676,0.3624941128267504,85251.48874946407,85810.5208951063,156.3667956387997,176.98270607836074,418.1085418734008,875.8908681642997,745701.7305126748,7363445496.289474,698.908162085939,349.4540810429695,6.2976648259927686,0.4616538074782559,0.05911978241215619,cdbox
