nameseq,average,median,maximum,minimum,peak,none_levated_peak,sample_standard_deviation,population_standard_deviation,percentile15,percentile25,percentile50,percentile75,amplitude,variance,interquartile_range,semi_interquartile_range,coefficient_of_variation,skewness,kurtosis,label
DQ115391.1/34856-34969,109950.99999999997,1516.7165095622277,9773027.0,385.99433713179826,0.0003456084983310748,0.22869575314080529,914498.9180135754,918536.4604624398,789.2090575288009,910.737012178646,1516.7165095622277,5093.106689525602,9772641.005662868,843709229198.8673,4182.3696773469555,2091.1848386734778,8.317331520528013,0.3557170424847722,0.0695933889170377,cdbox
AF064261.1/1-113,110682.9999999999,1643.6428173306824,9645547.0,411.873925418533,0.0003403112191272978,0.2250061429614638,907297.4472839655,911338.8813052946,765.468452896042,923.3122467028847,1643.6428173306824,5233.810314145511,9645135.126074582,830538556578.7858,4310.498067442626,2155.249033721313,8.197261072467915,0.3605411571775605,0.0705779831858224,cdbox
CR382122.1/717566-717458,36529.00000000001,636.4403027442719,3051635.0,153.43310136523658,0.0009946435252356574,0.36554697766265287,292235.0361712298,293584.8587637224,275.08685258763614,370.3461689973634,636.4403027442719,1888.893770807449,3051481.5668986347,86192069295.31482,1518.5476018100858,759.2738009050429,8.000083116735462,0.3684625926532486,0.08334980391626323,cdbox
CR382128.1/1675383-1675296,24804.00000000001,443.38937757903216,1682952.0,107.6372144584814,0.0011826049561898613,0.3237741873734958,178732.32450790762,179756.586901901,241.57797534914175,296.2052079774876,443.38937757903216,1370.8316219762212,1682844.3627855415,32312430534.62069,1074.6264139987336,537.3132069993668,7.2057863452631645,0.4088898416583263,0.06363178170333068,cdbox
