nameseq,average,median,maximum,minimum,peak,none_levated_peak,sample_standard_deviation,population_standard_deviation,percentile15,percentile25,percentile50,percentile75,amplitude,variance,interquartile_range,semi_interquartile_range,coefficient_of_variation,skewness,kurtosis,label
AF545070.1/587-661,7974.0,211.92658538335533,390836.0,33.27112470050045,0.0031351893654376723,0.4307010603624636,45900.79421970822,46209.89396953509,83.13113042218649,103.11835194024168,211.92658538335533,523.7808890869802,390802.7288752995,2135354300.6756756,420.66253714673854,210.33126857336927,5.756307276110888,0.5073162815525234,0.06762114958422934,cdbox
AF545069.1/568-642,6269.999999999998,196.0322612891782,299636.0,31.69736518728002,0.003987240829346094,0.4690545557465996,35196.64776651321,35433.66490759577,69.23782582675378,93.5642653229474,196.0322612891782,465.1537734550144,299604.3026348127,1255544608.7837837,371.589508132067,185.7947540660335,5.613500441230179,0.5177170092166886,0.0795897306066133,cdbox
AF545068.1/590-664,5118.000000000002,174.47970080162446,237620.0,16.05323321796139,0.004884720593982023,0.5056660669213339,28116.803481192517,28306.14436449768,62.84342958648417,92.87591771040773,174.47970080162446,404.10393314358146,237603.94676678203,801237808.7837838,311.2280154331737,155.61400771658685,5.49370916006106,0.5274625512645978,0.0665579367903753,cdbox
AF016400.1/448-527,16943.999999999978,384.50731538096454,1010888.0,51.120773040047126,0.0015738117721120575,0.3297861868012839,113096.9277743653,113810.48013854914,173.77699989486257,201.08661299927098,384.50731538096454,1113.7478168253967,1010836.87922696,12952825389.367088,912.6612038261258,456.3306019130629,6.67474786203762,0.4392557696436139,0.08582307697917729,cdbox
