nameseq,average,median,maximum,minimum,peak,none_levated_peak,sample_standard_deviation,population_standard_deviation,percentile15,percentile25,percentile50,percentile75,amplitude,variance,interquartile_range,semi_interquartile_range,coefficient_of_variation,skewness,kurtosis,label
CM000208.1/3814615-3814725,59279.999999999985,590.0103027082044,5050776.0,276.8423529885159,0.0006241565452091769,0.319920303252196,482490.44287322415,484678.6193729914,349.7700635380571,371.5939903070612,590.0103027082044,1597.149437003336,5050499.157647012,234913364077.30908,1225.5554466962749,612.7777233481374,8.139177511356685,0.36491908118092664,0.10599070510261958,cdbox
FR799008.1/90689-90589,13716.999999999995,238.73096080069396,813363.0,38.53215529199042,0.002454375349323225,0.5626822458383247,86664.90963475357,87097.15625449548,90.79367748848455,119.41654750992838,238.73096080069396,427.725952800834,813324.467844708,7585914627.62,308.30940529090566,154.15470264545283,6.318065876995961,0.4665649256199432,0.055521391316280845,cdbox
LGTL01000019.1/510774-510874,15333.00000000001,247.80384527372283,951747.0,61.293054988931296,0.0021956999065197054,0.4894548036617699,99611.28892851454,100108.10641911073,101.48748637889427,154.8241233671126,247.80384527372283,782.2950195605035,951685.706945011,10021632970.82,627.4708961933909,313.73544809669545,6.496529637286537,0.45432188410548796,0.07688096752344802,cdbox
AHKC01019934.1/77-178,57209.00000000002,877.3912438700017,4081987.0,99.0,0.0005943120837630441,0.3105929484869902,410639.8838130559,412667.74742390617,504.28383009896663,527.1066583303075,877.3912438700017,2515.85060266422,4081888.0,170294669763.9208,1988.7439443339124,994.3719721669562,7.177889559563281,0.41154021547825365,0.07147218698081381,cdbox
