nameseq,average,median,maximum,minimum,peak,none_levated_peak,sample_standard_deviation,population_standard_deviation,percentile15,percentile25,percentile50,percentile75,amplitude,variance,interquartile_range,semi_interquartile_range,coefficient_of_variation,skewness,kurtosis,label
BC036582.1/1156-1210,8892.000000000002,244.51288271712068,258840.0,40.1838297499945,0.002061778377567851,0.29059230859004076,38249.63565839549,38602.17431508039,110.65764442787554,150.39678584181138,244.51288271712068,535.1512323894136,258799.81617025,1490127861.851852,384.75444654760224,192.37722327380112,4.3015784591088035,0.6782407441351531,0.03465061169875155,cdbox
AANU01294177.1/11152-11098,12372.000000000002,297.6152596237449,352520.0,36.567869959342964,0.0014818407155943525,0.2523387198108776,53002.59665337161,53491.11017522236,110.15797569455455,180.49856882041402,297.6152596237449,722.6053466090134,352483.43213004066,2861298867.7777777,542.1067777885994,271.0533888942997,4.284076677446784,0.6834222568004041,0.046699112180653264,cdbox
AANN01257832.1/1121-1175,8852.0,152.68480279626888,357464.0,28.722873232405533,0.0020710950444344026,0.30970172305114385,48399.77937966247,48845.869725691846,72.27322693752771,89.77829858539351,152.68480279626888,296.16392833546735,357435.2771267676,2385918989.259259,206.38562975007383,103.19281487503692,5.467665994087491,0.5392162097866404,0.04670206398510773,cdbox
AANG01249677.1/3745-3691,17148.000000000004,382.86870380277026,516304.0,116.92569862275606,0.0010691237073322444,0.2125104679069721,75106.4474729034,75798.68742878023,239.7157569638946,289.51977947798446,382.86870380277026,1000.0835916142219,516187.07430137723,5745441015.925926,710.5638121362374,355.2819060681187,4.37989546727918,0.6696548110165518,0.04120754492205767,cdbox
