nameseq,average,median,maximum,minimum,peak,none_levated_peak,sample_standard_deviation,population_standard_deviation,percentile15,percentile25,percentile50,percentile75,amplitude,variance,interquartile_range,semi_interquartile_range,coefficient_of_variation,skewness,kurtosis,label
AEAB01027627.1/3905-3978,36203.00000000002,662.5281086840212,2172827.0,225.50849062281685,0.0006813431667725507,0.24818886886373778,251340.6360539417,253056.29171175355,344.0682700531931,385.83965950270994,662.5281086840212,2088.7448584190433,2172601.491509377,64037486774.904106,1702.9051989163333,851.4525994581667,6.942536144903504,0.4242108134518501,0.10038525701715136,cdbox
AADG06002824.1/6841-6765,46209.00000000002,725.4818639186753,2824691.0,225.83576180909188,0.0005554473515260373,0.24237379591938082,320962.66386917967,323067.3596262371,398.89339345530936,474.10705487224465,725.4818639186753,2087.807827316262,2824465.1642381907,104372518855.86842,1613.7007724440173,806.8503862220086,6.945890711099126,0.42512905633117365,0.09369385102050713,cdbox
AEVX01005495.1/1202-1277,40093.99999999998,709.7648628918677,2439340.0,270.60546752725986,0.0006318484893832829,0.2312513131806252,278530.78161668236,280381.5048443341,425.37281350579195,471.03660878607957,709.7648628918677,2305.0533749795063,2439069.394532473,78613788258.77333,1834.0167661934267,917.0083830967134,6.946944221496546,0.42419981276585655,0.08073139546402987,cdbox
AJ784369.2/7-85,27280.00000000002,446.71567689180705,1750360.0,101.47175985833205,0.0009652981427174969,0.3224431074060235,196317.43362218246,197571.8708819524,184.95864652622635,225.90674211042673,446.71567689180705,1039.6277242770398,1750258.5282401417,39034644163.79487,813.720982166613,406.8604910833065,7.196386862983223,0.4100494361812436,0.06915126712821325,cdbox
