nameseq,average,median,maximum,minimum,peak,none_levated_peak,sample_standard_deviation,population_standard_deviation,percentile15,percentile25,percentile50,percentile75,amplitude,variance,interquartile_range,semi_interquartile_range,coefficient_of_variation,skewness,kurtosis,label
AC149132.1/66733-66664,8576.999999999996,209.0992371953161,412859.0,34.1595115306792,0.002720453927169563,0.3840227990029121,49665.05526021289,50023.65237376809,76.51516374748864,109.71784215511235,209.0992371953161,636.449980881363,412824.84048846934,2502365796.811594,526.7321387262507,263.36606936312535,5.790492626817408,0.5054600695979661,0.07984238053644126,cdbox
AL732366.7/162427-162358,9753.000000000004,208.57920703098927,436667.0,41.680774843292575,0.0023924262620048523,0.3583375943171331,53187.33535344669,53571.36442248747,84.78952778105301,122.21076120677708,208.57920703098927,909.3146197560889,436625.3192251567,2869891086.0869565,787.1038585493118,393.5519292746559,5.4534333388133565,0.5383473751529372,0.09969909025952373,cdbox
AAFC03051600.1/63240-63171,16992.999999999993,389.75840265966656,864923.0,95.66264134703651,0.001373114419662999,0.3288885572800981,103465.00255642,104212.05198737951,178.27283781989243,233.6166156447344,389.75840265966656,1217.909815696925,864827.337358653,10860151779.42029,984.2932000521907,492.14660002609537,6.0886837260295446,0.48141616547933175,0.0701176981902553,cdbox
AAQQ01146349.1/2027-1958,14312.999999999996,322.18297081809715,734459.0,83.94932764384876,0.0016302196138708403,0.3529405075459833,87790.35036950246,88424.22394672011,125.1556176058628,156.0643005428405,322.18297081809715,1160.5856600002824,734375.0506723562,7818843380.57971,1004.5213594574418,502.2606797287209,6.133609332040975,0.478098685230063,0.13155185754387436,cdbox
