nameseq,average,median,maximum,minimum,peak,none_levated_peak,sample_standard_deviation,population_standard_deviation,percentile15,percentile25,percentile50,percentile75,amplitude,variance,interquartile_range,semi_interquartile_range,coefficient_of_variation,skewness,kurtosis,label
AJ238851.1/5294-5387,18500.99999999999,252.90453539899704,1273235.0,35.0,0.0016936021476316606,0.4392682781047248,132533.3897174595,133244.0296090283,133.16896166284013,165.9239525083613,252.90453539899704,637.9438854006073,1273200.0,17753971426.451614,472.019932892246,236.009966446123,7.163579791225317,0.41306033528991637,0.05934734449304415,cdbox
AL022326.1/46948-46856,20673.000000000004,302.4462457117186,1339091.0,55.77305718229262,0.0014995404634063753,0.40434870074476187,140878.4684399997,141642.04296739813,118.95128635209453,159.08066685144507,302.4462457117186,718.1797024335922,1339035.2269428177,20062468335.97826,559.099035582147,279.5495177910735,6.814611737048309,0.4337899321278637,0.09431779854385407,cdbox
AJ238851.1/3934-4027,18469.000000000022,256.85444945869483,1234499.0,35.0,0.0016965365387044938,0.4322998831060875,128782.16515496235,129472.69109772153,151.17410727555313,177.96671932948675,256.85444945869483,693.4642796851673,1234464.0,16763177740.086021,515.4975603556805,257.7487801778403,6.972882405921393,0.4242546829825425,0.08169681672234247,cdbox
AF227523.1/526-433,20252.99999999999,247.58258187425088,1460019.0,20.343439275136795,0.00154709590348755,0.4227674978711782,150667.71199563626,151475.5875562309,109.49303425825116,139.0386713717906,247.58258187425088,663.6178980547347,1459998.6565607248,22944853625.505375,524.5792266829442,262.2896133414721,7.439278723924176,0.3983351937813686,0.06443819378234032,cdbox
