nameseq,average,median,maximum,minimum,peak,none_levated_peak,sample_standard_deviation,population_standard_deviation,percentile15,percentile25,percentile50,percentile75,amplitude,variance,interquartile_range,semi_interquartile_range,coefficient_of_variation,skewness,kurtosis,label
AAGD02011855.1/9652-9519,56217.00000000002,411.45976726250774,6390675.0,61.461014699855106,0.0007945402043272791,0.4467146600601028,551213.2836879024,553281.6334828435,180.75240523844255,221.69002590709545,411.45976726250774,1017.5402053180358,6390613.5389853,306120565949.4436,795.8501794109403,397.92508970547016,9.80509959065589,0.30372385000976143,0.046279131896900756,cdbox
FO080775.1/3726-3608,6827.999999999996,298.48904697025233,316824.0,40.504280994878364,0.005809412224174968,0.6724378870101004,34348.037789661284,34493.273269544276,90.90697284740465,158.4296273931442,298.48904697025233,696.3646303222471,316783.4957190051,1189785900.8474574,537.9350029291029,268.96750146455145,5.030468334748287,0.5702955429082868,0.05421881025543968,cdbox
ABEG02000242.1/3587-3450,25939.000000000015,279.2364463684444,2610859.0,31.190976502430402,0.001773391418327614,0.5821672167422139,224139.8697331646,224956.4111249532,111.7085539980704,154.68137056135407,279.2364463684444,791.5158351673771,2610827.8090234976,50605386906.21898,636.834464606023,318.4172323030115,8.641037423692682,0.3434430953874359,0.062469487505718395,cdbox
DQ789438.1/2-142,19592.999999999975,348.1871356156502,1903851.0,15.357596316406575,0.002398815903639058,0.6192022691751231,161659.49513096965,162235.82314480186,141.66294790340427,223.5661636117489,348.1871356156502,1318.9135439639053,1903835.6424036836,26320462311.471428,1095.3473803521565,547.6736901760783,8.250880167966613,0.3571360812823211,0.11181958783130949,cdbox
