nameseq,average,median,maximum,minimum,peak,none_levated_peak,sample_standard_deviation,population_standard_deviation,percentile15,percentile25,percentile50,percentile75,amplitude,variance,interquartile_range,semi_interquartile_range,coefficient_of_variation,skewness,kurtosis,label
DQ108835.1/292-381,22914.999999999996,422.1898888915445,1333259.0,101.17659332382914,0.0013091861226271003,0.3610860902148688,142408.53781989336,143206.35099688385,270.5640087062393,332.35827792434407,422.1898888915445,1562.3103574920497,1333157.823406676,20508058965.842697,1229.9520795677056,614.9760397838528,6.214642715247366,0.47383697190028407,0.051244462920591136,cdbox
DQ108711.1/301-390,19498.99999999999,395.4886386535983,1142411.0,76.10706512445088,0.0015385404379711788,0.3842923209062513,121576.12770605914,122257.23178995925,248.54227337833086,289.7282722408386,395.4886386535983,1417.0826495766464,1142334.8929348756,14946830724.94382,1127.3543773358078,563.6771886679039,6.234992958924007,0.4713962779156925,0.054388641056065924,cdbox
AASG02001178.1/41441-41526,25185.0,484.77346746304033,1412331.0,135.67071656514622,0.0011382436635563498,0.303343301222687,154354.92837612928,155260.24363682,292.65900945612566,333.2302101102877,484.77346746304033,1459.360343692302,1412195.329283435,24105743254.164707,1126.1301335820142,563.0650667910071,6.128843691726396,0.480066819875318,0.0387338492404028,cdbox
AARH01005974.1/498-589,33950.00000000001,619.2780320277666,1955316.0,232.58423180619087,0.000903289150711831,0.28420725866638347,208235.7987762911,209376.8253930991,315.21660799732456,369.180910968836,619.2780320277666,1543.7044955445688,1955083.4157681938,43838655011.69231,1174.523584575733,587.2617922878665,6.1336023203620345,0.48018720360056283,0.05432549111506094,cdbox
