nameseq,average,median,maximum,minimum,peak,none_levated_peak,sample_standard_deviation,population_standard_deviation,percentile15,percentile25,percentile50,percentile75,amplitude,variance,interquartile_range,semi_interquartile_range,coefficient_of_variation,skewness,kurtosis,label
X96653.1/1-67,13626.0,298.28981966580915,653620.0,73.15145830482895,0.0016390234355888253,0.3108770734517745,80335.42622031701,80941.73992540261,162.49765557391956,186.97471659155298,298.28981966580915,885.0929102946163,653546.8485416952,6551565262.151515,698.1181937030633,349.05909685153165,5.895745355960444,0.4977023515298254,0.07328299685087315,cdbox
AANU01108424.1/10337-10271,9986.0,247.6555319741465,474324.0,56.36138834421473,0.0022364643834701914,0.3551667623579564,58360.43031027102,58800.892636751596,108.96948610513871,155.76504595965736,247.6555319741465,650.8115571745309,474267.6386116558,3457544974.878788,495.04651121487353,247.52325560743677,5.844224945951434,0.5005966071318689,0.05795028858502846,cdbox
AAPY01773330.1/1468-1535,13250.0,237.66574941082303,547820.0,76.0,0.0017106918238993711,0.31695126985555505,69336.87252825873,69852.39540716841,125.3265372826019,152.4932049441579,237.66574941082303,642.4886693960452,547744.0,4879357144.119403,489.9954644518873,244.99773222594365,5.232971511566697,0.5630049543388005,0.04461735149899264,cdbox
AAQQ01210439.1/939-872,10610.000000000004,186.39154683739366,431316.0,68.0,0.0021363493559535024,0.34535425976857487,54957.95924158756,55366.57423003657,119.28614330892043,137.36441581342217,186.39154683739366,514.392663804158,431248.0,3065457541.970149,377.02824799073585,188.51412399536792,5.17982650721843,0.5689953883117388,0.03561145746615158,cdbox
