nameseq,average,median,maximum,minimum,peak,none_levated_peak,sample_standard_deviation,population_standard_deviation,percentile15,percentile25,percentile50,percentile75,amplitude,variance,interquartile_range,semi_interquartile_range,coefficient_of_variation,skewness,kurtosis,label
AC136222.2/290-162,26715.000000000015,579.6420933276379,2404155.0,48.90809554975499,0.0016095826314804409,0.471885687500227,213411.2084404191,214243.22410434595,205.61053650712725,271.90429714928854,579.6420933276379,1634.7675042963833,2404106.09190445,45900159074.625,1362.8632071470947,681.4316035735474,7.988441266719783,0.3673943570864827,0.05767161124625528,cdbox
AJ494955.1/1-137,82471.00000000006,1153.1132735569815,7749131.0,229.5872632579543,0.0005537299980195055,0.29879561033719093,672253.503026946,674720.4966496476,434.01041320991993,576.9630140029828,1153.1132735569815,3203.9066831364353,7748901.412736742,455247748599.1471,2626.943669133452,1313.471834566726,8.151392647439046,0.3628893848539021,0.07674505220142383,cdbox
AJ494959.1/1-139,98070.00000000003,1134.2956048265016,9702996.0,278.7629548795843,0.0004724516501818428,0.28724979929496774,831805.7768193247,834814.125795616,490.714186120489,583.4562600962042,1134.2956048265016,3617.132218269518,9702717.23704512,696914624627.8986,3033.675958173314,1516.837979086657,8.481755652282294,0.3496093935503965,0.0804932076909896,cdbox
AP004158.3/94593-94731,92981.99999999997,945.6484056717443,9227660.0,200.3519317629077,0.000498304331304267,0.28994119455565,790901.1412901109,793761.5525844948,447.69072101531464,494.2026546915955,945.6484056717443,3169.5936138806624,9227459.648068236,630057402361.3478,2675.390959189067,1337.6954795945335,8.505959661978782,0.34910691155736356,0.06393544809298425,cdbox
