nameseq,average,median,maximum,minimum,peak,none_levated_peak,sample_standard_deviation,population_standard_deviation,percentile15,percentile25,percentile50,percentile75,amplitude,variance,interquartile_range,semi_interquartile_range,coefficient_of_variation,skewness,kurtosis,label
AK057183.1/1267-1339,9335.000000000007,184.96241742255097,518027.0,46.159427088658575,0.002606677379039455,0.3914724140098918,60312.34948167746,60729.74096355096,82.81511919261858,106.91275044059844,184.96241742255097,778.1531732271967,517980.8405729113,3688101437.5,671.2404227865983,335.62021139329914,6.460883715230575,0.45513253891844413,0.07012748318537666,cdbox
AJ236935.1/696-624,10343.000000000007,202.7471242464435,621083.0,55.675090147407865,0.0023526378549099214,0.3902392315722782,72140.1815079502,72639.42747533495,104.17039407056583,136.19474441207734,202.7471242464435,916.0295757055951,621027.3249098526,5276486423.944445,779.8348312935177,389.91741564675885,6.9747830907812185,0.42168952158663725,0.08695342311342191,cdbox
AP001273.4/3902-3830,9335.000000000007,184.96241742255097,518027.0,46.159427088658575,0.002606677379039455,0.3914724140098918,60312.34948167746,60729.74096355096,82.81511919261858,106.91275044059844,184.96241742255097,778.1531732271967,517980.8405729113,3688101437.5,671.2404227865983,335.62021139329914,6.460883715230575,0.45513253891844413,0.07012748318537666,cdbox
AJ240060.1/1-73,10343.000000000007,202.7471242464435,621083.0,55.675090147407865,0.0023526378549099214,0.3902392315722782,72140.1815079502,72639.42747533495,104.17039407056583,136.19474441207734,202.7471242464435,916.0295757055951,621027.3249098526,5276486423.944445,779.8348312935177,389.91741564675885,6.9747830907812185,0.42168952158663725,0.08695342311342191,cdbox
