nameseq,average,median,maximum,minimum,peak,none_levated_peak,sample_standard_deviation,population_standard_deviation,percentile15,percentile25,percentile50,percentile75,amplitude,variance,interquartile_range,semi_interquartile_range,coefficient_of_variation,skewness,kurtosis,label
AJ240058.1/1-60,14886.0,382.05719603144064,615660.0,115.20380631194848,0.0013435442697836894,0.26344642023646453,80423.77810075824,81102.47180500331,225.13702319274563,262.6092679817059,382.05719603144064,1144.8360437861677,615544.7961936881,6577610932.881356,882.2267758044618,441.1133879022309,5.402645311081435,0.5410318868306865,0.06990028646668302,cdbox
AJ240057.1/1-60,14886.0,382.05719603144064,615660.0,115.20380631194848,0.0013435442697836894,0.26344642023646453,80423.77810075824,81102.47180500331,225.13702319274563,262.6092679817059,382.05719603144064,1144.8360437861677,615544.7961936881,6577610932.881356,882.2267758044618,441.1133879022309,5.402645311081435,0.5410318868306865,0.06990028646668302,cdbox
AC010361.3/23932-23994,10807.999999999996,345.0,456000.0,88.78118374639584,0.0019430051813471509,0.3132871439531014,58247.63603786851,58715.496052108436,150.27509636003856,196.18622755863285,345.0,893.239481178507,455911.2188162536,3447509476.645161,697.0532536198742,348.5266268099371,5.3893075534667405,0.5388888225368162,0.07514898437289412,cdbox
U58655.1/2127-2188,14277.000000000004,275.7779485800497,638259.0,119.47198689592636,0.001447549671966566,0.2867479265242444,81398.62248220174,82063.11205847187,147.67042895372828,186.7813430312106,275.7779485800497,1384.3199263748502,638139.5280131041,6734354360.721312,1197.5385833436396,598.7692916718198,5.701381416418135,0.5160242873083534,0.10125044273521565,cdbox
