nameseq,average,median,maximum,minimum,peak,none_levated_peak,sample_standard_deviation,population_standard_deviation,percentile15,percentile25,percentile50,percentile75,amplitude,variance,interquartile_range,semi_interquartile_range,coefficient_of_variation,skewness,kurtosis,label
AJ532495.1/1-89,17247.000000000004,326.90893690701904,1141155.0,34.4225520133253,0.001720105912139309,0.3970372639970173,121416.7298027747,122104.64879114591,88.80169234035459,160.45786742361025,326.90893690701904,966.1074340756787,1141120.5774479867,14909545256.40909,805.6495666520684,402.8247833260342,7.0398753292036105,0.41806654875100197,0.13343294830525046,cdbox
AJ532493.1/1-82,20103.00000000001,276.8829587326841,1214443.0,19.0,0.0013596643950322498,0.3408374185558981,134564.52866933396,135392.6258925281,154.2253252293381,191.0990218994289,276.8829587326841,729.8459260244456,1214424.0,18331163146.074074,538.7469041250167,269.37345206250836,6.693753602414261,0.44200616397177306,0.03573512178834215,cdbox
AJ532496.1/2-91,24331.000000000004,470.7477934390699,1502531.0,81.45508090556254,0.0012329949447207264,0.3487227848235213,160323.0942690416,161221.26989208953,169.08801331676597,231.15700623508383,470.7477934390699,1303.4099771573542,1502449.5449190945,25992297865.617977,1072.2529709222704,536.1264854611352,6.58925215852376,0.4464781380751147,0.11262930423465001,cdbox
AJ532494.1/1-86,26401.0,463.2310182004105,1723443.0,99.0,0.0010858174564094794,0.32161772151826107,185872.05425776084,186962.22228171563,212.4623869751894,252.49465682385457,463.2310182004105,1358.3464442743475,1723344.0,34954872560.51765,1105.851787450493,552.9258937252465,7.040341436224417,0.41863908620437373,0.08620079158599626,cdbox
