nameseq,average,median,maximum,minimum,peak,none_levated_peak,sample_standard_deviation,population_standard_deviation,percentile15,percentile25,percentile50,percentile75,amplitude,variance,interquartile_range,semi_interquartile_range,coefficient_of_variation,skewness,kurtosis,label
AJ490487.1/1-97,23211.000000000004,246.94593601515976,1951763.0,28.985554457909522,0.0013930176783996094,0.473231249653186,197140.4516582023,198164.5647919089,85.28350436976609,143.56337561703558,246.94593601515976,848.1678634499508,1951734.0144455421,39269194739.166664,704.6044878329152,352.3022439164576,8.493406215079155,0.3494572606103095,0.08040605876172383,cdbox
AJ490488.1/1-94,17597.000000000025,246.34206587140073,1432499.0,43.45231389781445,0.001780606542781911,0.4677215111027898,146878.50722961477,147666.06519273604,96.40459801686094,112.85569754481341,246.34206587140073,470.4100755676796,1432455.547686102,21805266809.505375,357.5543780228662,178.7771890114331,8.346792477673159,0.3543879549443756,0.03608737079866285,cdbox
AJ458935.1/1-97,23211.000000000004,246.94593601515976,1951763.0,28.985554457909522,0.0013930176783996094,0.473231249653186,197140.4516582023,198164.5647919089,85.28350436976609,143.56337561703558,246.94593601515976,848.1678634499508,1951734.0144455421,39269194739.166664,704.6044878329152,352.3022439164576,8.493406215079155,0.3494572606103095,0.08040605876172383,cdbox
AP003537.3/57284-57187,24623.00000000001,358.8101226678454,2141531.0,71.76688957141023,0.0013266728939067803,0.43822298448344826,215095.22672528093,216201.1220700066,133.3785234280762,212.33655399184977,358.8101226678454,968.0582461252345,2141459.233110429,46742925184.329895,755.7216921333847,377.8608460666924,8.735541027709086,0.33842019992831823,0.0866710993068991,cdbox
