nameseq,average,median,maximum,minimum,peak,none_levated_peak,sample_standard_deviation,population_standard_deviation,percentile15,percentile25,percentile50,percentile75,amplitude,variance,interquartile_range,semi_interquartile_range,coefficient_of_variation,skewness,kurtosis,label
AL731594.5/115272-115179,1821.0,183.4356566553112,34583.55509238584,9.183530423805491,0.017206663005674538,0.7952760172612569,6242.68644094832,6276.159530446379,61.23792695670876,78.8955719003336,183.4356566553112,503.20095928586056,34574.371561962034,39390178.45161291,424.30538738552696,212.15269369276348,3.4281638884944097,0.7869517517025546,0.11728235904217171,cdbox
AJ494969.1/1-90,12987.000000000011,344.0576937172883,789851.0,29.236812026909075,0.002310002310002308,0.4517779619479226,84209.24792444117,84681.01210829611,111.80212668643036,126.86948696856513,344.0576937172883,890.6428014917224,789821.7631879731,7170873811.685393,763.7733145231573,381.88665726157865,6.484118574300538,0.45041165731441685,0.13643199352659116,cdbox
AP005930.3/106994-106901,20644.999999999996,372.5613613506224,1386475.0,27.0,0.001517720190522322,0.4142147034412292,144138.36490677975,144911.23031244567,125.75798769396913,156.4316705626693,372.5613613506224,782.7368188434185,1386448.0,20999264670.666668,626.3051482807492,313.1525741403746,6.981756595145545,0.42193704608263877,0.05443963488298201,cdbox
AJ494970.1/1-94,28029.00000000001,504.9415424524966,1852139.0,59.0,0.0011178898046071326,0.3349498028423096,192519.10242362964,193551.38383107656,185.91630112144003,238.47375939557136,504.9415424524966,990.2251316208328,1852080.0,37462138182.92473,751.7513722252614,375.8756861126307,6.868568355047613,0.4289038040025046,0.058462576027597316,cdbox
