nameseq,average,median,maximum,minimum,peak,none_levated_peak,sample_standard_deviation,population_standard_deviation,percentile15,percentile25,percentile50,percentile75,amplitude,variance,interquartile_range,semi_interquartile_range,coefficient_of_variation,skewness,kurtosis,label
AJ458935.1/853-941,40302.99999999998,620.4525665551604,2616739.0,168.5284786647304,0.0007360907790156237,0.3077671386999554,279417.12432132714,281000.2368446915,335.9332775787096,377.0374160572758,620.4525665551604,1764.9815207913298,2616570.471521335,78961133106.77272,1387.944104734054,693.972052367027,6.9329113048985755,0.42605707359378137,0.06947470231948537,cdbox
AJ490491.1/1-89,40302.99999999998,620.4525665551604,2616739.0,168.5284786647304,0.0007360907790156237,0.3077671386999554,279417.12432132714,281000.2368446915,335.9332775787096,377.0374160572758,620.4525665551604,1764.9815207913298,2616570.471521335,78961133106.77272,1387.944104734054,693.972052367027,6.9329113048985755,0.42605707359378137,0.06947470231948537,cdbox
AJ010669.1/1-82,18703.00000000001,249.69378358787023,1198051.0,13.280985379924026,0.001461441123527419,0.37033645604407356,131967.32374341763,132779.43801621257,130.23695880656382,147.75872299979352,249.69378358787023,848.5800797444995,1198037.7190146202,17630379159.901234,700.821356744706,350.410678372353,7.055944166359277,0.41949716853296204,0.059758040374149446,cdbox
AK069030.1/2288-2376,40302.99999999998,620.4525665551604,2616739.0,168.5284786647304,0.0007360907790156237,0.3077671386999554,279417.12432132714,281000.2368446915,335.9332775787096,377.0374160572758,620.4525665551604,1764.9815207913298,2616570.471521335,78961133106.77272,1387.944104734054,693.972052367027,6.9329113048985755,0.42605707359378137,0.06947470231948537,cdbox
