nameseq,average,median,maximum,minimum,peak,none_levated_peak,sample_standard_deviation,population_standard_deviation,percentile15,percentile25,percentile50,percentile75,amplitude,variance,interquartile_range,semi_interquartile_range,coefficient_of_variation,skewness,kurtosis,label
AJ223843.1/1-95,47232.0,492.7908341600606,3692664.0,166.76822388380398,0.0006704494128274616,0.3072076175370473,377828.2383517674,379832.646254704,309.9455082087215,363.87140674958323,492.7908341600606,1870.2128442600206,3692497.2317761164,144272839160.85107,1506.3414375104373,753.1707187552187,7.999412227976106,0.37111473750401297,0.060353024270857036,cdbox
AJ251862.1/1-95,47232.0,492.7908341600606,3692664.0,166.76822388380398,0.0006704494128274616,0.3072076175370473,377828.2383517674,379832.646254704,309.9455082087215,363.87140674958323,492.7908341600606,1870.2128442600206,3692497.2317761164,144272839160.85107,1506.3414375104373,753.1707187552187,7.999412227976106,0.37111473750401297,0.060353024270857036,cdbox
AL683874.1/62362-62458,14506.99999999999,363.169436931051,1093571.0,40.838405868486994,0.0022288090806736995,0.45395715156712657,110670.5342537028,111245.44998860253,132.86182527839858,188.59098010405785,363.169436931051,885.9280816231249,1093530.1615941315,12375550143.166666,697.337101519067,348.6685507595335,7.628767784773066,0.3834036943558637,0.08452612006328362,cdbox
BX284747.1/26398-26296,26156.000000000004,415.8241431067686,1472904.0,105.78789438727576,0.0013126369985216903,0.3653339197260639,152933.58180595914,153681.42774150253,193.30860770573108,243.7004354877733,415.8241431067686,1560.4293657295802,1472798.2121056127,23617981232.666664,1316.728930241807,658.3644651209034,5.846978964901328,0.5049285229496322,0.08341703104977541,cdbox
