nameseq,average,median,maximum,minimum,peak,none_levated_peak,sample_standard_deviation,population_standard_deviation,percentile15,percentile25,percentile50,percentile75,amplitude,variance,interquartile_range,semi_interquartile_range,coefficient_of_variation,skewness,kurtosis,label
AJ494948.1/1-194,223478.9999999999,813.5441887976465,34029971.0,143.76998433445812,0.00028936350469917395,0.3865025519778396,2462272.6949840467,2468643.3982451907,369.35715003016116,463.0337999854705,813.5441887976465,2538.6666306502884,34029827.230015665,6094200227699.564,2075.632830664818,1037.816415332409,11.017915307407174,0.27129260247835174,0.06254002219220649,cdbox
AP005501.3/23358-23161,196257.0,740.3278404888772,31155851.0,110.76750940111502,0.0003362937372934469,0.44285946591780667,2227738.464704059,2233385.4660697407,306.9884242089453,424.47453973274435,740.3278404888772,2119.940633636572,31155740.2324906,4988010640051.554,1695.4660939038276,847.7330469519138,11.351128697086265,0.2632939304912764,0.06975386732782832,cdbox
AJ494949.1/1-198,244441.00000000023,1228.5323483764405,38019899.0,212.63342260643392,0.00027000380459906456,0.37121033873400283,2716604.3885324933,2723490.5957489656,531.6289936503039,664.6463564701617,1228.5323483764405,3337.357864081612,38019686.366577394,7417401025133.056,2672.7115076114505,1336.3557538057253,11.113538189307402,0.2685843422895377,0.06267592456386933,cdbox
AP004560.3/126987-126790,182400.9999999999,985.7082259696691,28243571.0,114.0937604399315,0.0003618401214905622,0.42393407713453396,2017017.989687251,2022130.844505189,424.9788634535523,513.7411807826645,985.7082259696691,3050.5013253115517,28243456.90623956,4089013152299.269,2536.7601445288874,1268.3800722644437,11.05815203692552,0.2698269812687585,0.06340657491061137,cdbox
