nameseq,average,median,maximum,minimum,peak,none_levated_peak,sample_standard_deviation,population_standard_deviation,percentile15,percentile25,percentile50,percentile75,amplitude,variance,interquartile_range,semi_interquartile_range,coefficient_of_variation,skewness,kurtosis,label
AC135320.6/55492-55392,99716.99999999987,1595.6332294119172,7378883.0,567.9320004682936,0.0003376221373152693,0.2222416498414205,737320.1309946718,740997.5609445013,780.8273636846723,994.2061825831214,1595.6332294119172,3700.3947648537023,7378315.0679995315,549077385325.7,2706.188582270581,1353.0942911352904,7.3941266884751125,0.39923513266165117,0.04292726842746596,cdbox
AF317984.1/1-78,24420.999999999993,604.006263643808,1237259.0,152.43455008728432,0.0010646574669341963,0.2902930536199168,142942.3563468855,143867.55925060823,264.671292129285,333.03055618174596,604.006263643808,1772.9047220109824,1237106.5654499128,20697874604.727272,1439.8741658292365,719.9370829146183,5.853255654841552,0.4998587055307443,0.07766065745785879,cdbox
AJ457082.1/2-76,21198.000000000007,401.24109297624005,1113092.0,55.84423570931939,0.0011793565430701005,0.30341777164633704,129320.8660580341,130191.72348055708,210.58512764864918,226.89859906637076,401.24109297624005,1491.1334342878122,1113036.1557642906,16949884862.837837,1264.2348352214415,632.1174176107207,6.100616381641384,0.4824455528551209,0.09830447023104424,cdbox
AY112819.1/2-76,21198.000000000007,401.24109297624005,1113092.0,55.84423570931939,0.0011793565430701005,0.30341777164633704,129320.8660580341,130191.72348055708,210.58512764864918,226.89859906637076,401.24109297624005,1491.1334342878122,1113036.1557642906,16949884862.837837,1264.2348352214415,632.1174176107207,6.100616381641384,0.4824455528551209,0.09830447023104424,cdbox
