nameseq,average,median,maximum,minimum,peak,none_levated_peak,sample_standard_deviation,population_standard_deviation,percentile15,percentile25,percentile50,percentile75,amplitude,variance,interquartile_range,semi_interquartile_range,coefficient_of_variation,skewness,kurtosis,label
AJ490481.1/1-105,26158.999999999964,469.4640053362443,2014451.0,87.46127061979607,0.0013379716350013398,0.4013448585331532,197385.8618949189,198332.5621074749,189.32455867048012,254.752411233332,469.4640053362443,1885.1963125897896,2014363.5387293801,39335805192.11539,1630.4439013564577,815.2219506782288,7.545619553305523,0.3904464445635914,0.10212097094803456,cdbox
AJ490483.1/1-108,18413.999999999996,329.4185980366079,1553348.0,32.41709018335496,0.0019550342130987297,0.48086255680274226,149186.42507949573,149881.93665906807,125.19268180007676,162.88422958500792,329.4185980366079,1025.9323350082939,1553315.5829098166,22464594936.672897,863.048105423286,431.524052711643,8.101793476675125,0.3636640812123517,0.049347755827044475,cdbox
AJ490484.1/1-108,12253.999999999998,349.32845823697465,747732.0,68.0,0.0029378162232740336,0.4802078649039159,74464.41525990787,74811.57059291992,167.33902756876248,219.56459698893596,349.32845823697465,1142.0660335989228,747664.0,5596771094.579439,922.5014366099869,461.2507183049934,6.076743533532551,0.47961183204936453,0.05817492891533226,cdbox
AJ490485.1/1-108,26429.999999999993,418.02508973023845,1956308.0,36.0,0.0013620885357548244,0.4162587666765578,190904.09853117348,191794.09915318384,171.58732758580837,213.5948796243997,418.02508973023845,1644.9605076042396,1956272.0,36784976469.98131,1431.36562797984,715.68281398992,7.223007889942245,0.40877029530126335,0.08402520124810141,cdbox
