nameseq,average,median,maximum,minimum,peak,none_levated_peak,sample_standard_deviation,population_standard_deviation,percentile15,percentile25,percentile50,percentile75,amplitude,variance,interquartile_range,semi_interquartile_range,coefficient_of_variation,skewness,kurtosis,label
AF317995.1/1-111,39911.99999999999,315.4855908047445,3290216.0,63.30467314475055,0.0009270394868711166,0.4024932708708691,315115.58116983046,316544.68410774606,159.53012850529646,187.30007701885035,315.4855908047445,920.7689805352097,3290152.6953268554,100200537036.87273,733.4689035163594,366.7344517581797,7.895259099264144,0.37697134107616376,0.06148346622330488,cdbox
AF317941.1/1-96,30704.0,227.32702975114955,2359768.0,40.0,0.0010422094841063053,0.43114466590695927,241162.79918760274,242428.75433830256,110.80892158695005,131.2837840772603,227.32702975114955,594.6761902332486,2359728.0,58771700930.02105,463.3924061559883,231.69620307799414,7.854442391466999,0.37912156940765274,0.04247566595530968,cdbox
AJ490338.1/1-98,12455.000000000002,180.686070733478,781611.0,30.48285689748731,0.0026227753245015384,0.5015502602120989,80170.96900998516,80583.16179901216,81.94905804033037,111.33939499308151,180.686070733478,865.1123383848054,781580.5171431025,6493645965.525773,753.7729433917239,376.8864716958619,6.436850181452039,0.4593051854370544,0.12258783369260391,cdbox
AF317942.1/1-96,29304.0,217.56508909184532,2245208.0,40.0,0.001092001092001092,0.4489663236198394,229733.0468173876,230939.00285573245,104.56872460405947,123.09697193703539,217.56508909184532,594.6761902332486,2245168.0,53332823040.0,471.5792182962132,235.7896091481066,7.839648062291414,0.3798291362151566,0.05145416241715527,cdbox
