nameseq,average,median,maximum,minimum,peak,none_levated_peak,sample_standard_deviation,population_standard_deviation,percentile15,percentile25,percentile50,percentile75,amplitude,variance,interquartile_range,semi_interquartile_range,coefficient_of_variation,skewness,kurtosis,label
ABXC01001605.1/118086-117999,15595.999999999998,352.2790152617297,913384.0,40.0,0.001880824142942635,0.38305392255252846,98380.86212267097,98944.65391376607,146.47403429847597,193.6506985240103,352.2790152617297,1133.91098952043,913344.0,9790044538.114943,940.2602909964196,470.1301454982098,6.308082977857847,0.4648379976299931,0.1305971949161689,cdbox
ABXC01001605.1/104054-103967,15595.999999999998,352.2790152617297,913384.0,40.0,0.001880824142942635,0.38305392255252846,98380.86212267097,98944.65391376607,146.47403429847597,193.6506985240103,352.2790152617297,1133.91098952043,913344.0,9790044538.114943,940.2602909964196,470.1301454982098,6.308082977857847,0.4648379976299931,0.1305971949161689,cdbox
AECO01021519.1/799-886,15611.999999999989,329.3485600513327,907384.0,34.81512726559902,0.0018788965752839708,0.3885690859323528,97903.31205837727,98464.36715048154,142.33738906322685,183.9983291808213,329.3485600513327,831.4990474868996,907349.1848727344,9695231598.344828,647.5007183060783,323.75035915303914,6.271029468253737,0.4682982971251064,0.06974992772483665,cdbox
ACYM01075370.1/27425-27333,59888.999999999956,870.9916456456601,3858219.0,101.71958563326555,0.0005176242715690698,0.2566324803276704,405518.6591884522,407716.60839935613,412.70914755487314,447.89427810906,870.9916456456601,1933.2057109450272,3858117.2804143666,166232832764.67392,1485.3114328359673,742.6557164179836,6.771170986131885,0.43661129038400803,0.05848806955532049,cdbox
