nameseq,average,median,maximum,minimum,peak,none_levated_peak,sample_standard_deviation,population_standard_deviation,percentile15,percentile25,percentile50,percentile75,amplitude,variance,interquartile_range,semi_interquartile_range,coefficient_of_variation,skewness,kurtosis,label
AJ490412.1/1-152,206164.00000000006,2226.0387773436128,18562600.0,656.7962968199896,0.00024575903972888887,0.2260880243906713,1583278.175649497,1588512.16736565,1179.5858581352782,1315.501596575066,2226.0387773436128,5806.095857100425,18561943.20370318,2523370905868.715,4490.594260525359,2245.2971302626793,7.6797024487762,0.3864222302041076,0.07839574392158771,cdbox
AJ490410.1/1-152,206164.00000000006,2226.0387773436128,18562600.0,656.7962968199896,0.00024575903972888887,0.2260880243906713,1583278.175649497,1588512.16736565,1179.5858581352782,1315.501596575066,2226.0387773436128,5806.095857100425,18561943.20370318,2523370905868.715,4490.594260525359,2245.2971302626793,7.6797024487762,0.3864222302041076,0.07839574392158771,cdbox
AJ490411.1/1-152,206164.00000000006,2226.0387773436128,18562600.0,656.7962968199896,0.00024575903972888887,0.2260880243906713,1583278.175649497,1588512.16736565,1179.5858581352782,1315.501596575066,2226.0387773436128,5806.095857100425,18561943.20370318,2523370905868.715,4490.594260525359,2245.2971302626793,7.6797024487762,0.3864222302041076,0.07839574392158771,cdbox
AJ490409.1/1-152,216787.9999999998,2272.4545561493383,19629640.0,670.1105122913045,0.0002337152732931099,0.2170149085167906,1669707.5201076386,1675227.2294442854,1248.0893565124375,1379.3599805381023,2272.4545561493383,6448.946894005834,19628969.88948771,2806386270271.576,5069.586913467732,2534.793456733866,7.7020292641089,0.38542476965670297,0.08565288668770599,cdbox
