nameseq,average,median,maximum,minimum,peak,none_levated_peak,sample_standard_deviation,population_standard_deviation,percentile15,percentile25,percentile50,percentile75,amplitude,variance,interquartile_range,semi_interquartile_range,coefficient_of_variation,skewness,kurtosis,label
AC078839.4/60990-61073,8602.0,244.32082512778308,516468.0,15.24388947875206,0.0032550569634968614,0.5137546164197206,56411.53304068238,56750.34409321934,84.89824989643881,105.35947316234919,244.32082512778308,589.8706844242406,516452.75611052127,3220601554.6987953,484.5112112618914,242.2556056309457,6.55795548020023,0.4444665155002027,0.08946791159364746,cdbox
AJ490408.1/1-91,16438.0,255.21938085632524,1116836.0,45.792699118308434,0.0018453177596625704,0.41562901051020834,117332.22966431687,117982.27469214743,126.1892265068064,175.1798457623132,255.21938085632524,809.0654645142433,1116790.2073008816,13919817141.533333,633.8856187519301,316.94280937596506,7.137865291660596,0.4137681692091424,0.08133022659209901,cdbox
AJ490405.1/1-95,9695.999999999998,171.36395631774963,621592.0,20.733244583154907,0.0032659515951595167,0.5510722090633529,64794.66768183936,65138.40838405948,79.78109370040102,100.0169836054288,171.36395631774963,534.0875455344687,621571.2667554169,4243012246.808511,434.07056192903997,217.03528096451998,6.682618366526338,0.44099166109397975,0.11187179729968691,cdbox
AJ490407.1/1-94,12413.000000000005,232.9171306075357,763923.0,4.881180915888535,0.0025242353446655375,0.4878693852353231,80244.68748770849,80674.95699290116,99.45217259198652,122.16750875575019,232.9171306075357,562.431799501478,763918.1188190841,6508448685.806452,440.26429074572786,220.13214537286393,6.464568395046198,0.45536034536584713,0.06962199238380895,cdbox
