nameseq,average,median,maximum,minimum,peak,none_levated_peak,sample_standard_deviation,population_standard_deviation,percentile15,percentile25,percentile50,percentile75,amplitude,variance,interquartile_range,semi_interquartile_range,coefficient_of_variation,skewness,kurtosis,label
AJ490386.1/1-69,13612.999999999996,223.97884061998468,653075.0,21.981499495768396,0.0016895614486152947,0.3428691879267663,79749.28033531086,80333.53195803694,101.0,139.68525594912242,223.97884061998468,406.8712402984976,653053.0185005042,6453476356.8529415,267.1859843493752,133.5929921746876,5.8583178091023935,0.5036667830638106,0.045493308183525066,cdbox
AC078839.4/82266-82334,14948.999999999993,253.5927545814894,718883.0,30.532338652451735,0.0015385644524717379,0.3288570630441708,87680.07309531624,88322.42654065507,97.89731410031783,172.39532363529082,253.5927545814894,462.2659011411108,718852.4676613476,7800851030.029412,289.87057750582,144.93528875291,5.865280158894661,0.5028077666898129,0.04291309688640962,cdbox
