nameseq,average,median,maximum,minimum,peak,none_levated_peak,sample_standard_deviation,population_standard_deviation,percentile15,percentile25,percentile50,percentile75,amplitude,variance,interquartile_range,semi_interquartile_range,coefficient_of_variation,skewness,kurtosis,label
X94605.1/2-96,18664.000000000004,411.28238879581954,1268888.0,89.77584072953655,0.0016966709529932845,0.43861639554040033,131204.48602086745,131900.53592393504,140.90987397702935,202.6400372190665,411.28238879581954,1020.3913611905043,1268798.2241592705,17397751377.021275,817.7513239714378,408.8756619857189,7.029816010547976,0.41734969965054036,0.10076554387571825,cdbox
AACH01000077.1/3889-3986,24583.000000000004,539.4543986908125,1728987.0,83.0,0.0013288315773773202,0.41473940113462937,176291.94459191832,177198.3358856956,175.50018785962828,250.4143605478024,539.4543986908125,1129.9631103251886,1728904.0,31399250240.659794,879.5487497773862,439.7743748886931,7.171294984010019,0.4091544680098459,0.11042344915780357,cdbox
AACA01000192.1/11990-12087,20446.999999999996,435.0416525921556,1425739.0,83.64548895370334,0.0015976263836585645,0.43489089585581275,145374.92455028137,146122.35839503768,174.02218276256062,209.5862503270192,435.0416525921556,1224.078865886127,1425655.3545110463,21351743622.927837,1014.4926155591078,507.2463077795539,7.1098412750174305,0.4129726995762511,0.08857919872825139,cdbox
