nameseq,average,median,maximum,minimum,peak,none_levated_peak,sample_standard_deviation,population_standard_deviation,percentile15,percentile25,percentile50,percentile75,amplitude,variance,interquartile_range,semi_interquartile_range,coefficient_of_variation,skewness,kurtosis,label
Z71564.1/474-570,26043.00000000004,530.0563767188041,2114923.0,76.89814455875921,0.0012415364333346114,0.35547532967497186,213567.58937629088,214677.03886458528,165.71646034852117,234.37345875033478,530.0563767188041,2020.9442642705153,2114846.1018554415,46086231015.666664,1786.5708055201806,893.2854027600903,8.200575562580752,0.3583822390530791,0.08286214076175605,cdbox
AACG02000180.1/13913-13817,24922.99999999998,369.04844014575207,2147523.0,60.026985766664744,0.0012973291069828415,0.39502546443730124,216760.2349878778,217886.26975978393,155.65759147422472,218.46310141955496,369.04844014575207,1609.502397984677,2147462.973014233,47474426549.833336,1391.039296565122,695.519648282561,8.697196765553022,0.3398310335089007,0.09477649170979394,cdbox
AAZN01000021.1/10523-10428,19527.999999999996,440.9872458940907,1502072.0,24.0,0.0016386726751331424,0.3936394897389972,152696.89998163027,153498.46401919672,194.18115447460445,235.50366529974931,440.9872458940907,1439.626550446192,1502048.0,23561778456.252632,1204.1228851464425,602.0614425732213,7.819382424294874,0.37499804036104417,0.08374721429493599,cdbox
AACF01000363.1/646-549,16023.000000000015,361.43864101001395,1246459.0,27.982136326077928,0.00203873598369011,0.4550307589489746,125446.73406669461,126091.7086731864,129.24073579482726,183.85954021985515,361.43864101001395,976.080067474032,1246431.0178636739,15899118996.12371,792.2205272541769,396.11026362708844,7.829166452393091,0.37453891826303165,0.10632641734233118,cdbox
