nameseq,average,median,maximum,minimum,peak,none_levated_peak,sample_standard_deviation,population_standard_deviation,percentile15,percentile25,percentile50,percentile75,amplitude,variance,interquartile_range,semi_interquartile_range,coefficient_of_variation,skewness,kurtosis,label
U26016.1/1-110,70821.0,722.6669909684956,6108379.0,141.14218216457402,0.0005177372060076342,0.2993682081588577,581684.845219471,584347.032332797,321.92024151724127,421.46831227910644,722.6669909684956,2135.775644918194,6108237.857817835,341461454196.1468,1714.3073326390875,857.1536663195437,8.213451451115786,0.36152738163180054,0.04673104730383242,cdbox
AACI02000085.1/17223-17114,101172.99999999997,1119.1348427346388,8913987.0,291.1999842735861,0.00036241553247078447,0.2563204314133281,848275.0499254353,852157.335883247,460.84842545442876,584.1990441803773,1119.1348427346388,2926.120383932618,8913695.800015727,726172125099.633,2341.921339752241,1170.9606698761204,8.384401470011126,0.35384937408943085,0.05174866529571217,cdbox
AACH01001819.1/54-160,70150.0,777.8677564531448,5930036.0,179.89701846587673,0.0005084343074364456,0.28981735667481934,572250.3851968996,574943.3430602548,365.51064190533816,467.281706295258,777.8677564531448,2613.768345987367,5929856.102981534,330559847729.3019,2146.486639692109,1073.2433198460544,8.157525091901634,0.36368065817733264,0.061146696716316805,cdbox
AACF01000016.1/89825-89933,58424.999999999985,964.4518465101316,4979603.0,254.8224583640299,0.0006218799030095567,0.2918365873176759,476238.08571553795,478437.8114429061,434.42772877560196,538.8564030864824,964.4518465101316,2324.7419213404573,4979348.177541636,228902739418.27777,1785.885518253975,892.9427591269875,8.151272327180797,0.36196526407893165,0.06825142011554772,cdbox
