nameseq,average,median,maximum,minimum,peak,none_levated_peak,sample_standard_deviation,population_standard_deviation,percentile15,percentile25,percentile50,percentile75,amplitude,variance,interquartile_range,semi_interquartile_range,coefficient_of_variation,skewness,kurtosis,label
AJ223032.1/9-104,35728.00000000002,703.9999999999999,2868128.0,129.6374362030457,0.0008956560680698606,0.3432644806925584,291213.8984595344,292742.59084472863,290.9088720504499,337.58023692122146,703.9999999999999,2174.6193287876567,2867998.362563797,85698224494.4842,1837.0390918664352,918.5195459332176,8.150859226923819,0.3608069551481257,0.061493348790098615,cdbox
AABZ01000203.1/11569-11665,32330.99999999998,538.8539208899655,2761803.0,99.28323738050247,0.0010000721701566098,0.36980726049079843,278770.8756667382,280219.0458046467,268.52330700379423,341.2830784080386,538.8539208899655,1596.1796714473699,2761703.7167626196,78522713631.66667,1254.8965930393313,627.4482965196656,8.62240189498433,0.34213200360051094,0.05733926581309041,cdbox
