nameseq,average,median,maximum,minimum,peak,none_levated_peak,sample_standard_deviation,population_standard_deviation,percentile15,percentile25,percentile50,percentile75,amplitude,variance,interquartile_range,semi_interquartile_range,coefficient_of_variation,skewness,kurtosis,label
AF064263.1/1-107,99389.9999999999,1381.1381076015252,8448884.0,326.44930549305593,0.0003588556863534229,0.2513208320212896,814989.7908943399,818825.0581527237,710.6466583004436,897.5499210797362,1381.1381076015252,4979.792321581252,8448557.550694507,670474475858.8113,4082.2424005015155,2041.1212002507577,8.199917405114606,0.3607733360126403,0.09649586005552452,cdbox
AACI02000085.1/16775-16669,86486.00000000001,1171.8628805507499,7129836.0,300.6454178056273,0.00041239815307294426,0.26974773478164543,688855.2763868476,692096.9661807676,578.940366147346,739.4752446171987,1171.8628805507499,4036.156644695593,7129535.354582194,478998210596.6226,3296.6814000783943,1648.3407000391971,7.964933935976314,0.37154743547992447,0.08668088710669944,cdbox
AACG02000032.1/77804-77909,91850.99999999993,1145.8705189614461,7800243.0,311.98123169529583,0.0003846809869607665,0.2546243993172005,755548.645065293,759137.9699956675,598.3375477111052,739.7179489795611,1145.8705189614461,3656.7519347219877,7799931.018768305,576290457489.1428,2917.0339857424265,1458.5169928712132,8.225807504167548,0.36015601407054315,0.0671638209163442,cdbox
AAZN01000219.1/32906-32813,90341.00000000001,1436.1883290228493,6361403.0,481.25937059488376,0.00034683403253598396,0.22777472521737444,657745.0406456897,661271.8489870506,751.3712619443726,853.9628225289312,1436.1883290228493,4449.932388744646,6360921.740629405,437280458262.7527,3595.969566215715,1797.9847831078575,7.2806924945007205,0.4054982075594299,0.08994826514895209,cdbox
