nameseq,average,median,maximum,minimum,peak,none_levated_peak,sample_standard_deviation,population_standard_deviation,percentile15,percentile25,percentile50,percentile75,amplitude,variance,interquartile_range,semi_interquartile_range,coefficient_of_variation,skewness,kurtosis,label
Z74123.1/1919-1665,1034423.9999999991,5435.314855035956,209254552.0,1647.3416390212717,8.217133399843786e-05,0.23859133858263754,13161773.95963082,13187657.512575928,2583.1290042572555,3152.72117485081,5435.314855035956,17393.545792188645,209252904.658361,173914310669000.3,14240.824617337836,7120.412308668918,12.723770871161953,0.23454027283123746,0.08322922041980069,cdbox
AABY01000419.1/584-331,817269.0000000009,4433.079825945557,168297579.0,1216.2526835625283,0.00010359706126950438,0.25859969142957717,10585005.596361583,10605903.949572401,2054.6020789777235,2464.6447144940744,4433.079825945557,14665.036674902132,168296362.74731645,112485198587555.44,12200.391960408058,6100.195980204029,12.951678818554932,0.23037378094163333,0.09843655925305012,cdbox
AABZ01000568.1/3571-3319,964136.9999999995,5641.728173878287,190281675.0,1607.9303761352062,8.747027998441442e-05,0.23697820951052354,12023353.793488652,12047186.034502804,2800.1643405172385,3372.6438310066223,5641.728173878287,17434.22418619441,190280067.06962386,145134691349919.4,14061.580355187787,7030.7901775938935,12.470586434799886,0.2391583800050538,0.0862741396710617,cdbox
AACI02000012.1/27730-27474,1106130.999999999,5616.614924373385,218505347.0,1363.174603221159,7.744712576237963e-05,0.23733157965172055,13734242.218469283,13761040.76535358,2879.8793766245576,3377.7685355998283,5616.614924373385,18905.17060527685,218503983.82539678,189366242945723.0,15527.40206967702,7763.70103483851,12.41646985616468,0.24038771871862638,0.09203951941342185,cdbox
