nameseq,average,median,maximum,minimum,peak,none_levated_peak,sample_standard_deviation,population_standard_deviation,percentile15,percentile25,percentile50,percentile75,amplitude,variance,interquartile_range,semi_interquartile_range,coefficient_of_variation,skewness,kurtosis,label
AF064274.1/1-100,123289.99999999996,1580.0544348854025,9781460.0,507.9923224850985,0.0002703652634709494,0.22023495773174864,977505.3357787875,982429.8270753351,818.654527545827,1010.8743453336219,1580.0544348854025,4739.466939992937,9780952.007677514,965168365127.2727,3728.592594659315,1864.2962973296576,7.92850462956272,0.37353232082814297,0.06836473907169202,cdbox
