nameseq,average,median,maximum,minimum,peak,none_levated_peak,sample_standard_deviation,population_standard_deviation,percentile15,percentile25,percentile50,percentile75,amplitude,variance,interquartile_range,semi_interquartile_range,coefficient_of_variation,skewness,kurtosis,label
AJ010802.1/1-84,27473.999999999993,498.40869311499,1926796.0,141.04497873221268,0.0010191453738079641,0.33689808967433854,209155.27010333736,210411.46920638703,270.31416982832627,330.73111522453854,498.40869311499,1241.9387205135727,1926654.9550212678,44272986373.59036,911.2076052890341,455.60380264451703,7.612843783334696,0.3869219928365731,0.07090616245028565,cdbox
AAZN01000268.1/117161-117076,39912.99999999999,592.4280398496301,2891435.0,82.11327415105876,0.0007182288143378516,0.3204943539272426,310063.75805308175,311882.32941264694,371.90318594063285,438.06617774986813,592.4280398496301,1965.7811427890983,2891352.886725849,97270587399.85883,1527.7149650392303,763.8574825196151,7.768490417986165,0.3804434178994131,0.08994133699780252,cdbox
AADM01000279.1/19853-19939,32595.999999999967,532.62865966385,2339304.0,124.83705264095525,0.000889679715302492,0.3349031834003896,249545.36925376917,250992.02119468927,287.9749974135631,348.042938680785,532.62865966385,1640.0937766004713,2339179.162947359,62996994703.39535,1292.0508379196863,646.0254189598431,7.655705278370641,0.3854614265480123,0.07600514081487694,cdbox
AACF01000007.1/69722-69637,24737.0,454.75472365397906,1777539.0,41.9842304890202,0.0011588578512619423,0.3654733747504453,190630.65837897113,191748.73634383833,250.58423365177913,333.3848233373187,454.75472365397906,1328.846803329599,1777497.015769511,36767577889.458824,995.4619799922802,497.7309899961401,7.706296575129205,0.38213546786487906,0.06305141544869837,cdbox
