nameseq,average,median,maximum,minimum,peak,none_levated_peak,sample_standard_deviation,population_standard_deviation,percentile15,percentile25,percentile50,percentile75,amplitude,variance,interquartile_range,semi_interquartile_range,coefficient_of_variation,skewness,kurtosis,label
Z28007.1/2587-2479,31665.000000000007,800.4667981439335,2625315.0,201.28011519775885,0.0011474288120427389,0.35350044657487856,250509.78334188866,251666.8785677916,373.64925106885835,453.2178873964755,800.4667981439335,2208.182736415249,2625113.719884802,63336217768.05556,1754.9648490187737,877.4824245093869,7.911251645093592,0.3696206925347865,0.10087169693335495,cdbox
AACH01002005.1/735-843,46392.999999999985,843.4936494585653,4043371.0,289.3855649404322,0.000783164126771999,0.3070153933022462,385753.72993400856,387535.5118401935,490.05966827517466,594.3123190188809,843.4936494585653,3095.6841567588503,4043081.6144350595,150183772937.24075,2501.3718377399696,1250.6859188699848,8.314912377600256,0.35423771294447604,0.14064655329701803,cdbox
AACA01000080.1/6450-6342,50776.999999999985,902.7690560506346,4422707.0,353.96352573017055,0.0007155470652723348,0.31775726303442975,421863.1344855817,423811.7043673077,520.8776454361949,608.7561348959019,902.7690560506346,3041.728340838553,4422353.03647427,179616360758.72223,2432.972205942651,1216.4861029713254,8.308153976910448,0.35467117318581864,0.12461126976164254,cdbox
