nameseq,average,median,maximum,minimum,peak,none_levated_peak,sample_standard_deviation,population_standard_deviation,percentile15,percentile25,percentile50,percentile75,amplitude,variance,interquartile_range,semi_interquartile_range,coefficient_of_variation,skewness,kurtosis,label
AJ248287.2/14879-14825,3524.000000000001,200.9538441556054,111928.0,16.63785030462961,0.0052024214907302295,0.40637862337048525,15599.557557828364,15743.33532124108,71.60469579596469,109.8414466740254,200.9538441556054,310.19375417998623,111911.36214969537,247852607.03703701,200.35230750596082,100.17615375298041,4.4266621900761525,0.6390654626310442,0.11118837996573581,cdbox
AE000782.1/711263-711211,6893.000000000002,322.82005218128006,221267.0,103.76395605393861,0.0025629866047681216,0.2990817773070845,30877.024889065982,31172.505543902233,138.94363916619244,176.88082249867998,322.82005218128006,898.1947556712113,221163.23604394606,971725101.8846154,721.3139331725313,360.65696658626564,4.479475538817057,0.6383561860079324,0.09712713871748953,cdbox
BA000001.2/762168-762222,3324.000000000001,158.41703541013482,126184.0,22.008160116424776,0.005515443241075008,0.42117922607129105,16985.02458049443,17141.571895162855,71.26697848530145,107.20079428622698,158.41703541013482,307.97652564878206,126161.99183988357,293833487.037037,200.77573136255506,100.38786568127753,5.109814855744412,0.5591248248575187,0.1348507468122578,cdbox
BA000002.3/143608-143554,1795.9999999999995,168.65536052537075,50168.0,17.049737549446636,0.010207869339272459,0.46703099448443336,7069.38780942169,7134.5448348160235,66.1633515391771,80.70074199048395,168.65536052537075,527.406214623564,50150.950262450555,50901730.0,446.70547263308003,223.35273631654002,3.936184749121209,0.6905879335007454,0.14350652117466275,cdbox
