nameseq,average,median,maximum,minimum,peak,none_levated_peak,sample_standard_deviation,population_standard_deviation,percentile15,percentile25,percentile50,percentile75,amplitude,variance,interquartile_range,semi_interquartile_range,coefficient_of_variation,skewness,kurtosis,label
AJ248286.2/162377-162324,1368.9999999999998,147.45487922911042,34147.0,19.0,0.01314828341855369,0.5257870303129466,4923.450213011197,4969.680806727401,34.36407868342346,89.51816971695797,147.45487922911042,260.6950486726011,34128.0,24697727.320754718,171.17687895564313,85.58843947782157,3.5963843776560975,0.7443226200659325,0.08562481931264895,cdbox
BA000001.2/1013073-1013126,1769.0,123.32861981418291,34291.0,15.671734242580953,0.010175240248728096,0.4847805331142152,5531.040589256239,5582.9763820939515,42.8947542022764,68.7645352656582,123.32861981418291,289.0407405517432,34275.32826575742,31169625.283018865,220.27620528608503,110.13810264304252,3.1266481567304916,0.8926013217381457,0.05418579323482065,cdbox
AP006878.1/274146-274093,3521.000000000003,188.00845888092385,135899.0,43.0,0.0051121840386253855,0.4120159735504391,18345.141100574834,18517.39972576532,68.00000000000003,103.83100125899466,188.00845888092385,344.5077284578488,135856.0,342894092.6037736,240.67672719885417,120.33836359942708,5.2102076400382895,0.5450475724628756,0.05747877558328273,cdbox
