nameseq,average,median,maximum,minimum,peak,none_levated_peak,sample_standard_deviation,population_standard_deviation,percentile15,percentile25,percentile50,percentile75,amplitude,variance,interquartile_range,semi_interquartile_range,coefficient_of_variation,skewness,kurtosis,label
AF195112.1/1-54,5473.000000000002,161.65394048757088,224291.0,51.65626411325252,0.00328887264754248,0.3850878316602143,30290.917351575863,30575.345350801104,75.11379162240462,86.73855736921605,161.65394048757088,562.2898823742726,224239.34373588674,934851743.3207548,475.5513250050565,237.77566250252826,5.534609419253765,0.5260335299058988,0.060952833195936376,cdbox
AF254834.1/5-60,5532.000000000001,270.268150778047,174728.0,79.46747381747076,0.0033743070619426364,0.32887785959552746,24469.911973687194,24691.36365467231,109.78713645138156,146.11060633115505,270.268150778047,701.1858582251267,174648.53252618253,609663439.1272727,555.0752518939717,277.5376259469858,4.4233391131032525,0.6450859146792143,0.09931219757031505,cdbox
BA000001.2/1131168-1131223,6348.000000000005,246.75720234328827,210376.0,55.32013079990204,0.0029405587061541675,0.333117039873999,29155.98518314893,29419.84563089097,98.08831881283018,130.93229941252798,246.75720234328827,717.1968928028047,210320.6798692001,865527316.9454546,586.2645933902767,293.13229669513834,4.592940325007705,0.627786311386556,0.10173959046874047,cdbox
BA000023.2/2234271-2234324,2025.0,123.72427250573645,76779.0,29.375388658869003,0.008888888888888889,0.533878282879314,10362.43417349418,10459.736159593218,57.189797892044155,68.40199177609355,123.72427250573645,410.8370129718444,76749.62461134113,109406080.52830188,342.43502119575083,171.21751059787542,5.11725144370083,0.5504331402241832,0.07528316867186254,cdbox
