nameseq,average,median,maximum,minimum,peak,none_levated_peak,sample_standard_deviation,population_standard_deviation,percentile15,percentile25,percentile50,percentile75,amplitude,variance,interquartile_range,semi_interquartile_range,coefficient_of_variation,skewness,kurtosis,label
BA000001.2/1484845-1484791,3644.0,124.83023162937008,164064.0,23.00710197018673,0.005031101353823637,0.5036359998408062,21925.713580177955,22127.798161621988,39.29484127172257,71.79030017917962,124.83023162937008,325.7309008822702,164040.9928980298,489639451.4814815,253.94060070309058,126.97030035154529,6.016935669642688,0.4815126890399798,0.115984954812496,cdbox
AF254825.1/1-53,3189.000000000001,100.4860640984595,142595.0,11.406229459964909,0.005539876659349847,0.49662722315761454,19385.878417033364,19571.393442195953,34.08775411814951,54.962443899544795,100.4860640984595,248.4841553985185,142583.59377054003,383039441.2692308,193.52171149897373,96.76085574948686,6.078983511142477,0.47795315788029885,0.11380471841043455,cdbox
CP000077.1/808273-808328,6316.0,264.4715847050034,235312.0,40.64826116078571,0.0029554570403208785,0.32863364968256253,31750.671929897795,32038.014184289375,112.00000000000003,148.03396363815233,264.4715847050034,589.0418099651937,235271.3517388392,1026434352.8727273,441.00784632704136,220.50392316352068,5.027022154828656,0.5717858597124633,0.0496125304694363,cdbox
U95207.1/9-63,10388.000000000002,292.05725491673894,414680.0,44.7249123759166,0.0017648568861506862,0.25803617381903426,56068.52197088845,56585.29346629446,148.8181338262484,168.6809749750252,292.05725491673894,968.8698259805807,414635.2750876241,3201895436.6666665,800.1888510055555,400.09442550277777,5.397431841633465,0.5401930917846497,0.10112785855067898,cdbox
