nameseq,average,median,maximum,minimum,peak,none_levated_peak,sample_standard_deviation,population_standard_deviation,percentile15,percentile25,percentile50,percentile75,amplitude,variance,interquartile_range,semi_interquartile_range,coefficient_of_variation,skewness,kurtosis,label
BA000023.2/582159-582106,2745.0,167.00000158081642,89331.0,19.701129115966324,0.006557377049180328,0.42694776637395276,12241.887844609588,12356.837670194876,73.3627029647108,102.9360723423544,167.00000158081642,430.4446611177477,89311.29887088403,152691437.20754716,327.5085887753933,163.75429438769666,4.459704132826808,0.6317653039651908,0.10250768239747919,cdbox
BA000001.2/1623026-1622971,8148.000000000002,163.6518236814909,354464.0,38.40052322104265,0.0022909507445589916,0.346076302530989,47111.14466875115,47537.49855965384,79.16325958467921,82.77725346812011,163.6518236814909,535.4641504806616,354425.59947677894,2259813769.309091,452.6868970125415,226.34344850627076,5.781927426209025,0.5084369037809349,0.09113860363183006,cdbox
