nameseq,average,median,maximum,minimum,peak,none_levated_peak,sample_standard_deviation,population_standard_deviation,percentile15,percentile25,percentile50,percentile75,amplitude,variance,interquartile_range,semi_interquartile_range,coefficient_of_variation,skewness,kurtosis,label
AE009950.1/1849547-1849600,5409.0,284.67352122734513,198603.0,75.13538626478889,0.0033277870216306157,0.3476433772384278,26917.03419769719,27169.781847861374,120.63726948864712,139.34716526579325,284.67352122734513,880.7600693535334,198527.8646137352,738197045.6603774,741.4129040877401,370.70645204387006,4.976342059104676,0.5711245645938643,0.07297792042314466,cdbox
AJ248288.1/255929-255876,5256.999999999999,249.70711945632698,193403.0,60.703786012029276,0.003424006087121933,0.33281066865180403,26297.476266744685,26544.40634391629,87.61322821001819,133.3185103043897,249.70711945632698,799.6784538200692,193342.29621398798,704605508.1509434,666.3599435156796,333.1799717578398,5.002373267404354,0.5712289076434082,0.07508082631160747,cdbox
AP006878.1/1226898-1226844,5443.999999999999,231.94755496159414,195224.0,67.51361509076126,0.003367621846681362,0.346003284354704,26413.02231854583,26656.465458510076,100.31618792376811,137.10509266816115,231.94755496159414,1042.8616936900878,195156.48638490925,710567150.7407408,905.7566010219266,452.8783005109633,4.85176750891731,0.5919866778795825,0.17918485318298005,cdbox
