nameseq,average,median,maximum,minimum,peak,none_levated_peak,sample_standard_deviation,population_standard_deviation,percentile15,percentile25,percentile50,percentile75,amplitude,variance,interquartile_range,semi_interquartile_range,coefficient_of_variation,skewness,kurtosis,label
AJ248287.2/214684-214738,15988.0,215.74473841766633,740104.0,60.783170788463636,0.0011466933533483446,0.2729995231025263,98961.90339721645,99874.01395424805,87.6474508437579,90.02112328463704,215.74473841766633,602.1113502401175,740043.2168292116,9974818663.333334,512.0902269554805,256.04511347774024,6.189761283288495,0.47813112076902414,0.10444463458179583,cdbox
BA000001.2/530081-530027,12363.99999999999,186.04759747124524,578376.0,53.503677909994025,0.001482799525504153,0.314225674847625,77282.49501665951,77994.79113424224,80.18753641685734,86.88753641761082,186.04759747124524,557.7636236761755,578322.49632209,6083187444.074074,470.87608725856467,235.43804362928233,6.250606196753442,0.4727313371509391,0.16824561207999889,cdbox
AP006878.1/1829976-1829923,18993.0,342.5551106049111,879371.0,44.000000000000036,0.000947717580161112,0.23965351138630883,118606.71890748854,119720.4214527755,81.04277765333384,117.03451337024259,342.5551106049111,814.2766029493935,879327.0,14332979312.830189,697.2420895791508,348.6210447895754,6.2447595907696805,0.4717383229513875,0.13028904996558788,cdbox
DQ223723.1/12457-12515,19837.999999999996,348.99902053494543,941844.0,94.86459429575748,0.0009913633766844778,0.23012659430239268,121892.38836777299,122938.69415407968,169.20574900498792,216.77785041970793,348.99902053494543,1100.1687260987287,941749.1354057043,15113922520.310345,883.3908756790208,441.6954378395104,6.144388969037857,0.47966081985356507,0.14160282625067505,cdbox
