nameseq,average,median,maximum,minimum,peak,none_levated_peak,sample_standard_deviation,population_standard_deviation,percentile15,percentile25,percentile50,percentile75,amplitude,variance,interquartile_range,semi_interquartile_range,coefficient_of_variation,skewness,kurtosis,label
BA000001.2/1016391-1016333,4925.999999999996,201.35501664494632,207308.0,25.956906202317654,0.003992421166599001,0.4198867512246491,27006.775261034032,27238.59732641064,53.97742987151387,75.60349418361497,201.35501664494632,678.6673287793634,207282.0430937977,741941184.3103448,603.0638345957484,301.5319172978742,5.4824959929017565,0.5248288554655992,0.08917338138512414,cdbox
AJ248286.2/158357-158415,4238.000000000002,194.65942816404464,175404.0,18.72941463858164,0.0046405537203083195,0.45407768974461493,22847.06488807698,23043.18063010669,62.27829589369567,73.09350123859987,194.65942816404464,753.0212824402116,175385.27058536143,530988173.55172414,679.9277812016118,339.9638906008059,5.3910016253131126,0.5309225397192299,0.11855690091406848,cdbox
