nameseq,average,median,maximum,minimum,peak,none_levated_peak,sample_standard_deviation,population_standard_deviation,percentile15,percentile25,percentile50,percentile75,amplitude,variance,interquartile_range,semi_interquartile_range,coefficient_of_variation,skewness,kurtosis,label
AJ248284.1/236815-236761,5564.000000000006,131.24332132536813,234376.0,18.462545599473724,0.003294991612748618,0.3850362198034031,31356.556762501838,31645.56339508893,68.37721097398395,70.53624859430573,131.24332132536813,416.79526825623356,234357.53745440053,1001441682.5925926,346.2590196619278,173.1295098309639,5.635614083842883,0.5197723129956163,0.037514801511238996,cdbox
BA000001.2/1411664-1411723,9694.000000000002,184.00000000000003,448748.0,37.51939548767257,0.0020631318341242,0.3273515607647813,57670.23984690891,58156.917165865045,61.324446433262125,97.06435699214379,184.00000000000003,608.5642252774746,448710.4806045123,3382227014.237288,511.4998682853309,255.74993414266544,5.949065385486786,0.4947092308916277,0.05055651149025924,cdbox
AP006878.1/832424-832370,1587.9999999999998,147.41969591638198,50616.0,27.044788559085156,0.011544920235096559,0.5198860244896432,6832.631411103632,6895.606303748518,63.95819466756636,84.73760623254599,147.41969591638198,316.3971693673418,50588.955211440916,47549386.2962963,231.6595631347958,115.8297815673979,4.302664616564001,0.6325148617306711,0.05221585837779101,cdbox
DQ516907.1/5418-5363,2452.000000000001,104.00000000000001,62680.0,11.049316005626443,0.007612833061446436,0.49705717460495596,9708.107127550664,9795.965091440827,39.860130598747226,61.63151253527345,104.00000000000001,262.8962856552416,62668.95068399437,95960932.0727273,201.26477311996817,100.63238655998408,3.9592606556079364,0.7255791378743458,0.16946449176644748,cdbox
