nameseq,average,median,maximum,minimum,peak,none_levated_peak,sample_standard_deviation,population_standard_deviation,percentile15,percentile25,percentile50,percentile75,amplitude,variance,interquartile_range,semi_interquartile_range,coefficient_of_variation,skewness,kurtosis,label
AE009950.1/1891933-1891879,7147.999999999995,196.8567941095622,327496.0,19.19557926473037,0.002564819996269354,0.36586723858996145,43756.29477000995,44159.58711813828,46.85016682176694,76.38178133539287,196.8567941095622,443.6280839862309,327476.8044207353,1950069134.4444444,367.246302650838,183.623151325419,6.1214738066606005,0.47658124910439165,0.10496096972530054,cdbox
AJ248283.1/64245-64299,5876.000000000002,145.34050345517284,264368.0,9.224011247003387,0.0031200363058770126,0.40448029581522205,35346.55292952907,35672.334497738135,37.1446357976174,64.22273347966406,145.34050345517284,354.0229555821944,264358.775988753,1272515448.5185184,289.80022210253037,144.90011105126518,6.015410641512774,0.48638345368246744,0.11702383376554258,cdbox
AP006878.1/1103625-1103571,5948.000000000005,218.20425766326122,254424.0,34.09812815210905,0.003082268549652542,0.35552062713699023,34068.307442548416,34382.307697311306,63.83471812469807,100.35179686905667,218.20425766326122,765.6111481537614,254389.9018718479,1182143082.5925925,665.2593512847047,332.62967564235237,5.727691231094215,0.5045565370688815,0.11829444092549478,cdbox
BA000001.2/55211-55265,8164.0,203.61846759966662,373192.0,26.29609430227051,0.0022456312265229463,0.359943403007765,49881.59841063636,50341.346363637356,73.11710453166125,89.45315874418256,203.61846759966662,506.4608997162287,373165.70390569774,2534251153.703704,417.0077409720461,208.50387048602306,6.109945910171039,0.47875660279781196,0.10648846528374446,cdbox
