nameseq,average,median,maximum,minimum,peak,none_levated_peak,sample_standard_deviation,population_standard_deviation,percentile15,percentile25,percentile50,percentile75,amplitude,variance,interquartile_range,semi_interquartile_range,coefficient_of_variation,skewness,kurtosis,label
BA000001.2/266350-266296,1715.9999999999995,104.66291204943464,46024.0,21.263362980170694,0.010683760683760686,0.5022861618390969,6431.229120471451,6490.50437462583,31.540685974779322,44.41817465491701,104.66291204943464,566.7243261447716,46002.73663701983,42126647.03703704,522.3061514898545,261.15307574492726,3.7478025177572567,0.751646562935287,0.1214291661889356,cdbox
AJ248288.1/153186-153240,763.9999999999999,103.79447778728283,6037.935357604123,12.528495931739045,0.023996509598603843,0.6346197090142816,1691.0174452086533,1706.6031889236715,31.785218258752423,46.7888482402609,103.79447778728283,206.31825303937615,6025.406861672384,2912494.444444445,159.52940479911524,79.76470239955762,2.2133736193830544,1.17125732336473,0.030953842632153776,cdbox
D88253.1/2344-2290,2604.000000000001,94.75870548123719,87128.0,21.617880371905798,0.007040450588837683,0.4684124081835685,11894.038338596358,12003.6631291668,47.78624633919476,55.58074892259792,94.75870548123719,363.1437321047514,87106.38211962809,144087928.5185185,307.56298318215346,153.78149159107673,4.567603048616111,0.6328989086178324,0.11033899610452691,cdbox
L22346.1/2711-2655,8646.999999999998,252.18192136231983,363707.0,36.10029722357425,0.0021972938591418995,0.3054613572610898,47997.754489142506,48424.409586341,101.0,144.23954327184168,252.18192136231983,941.0356789631039,363670.8997027764,2344923443.785714,796.7961356912622,398.3980678456311,5.550798483768071,0.524700676187049,0.14277641294434446,cdbox
