nameseq,average,median,maximum,minimum,peak,none_levated_peak,sample_standard_deviation,population_standard_deviation,percentile15,percentile25,percentile50,percentile75,amplitude,variance,interquartile_range,semi_interquartile_range,coefficient_of_variation,skewness,kurtosis,label
AJ248283.1/73088-73034,7484.0,277.24109297624045,303008.0,63.28263636158961,0.0024496704079814712,0.32671956680017,40808.58875285937,41184.71272927119,108.67337890799367,134.33420949216145,277.24109297624045,596.2370685759136,302944.7173636384,1696180562.5925925,461.9028590837521,230.95142954187605,5.452777759601733,0.5297972162675288,0.08426838635804004,cdbox
AP006878.1/1167429-1167375,6604.000000000005,270.322150989413,250280.0,79.3328515972857,0.002776095295780333,0.32882050136206725,33996.17560844161,34309.51103961958,98.18327761783011,126.99194049718724,270.322150989413,604.3013147713488,250200.66714840272,1177142547.777778,477.30937427416154,238.65468713708077,5.147815809879102,0.5589167959914177,0.10414938340463167,cdbox
AE009950.1/1881800-1881853,2608.9999999999995,197.86825757981026,78211.0,35.0,0.0068991950939057125,0.41861452902049157,10886.341258659862,10988.562668039618,73.88483882309392,100.00000000000003,197.86825757981026,476.0000000000001,78176.0,120748509.50943397,376.0000000000001,188.00000000000006,4.172610677907192,0.6644468564226341,0.08484276392120728,cdbox
