nameseq,average,median,maximum,minimum,peak,none_levated_peak,sample_standard_deviation,population_standard_deviation,percentile15,percentile25,percentile50,percentile75,amplitude,variance,interquartile_range,semi_interquartile_range,coefficient_of_variation,skewness,kurtosis,label
AE009950.1/1665032-1665089,34938.99999999999,512.5823864533545,1650611.0,244.59652519525378,0.0005533453542841334,0.20268547999432615,215310.2558356197,217190.73045484416,315.0445018410628,363.8205134118737,512.5823864533545,2281.0295874391286,1650366.4034748047,47171813395.50877,1917.209074027255,958.6045370136275,6.162461886019054,0.4796764206136529,0.18232774331015628,cdbox
