nameseq,average,median,maximum,minimum,peak,none_levated_peak,sample_standard_deviation,population_standard_deviation,percentile15,percentile25,percentile50,percentile75,amplitude,variance,interquartile_range,semi_interquartile_range,coefficient_of_variation,skewness,kurtosis,label
AE009950.1/1245431-1245494,2816.000000000002,155.31490835773886,100184.0,13.354409663720126,0.007575757575757571,0.507109312128658,12839.800621504994,12941.302601201822,63.499735501617735,114.06175966478128,155.31490835773886,571.9930280409376,100170.64559033628,167477313.01587301,457.9312683761563,228.96563418807816,4.559588288886713,0.6216650484087648,0.09291248581566595,cdbox
AJ248286.2/3131-3195,1163.0000000000002,127.85125183292993,22475.0,9.468831636882099,0.01862997993694468,0.6530797547563162,3448.5127228995398,3475.349802537868,35.445919829847234,65.14561671802656,127.85125183292993,404.1771933590759,22465.53116836312,12078056.25,339.03157664104936,169.51578832052468,2.9651872079961645,0.9005175546779265,0.11082920403009837,cdbox
AP006878.1/1476852-1476910,918.0,96.58805848589049,12219.761748096298,5.565579527125202,0.021423384168482208,0.6701741788119089,2583.9175683446247,2606.0975251023947,38.766431841677985,57.25834134148956,96.58805848589049,204.72069927076745,12214.196168569173,6791744.310344827,147.46235792927789,73.73117896463894,2.814725019983251,0.9536820581010369,0.053864417584695436,cdbox
