nameseq,average,median,maximum,minimum,peak,none_levated_peak,sample_standard_deviation,population_standard_deviation,percentile15,percentile25,percentile50,percentile75,amplitude,variance,interquartile_range,semi_interquartile_range,coefficient_of_variation,skewness,kurtosis,label
JF909302.1/1-63,17440.000000000004,458.6903638218285,747096.0,110.35898175794341,0.0012041284403669723,0.27284908295827204,95243.96875393212,96008.99284089268,206.17990199634656,248.60722161251041,458.6903638218285,1407.056956903744,746985.6410182421,9217726706.32258,1158.4497352912338,579.2248676456169,5.461236740477758,0.5348782665719326,0.09329861640791452,cdbox
