nameseq,average,median,maximum,minimum,peak,none_levated_peak,sample_standard_deviation,population_standard_deviation,percentile15,percentile25,percentile50,percentile75,amplitude,variance,interquartile_range,semi_interquartile_range,coefficient_of_variation,skewness,kurtosis,label
JF909318.1/1-63,18343.999999999996,390.2155468447432,877032.0,77.45003488384667,0.0011447884866986483,0.26252017013966317,110268.73435385025,111154.44122771325,193.90292543648786,278.46092894162746,390.2155468447432,1071.090952250423,876954.5499651162,12355309804.64516,792.6300233087956,396.3150116543978,6.011160834815213,0.4884553511480935,0.04917556970188714,cdbox
