nameseq,average,median,maximum,minimum,peak,none_levated_peak,sample_standard_deviation,population_standard_deviation,percentile15,percentile25,percentile50,percentile75,amplitude,variance,interquartile_range,semi_interquartile_range,coefficient_of_variation,skewness,kurtosis,label
JF929905.1/1-98,23415.0,330.7621012338749,1914219.0,44.024781399745564,0.0013951170901843547,0.4074674873110298,192542.60075110648,193532.54352702864,126.04954925696315,155.5243838807935,330.7621012338749,944.8894498012751,1914174.9752186004,37454845404.04124,789.3650659204816,394.6825329602408,8.223045088665662,0.35967475990323355,0.12186669755825981,cdbox
AFXF01000848.1/17725-17628,17022.999999999996,287.984875516214,1326099.0,54.511426507468066,0.001918972370714132,0.4570618365502376,133501.0239960728,134187.40910652402,131.53980483113537,149.56811626164662,287.984875516214,965.9692994044201,1326044.4885734925,18006260762.72165,816.4011831427734,408.2005915713867,7.8423911176686145,0.37606487104494596,0.10349739998430227,cdbox
