nameseq,average,median,maximum,minimum,peak,none_levated_peak,sample_standard_deviation,population_standard_deviation,percentile15,percentile25,percentile50,percentile75,amplitude,variance,interquartile_range,semi_interquartile_range,coefficient_of_variation,skewness,kurtosis,label
EF503643.1/1-98,22791.000000000004,491.3834796330167,1598939.0,59.575686715330434,0.0014333143199801088,0.4134135645261944,161987.3761501186,162820.22162008125,226.0276475685902,286.2308807029405,491.3834796330167,1236.970805328243,1598879.4243132847,26510424568.412373,950.7399246253024,475.3699623126512,7.1075150783255925,0.41298804358127134,0.08892207115792918,cdbox
