nameseq,average,median,maximum,minimum,peak,none_levated_peak,sample_standard_deviation,population_standard_deviation,percentile15,percentile25,percentile50,percentile75,amplitude,variance,interquartile_range,semi_interquartile_range,coefficient_of_variation,skewness,kurtosis,label
JF909304.1/1-76,28222.0,479.99999999999994,1605204.0,97.18884772490462,0.0008976448633453806,0.28101784482298997,184404.38082648686,185629.67258381224,235.74311272513006,288.25265469816173,479.99999999999994,1140.474469965368,1605106.8111522752,34458375343.57333,852.2218152672062,426.1109076336031,6.534064943182158,0.45132333422333676,0.05124680192783396,cdbox
