nameseq,average,median,maximum,minimum,peak,none_levated_peak,sample_standard_deviation,population_standard_deviation,percentile15,percentile25,percentile50,percentile75,amplitude,variance,interquartile_range,semi_interquartile_range,coefficient_of_variation,skewness,kurtosis,label
DQ789461.1/2-136,177.75000000000006,130.7479433112834,544.8305701125925,0.25,0.2531645569620252,3.782828054545957,159.0106128533564,159.60283320064102,33.27083104789965,46.05553084495292,130.7479433112834,254.76039059201815,544.5805701125925,25473.064365671635,208.70485974706523,104.35242987353261,0.8945744745617797,0.8867720684542574,0.24569089023995758,hacabox
AAGD02001955.1/2837-2971,181.75,119.61362394370666,884.9093747778732,4.7658727021987,0.24759284731774414,3.7669952038960797,186.2481543532714,186.94181840922928,30.61555213396525,43.918461894758416,119.61362394370666,240.6426172382085,880.1435020756744,34947.24347014925,196.72415534345006,98.36207767172503,1.0247491298666926,1.0008642975076323,0.23267408207990814,hacabox
