nameseq,average,median,maximum,minimum,peak,none_levated_peak,sample_standard_deviation,population_standard_deviation,percentile15,percentile25,percentile50,percentile75,amplitude,variance,interquartile_range,semi_interquartile_range,coefficient_of_variation,skewness,kurtosis,label
ACGJ01001859.1/18807-18659,175.24999999999991,135.7972358540183,765.4865405254894,0.8277495743367013,0.28340466000951037,4.214902360288915,158.54731155084275,159.08204261884424,18.988732884996924,46.472021822802965,135.7972358540183,262.8867236524162,764.6587909511527,25307.09628378378,216.41470182961325,108.20735091480663,0.9046922199762786,0.7465171832950938,0.3035813593176994,hacabox
ACVC01000193.1/33186-33335,169.50000000000003,112.62950971071446,947.8155953677834,1.8740825502029255,0.29498525073746307,4.2881732194093,168.92379938895525,169.48970984979132,40.852089285637845,49.26459565641,112.62950971071446,226.8476626889656,945.9415128175805,28726.761744966447,177.58306703255562,88.79153351627781,0.9966005863655175,1.009990726499204,0.2574372003203301,hacabox
