nameseq,average,median,maximum,minimum,peak,none_levated_peak,sample_standard_deviation,population_standard_deviation,percentile15,percentile25,percentile50,percentile75,amplitude,variance,interquartile_range,semi_interquartile_range,coefficient_of_variation,skewness,kurtosis,label
AACB02000045.1/26369-26517,145.2500000000001,115.40799649815557,667.0825521402633,2.4301973521297455,0.34193918531267903,4.643453901935317,141.1532854736297,141.62935186892162,17.887396873885386,37.52368479967791,115.40799649815557,178.4264766731544,664.6523547881335,20058.87331081081,140.9027918734765,70.45139593673825,0.9717954249475359,0.6342467354205433,0.20609668822505461,hacabox
ACGJ01001410.1/76727-76873,144.74999999999991,107.25966714143965,870.9612901691511,2.143538321833085,0.3385146804835926,4.540002566340756,144.0629202813826,144.55544452249416,30.02089599719771,51.83360803716259,107.25966714143965,188.0938832693069,868.817751847318,20896.276541095885,136.2602752321443,68.13013761607215,0.9952533352772551,0.7807074739010101,0.22059710850152295,hacabox
