nameseq,average,median,maximum,minimum,peak,none_levated_peak,sample_standard_deviation,population_standard_deviation,percentile15,percentile25,percentile50,percentile75,amplitude,variance,interquartile_range,semi_interquartile_range,coefficient_of_variation,skewness,kurtosis,label
AF468961.1/1-132,122.99999999999993,97.72772221771474,441.0,1.498505874892791,0.3577235772357726,4.442796488117245,102.11757928975794,102.50660004816818,15.104197735673633,25.331612075463582,97.72772221771474,193.3750560829418,439.50149412510723,10507.603053435114,168.04344400747823,84.02172200373911,0.8302242218679512,0.7424464413881747,0.3480315145481797,hacabox
AJ248287.2/141310-141179,118.99999999999999,108.84078045699417,423.3880945034179,1.291742486617012,0.3697478991596639,4.391793613293271,93.55746896961246,93.91387966585731,31.88363694434448,45.28208177161364,108.84078045699417,150.10810660737195,422.0963520168009,8819.816793893127,104.82602483575832,52.41301241787916,0.7861972182320376,0.32576403535367787,0.26264482703703423,hacabox
BA000001.2/592118-592247,134.49999999999997,88.28356658190206,652.3166309455734,9.631991991340254,0.3221809169764561,4.139277273776016,127.4921566214957,127.9853582953319,25.2491684401377,49.72976583767294,88.28356658190206,159.06345102296027,642.6846389542332,16380.251937984483,109.33368518528732,54.66684259264366,0.9478970752527563,1.0875123923577656,0.18513864377098652,hacabox
