nameseq,average,median,maximum,minimum,peak,none_levated_peak,sample_standard_deviation,population_standard_deviation,percentile15,percentile25,percentile50,percentile75,amplitude,variance,interquartile_range,semi_interquartile_range,coefficient_of_variation,skewness,kurtosis,label
AE009950.1/1226103-1226159,44.25000000000001,30.999999999999996,151.41906403387517,1.255751039341723,0.42937853107344626,3.155198639204614,39.31284777270656,39.662302180858255,9.106621576250564,17.74472728516917,30.999999999999996,49.53664109407924,150.16331299453344,1573.0982142857135,31.791913808910074,15.895956904455037,0.8884259383662498,1.0111198311000245,0.16887497422618308,hacabox
AP006878.1/1545183-1545239,38.25,24.95228419033096,127.10995282127224,0.6388621512830912,0.49673202614379086,3.471899776424486,36.43487340447335,36.7587453151336,7.3153743152415585,10.995356772244552,24.95228419033096,52.10270967231694,126.47109066998915,1351.2053571428564,41.107352900072385,20.553676450036193,0.952545709920872,1.0949165923027242,0.20894134654973498,hacabox
