nameseq,average,median,maximum,minimum,peak,none_levated_peak,sample_standard_deviation,population_standard_deviation,percentile15,percentile25,percentile50,percentile75,amplitude,variance,interquartile_range,semi_interquartile_range,coefficient_of_variation,skewness,kurtosis,label
AJ632007.1/1-168,261.9999999999999,177.89701270914068,1495.0301231961566,0.0,0.21374045801526728,3.969828261302214,295.5097291122578,296.39316824049894,42.30459933486231,73.97528830526419,177.89701270914068,307.3405649798329,1495.0301231961566,87848.91017964072,233.3652766745687,116.68263833728435,1.1278997294360988,0.8538093234038019,0.20664640626751554,hacabox
