nameseq,average,median,maximum,minimum,peak,none_levated_peak,sample_standard_deviation,population_standard_deviation,percentile15,percentile25,percentile50,percentile75,amplitude,variance,interquartile_range,semi_interquartile_range,coefficient_of_variation,skewness,kurtosis,label
AJ632010.1/1-144,216.00000000000006,138.4765766901426,1578.5373831836428,1.479565943566364,0.22222222222222215,3.70509390858885,230.73794659743334,231.5433170970557,33.68405749521469,72.96021050352874,138.4765766901426,361.6994042931814,1577.0578172400765,53612.30769230769,288.73919378965263,144.36959689482632,1.0682312342473763,1.0079411443118018,0.33791922446277967,hacabox
CU329671.1/2121215-2121358,216.00000000000006,138.4765766901426,1578.5373831836428,1.479565943566364,0.22222222222222215,3.70509390858885,230.73794659743334,231.5433170970557,33.68405749521469,72.96021050352874,138.4765766901426,361.6994042931814,1577.0578172400765,53612.30769230769,288.73919378965263,144.36959689482632,1.0682312342473763,1.0079411443118018,0.33791922446277967,hacabox
