nameseq,average,median,maximum,minimum,peak,none_levated_peak,sample_standard_deviation,population_standard_deviation,percentile15,percentile25,percentile50,percentile75,amplitude,variance,interquartile_range,semi_interquartile_range,coefficient_of_variation,skewness,kurtosis,label
AJ632000.1/1-167,241.75000000000009,154.32105067060445,1836.803738164735,2.1495523378246624,0.2302654257152705,4.182772834434798,295.12433820340874,296.0119322021058,24.8736315828291,47.33053141043439,154.32105067060445,324.5220569740819,1834.6541858269104,87623.06400602408,277.19152556364753,138.59576278182377,1.220783198359498,0.8887333711102158,0.23984231067586462,hacabox
AATM01000018.1/5521-5685,213.24999999999994,134.77635814182358,942.9454025200586,2.1228258885467977,0.25791324736225096,4.249675502720014,202.15649878250264,202.77189289637872,36.3369815491857,50.180752771398595,134.77635814182358,325.2921194060298,940.8225766315118,41116.440548780476,275.1113666346312,137.5556833173156,0.9479788922977852,1.1645478972596137,0.3245520498614501,hacabox
