nameseq,average,median,maximum,minimum,peak,none_levated_peak,sample_standard_deviation,population_standard_deviation,percentile15,percentile25,percentile50,percentile75,amplitude,variance,interquartile_range,semi_interquartile_range,coefficient_of_variation,skewness,kurtosis,label
AB004535.1/423-644,339.50000000000017,249.5482907407301,2104.3445623312955,1.0,0.21796759941089827,4.482173626723129,331.36271667162555,332.111559924213,71.33736236553256,124.36058234420142,249.5482907407301,434.35835105940475,2103.3445623312955,110298.08823529413,309.99776871520334,154.99888435760167,0.9760315660430792,0.814379874985247,0.24688161979189416,hacabox
