nameseq,average,median,maximum,minimum,peak,none_levated_peak,sample_standard_deviation,population_standard_deviation,percentile15,percentile25,percentile50,percentile75,amplitude,variance,interquartile_range,semi_interquartile_range,coefficient_of_variation,skewness,kurtosis,label
AJ632015.1/1-148,230.99999999999994,173.05150059283253,955.6036515647772,1.5137315792985304,0.21356421356421362,3.6368514105504146,211.2557691519926,211.97310829314122,37.3404531778177,71.83633574375249,173.05150059283253,354.18402584966316,954.0899199854787,44932.59863945578,282.34769010591066,141.17384505295533,0.9145271391861154,0.8229147962175901,0.30088896448686775,hacabox
X74615.1/3847-3701,228.74999999999991,150.68921828743535,743.9882851814885,1.6318634851362364,0.21420765027322414,3.641893382874571,194.7052259185664,195.3708867523791,29.96948282886192,79.0,150.68921828743535,378.38427929468367,742.3564216963523,38169.78339041094,299.38427929468367,149.69213964734183,0.8511703865292524,1.2027532596153234,0.29085847977579704,hacabox
