nameseq,average,median,maximum,minimum,peak,none_levated_peak,sample_standard_deviation,population_standard_deviation,percentile15,percentile25,percentile50,percentile75,amplitude,variance,interquartile_range,semi_interquartile_range,coefficient_of_variation,skewness,kurtosis,label
AJ544010.1/1-140,177.0,132.35637508534995,804.5767169044796,4.1375345090670255,0.263653483992467,3.8472071717062115,149.70303938130317,150.24057446584575,42.06102783475124,61.43278521744365,132.35637508534995,259.34280043455675,800.4391823954126,22572.230215827345,197.91001521711308,98.95500760855654,0.8457798835101874,0.8946436578539977,0.2882172987413314,hacabox
AC007175.1/70408-70552,186.25000000000006,169.27936041236734,745.0773709790664,1.9257101167161752,0.25950782997762856,3.8978927305518227,153.1861612548601,153.71713740937716,40.734733561044216,72.97420602808137,169.27936041236734,245.11648117874233,743.1516608623501,23628.95833333334,172.14227515066096,86.07113757533048,0.8224760335831413,0.3323532514023546,0.23364024396565236,hacabox
AC007175.1/73628-73766,216.75000000000003,146.29287012637587,1593.5413525309743,6.201585818093144,0.21376393694732793,3.5725283782959796,236.1622853039834,237.01640123949608,23.71135377834909,65.61303173350142,146.29287012637587,288.294001136139,1587.339766712881,56176.774456521794,222.68096940263757,111.34048470131879,1.089560716512034,0.8950260171678107,0.2508069701697139,hacabox
AAKO01001995.1/15226-15363,200.50000000000003,108.01728734471607,974.4783246434199,1.1220096104927435,0.22942643391521195,3.6932364010920886,213.90243102872864,214.68167743833482,44.45588998487646,57.6400218829449,108.01728734471607,244.1647769693537,973.3563150329271,46088.22262773724,186.52475508640882,93.26237754320441,1.0668450425372997,1.2970780024869777,0.1791920933643285,hacabox
AAPP01018740.1/149264-149399,183.99999999999986,104.90747695432923,727.3809488277827,2.5637488156041504,0.2463768115942031,3.8358005000329247,180.91987176648118,181.5887090632544,23.304834647509622,36.47289266728028,104.90747695432923,324.37723884993966,724.8172000121785,32974.45925925925,287.90434618265937,143.95217309132968,0.9832601726439202,1.3115063968388907,0.30547970223988624,hacabox
