nameseq,average,median,maximum,minimum,peak,none_levated_peak,sample_standard_deviation,population_standard_deviation,percentile15,percentile25,percentile50,percentile75,amplitude,variance,interquartile_range,semi_interquartile_range,coefficient_of_variation,skewness,kurtosis,label
BX901883.5/169709-169573,178.25000000000006,119.73609996627091,756.25,1.732261421789623,0.25619448340345946,3.886984752203423,169.05768246370823,169.678079713598,27.763309319788405,53.99302940456899,119.73609996627091,261.21120037687774,754.5177385782104,28790.65073529412,207.21817097230874,103.60908548615437,0.9484301961498355,1.0383538774635168,0.24007437814399024,hacabox
BX640401.2/48470-48342,176.24999999999994,113.15263754822564,908.6620270667047,0.26033313851126444,0.24397163120567383,3.7072790993734692,183.06829326784035,183.78201251754754,30.060758967281675,46.71966711567009,113.15263754822564,252.18206494255517,908.4016939281935,33775.828125,205.46239782688508,102.73119891344254,1.0386853518742718,1.0339971164661308,0.24999708504133208,hacabox
BX640401.2/45102-44982,162.25,137.09509178360204,628.8603541985734,7.509949070539544,0.24858757062146894,3.497186458969242,137.0711494078896,137.64109427541374,30.62868012138959,42.90864114684376,137.09509178360204,224.24203349775863,621.3504051280339,18945.07083333333,181.33339235091486,90.66669617545743,0.8448144801718928,0.5505514834827104,0.24863541369872597,hacabox
AJ609479.1/1-123,154.75,141.3578350651676,528.2060917299707,3.43465082591139,0.2649434571890145,3.636045551897016,122.72173809069032,123.22366958462823,25.290206152411695,51.758024357063626,141.3578350651676,203.90173794548332,524.7714409040593,15184.07274590163,152.1437135884197,76.07185679420985,0.7930322332193236,0.3273787955545996,0.23787718281071882,hacabox
