nameseq,average,median,maximum,minimum,peak,none_levated_peak,sample_standard_deviation,population_standard_deviation,percentile15,percentile25,percentile50,percentile75,amplitude,variance,interquartile_range,semi_interquartile_range,coefficient_of_variation,skewness,kurtosis,label
AF357392.1/1-124,176.99999999999997,138.37106683408612,860.6199900577622,0.0,0.23352165725047086,3.4414492276556987,163.12878348102765,163.79056625305358,42.62756980623351,70.79991559428896,138.37106683408612,224.45267559887827,860.6199900577622,26827.349593495936,153.6527600045893,76.82638000229466,0.9216315450905519,0.7104006848136615,0.2414562781020639,hacabox
AJ609472.1/1-140,213.0000000000001,162.63655225691167,668.6016970247911,1.2178873612627208,0.21909233176838797,3.5177766936258164,169.28083175599062,169.88866434633388,53.427981814695244,79.76278455695709,162.63655225691167,316.5791092613148,667.3838096635284,28862.158273381297,236.8163247043577,118.40816235217885,0.7947456889952607,0.8925425381123723,0.2772719640856205,hacabox
S46763.1/4187-4324,194.5,114.94954633866654,702.3138742287645,4.2242154345984195,0.2365038560411311,3.6705848620969523,174.67183516526072,175.3081645410291,39.171808137662076,55.19118370017291,114.94954633866654,290.99999999999994,698.0896587941661,30732.95255474453,235.80881629982704,117.90440814991352,0.8980557077905436,1.3662841565625465,0.26422964452412445,hacabox
AAQQ01007810.1/1923-1784,214.99999999999986,184.08441548710812,718.3993368166992,6.587789535505567,0.2170542635658916,3.4811862703902605,167.0748335327616,167.67474509861313,41.03444185374863,80.10732959757138,184.08441548710812,279.580807313008,711.8115472811937,28114.820143884892,199.47347771543662,99.73673885771831,0.7770922489895894,0.5551210291673795,0.23647959830275517,hacabox
AAHX01002920.1/48724-48860,192.2500000000001,139.03790616231404,984.4689167954909,9.838945726751152,0.23753792804508003,3.6677706460916983,182.66499390961587,183.33532641519122,27.36328718508597,67.61239928432082,139.03790616231404,240.95135097185192,974.6299710687398,33611.841911764706,173.3389516875311,86.66947584376555,0.950143011233372,0.8739292521042512,0.20160613883098893,hacabox
