nameseq,average,median,maximum,minimum,peak,none_levated_peak,sample_standard_deviation,population_standard_deviation,percentile15,percentile25,percentile50,percentile75,amplitude,variance,interquartile_range,semi_interquartile_range,coefficient_of_variation,skewness,kurtosis,label
AC122188.4/123823-124068,325.5000000000001,255.86426444647117,1369.0,0.06581509961940632,0.25192012288786475,5.069253588730591,287.2303082893586,287.81589566234584,53.663571064104694,104.68280387717515,255.86426444647117,454.3011254593785,1368.9341849003806,82837.98979591834,349.61832158220335,174.80916079110168,0.8824279824557866,0.7273160270055194,0.2701956273376382,hacabox
X77337.1/5898-6146,364.24999999999983,264.1913762951309,1818.4563750668196,0.7378682440449791,0.22786547700754986,4.851184305484188,330.31121688492505,330.976496948436,53.508257965012405,128.52146559255658,264.1913762951309,506.29853453535515,1817.7185068227748,109545.44153225806,377.77706894279856,188.88853447139928,0.9068255782702133,0.9087668107231825,0.24449374776734029,hacabox
AC140410.3/155965-155720,325.5000000000001,255.86426444647117,1369.0,0.06581509961940632,0.25192012288786475,5.069253588730591,287.2303082893586,287.81589566234584,53.663571064104694,104.68280387717515,255.86426444647117,454.3011254593785,1368.9341849003806,82837.98979591834,349.61832158220335,174.80916079110168,0.8824279824557866,0.7273160270055194,0.2701956273376382,hacabox
AC013283.23/46245-46493,364.25000000000006,243.8313180469896,1831.1125431320877,1.972348275230901,0.22786547700754972,4.841206631802385,348.1572920391012,348.8585158956324,74.08261889792624,139.85409221283342,243.8313180469896,483.1580182459587,1829.1401948568569,121702.26411290321,343.3039260331253,171.65196301656266,0.9558196075198384,1.037623091974357,0.2292525915107799,hacabox
AAFC03044145.1/50535-50782,356.0,220.02816525943697,1635.754452009555,2.3157888204891672,0.23220973782771537,5.001544966081556,369.2316346143705,369.97831209005216,50.96136491456505,93.8718207062146,220.02816525943697,486.92226069685523,1633.438663189066,136883.95141700402,393.0504399906406,196.5252199953203,1.0371675129617148,1.1047685679687778,0.2335736923394793,hacabox
