nameseq,average,median,maximum,minimum,peak,none_levated_peak,sample_standard_deviation,population_standard_deviation,percentile15,percentile25,percentile50,percentile75,amplitude,variance,interquartile_range,semi_interquartile_range,coefficient_of_variation,skewness,kurtosis,label
AJ609451.1/1-130,174.49999999999997,126.35893358854456,603.6984397211749,0.39635523506112513,0.24832855778414523,3.7237516874983734,160.53114962523625,161.15216219413549,29.713793118915376,50.8020026668725,126.35893358854456,266.95203802886647,603.3020844861137,25970.019379844947,216.15003536199396,108.07501768099698,0.9199492815199787,0.8996584125356704,0.26640821217801947,hacabox
AL670276.13/34787-34916,142.5,85.7355535618346,803.4064342752154,0.6614846156519589,0.304093567251462,4.11369713254804,147.84535839856454,148.41729615664613,22.38223622662262,41.013699059144976,85.7355535618346,216.62900253354573,802.7449496595634,22027.693798449607,175.61530347440075,87.80765173720037,1.0375112870074705,1.1518341945874007,0.2783502795587296,hacabox
AL807234.6/143918-143791,151.9999999999999,113.80397846586507,591.7861567248173,3.808847716143507,0.2807017543859651,3.839109595603063,139.3843606722074,139.9320419987958,31.704726573697755,52.113845738135176,113.80397846586507,193.86574107080116,587.9773090086737,19580.976377952753,141.75189533266598,70.87594766633299,0.9170023728434704,0.8221013035449735,0.22027349025073356,hacabox
AL929545.8/89263-89392,160.49999999999997,128.74378165402777,693.4604102205068,2.2593587077301733,0.2699896157840084,3.7343415765106016,132.5754502160939,133.08831654206165,46.63789463639872,60.279930904085084,128.74378165402777,209.95213947341418,691.2010515127766,17712.499999999996,149.6722085693291,74.83610428466454,0.8260152661438874,0.718599521122739,0.23890563399854403,hacabox
ABDC01019451.1/1606-1737,173.00000000000006,99.82091464302592,823.709752244946,1.0,0.25433526011560686,3.803253303203345,173.48198753761147,174.14287369288257,30.01080132147938,54.164369725705896,99.82091464302592,237.46473927537326,822.709752244946,30325.740458015254,183.30036954966738,91.65018477483369,1.0027860551307017,1.2654757948477273,0.2229444562667577,hacabox
