nameseq,average,median,maximum,minimum,peak,none_levated_peak,sample_standard_deviation,population_standard_deviation,percentile15,percentile25,percentile50,percentile75,amplitude,variance,interquartile_range,semi_interquartile_range,coefficient_of_variation,skewness,kurtosis,label
AJ609453.1/1-134,161.5,107.13774509117869,662.0130307737,1.0,0.27657378740970073,3.9941887532884586,154.6584947553803,155.23882885722375,18.834135952281766,42.23835914584606,107.13774509117869,238.19378338293413,661.0130307737,24099.09398496241,195.95542423708807,97.97771211854403,0.9576377384234075,1.0544960041439329,0.2578357506990388,hacabox
AC013416.4/54383-54515,159.24999999999997,113.13704164477915,659.1753155775425,2.516296681519975,0.27838827838827845,3.9271628883021448,149.13500595098392,149.6988454136565,30.17163970187291,46.84039971731647,113.13704164477915,223.20313402445888,656.6590188960225,22409.744318181827,176.3627343071424,88.1813671535712,0.9364835538523325,0.9276083383879047,0.25626044284664945,hacabox
AC020634.16/18995-18865,154.74999999999991,78.65706276351739,1113.3012504928395,13.123590753181317,0.28217555196553595,3.9908231678491646,187.83802863105223,188.55909857083577,36.103240168885335,48.69257422766797,78.65706276351739,189.6486581149715,1100.177659739658,35554.533653846156,140.95608388730355,70.47804194365177,1.2138160170019536,1.2152960365540695,0.20632790987442184,hacabox
AL603787.8/33357-33225,165.25000000000006,125.45351326873012,730.9309501141726,1.0287778903968128,0.26828038325769027,3.751025161154006,141.00443255444137,141.537532499548,47.74554498107038,86.01782352130213,125.45351326873012,206.39925070723405,729.9021722237758,20032.87310606061,120.38142718593191,60.190713592965956,0.8532794708286918,0.846707142683007,0.2137172532246223,hacabox
AC112261.4/56192-56327,154.0,95.88447254012503,1087.4502942790264,0.22331833889397812,0.2943722943722944,4.151072276046359,172.16561793807725,172.8020918940594,27.681922876487455,41.68417230368765,95.88447254012503,187.89423381025048,1087.2269759401324,29860.562962962955,146.21006150656282,73.10503075328141,1.1179585580394626,1.0126678280348176,0.21588354587245318,hacabox
