nameseq,average,median,maximum,minimum,peak,none_levated_peak,sample_standard_deviation,population_standard_deviation,percentile15,percentile25,percentile50,percentile75,amplitude,variance,interquartile_range,semi_interquartile_range,coefficient_of_variation,skewness,kurtosis,label
AC008581.11/95393-95256,142.49999999999994,86.14829438064666,854.3746916368159,0.0,0.32280701754385976,4.478155800276546,157.5253947781119,158.0992596833039,17.493242367574723,29.718164845946617,86.14829438064666,206.72169093281616,854.3746916368159,24995.375912408763,177.00352608686956,88.50176304343478,1.1054413668639436,1.073192783272745,0.26405964787316133,hacabox
ABDC01238968.1/714-577,150.49999999999994,101.25702015595488,775.6804875035265,4.388326700500009,0.3056478405315616,4.27604762871889,163.0099690203026,163.60381422569918,23.700348744122362,32.721336452073196,101.25702015595488,191.49873756868487,771.2921608030265,26766.20802919709,158.77740111661168,79.38870055830584,1.0831227177428748,0.9062570861156094,0.21102497225711045,hacabox
AAQQ01634086.1/1372-1509,156.49999999999991,125.12800626173765,860.7734112865144,2.884794184464253,0.29392971246006405,4.181620109466892,157.85515512646398,158.43022134837898,19.277481447546325,32.979974722651235,125.12800626173765,197.16333815099097,857.8886171020501,25100.13503649636,164.18336342833973,82.09168171416987,1.0086591381882688,0.5962173432941532,0.2214360359677224,hacabox
AAPY01231828.1/609-746,142.50000000000006,113.90540136942779,626.4585715296722,0.06541600814229322,0.32280701754385954,4.326380855899031,130.85965764894848,131.33637929205847,24.809983378243686,41.32744489853983,113.90540136942779,191.10206713306786,626.3931555215299,17249.244525547445,149.77462223452804,74.88731111726402,0.9183133870101644,0.6555404273014779,0.2551514347239194,hacabox
AAFC03042691.1/8218-8081,140.49999999999994,96.99515487841995,643.348820343562,5.247539674790871,0.32740213523131684,4.360550273465517,136.873116425396,137.3717450947063,20.57191961144365,36.47467862673905,96.99515487841995,202.9408972902692,638.1012806687711,18870.99635036497,166.46621866353013,83.23310933176506,0.9741858820312886,0.9535439739613013,0.2872176252403297,hacabox
