nameseq,average,median,maximum,minimum,peak,none_levated_peak,sample_standard_deviation,population_standard_deviation,percentile15,percentile25,percentile50,percentile75,amplitude,variance,interquartile_range,semi_interquartile_range,coefficient_of_variation,skewness,kurtosis,label
AF357400.1/1-112,146.0,100.1988471455,1138.756374349435,0.2241988940558602,0.25570776255707767,3.523115269843326,177.93538152936307,178.73509513868348,33.098479523899506,46.17711434559829,100.1988471455,190.5201358288787,1138.532175455379,31946.23423423423,144.3430214832804,72.1715107416402,1.2187354899271443,0.7722098740706359,0.2706005342100148,hacabox
AL845471.7/44715-44842,171.99999999999991,103.63877828530119,826.6720575364093,3.3845543958358735,0.24806201550387608,3.765960066332367,193.13207915827965,193.8909507620239,31.56501398594394,45.36262304540854,103.63877828530119,210.9037321159824,823.2875031405734,37593.70078740157,165.54110907057384,82.77055453528692,1.1228609253388357,1.0618829665061582,0.2175292872758725,hacabox
AJ609441.1/1-130,180.49999999999997,106.64429612131728,1714.1687858458267,1.1494555117427974,0.2400738688827332,3.7690090531321156,252.65440823385612,253.63179837569035,27.9471375469684,45.57806774260651,106.64429612131728,264.7891801351966,1713.0193303340839,64329.08914728684,219.2111123925901,109.60555619629505,1.3997474140379842,0.8769572365068978,0.3210955188501837,hacabox
AJ225898.1/4306-4432,171.74999999999997,79.11096408509431,1539.9964415525374,2.618463849035206,0.24648229015041248,3.877947844011331,243.3122993192083,244.27591615688544,17.93507543594002,30.1812565555407,79.11096408509431,228.84781952122594,1537.3779777035022,59670.72321428573,198.66656296568524,99.33328148284262,1.4166654982195537,1.1422238354671486,0.2403274743034644,hacabox
