nameseq,average,median,maximum,minimum,peak,none_levated_peak,sample_standard_deviation,population_standard_deviation,percentile15,percentile25,percentile50,percentile75,amplitude,variance,interquartile_range,semi_interquartile_range,coefficient_of_variation,skewness,kurtosis,label
U66590.1/515-647,173.24999999999997,121.03244624662665,918.5033511224831,0.12367732904967728,0.25589225589225595,3.8296829434643627,172.34920945568624,173.0008155962558,18.55893407027815,48.95924477965772,121.03244624662665,231.71072014557893,918.3796737934334,29929.282196969703,182.7514753659212,91.3757376829606,0.9948006317788529,0.9089259054617126,0.2105429113748232,hacabox
Y11160.1/1-133,175.25000000000009,129.19072612531426,750.0717753411282,0.007778144070318166,0.2529719448407036,3.7325389399690527,155.66390076058101,156.25242422361833,37.919452262418005,69.87183274106975,129.19072612531426,228.21272010472103,750.0639971970578,24414.820075757587,158.3408873636513,79.17044368182565,0.8882390913585217,0.8876677312396404,0.21070402667458235,hacabox
AL162740.13/8947-9079,173.25,133.73809861164764,769.6425600024679,1.1721686136471363,0.2558922558922559,3.7522360545180997,153.15433392496604,153.7333693888102,30.201716604498852,59.689470087763766,133.73809861164764,230.02885626372114,768.4703913888208,23633.948863636364,170.33938617595737,85.16969308797869,0.8840076994226034,0.7739624542595741,0.21095901857217092,hacabox
ABDC01226271.1/3744-3876,185.24999999999991,123.69214290835946,1085.6263541568537,2.524761791339121,0.23931623931623944,3.7056503841577126,190.5131229075834,191.2334019337404,26.184349656636503,65.66146156409542,123.69214290835946,278.59547687799534,1083.1015923655145,36570.214015151505,212.93401531389992,106.46700765694996,1.0284109198789932,0.9693482971485656,0.3001631386350832,hacabox
AAFC03018486.1/23431-23299,175.24999999999994,113.81888528506255,1248.1565546314375,1.0263510123389843,0.25297194484070384,3.759425106623728,191.0373000227966,191.75956082205306,36.84855603972243,61.174983259345034,113.81888528506255,235.3439912603053,1247.1302036190984,36771.729166666664,174.16900800096028,87.08450400048014,1.090084450914674,0.9646982244976261,0.2739087948511697,hacabox
