nameseq,average,median,maximum,minimum,peak,none_levated_peak,sample_standard_deviation,population_standard_deviation,percentile15,percentile25,percentile50,percentile75,amplitude,variance,interquartile_range,semi_interquartile_range,coefficient_of_variation,skewness,kurtosis,label
AK096147.1/2648-2777,186.49999999999986,99.55172455423562,1064.788664818688,10.673596667310175,0.2323503127792674,3.6089668628585794,206.36436223340496,207.16267996188944,30.135840916485478,50.99528713486137,99.55172455423562,264.97058435005516,1054.1150681513777,42916.37596899222,213.9752972151938,106.9876486075969,1.1065113256482848,1.264001320355249,0.24727868004435943,hacabox
AB061840.1/3761-3890,186.49999999999986,99.55172455423562,1064.788664818688,10.673596667310175,0.2323503127792674,3.6089668628585794,206.36436223340496,207.16267996188944,30.135840916485478,50.99528713486137,99.55172455423562,264.97058435005516,1054.1150681513777,42916.37596899222,213.9752972151938,106.9876486075969,1.1065113256482848,1.264001320355249,0.24727868004435943,hacabox
AJ609473.1/1-130,186.49999999999986,99.55172455423562,1064.788664818688,10.673596667310175,0.2323503127792674,3.6089668628585794,206.36436223340496,207.16267996188944,30.135840916485478,50.99528713486137,99.55172455423562,264.97058435005516,1054.1150681513777,42916.37596899222,213.9752972151938,106.9876486075969,1.1065113256482848,1.264001320355249,0.24727868004435943,hacabox
AC116119.12/257476-257604,188.25000000000023,105.03078703285148,845.395896631263,0.35316251894126865,0.22841965471447515,3.6053493330181134,203.47727145801812,204.2705581759153,29.159246489629016,55.00397899365512,105.03078703285148,256.24031586037955,845.0427341123217,41726.4609375,201.23633686672443,100.61816843336221,1.0808885602019542,1.2269559008361097,0.1857968128556085,hacabox
AF357393.1/1-105,140.24999999999997,97.83875985155409,1464.5473058451867,2.6778223867047863,0.24955436720142607,3.4243443808586025,206.6821230779285,207.673409930852,23.829435864462233,44.19667501323529,97.83875985155409,185.9826897706586,1461.869483458482,43128.24519230769,141.7860147574233,70.89300737871164,1.4736693267588488,0.6156009941767667,0.25915111929383455,hacabox
