nameseq,average,median,maximum,minimum,peak,none_levated_peak,sample_standard_deviation,population_standard_deviation,percentile15,percentile25,percentile50,percentile75,amplitude,variance,interquartile_range,semi_interquartile_range,coefficient_of_variation,skewness,kurtosis,label
Z75093.1/322-141,283.50000000000006,229.62469826403796,1299.5887514347264,5.497894141469821,0.21399176954732504,4.070966986903184,273.34090436669015,274.09494967340083,28.60166174385485,72.74878701663235,229.62469826403796,385.28510486961403,1294.0908572932567,75128.04143646413,312.5363178529817,156.26815892649086,0.9641654475015524,0.5912979090427797,0.2875276900724205,hacabox
AABY01000157.1/7666-7486,279.24999999999994,215.062623042391,1150.1575163979448,0.6043286963911573,0.21605490898239338,4.0625507590191035,254.76116266024533,255.46785240243264,47.895756711803905,93.66466715357485,215.062623042391,390.8400052419829,1149.5531877015537,65263.823611111104,297.17533808840807,148.58766904420403,0.9123049692399119,0.7558535565706754,0.24397754475170255,hacabox
AACH01000064.1/11375-11554,275.00000000000006,193.96744716529133,1464.254722825829,1.4376941012509383,0.21818181818181814,4.044293334122932,259.52456531126296,260.24848461233495,48.46536880267112,80.07643994129398,193.96744716529133,389.5498069530798,1462.8170287245782,67729.27374301675,309.4733670117858,154.7366835058929,0.943725692040956,0.9367038461756596,0.2857511222412203,hacabox
AACA01000382.1/3439-3617,262.75,170.01002829848483,1513.5355483548406,1.0991184640020484,0.22708531557247066,4.2006534826221245,277.46013227128685,278.23842309118567,27.829388389145866,75.33837217093793,170.01002829848483,366.3490730934195,1512.4364298908386,77416.62008426966,291.0107009224816,145.5053504612408,1.0559852798146028,1.0027383495676985,0.2672705681650973,hacabox
AACI02000001.1/14209-14385,270.24999999999983,204.17818640425452,1141.5770005794238,3.4109868759747632,0.21831637372802973,4.007926514444419,235.81348561946155,236.48246139080703,45.97364400116696,82.61651045737834,204.17818640425452,418.00818784380454,1138.1660137034492,55923.954545454544,335.3916773864262,167.6958386932131,0.8725753399425039,0.8405602430520086,0.28258626167389034,hacabox
