nameseq,average,median,maximum,minimum,peak,none_levated_peak,sample_standard_deviation,population_standard_deviation,percentile15,percentile25,percentile50,percentile75,amplitude,variance,interquartile_range,semi_interquartile_range,coefficient_of_variation,skewness,kurtosis,label
U33057.1/55298-54749,857.4999999999997,521.7197154238083,5243.167715900992,0.6210123395444357,0.2137998056365404,7.121042142096634,860.8665692196439,861.6502440011546,141.5421658993783,233.99291492473267,521.7197154238083,1246.9699821549398,5242.546703561448,742441.1429872494,1012.9770672302071,506.48853361510356,1.003926028244483,1.1701474882939242,0.251385522407656,hacabox
AABZ01000102.1/5093-4533,880.25,619.7149251339607,14042.25,1.6156793125626994,0.21243964782732178,7.170250427473417,1029.0597650282514,1029.9781585756357,139.93217420991124,249.3885425732805,619.7149251339607,1164.0844621500012,14040.634320687437,1060855.0071428572,914.6959195767207,457.34795978836036,1.169053979015338,0.7595333635230214,0.2565028843498182,hacabox
AACG02000122.1/7707-7140,863.9999999999999,589.1516581099553,11664.0,0.8891109498557555,0.21913580246913583,7.305136279492852,983.8465327478672,984.713740084811,144.63551736740496,265.91363210942,589.1516581099553,1137.0389983901173,11663.110889050144,969661.1499118166,871.1253662806973,435.56268314034867,1.1387112647544761,0.8380829715049085,0.24001483379104865,hacabox
AAEG01000088.1/36121-36653,833.2500000000005,605.6835125223664,5852.25,2.455062101526774,0.2132213221322131,6.85341931835014,795.5213699203812,796.2686893617598,191.60997466007214,286.12721422959527,605.6835125223664,1107.829211573547,5849.794937898473,634043.8256578947,821.7019973439517,410.85099867197584,0.9547211160160585,0.8581786589859042,0.22249026247020237,hacabox
AABY01000065.1/22048-22610,876.7499999999997,605.3992447274063,11772.249999999995,0.020211778764750693,0.21404809428761531,7.272335384207275,1032.200138054631,1033.1180574339435,107.00992384643925,223.4090738329733,605.3992447274063,1154.489311651951,11772.22978822123,1067332.9205960848,931.0802378189778,465.5401189094889,1.1773026952433776,0.7886573890137331,0.23837053106607722,hacabox
