nameseq,average,median,maximum,minimum,peak,none_levated_peak,sample_standard_deviation,population_standard_deviation,percentile15,percentile25,percentile50,percentile75,amplitude,variance,interquartile_range,semi_interquartile_range,coefficient_of_variation,skewness,kurtosis,label
Z48756.1/13768-12765,1560.999999999999,1015.9301338485798,32300.515325075765,11.99349580660541,0.21439248345077955,9.728650864464083,2113.3601207555707,2114.4133777961656,238.2674271235095,395.6271713887906,1015.9301338485798,2080.7643470112,32288.52182926916,4470743.932203391,1685.1371756224091,842.5685878112046,1.353850173450078,0.7737486774708496,0.2558649419380776,hacabox
AABY01000081.1/5507-6509,1552.7499999999995,972.8469572068946,41642.6583816938,3.0077140691560516,0.21531691085708157,9.827741591161665,2431.247750641633,2432.4606455789617,239.98529589879539,418.75560940517374,972.8469572068946,1953.127850274805,41639.65066762464,5916864.792290419,1534.3722408696312,767.1861204348156,1.5657689587130148,0.7155622572484382,0.23613392682781778,hacabox
AABZ01000413.1/1491-521,1516.749999999999,1004.2323080780355,23275.149587995013,10.401516210758974,0.21339486841382355,9.54461624579709,1895.3281048409526,1896.3048264233503,230.98280630773127,412.14117740209855,1004.2323080780355,2011.3025868648328,23264.74807178425,3595971.9947164925,1599.1614094627344,799.5807047313672,1.249598223069691,0.8112331958982454,0.23543195136788517,hacabox
AACI02000062.1/9726-10739,1563.5000000000011,891.5184477780715,38560.03881152894,2.2376953766951195,0.2161816437480011,9.942434817326077,2355.6415792730427,2356.803998085103,273.10028917598754,391.1410483677377,891.5184477780715,1960.339574037902,38557.801116152245,5554525.085389926,1569.1985256701641,784.5992628350821,1.5066463570662239,0.8557943086095104,0.22588968349779828,hacabox
