nameseq,average,median,maximum,minimum,peak,none_levated_peak,sample_standard_deviation,population_standard_deviation,percentile15,percentile25,percentile50,percentile75,amplitude,variance,interquartile_range,semi_interquartile_range,coefficient_of_variation,skewness,kurtosis,label
M20765.1/237-423,278.7500000000001,217.52843280267325,1792.6618897406258,4.462750353848414,0.2236173393124065,4.19023128018834,284.38112630763663,285.14456694655746,53.08273193800985,90.01173566736927,217.52843280267325,348.0537206042815,1788.1991393867775,81307.42405913978,258.0419849369123,129.02099246845614,1.0202013499825526,0.6458399823386892,0.21591092040578888,hacabox
AABY01000088.1/34426-34241,262.50000000000006,169.50484175590321,1638.576518341937,1.7058988909945818,0.23619047619047615,4.3694276328730455,296.6989214675375,297.49972972960694,40.67555889457767,78.10094683993614,169.50484175590321,355.15891528355723,1636.8706194509423,88506.08918918917,277.0579684436211,138.52898422181056,1.1302816055906189,0.9402982435944411,0.26553729089005335,hacabox
AACG02000010.1/70750-70564,272.75000000000006,179.96807820289303,1730.2091648962028,1.4399616810771432,0.22853651084631832,4.299182947292616,289.9527978826899,290.7311960561079,49.413946963362115,77.26237242693564,179.96807820289303,362.4686651206487,1728.7692032151256,84524.62836021505,285.20629269371307,142.60314634685653,1.0630716695973963,0.9599692343852988,0.2385450204944338,hacabox
AACI02000041.1/11601-11416,274.4999999999999,198.16821498286845,1688.6173867111372,2.4231556000375343,0.22586520947176694,4.314733734397064,313.7869500154523,314.6338798959488,39.56255175819429,57.537998738151174,198.16821498286845,373.1148604444099,1686.1942311110997,98994.47837837834,315.5768617062587,157.78843085312934,1.1431218579797904,0.7297797280610858,0.267710761519235,hacabox
