nameseq,average,median,maximum,minimum,peak,none_levated_peak,sample_standard_deviation,population_standard_deviation,percentile15,percentile25,percentile50,percentile75,amplitude,variance,interquartile_range,semi_interquartile_range,coefficient_of_variation,skewness,kurtosis,label
AAHK01020514.1/750-683,62.999999999999986,40.37525033020782,443.62498334700365,1.0,0.3597883597883599,3.2135989585335794,76.22335600063802,76.79008020513098,15.24498311148909,21.36933158363228,40.37525033020782,88.53456472096835,442.62498334700365,5896.7164179104475,67.16523313733606,33.58261656866803,1.2098945396926672,0.8904652401923678,0.3240131422918287,hacabox
AAHA01000001.1/3813320-3813388,57.25000000000001,29.2537434317198,237.0,0.9848315673311916,0.40174672489082963,3.510434027617802,61.19027700541974,61.63856341609529,9.0430986466556,13.341016644885629,29.2537434317198,85.41934881896924,236.01516843266882,3799.3125,72.07833217408361,36.03916608704181,1.0688257992213053,1.3725835837840965,0.21642878468256158,hacabox
FR796465.1/103544-103472,66.24999999999999,47.0846402196005,263.9354085838816,4.504763317495863,0.3672955974842768,3.3700315283601703,65.11912161569748,65.56977835354739,13.805447215713956,14.671614119397546,47.0846402196005,97.82343992671355,259.43064526638574,4299.395833333332,83.151825807316,41.575912903658,0.9829301375954339,0.8829369609822649,0.26080933241501775,hacabox
FR799008.1/88022-87950,70.24999999999999,46.685677613417454,310.5991481323936,0.006217490041615339,0.3463819691577699,3.246581259429144,63.823976685881924,64.26567037609495,12.269653988031642,23.696330873764687,46.685677613417454,102.83550952992492,310.59293064235203,4130.076388888888,79.13917865616023,39.56958932808011,0.9085263585178923,1.1076239813083462,0.2833345318817007,hacabox
FN554973.1/3774444-3774512,59.250000000000014,32.608587517047546,268.0,0.6644318061454452,0.38818565400843874,3.442008096913103,65.1709291018626,65.64837818882908,9.59657321851159,13.845827662687908,32.608587517047546,78.91047800904265,267.33556819385456,4309.70955882353,65.06465034635474,32.53232517317737,1.0999312928584402,1.2263786714462102,0.2054228347319269,hacabox
