nameseq,average,median,maximum,minimum,peak,none_levated_peak,sample_standard_deviation,population_standard_deviation,percentile15,percentile25,percentile50,percentile75,amplitude,variance,interquartile_range,semi_interquartile_range,coefficient_of_variation,skewness,kurtosis,label
AAHK01001095.1/15481-15405,99.25000000000003,79.27329011313759,552.6290413521128,0.9383616931205074,0.25860621326616284,2.9205552990839827,102.36576576180146,103.03702387721458,14.142298374188291,21.92650673004676,79.27329011313759,125.60660273331756,551.6906796589923,10616.628289473689,103.68009600327079,51.840048001635395,1.0313931059123569,0.5854508996693374,0.26063248942365286,hacabox
AAHA01000001.1/2180159-2180225,88.75000000000003,79.03787212271286,341.0922755056797,0.25,0.25164319248826283,2.7146815088695595,81.85429127419037,82.47206827438332,7.6703560526683265,20.247466724898544,79.03787212271286,130.0303991916375,340.8422755056797,6801.642045454544,109.78293246673897,54.891466233369485,0.9223018735120039,0.355954259432316,0.2706501571082841,hacabox
FR796468.1/2236646-2236568,87.75000000000003,52.85369524668725,274.14015311948845,3.9882527810387067,0.30009496676163333,3.086111626911375,76.48447554896354,76.97319921528467,28.384701683641918,35.632037012811296,52.85369524668725,133.56673803134356,270.15190033844976,5924.8733974359,97.93470101853227,48.96735050926613,0.8716179549739432,1.3687603073504633,0.23788048131719672,hacabox
FN554973.1/2138563-2138629,88.74999999999997,65.03530782323249,377.34129242121753,1.8591219135560684,0.251643192488263,2.7180424211272207,89.35952663258686,90.03394772209116,9.437110166323226,23.270349167354624,65.03530782323249,135.7516767657831,375.48217050766146,8106.111742424243,112.48132759842846,56.24066379921423,1.0068679057192889,0.7961554767721682,0.3149390018691454,hacabox
