nameseq,average,median,maximum,minimum,peak,none_levated_peak,sample_standard_deviation,population_standard_deviation,percentile15,percentile25,percentile50,percentile75,amplitude,variance,interquartile_range,semi_interquartile_range,coefficient_of_variation,skewness,kurtosis,label
JF909328.1/1-132,217.0,139.27120608477014,1109.857809128253,3.4386804475757193,0.20276497695852536,3.420007670762886,224.35240136891778,225.20708027864836,27.23649352577076,42.549058418817715,139.27120608477014,324.45112642593494,1106.4191286806772,50718.22900763356,281.90206800711724,140.95103400355862,1.0338820339581465,1.039375466109879,0.2860981197709818,hacabox
