nameseq,average,median,maximum,minimum,peak,none_levated_peak,sample_standard_deviation,population_standard_deviation,percentile15,percentile25,percentile50,percentile75,amplitude,variance,interquartile_range,semi_interquartile_range,coefficient_of_variation,skewness,kurtosis,label
EF503654.1/1-103,169.74999999999997,103.9935996291828,744.8141638504561,3.168803503182627,0.20225822287677964,2.998958860783659,182.20970061991758,183.1007069143891,29.362639695104733,56.83338889820489,103.9935996291828,186.5147555120228,741.6453603472735,33525.868872549014,129.6813666138179,64.84068330690894,1.0734002982027546,1.0826492796009115,0.16069905029128745,hacabox
