nameseq,average,median,maximum,minimum,peak,none_levated_peak,sample_standard_deviation,population_standard_deviation,percentile15,percentile25,percentile50,percentile75,amplitude,variance,interquartile_range,semi_interquartile_range,coefficient_of_variation,skewness,kurtosis,label
EF503649.1/1-113,184.25000000000003,114.63570039793308,856.0338908127666,0.18374007389656374,0.2044323835368611,3.1695706535100956,196.49681931268,197.37208787320608,32.140781721874255,46.27424356597417,114.63570039793308,223.92830539173036,855.85015073887,38955.74107142858,177.6540618257562,88.8270309128781,1.066468490163799,1.0628309381124121,0.20067232505735158,hacabox
