nameseq,average,median,maximum,minimum,peak,none_levated_peak,sample_standard_deviation,population_standard_deviation,percentile15,percentile25,percentile50,percentile75,amplitude,variance,interquartile_range,semi_interquartile_range,coefficient_of_variation,skewness,kurtosis,label
EF503655.1/1-111,179.75,119.48841221488311,793.0,3.402536933361299,0.20584144645340752,3.1767993835776855,194.66862870015805,195.55148415326704,21.16510076553992,36.081530508690065,119.48841221488311,236.46230319777817,789.5974630666387,38240.38295454545,200.3807726890881,100.19038634454405,1.0829965435335636,0.9286794927487146,0.22476146357794718,hacabox
