nameseq,average,median,maximum,minimum,peak,none_levated_peak,sample_standard_deviation,population_standard_deviation,percentile15,percentile25,percentile50,percentile75,amplitude,variance,interquartile_range,semi_interquartile_range,coefficient_of_variation,skewness,kurtosis,label
JF909326.1/1-152,252.00000000000006,193.37699475402263,1372.806804329597,6.478114915273439,0.201058201058201,3.532467025420128,234.69554746522138,235.4714026308792,53.876179495150446,76.99245666954901,193.37699475402263,347.2564337261799,1366.3286894143237,55446.78145695363,270.2639770566309,135.13198852831545,0.9313315375604021,0.7493496047852958,0.2870519326476705,hacabox
