nameseq,average,median,maximum,minimum,peak,none_levated_peak,sample_standard_deviation,population_standard_deviation,percentile15,percentile25,percentile50,percentile75,amplitude,variance,interquartile_range,semi_interquartile_range,coefficient_of_variation,skewness,kurtosis,label
X66430.1/1-130,198.49999999999991,155.25934194254455,900.0,0.3354174673046429,0.2183039462636441,3.413279237323086,173.44811904428366,174.11910073369341,36.635380578266776,76.32726808325005,155.25934194254455,285.4768868218988,899.6645825326954,30317.461240310076,209.14961873864877,104.57480936932438,0.8737940506009256,0.7479007260911622,0.2656480065423699,hacabox
