nameseq,average,median,maximum,minimum,peak,none_levated_peak,sample_standard_deviation,population_standard_deviation,percentile15,percentile25,percentile50,percentile75,amplitude,variance,interquartile_range,semi_interquartile_range,coefficient_of_variation,skewness,kurtosis,label
EF503658.1/1-117,193.24999999999997,148.59452342994092,768.9530657759635,1.9386730279959807,0.20181112548512292,3.0938464632846356,159.922637547034,160.6104800226419,38.294915754610926,62.480029549645465,148.59452342994092,299.0081776531839,767.0143927479676,25795.72629310345,236.52814810353846,118.26407405176923,0.8275427557414438,0.8376952241722314,0.31119329676981444,hacabox
