nameseq,average,median,maximum,minimum,peak,none_levated_peak,sample_standard_deviation,population_standard_deviation,percentile15,percentile25,percentile50,percentile75,amplitude,variance,interquartile_range,semi_interquartile_range,coefficient_of_variation,skewness,kurtosis,label
AAEL01000384.1/2844-2571,342.50000000000006,253.2750494089326,1936.0,12.413740091074894,0.2666666666666666,5.444298512146442,325.8623175514469,326.45858944544653,83.45693321656938,125.6383460748158,253.2750494089326,469.73759696164717,1923.586259908925,106575.21062271063,344.0992508868314,172.0496254434157,0.951422824967728,0.8214354264234375,0.25574278782788196,cdbox
AAEE01000003.1/883306-883038,343.24999999999983,252.37675759782783,1806.25,1.951869814368414,0.2612284535081332,5.435607829072448,320.3353711346907,320.93245528959665,44.71531644384244,101.02896534366958,252.37675759782783,498.7194609843985,1804.2981301856316,102997.64085820896,397.6904956407289,198.84524782036445,0.9332421591688008,0.8510447230377447,0.2593298189273985,cdbox
AAZY02000001.1/850089-849864,296.5,203.04347343228545,1525.1059462005346,0.4238997066804673,0.2540753232152895,4.846861383161332,278.08676703503886,278.70405251608537,62.42618956438508,103.80441721298425,203.04347343228545,402.7687155249328,1524.6820464938542,77675.94888888887,298.9642983119486,149.4821491559743,0.9378980338449877,1.008208994237461,0.249761635322684,cdbox
ABPA01000112.1/172751-172525,276.74999999999983,208.73734564437748,1746.3555225599828,0.6748610557672967,0.2734116230051191,5.160596137491814,272.42086006765334,273.0228958517802,32.2724285836802,83.18059390575426,208.73734564437748,414.34876213580515,1745.6806615042155,74541.50165929201,331.16816823005087,165.58408411502543,0.9843572179499674,0.7489806875148841,0.289253510632133,cdbox
