nameseq,average,median,maximum,minimum,peak,none_levated_peak,sample_standard_deviation,population_standard_deviation,percentile15,percentile25,percentile50,percentile75,amplitude,variance,interquartile_range,semi_interquartile_range,coefficient_of_variation,skewness,kurtosis,label
AM921940.1/1-93,137.24999999999997,120.56352775942547,422.55811882049164,6.264831086977128,0.2258652094717669,2.8782982160728294,106.81643132027956,107.39538640807216,33.45336878634091,54.197062408867986,120.56352775942547,188.94623316835583,416.2932877335145,11533.76902173913,134.74917075948784,67.37458537974392,0.7782617946832756,0.46864902808468484,0.22724527125285138,cdbox
AARE01007308.1/520-615,154.0,87.55817166983627,857.5828278447967,5.177996144474716,0.2077922077922078,2.942665678052484,167.75875536018978,168.6393847986382,24.00539591858208,37.46242318370615,87.55817166983627,204.43729434241862,852.404831700322,28439.242105263158,166.97487115871246,83.48743557935623,1.0893425672739596,1.1881674048101123,0.2694913779405944,cdbox
