nameseq,average,median,maximum,minimum,peak,none_levated_peak,sample_standard_deviation,population_standard_deviation,percentile15,percentile25,percentile50,percentile75,amplitude,variance,interquartile_range,semi_interquartile_range,coefficient_of_variation,skewness,kurtosis,label
AASO01002524.1/351-456,154.49999999999997,104.2471053429102,833.8847932311774,1.0,0.22869471413160739,3.2015297247046455,165.27023325450955,166.05536942323096,35.444054378252645,58.36146778729553,104.2471053429102,163.2650598361591,832.8847932311774,27574.385714285705,104.90359204886357,52.451796024431786,1.0697102476020037,0.9121950214658859,0.16013786177784262,cdbox
ABHV01000193.1/263095-263203,161.25000000000003,108.28372361979801,676.8975544546184,0.7292563023329502,0.22532299741602066,3.2975298091072176,169.28600060253063,170.0679262443011,17.190698678176467,44.42334931438727,108.28372361979801,215.1283853031778,676.1682981522855,28923.09953703704,170.7050359887905,85.35251799439526,1.0498356626513525,0.93864128501498,0.20048065929378145,cdbox
AM921929.1/1-106,150.5,114.508259096635,840.9901109785205,0.0,0.2347729789590255,3.2383321504530596,155.96874686936482,156.7096952055889,30.30354677977952,54.66446727046054,114.508259096635,162.21801164500204,840.9901109785205,24557.92857142857,107.5535443745415,53.77677218727075,1.0363371885007628,0.6922875568175982,0.17337747797447972,cdbox
ABAS01000006.1/78826-78932,156.75000000000006,107.0168399857826,888.4125400849117,5.225467685856653,0.2275385433280169,3.250418674644012,180.29593728090492,181.14439343679643,25.709146742155514,38.048207740192865,107.0168399857826,193.6124752938724,883.1870723990551,32813.2912735849,155.56426755367954,77.78213377683977,1.150213315986634,0.8275254689194489,0.2517868703636809,cdbox
