nameseq,average,median,maximum,minimum,peak,none_levated_peak,sample_standard_deviation,population_standard_deviation,percentile15,percentile25,percentile50,percentile75,amplitude,variance,interquartile_range,semi_interquartile_range,coefficient_of_variation,skewness,kurtosis,label
AM921926.1/1-96,145.99999999999997,125.6003631156107,432.71173684761436,1.0928095754915885,0.21917808219178087,2.982041244277224,120.55289295574785,121.18572088892495,13.142414574493106,35.077893970443775,125.6003631156107,229.99152127615304,431.6189272721228,14685.97894736842,194.91362730570927,97.45681365285463,0.8257047462722457,0.5076519455707503,0.3127623610644095,cdbox
AP007161.1/1645458-1645553,142.0,81.61621540773648,643.9157345972245,0.0,0.22535211267605634,3.1208747730478916,150.29304707803348,151.08199237848507,12.570106646614283,35.14359353944898,81.61621540773648,213.37356959703186,643.9157345972245,22825.768421052624,178.2299760575829,89.11498802879144,1.0584017399861512,1.2053209200205728,0.25842328191483027,cdbox
ACJE01000001.1/1049987-1049893,143.75,108.50891731787637,433.4977297791918,2.25,0.22028985507246376,2.869240128587405,112.0663865751011,112.66090738668622,33.22821321422598,60.40456614883164,108.50891731787637,209.5276780764147,431.2477297791918,12692.48005319149,149.12311192758307,74.56155596379153,0.779592254435486,0.9433983844524213,0.28200543828464236,cdbox
AAJN01000109.1/294816-294721,133.99999999999997,96.9193695043488,480.8512520379404,1.0,0.23880597014925378,3.0275073448081713,110.14989786649825,110.72811652635333,27.51530079462846,51.6052487464848,96.9193695043488,179.11548564929737,479.8512520379404,12260.715789473681,127.51023690281258,63.75511845140629,0.8220141631828229,1.0099137052471785,0.22788150335515145,cdbox
