nameseq,average,median,maximum,minimum,peak,none_levated_peak,sample_standard_deviation,population_standard_deviation,percentile15,percentile25,percentile50,percentile75,amplitude,variance,interquartile_range,semi_interquartile_range,coefficient_of_variation,skewness,kurtosis,label
ABBT01000198.1/255535-255636,121.50000000000007,74.90947866737918,616.1832117548608,0.6477002519361273,0.2798353909465019,3.5567488887680194,130.35816046569542,131.00190838304607,20.98104966986267,34.789521361351795,74.90947866737918,179.63209470572065,615.5355115029247,17161.5,144.84257334436884,72.42128667218442,1.0729066704995502,1.072211846949501,0.24555715609033513,cdbox
ABKH01000207.1/32612-32717,130.4999999999999,107.18382845045383,506.3788243525439,0.9428229835427362,0.2707535121328227,3.4147404654229137,109.30805093862026,109.82733201322364,25.324680220517216,40.94612307125885,107.18382845045383,193.45249174177604,505.4360013690012,12062.042857142858,152.5063686705172,76.2531843352586,0.8376095857365544,0.6399209760671366,0.2761390630592838,cdbox
ACBU01001064.1/82848-82950,129.74999999999997,95.71526619985302,673.4917586724386,2.22840564350815,0.26461143224149014,3.3948178140650973,127.56321962070413,128.18700436563486,16.33354632809793,41.61387114708048,95.71526619985302,183.5799170838788,671.2633530289304,16431.90808823529,141.9660459367983,70.98302296839915,0.983146201315639,0.800420385311981,0.265881126472759,cdbox
AM920437.1/1346631-1346733,119.75000000000006,91.09412814684508,629.8676621657731,5.9708068373085394,0.28670842032011123,3.484108400438275,114.940745603985,115.50280639150601,22.322378067522454,41.36079514292564,91.09412814684508,168.6776908304077,623.8968553284647,13340.898284313722,127.31689568748206,63.65844784374103,0.9598392117243001,0.747929858186725,0.24799446962618563,cdbox
