nameseq,average,median,maximum,minimum,peak,none_levated_peak,sample_standard_deviation,population_standard_deviation,percentile15,percentile25,percentile50,percentile75,amplitude,variance,interquartile_range,semi_interquartile_range,coefficient_of_variation,skewness,kurtosis,label
AY948605.1/1-109,153.25,93.13992204286495,771.965325293074,3.55774887553202,0.23708537248504624,3.3060783999049748,154.22953673016076,154.94191713408347,23.425022583620446,45.53099188764365,93.13992204286495,211.85398351303346,768.4075764175419,24006.997685185186,166.32299162538982,83.16149581269491,1.006391756803659,1.169232805172138,0.2571077885603991,cdbox
CAAC02000457.1/320111-319995,175.25000000000006,87.34642938007637,1159.1789910555965,5.762912116683911,0.2225392296718972,3.488855808605683,220.00965887887742,220.95594134858965,14.918179873447363,26.57570004010971,87.34642938007637,246.99079438131318,1153.4160789389125,48821.528017241384,220.41509434120348,110.20754717060174,1.25540461557134,1.1986324291559967,0.30438298887460935,cdbox
DQ789513.1/1-115,172.75,119.15907597384536,794.058962656316,5.527058010246806,0.22190062711046793,3.2886849500323025,175.94636966985135,176.71637934291817,23.711168429762306,46.3610493272897,119.15907597384536,234.85814985127726,788.5319046460692,31228.678728070157,188.49710052398757,94.24855026199378,1.0185028635013103,0.913760098489901,0.2393215858873563,cdbox
