nameseq,average,median,maximum,minimum,peak,none_levated_peak,sample_standard_deviation,population_standard_deviation,percentile15,percentile25,percentile50,percentile75,amplitude,variance,interquartile_range,semi_interquartile_range,coefficient_of_variation,skewness,kurtosis,label
DQ789446.1/1-61,87.25000000000003,53.366282348708985,318.283405504216,1.0099968864965818,0.23304680038204384,2.5166988615358954,88.65523109213579,89.39097176635532,11.25801171595464,19.943673466010083,53.366282348708985,122.88048318083713,317.2734086177194,7990.745833333333,102.93680971482705,51.468404857413525,1.0161058004829313,1.1465894533423662,0.23609291563680485,cdbox
AY948655.1/1-63,91.75,41.796560924591205,446.4570134952906,0.7391887480471764,0.22888283378746593,2.6380062414912664,120.1868337215021,121.15220532387639,12.896741706172977,23.227126033476964,41.796560924591205,85.55870819619264,445.7178247472434,14677.856854838701,62.33158216271568,31.16579108135784,1.3099382421962082,1.2468946271892305,0.11064761575005919,cdbox
