nameseq,average,median,maximum,minimum,peak,none_levated_peak,sample_standard_deviation,population_standard_deviation,percentile15,percentile25,percentile50,percentile75,amplitude,variance,interquartile_range,semi_interquartile_range,coefficient_of_variation,skewness,kurtosis,label
AY948615.1/1-76,104.99999999999994,76.3407334706652,437.14077772634965,1.0,0.24126984126984138,2.8587548865591317,106.77078252031309,107.4802307403552,8.978826539512877,15.614625024161505,76.3407334706652,148.54468227826513,436.14077772634965,11551.999999999995,132.93005725410362,66.46502862705181,1.0168645954315538,0.8052558720513919,0.24025654389671194,cdbox
