nameseq,average,median,maximum,minimum,peak,none_levated_peak,sample_standard_deviation,population_standard_deviation,percentile15,percentile25,percentile50,percentile75,amplitude,variance,interquartile_range,semi_interquartile_range,coefficient_of_variation,skewness,kurtosis,label
DQ789442.1/1-71,99.74999999999999,76.37746364379367,337.69622015055774,3.460445560811208,0.23725981620718467,2.644514194456818,87.03088532239573,87.65033004582959,16.899177004590943,21.920685663864184,76.37746364379367,152.3192305814991,334.23577458974654,7682.580357142857,130.39854491763492,65.19927245881746,0.8724900784200075,0.8056635159906331,0.32162316485851555,cdbox
Z48717.1/2830-2757,104.49999999999997,67.52199308724126,323.4912327657969,0.47624330656757413,0.23604465709728875,2.718708195777454,95.27985096545858,95.93023292498091,18.66385604468651,33.55974737553821,67.52199308724126,144.42686722875698,323.0149894592293,9202.609589041092,110.86711985321877,55.433559926609384,0.9117689087603694,1.164296749146812,0.21745897291462427,cdbox
