nameseq,average,median,maximum,minimum,peak,none_levated_peak,sample_standard_deviation,population_standard_deviation,percentile15,percentile25,percentile50,percentile75,amplitude,variance,interquartile_range,semi_interquartile_range,coefficient_of_variation,skewness,kurtosis,label
CAAC02000457.1/1091310-1091374,92.24999999999997,78.59617252857562,341.323132301234,3.6768676987658786,0.2348690153568203,2.500965918998126,80.09369513263823,80.7170017716218,17.57836351565898,22.14786936152373,78.59617252857562,127.89677806658916,337.64626460246814,6515.234374999996,105.74890870506543,52.874454352532716,0.8682243374811736,0.5114195611332361,0.27955155693061173,cdbox
AY948697.1/1-65,94.24999999999997,64.30320332368257,364.4690303349844,1.2067269825170583,0.22988505747126445,2.5286239638564547,88.20430828479978,88.89073348780511,11.12321574248655,25.110941059030363,64.30320332368257,138.20976783063927,363.2623033524673,7901.562499999997,113.0988267716089,56.54941338580445,0.9358547298121995,1.0185487735913052,0.31863849402426997,cdbox
