nameseq,average,median,maximum,minimum,peak,none_levated_peak,sample_standard_deviation,population_standard_deviation,percentile15,percentile25,percentile50,percentile75,amplitude,variance,interquartile_range,semi_interquartile_range,coefficient_of_variation,skewness,kurtosis,label
AY948701.1/1-71,93.75000000000001,81.20080473151614,387.7191585955668,0.5775988203935497,0.2524444444444444,2.736418851473651,85.05512918102002,85.660511405698,17.104360170739547,29.335466335759875,81.20080473151614,123.86552127922299,387.1415597751732,7337.7232142857165,94.53005494346311,47.26502747173156,0.9072547112642134,0.44262569662703705,0.2254301382441117,cdbox
DQ789437.1/1-70,93.49999999999996,62.13932676195516,441.04135693045885,1.0,0.24955436720142612,2.7222967824117004,94.86437687562174,95.54932711978392,15.288266362981766,30.222342578513537,62.13932676195516,132.74238382845564,440.04135693045885,9129.673913043476,102.52004124994211,51.260020624971055,1.0145922660494309,0.9917528877830177,0.266276044939139,cdbox
