nameseq,average,median,maximum,minimum,peak,none_levated_peak,sample_standard_deviation,population_standard_deviation,percentile15,percentile25,percentile50,percentile75,amplitude,variance,interquartile_range,semi_interquartile_range,coefficient_of_variation,skewness,kurtosis,label
AJ698945.1/1-66,100.49999999999997,73.27125664639277,324.0,10.339542854296978,0.21890547263681598,2.381042389776028,80.16389461596785,80.77818631669928,29.010738430135746,36.28456624508114,73.27125664639277,131.85726309232996,313.66045714570305,6525.115384615383,95.57269684724882,47.78634842362441,0.7976506926961977,1.018990287986214,0.24259103118366931,cdbox
AAFI02000040.1/500089-500154,100.49999999999997,73.27125664639277,324.0,10.339542854296978,0.21890547263681598,2.381042389776028,80.16389461596785,80.77818631669928,29.010738430135746,36.28456624508114,73.27125664639277,131.85726309232996,313.66045714570305,6525.115384615383,95.57269684724882,47.78634842362441,0.7976506926961977,1.018990287986214,0.24259103118366931,cdbox
