nameseq,average,median,maximum,minimum,peak,none_levated_peak,sample_standard_deviation,population_standard_deviation,percentile15,percentile25,percentile50,percentile75,amplitude,variance,interquartile_range,semi_interquartile_range,coefficient_of_variation,skewness,kurtosis,label
AJ699374.1/1-80,109.99999999999997,53.866199532761826,924.7176445544641,0.0,0.2424242424242425,3.029524184130561,158.99685531481433,160.0,17.159790136957355,22.713832871221552,53.866199532761826,132.16819500081306,924.7176445544641,25599.999999999996,109.4543621295915,54.72718106479575,1.4454259574074033,1.0591492584446347,0.21690569177718505,cdbox
AAFI02000040.1/499806-499884,113.74999999999997,72.2814898036791,449.45322387390974,0.4933582538833916,0.23150183150183154,2.7148804752592053,95.30936470253069,95.91837642442368,27.927117924705893,49.57111331958161,72.2814898036791,164.1404033976358,448.95986562002633,9200.334935897437,114.56929007805418,57.28464503902709,0.8378845248574128,1.3052812908494749,0.24275204589622584,cdbox
