nameseq,average,median,maximum,minimum,peak,none_levated_peak,sample_standard_deviation,population_standard_deviation,percentile15,percentile25,percentile50,percentile75,amplitude,variance,interquartile_range,semi_interquartile_range,coefficient_of_variation,skewness,kurtosis,label
AJ699377.1/1-78,123.49999999999996,98.77419619310461,439.98273244068315,0.6455186887591772,0.21052631578947376,2.6531489683646114,112.8860044469641,113.61666582525096,18.056507229260575,25.4766217745724,98.77419619310461,200.4697262358073,439.33721375192397,12908.746753246749,174.99310446123488,87.49655223061744,0.91405671616975,0.6571001585545171,0.33956318936274066,cdbox
AAFI02000135.1/6224-6148,121.25,109.481286623303,458.98921521680484,1.9714010357831042,0.21168384879725086,2.6002020229509326,110.09427778045503,110.81621520622139,19.85043547426923,34.887239541317165,109.481286623303,155.4668982462862,457.0178141810217,12280.233552631573,120.57965870496903,60.28982935248452,0.9079940435501446,0.3206900562125206,0.22381853143703467,cdbox
ADID01000101.1/93885-93964,124.00000000000003,126.53545754580473,361.99999999999994,1.8054041683792081,0.21505376344086016,2.634327254286914,98.2344135219425,98.8541951498983,27.258602718791188,45.36786311311788,126.53545754580473,185.62339121520876,360.19459583162075,9772.151898734177,140.25552810209086,70.12776405104543,0.7922130122737296,-0.07743083472183691,0.2948629384566531,cdbox
