nameseq,average,median,maximum,minimum,peak,none_levated_peak,sample_standard_deviation,population_standard_deviation,percentile15,percentile25,percentile50,percentile75,amplitude,variance,interquartile_range,semi_interquartile_range,coefficient_of_variation,skewness,kurtosis,label
AAFI02000019.1/388135-388060,115.0,73.32940443188805,430.4143779598042,0.3338876467795737,0.22028985507246376,2.7181472777436313,117.94490239090455,118.7285980713998,10.851809742629902,37.371141724328005,73.32940443188805,147.64649323162106,430.0804903130246,14096.48,110.27535150729307,55.13767575364653,1.0256078468774308,1.0599168270113917,0.16241131126985256,cdbox
AJ699372.1/1-75,110.74999999999997,85.2223552338181,474.9028402263822,2.5605695155323653,0.22573363431151247,2.681739178099776,111.60029121825802,112.35181682217356,15.048261231791734,29.481094366882136,85.2223552338181,137.4955987811849,472.3422707108498,12622.930743243242,108.01450441430276,54.00725220715138,1.0076775730768222,0.6862252191508303,0.23457628734584887,cdbox
