nameseq,average,median,maximum,minimum,peak,none_levated_peak,sample_standard_deviation,population_standard_deviation,percentile15,percentile25,percentile50,percentile75,amplitude,variance,interquartile_range,semi_interquartile_range,coefficient_of_variation,skewness,kurtosis,label
AJ698946.1/1-83,130.75,69.42641514527395,638.593413462472,6.25,0.21159974506054813,2.783728654450588,150.98716832896764,151.90503190978305,23.24226303943125,30.036238932535134,69.42641514527395,168.8896038155908,632.343413462472,23075.138719512208,138.85336488305566,69.42668244152783,1.1547775780418175,1.2184529096098191,0.2339265971912489,cdbox
AJ703792.1/1-82,130.49999999999994,84.89872851752075,671.1115533814328,0.0,0.2094508301404854,2.7301030312891243,135.05646967102317,135.88759425203222,18.75446315922889,44.31302656591927,84.89872851752075,188.4984821383525,671.1115533814328,18465.438271604937,144.18545557243323,72.09272778621661,1.0349154764063082,1.012937882803176,0.2900551117820545,cdbox
