nameseq,average,median,maximum,minimum,peak,none_levated_peak,sample_standard_deviation,population_standard_deviation,percentile15,percentile25,percentile50,percentile75,amplitude,variance,interquartile_range,semi_interquartile_range,coefficient_of_variation,skewness,kurtosis,label
AJ703793.1/1-106,168.4999999999999,93.85243716897013,713.3816488621685,4.122648486629913,0.20969337289812082,3.1550092870186517,184.8249171513408,185.70295020350568,22.24880796118223,32.37305832804144,93.85243716897013,237.36664059063338,709.2590003755386,34485.58571428571,204.99358226259193,102.49679113129596,1.0968837813135959,1.2116477147381464,0.26816494940722213,cdbox
AAFI02000024.1/237109-237214,168.49999999999997,103.17156132611707,729.0,1.1851233646735386,0.20969337289812073,3.1174929956072854,173.33277243498986,174.1562106681404,23.12179160273466,37.4310157724315,103.17156132611707,215.61934187125567,727.8148766353264,30330.385714285705,178.18832609882418,89.09416304941209,1.0286811420474178,1.1306881743621502,0.2098412990310623,cdbox
