nameseq,average,median,maximum,minimum,peak,none_levated_peak,sample_standard_deviation,population_standard_deviation,percentile15,percentile25,percentile50,percentile75,amplitude,variance,interquartile_range,semi_interquartile_range,coefficient_of_variation,skewness,kurtosis,label
ADID01000140.1/43579-43495,127.25,73.23258443277784,592.7890242706037,0.044996937621036404,0.2226588081204977,2.8242751792264094,135.2488447270438,136.0515155408141,32.314533287680874,45.29735107009311,73.23258443277784,152.86381889567704,592.7440273329827,18510.01488095238,107.56646782558394,53.78323391279197,1.0628592905858059,1.198178417188825,0.17780876769822662,cdbox
AJ699367.1/1-86,133.50000000000003,78.13721466181318,728.8918815231865,1.323496927744896,0.21473158551810234,2.9243723310658205,154.386689840802,155.29219138734035,10.018617911810473,30.730646805101898,78.13721466181318,182.42849109714157,727.5683845954416,24115.664705882347,151.6978442920397,75.84892214601985,1.1564546055490785,1.0757945272732052,0.2664244591332686,cdbox
