nameseq,average,median,maximum,minimum,peak,none_levated_peak,sample_standard_deviation,population_standard_deviation,percentile15,percentile25,percentile50,percentile75,amplitude,variance,interquartile_range,semi_interquartile_range,coefficient_of_variation,skewness,kurtosis,label
ADID01000475.1/21144-21245,141.49999999999997,128.28464538172312,523.4863375450781,3.909813021804214,0.24028268551236753,3.0964169967222177,111.50448421476152,112.05512699180039,38.41056997063781,47.42589066885681,128.28464538172312,190.5512496029874,519.5765245232739,12556.351485148514,143.1253589341306,71.5626794670653,0.7880175562880675,0.3555557799672957,0.2749978558196457,cdbox
AJ699368.1/1-98,134.49999999999994,96.02960092994562,488.12577974701344,0.3253198701132642,0.24287484510532847,3.1292769462279835,116.63725819822756,117.23693957110959,27.624994915858878,53.221678139561234,96.02960092994562,185.82015811019264,487.80045987690016,13744.5,132.5984799706314,66.2992399853157,0.8671915107674915,0.9894882560941131,0.25389125550017283,cdbox
