nameseq,average,median,maximum,minimum,peak,none_levated_peak,sample_standard_deviation,population_standard_deviation,percentile15,percentile25,percentile50,percentile75,amplitude,variance,interquartile_range,semi_interquartile_range,coefficient_of_variation,skewness,kurtosis,label
X05499.1/123-455,489.2499999999999,320.0835560524549,3050.1343068685055,2.024503533816129,0.22687787429739403,5.686956581265603,481.89599500307116,482.6211963087676,81.07274633820408,125.33611275336024,320.0835560524549,655.8994267941223,3048.1098033346893,232923.219126506,530.5633140407621,265.28165702038103,0.9849688196281478,1.0531304204746514,0.22919406009910395,cdbox
M18578.1/157-489,487.25,387.21352727245346,2788.258158504009,1.4350397914615096,0.22780913288866086,5.61959288990476,452.3690418231557,453.04980826070357,82.92938547266068,145.5058260289742,387.21352727245346,652.1062897027317,2786.8231187125475,205254.12876506025,506.60046367375753,253.30023183687877,0.9284126050757429,0.6634172333569218,0.25058794573644183,cdbox
M26648.1/338-671,489.5000000000003,353.00770148827854,2740.7491557936864,3.651102819191356,0.22744296901600258,5.607200723665372,456.77045657529123,457.45578397730884,98.34587370150032,162.1495440028524,353.00770148827854,638.8564796335882,2737.098052974495,209265.79429429426,476.70693563073576,238.35346781536788,0.9331367856492154,0.8964609896298527,0.23255376597697835,cdbox
AJ507112.1/1-294,413.49999999999983,323.8161990179801,2809.0,2.1395885829594268,0.2370012091898429,5.377505498865123,386.8297429102368,387.48929964307905,81.04188580871283,140.13233743824935,323.8161990179801,575.0938683883405,2806.8604114170407,150147.95733788388,434.9615309500912,217.4807654750456,0.9355011920441039,0.6955292551237252,0.23408535555136692,cdbox
