nameseq,average,median,maximum,minimum,peak,none_levated_peak,sample_standard_deviation,population_standard_deviation,percentile15,percentile25,percentile50,percentile75,amplitude,variance,interquartile_range,semi_interquartile_range,coefficient_of_variation,skewness,kurtosis,label
ACGJ01002906.1/52907-52808,121.0,86.36445523308883,645.1741019647303,2.7591962676848896,0.27548209366391185,3.3247181891668083,114.64728518373208,115.22485702645794,34.83629840994402,44.23562908099608,86.36445523308883,155.39968163741185,642.4149056970455,13276.767676767673,111.16405255641577,55.582026278207884,0.9474982246589428,0.9063156980491447,0.22950173641605856,cdbox
ACVC01000232.1/20832-20931,129.00000000000003,68.59674775249768,667.6414540436709,4.163524258946374,0.25839793281653745,3.319970520075153,135.23313203501576,135.9144115711328,27.1011756418444,37.94237419005594,68.59674775249768,209.17650643026576,663.4779297847246,18472.72727272728,171.23413224020982,85.61706612010491,1.0483188529846181,1.3399804767931178,0.2958610751151049,cdbox
