nameseq,average,median,maximum,minimum,peak,none_levated_peak,sample_standard_deviation,population_standard_deviation,percentile15,percentile25,percentile50,percentile75,amplitude,variance,interquartile_range,semi_interquartile_range,coefficient_of_variation,skewness,kurtosis,label
ACGJ01002928.1/11866-11792,100.74999999999999,65.53396099175808,334.92221827942194,4.029182506172072,0.2481389578163772,2.810126887757186,93.92350611002551,94.55599477901255,14.35232433451455,27.744213260713863,65.53396099175808,177.6463188077473,330.8930357732499,8940.836148648648,149.90210554703344,74.95105277351672,0.9322432368240747,1.1248314868161498,0.2827307541299322,cdbox
