nameseq,average,median,maximum,minimum,peak,none_levated_peak,sample_standard_deviation,population_standard_deviation,percentile15,percentile25,percentile50,percentile75,amplitude,variance,interquartile_range,semi_interquartile_range,coefficient_of_variation,skewness,kurtosis,label
ACGJ01002422.1/30167-30109,82.75,65.5721135390344,352.1315081844605,3.067061346283613,0.23766364551863042,2.3896401853651636,74.87739979459757,75.52013604513608,20.62115091446182,34.568770798565545,65.5721135390344,105.3892854789014,349.0644468381769,5703.290948275861,70.82051468033586,35.41025734016793,0.9048628373969494,0.6882405041342656,0.20466843982059787,cdbox
ACVC01000035.1/64374-64316,78.74999999999996,54.626008855697684,483.51884450777027,1.474115072478258,0.2497354497354499,2.519952962073967,91.08581118922963,91.86767798644244,14.480091399641966,20.973514660629373,54.626008855697684,99.74787924116086,482.044729435292,8439.670258620683,78.77436458053148,39.38718229026574,1.1566452214505356,0.7945471691804441,0.2682162408958039,cdbox
