nameseq,average,median,maximum,minimum,peak,none_levated_peak,sample_standard_deviation,population_standard_deviation,percentile15,percentile25,percentile50,percentile75,amplitude,variance,interquartile_range,semi_interquartile_range,coefficient_of_variation,skewness,kurtosis,label
AACB02000005.1/294322-294382,67.25,43.49799788918818,341.8218208763675,0.49736742560866126,0.30235439900867406,2.8683839413096073,72.87489279580451,73.47967406024608,3.9046411349635033,14.43951192476182,43.49799788918818,85.93141599335777,341.3244534507588,5399.262500000001,71.49190406859596,35.74595203429798,1.0836415285621488,0.9777854017856993,0.25163847611400997,cdbox
