nameseq,average,median,maximum,minimum,peak,none_levated_peak,sample_standard_deviation,population_standard_deviation,percentile15,percentile25,percentile50,percentile75,amplitude,variance,interquartile_range,semi_interquartile_range,coefficient_of_variation,skewness,kurtosis,label
CAAI01004629.1/216-91,225.49999999999991,131.51239672428778,1361.556489957065,6.032321211817963,0.18625277161862536,3.241912110266683,259.32845967999725,260.363707148289,23.22548875980464,41.034488755088596,131.51239672428778,281.06482344164004,1355.524168745247,67789.25999999998,240.03033468655144,120.01516734327572,1.150015342261629,1.0872806254086775,0.21217784068020057,cdbox
ABHA01001532.1/667-541,205.74999999999997,150.85954872181912,1047.669949757777,0.1409813503019579,0.20575131632239776,3.32633929231829,198.99717334675887,199.78528404820568,35.60451994424133,53.594490348624156,150.85954872181912,316.8670057789177,1047.528968407475,39914.159722222226,263.27251543029354,131.63625771514677,0.9671794573354017,0.8275059945077586,0.3154539346113415,cdbox
ACBS01000373.1/22837-22710,213.99999999999997,164.47744230466253,1175.0423144176796,1.862569332127589,0.19937694704049846,3.3242808355988442,223.9977678460212,224.87791963676088,27.535772880033516,53.0,164.47744230466253,261.2023533053209,1173.179745085552,50570.078740157485,208.2023533053209,104.10117665266046,1.0467185413365478,0.6632551498822951,0.2231825256506273,cdbox
