nameseq,average,median,maximum,minimum,peak,none_levated_peak,sample_standard_deviation,population_standard_deviation,percentile15,percentile25,percentile50,percentile75,amplitude,variance,interquartile_range,semi_interquartile_range,coefficient_of_variation,skewness,kurtosis,label
CAAI01002424.1/3270-3195,136.99999999999997,74.38088155712205,592.2220577187886,1.0,0.18491484184914844,2.521845218384076,151.23491660327647,152.23981082489556,11.632861432048966,42.195106337301844,74.38088155712205,165.8174694184013,591.2220577187886,23176.95999999999,123.62236308109945,61.811181540549725,1.103904500753843,1.2421559752727358,0.15885559347671202,cdbox
CAAJ01001830.1/5076-5001,126.99999999999997,56.38415307578348,691.886929187188,4.762597145448226,0.19947506561679793,2.6873925577554694,149.27156460625713,150.26341315614167,11.01487138272688,15.524418525776632,56.38415307578348,192.99999999999997,687.1243320417398,22579.09333333333,177.47558147422333,88.73779073711167,1.1753666504429698,1.4192089520294968,0.2770147126613823,cdbox
ABGX01001459.1/817-896,143.99999999999994,92.78521825875237,625.4761952852638,1.0112648973101233,0.18518518518518526,2.588520623554361,155.95512174981621,156.9390754965809,13.733577099446922,28.0998349348476,92.78521825875237,201.07244394137484,624.4649303879537,24629.87341772152,172.97260900652725,86.48630450326363,1.0830216788181686,0.9851830674097357,0.2620054963575154,cdbox
ABGV01003715.1/582-661,141.99999999999997,91.48736429022219,667.7840480618956,3.5183978689201183,0.187793427230047,2.596924617392871,152.9640480635891,153.92913049578976,15.39983414893993,20.135904605795602,91.48736429022219,185.1986967028945,664.2656501929755,23694.177215189873,165.0627920970989,82.53139604854945,1.0772116060816137,0.9906766266171062,0.24445900060047204,cdbox
