nameseq,average,median,maximum,minimum,peak,none_levated_peak,sample_standard_deviation,population_standard_deviation,percentile15,percentile25,percentile50,percentile75,amplitude,variance,interquartile_range,semi_interquartile_range,coefficient_of_variation,skewness,kurtosis,label
AM050842.1/3-68,94.49999999999999,80.1964284979225,259.4221022612298,0.5468714999265831,0.23280423280423285,2.502266451011648,73.03595005201204,73.59562068911018,17.22985764289642,30.940607232568002,80.1964284979225,142.30666507129348,258.8752307613032,5416.315384615382,111.36605783872548,55.68302891936274,0.7728671963175878,0.5875286687675576,0.3113612828106755,cdbox
AAGD02000356.1/28674-28739,90.5,75.21294526033765,288.1480051918887,4.0000000000000036,0.2430939226519337,2.506375439718769,69.58627738282885,70.11951336002093,25.030048837820747,33.95922039017958,75.21294526033765,132.6299283946479,284.1480051918887,4916.746153846154,98.67070800446831,49.335354002234155,0.7689091423517,0.6590547151514069,0.2975035109982493,cdbox
CAAC02000450.1/1739599-1739534,90.49999999999999,68.70538464428905,356.72644997187007,2.492506148706529,0.24309392265193375,2.5479077614755816,76.74796414237969,77.33607974787208,19.648538834601275,23.80849390810811,68.70538464428905,124.4626482811903,354.23394382316354,5980.869230769229,100.65415437308218,50.32707718654109,0.8480438026782288,0.8519293872842718,0.30550995859606295,cdbox
ABEG02001356.1/1765-1830,94.50000000000001,78.85339486161776,265.615389033623,2.5961512538135287,0.23280423280423276,2.4521701080366722,70.14449372545216,70.68200728506619,29.52407072210969,38.690400261220425,78.85339486161776,149.8827771784699,263.0192377798095,4995.946153846151,111.19237691724948,55.59618845862474,0.7422697748725096,0.6691874575197696,0.32475867786818186,cdbox
