nameseq,average,median,maximum,minimum,peak,none_levated_peak,sample_standard_deviation,population_standard_deviation,percentile15,percentile25,percentile50,percentile75,amplitude,variance,interquartile_range,semi_interquartile_range,coefficient_of_variation,skewness,kurtosis,label
AY948667.1/1-86,117.49999999999996,82.49236941814515,467.98718847146,0.0,0.24397163120567386,2.9999910321231407,120.12181317312853,120.82634597782447,18.449979167872325,43.83432099886063,82.49236941814515,124.6995844263167,467.98718847146,14599.00588235294,80.86526342745607,40.432631713728036,1.0223133036010943,0.8743032507692637,0.12044351536620364,cdbox
DQ789431.1/1-87,117.74999999999999,95.37991631931354,575.7735749647276,2.405901157875577,0.24628450106157115,2.939362249792103,104.46231377870203,105.06789748251056,33.98169918546502,47.519856226872676,95.37991631931354,162.03851742539996,573.3676738068519,11039.26308139535,114.51866119852728,57.25933059926364,0.8871534078870661,0.6424350429785513,0.23699450707429295,cdbox
AAGD02011809.1/15532-15445,115.99999999999999,76.65385678466836,509.0578779034286,1.4248457213754055,0.25287356321839083,3.06280020558927,113.89029809426259,114.5429699022292,24.17112218679517,35.7634573702925,76.65385678466836,146.7606901589681,507.6330321820532,13120.091954022984,110.99723278867559,55.498616394337795,0.9818129146057121,1.0364221678329355,0.23025171753554585,cdbox
