nameseq,average,median,maximum,minimum,peak,none_levated_peak,sample_standard_deviation,population_standard_deviation,percentile15,percentile25,percentile50,percentile75,amplitude,variance,interquartile_range,semi_interquartile_range,coefficient_of_variation,skewness,kurtosis,label
AY948660.1/1-78,97.49999999999999,83.44191797301306,285.84539446423696,1.2714984569437089,0.2666666666666667,2.8493494533708867,75.38733315352121,75.87528215142557,23.238546676060174,44.65443807835522,83.44191797301306,120.02300864687678,284.57389600729323,5757.058441558439,75.36857056852156,37.68428528426078,0.773203416959192,0.5594341160082659,0.20037464825720416,cdbox
AAGD02003714.1/6065-5988,97.5,69.91838053387366,467.9115182935646,1.1766683542367293,0.26666666666666666,2.9498838766742037,95.65171195540618,96.27082335043897,20.776498311809643,30.999999999999996,69.91838053387366,145.97295013646095,466.7348499393279,9268.071428571426,114.97295013646095,57.486475068230476,0.9810431995426275,0.8650640611320739,0.2821190579075096,cdbox
