nameseq,average,median,maximum,minimum,peak,none_levated_peak,sample_standard_deviation,population_standard_deviation,percentile15,percentile25,percentile50,percentile75,amplitude,variance,interquartile_range,semi_interquartile_range,coefficient_of_variation,skewness,kurtosis,label
CAAC02000445.1/763027-763135,161.25000000000003,86.08142245283418,1183.9453118622152,0.021641897166945253,0.22532299741602066,3.317169642440566,208.3308666520638,209.29313905514329,40.41176650502942,46.857194950192984,86.08142245283418,171.56495952550014,1183.9236699650482,43803.61805555555,124.70776457530715,62.353882287653576,1.291974366834504,1.0824403328486014,0.17099283015688702,cdbox
