nameseq,average,median,maximum,minimum,peak,none_levated_peak,sample_standard_deviation,population_standard_deviation,percentile15,percentile25,percentile50,percentile75,amplitude,variance,interquartile_range,semi_interquartile_range,coefficient_of_variation,skewness,kurtosis,label
AY948666.1/1-72,97.99999999999997,73.07223767917279,362.6054604994916,4.0,0.24489795918367355,2.668606750657514,86.34813257969164,86.95409182152984,22.828427124746195,33.06735026935217,73.07223767917279,130.70796886268056,358.6054604994916,7561.014084507044,97.64061859332838,48.82030929666419,0.8811033936703231,0.8660672179964429,0.20101124569737217,cdbox
