nameseq,average,median,maximum,minimum,peak,none_levated_peak,sample_standard_deviation,population_standard_deviation,percentile15,percentile25,percentile50,percentile75,amplitude,variance,interquartile_range,semi_interquartile_range,coefficient_of_variation,skewness,kurtosis,label
AM051017.1/1-66,90.49999999999999,62.90992955348556,297.62926768867374,3.3580006481016667,0.24309392265193375,2.603735049281252,83.21207845018652,83.84972822303553,11.10398514502265,30.86664029674689,62.90992955348556,139.8932153344005,294.27126704057207,7030.776923076921,109.02657503765361,54.51328751882681,0.9194704801125584,0.9946898681192325,0.25272106807191136,cdbox
AAGD02011076.1/1329-1395,90.74999999999997,70.16834053127097,327.8626061699107,5.40869036098434,0.24609733700642797,2.6297132487125316,86.02979135160098,86.67908200699726,15.016178108659034,23.439396335337797,70.16834053127097,120.65239708743556,322.45391580892635,7513.263257575756,97.21300075209777,48.606500376048885,0.9479866815603416,0.717716240340945,0.2047992909610451,cdbox
