nameseq,average,median,maximum,minimum,peak,none_levated_peak,sample_standard_deviation,population_standard_deviation,percentile15,percentile25,percentile50,percentile75,amplitude,variance,interquartile_range,semi_interquartile_range,coefficient_of_variation,skewness,kurtosis,label
ADDF011338994.1/3988-3917,87.99999999999999,50.66448971518323,342.5624562162641,2.2480366502834115,0.27272727272727276,2.8715614700424585,83.34866525625951,83.93357534635669,12.999999999999998,28.069230212052478,50.66448971518323,127.90389364560244,340.31441956598064,7044.845070422535,99.83466343354996,49.91733171677498,0.9471439233665855,1.3438311280700268,0.28954988478707033,cdbox
AC193191.3/151617-151546,86.00000000000001,58.6606383867224,367.45463468393604,2.4524295407147587,0.2790697674418604,2.913923508820678,82.21921916437786,82.79620321974694,12.000000000000002,25.261722171674002,58.6606383867224,123.06421515375747,365.00220514322126,6855.211267605633,97.80249298208346,48.90124649104173,0.9560374321439284,0.9975536823799933,0.28301816625485676,cdbox
ADFV01060123.1/2136-2065,91.99999999999999,62.99999999999999,339.2253967444161,1.0,0.26086956521739135,2.7766836873820413,83.2766473868875,83.86105208222723,23.23630472417849,27.415179202726943,62.99999999999999,125.2719068340336,338.2253967444161,7032.676056338028,97.85672763130665,48.92836381565333,0.905180949857473,1.0447106449400452,0.25376179748839006,cdbox
CAEC01259586.1/1980-2050,85.75000000000001,61.028695714763884,290.6389345798898,8.914459754430311,0.2759961127308066,2.8098847921913555,73.71143059254784,74.23607373007506,14.574748361792405,24.465381894676202,61.028695714763884,111.84853228692425,281.7244748254595,5510.994642857141,87.38315039224806,43.69157519612403,0.8596085200297123,1.0061385630359247,0.22665893205686719,cdbox
