nameseq,average,median,maximum,minimum,peak,none_levated_peak,sample_standard_deviation,population_standard_deviation,percentile15,percentile25,percentile50,percentile75,amplitude,variance,interquartile_range,semi_interquartile_range,coefficient_of_variation,skewness,kurtosis,label
BL000002.1/98018519-98018714,259.0,134.2991564835486,5929.0,1.0,0.25225225225225223,4.854878910472962,489.4466263036246,490.7000128022238,35.243271627347546,64.23236601954687,134.2991564835486,300.08413301681753,5928.0,240786.5025641026,235.85176699727066,117.92588349863533,1.8897553139136085,0.7643377448009673,0.20553752036561718,cdbox
CABD02346228.1/166-363,263.5,141.20693351050176,6561.0,2.230286815197128,0.2504743833017078,4.843567410238493,526.74590648623,528.0811327259446,40.331093642307174,72.3496168988236,141.20693351050176,284.7889195771117,6558.769713184803,278869.68274111673,212.4393026782881,106.21965133914405,1.999035698239962,0.6965012825934236,0.20349996154823033,cdbox
CAEC01407783.1/192-387,269.00000000000006,158.938747620094,6561.0,1.0,0.2428748451053283,4.80070436755677,533.2204047108474,534.5858881366695,30.187680498225475,55.049586121869524,158.938747620094,337.82804283575973,6560.0,285782.07179487176,282.7784567138902,141.3892283569451,1.9822319877726666,0.6192256602009986,0.30311979031562203,cdbox
ACTA01089277.1/100029-99834,253.0,123.52775147625064,6561.0,1.7397264888449,0.2582345191040843,5.069907529873722,533.8108279156578,535.1778233111893,25.44150898370055,42.00981309564188,123.52775147625064,306.3225861582512,6559.260273511155,286415.3025641025,264.3127730626093,132.15638653130466,2.109924221010505,0.727629949148611,0.24393942236671867,cdbox
