nameseq,average,median,maximum,minimum,peak,none_levated_peak,sample_standard_deviation,population_standard_deviation,percentile15,percentile25,percentile50,percentile75,amplitude,variance,interquartile_range,semi_interquartile_range,coefficient_of_variation,skewness,kurtosis,label
AC018761.6/48391-48315,89.24999999999994,42.854355968097806,356.30807984233957,1.2753851107283163,0.28758169934640543,3.1163570062873496,95.81623035790959,96.44454024000146,12.847607023358128,29.991076902229533,42.854355968097806,146.84905316822298,355.03269473161123,9301.54934210526,116.85797626599344,58.42898813299672,1.0735712084919848,1.4526446258195609,0.28000503477189076,cdbox
CAEC01248628.1/1603-1530,88.49999999999999,56.74776197794597,441.98903532091776,0.6840322109004607,0.27871939736346524,3.020384085496939,93.39298688873806,94.03048908046969,10.11373047342232,19.986230850773744,56.74776197794597,131.84334180926044,441.3050031100173,8841.73287671233,111.85711095848669,55.92855547924334,1.055287987443368,1.019955750849304,0.2887424593392433,cdbox
AAPE02050986.1/14566-14492,86.74999999999999,62.689488356203114,537.0629711536355,0.6241394728754297,0.2881844380403459,3.0685411271850986,98.27830381116677,98.94011804854217,12.944035811236608,29.97368876500711,62.689488356203114,99.36942101105512,536.4388316807601,9789.14695945946,69.39573224604801,34.697866123024006,1.132891110215179,0.7344605282370479,0.20733745113789034,cdbox
AAHY01072741.1/86035-86109,82.75,53.75801273563011,497.8119749778388,0.3814199087132766,0.3021148036253776,3.1148168353717844,93.68898014174343,94.31988949343638,17.22031641274661,22.788574162688505,53.75801273563011,96.335495352501,497.43055506912555,8896.24155405405,73.5469211898125,36.77346059490625,1.1321931134953889,0.928347834094495,0.18627409244783477,cdbox
