nameseq,average,median,maximum,minimum,peak,none_levated_peak,sample_standard_deviation,population_standard_deviation,percentile15,percentile25,percentile50,percentile75,amplitude,variance,interquartile_range,semi_interquartile_range,coefficient_of_variation,skewness,kurtosis,label
AASS01027918.1/1012-1092,134.25,107.38465187620763,396.0639471422531,7.03908810671181,0.2011173184357542,2.5307298900778825,106.9298835686264,107.59611981851388,43.638804874267066,54.285275526391516,107.38465187620763,168.87270960198518,389.0248590355413,11576.924999999996,114.58743407559366,57.29371703779683,0.796498201628502,0.7537279727762116,0.20494405768649204,cdbox
AE014296.4/20447343-20447428,139.49999999999997,122.55832874846713,566.1287681998174,0.0,0.20549581839904427,2.669805878610791,120.1551080895024,120.85983617397471,30.503628756039042,52.979230763370765,122.55832874846713,159.19211149448452,566.1287681998174,14607.100000000006,106.21288073111376,53.10644036555688,0.8613269397096949,0.4229950316946945,0.1619426265724216,cdbox
AJ784844.1/652-737,143.5,100.00018121968154,675.3437516240259,11.919262074116553,0.1997677119628339,2.659768240646119,143.1406650815903,143.980206973042,34.628100027088315,51.56007065741558,100.00018121968154,170.7807261657213,663.4244895499094,20730.300000000007,119.22065550830571,59.610327754152856,0.9974959239135213,0.9116868100799349,0.19541414266541413,cdbox
AAPP01019315.1/203189-203276,143.99999999999997,111.41207170919016,652.0247755156392,3.1873132737861165,0.20370370370370375,2.6747604061905195,126.82271089990152,127.54949456277117,26.853629296793315,71.56983198395366,111.41207170919016,190.24667904484187,648.8374622418531,16268.873563218393,118.6768470608882,59.3384235304441,0.8807132701382052,0.7708696981693786,0.2534110956776235,cdbox
