nameseq,average,median,maximum,minimum,peak,none_levated_peak,sample_standard_deviation,population_standard_deviation,percentile15,percentile25,percentile50,percentile75,amplitude,variance,interquartile_range,semi_interquartile_range,coefficient_of_variation,skewness,kurtosis,label
AC008186.5/23701-23785,143.24999999999997,90.18532821387902,551.1350736137343,4.810118030608085,0.19778941244909834,2.660731612017117,141.39041693127578,142.22953656476764,23.65549665703786,53.524481228035064,90.18532821387902,164.81670547827477,546.3249555831262,20229.241071428572,111.29222425023971,55.646112125119856,0.9870186173212971,1.1259179993488575,0.15335783453419236,cdbox
AC008186.5/24468-24549,144.50000000000003,90.55907003191186,484.8817864587888,1.938750070324719,0.18915801614763547,2.5653227065399715,134.83415739344386,135.6639138859859,25.427533730430497,39.48463942514667,90.55907003191186,220.32569469113122,482.94303638846407,18404.697530864192,180.84105526598455,90.42052763299228,0.9331083556639712,1.2001616877544483,0.26752478854710626,cdbox
AAPP01018724.1/106634-106550,147.25000000000006,85.00952897625407,782.8890104281963,1.483853330824114,0.1924165251839275,2.7405836679709368,168.70462352881742,169.7058467017619,12.208091304841924,34.51984225302983,85.00952897625407,236.83824129194332,781.4051570973722,28800.07440476192,202.3183990389135,101.15919951945675,1.1457020273603895,1.106794877138284,0.31961742707565777,cdbox
AAEU02000094.1/193595-193512,140.99999999999997,84.0992019730415,686.2435565298214,0.0,0.19858156028368798,2.739125127114484,154.8967397978408,155.8270589119766,15.913644622015346,31.671539394737884,84.0992019730415,178.86979240670675,686.2435565298214,24282.072289156626,147.19825301196886,73.59912650598443,1.098558438282559,1.10203994160021,0.19226129778826068,cdbox
