nameseq,average,median,maximum,minimum,peak,none_levated_peak,sample_standard_deviation,population_standard_deviation,percentile15,percentile25,percentile50,percentile75,amplitude,variance,interquartile_range,semi_interquartile_range,coefficient_of_variation,skewness,kurtosis,label
AAQB01006145.1/99907-100016,175.5,138.53350529148935,550.4317889701379,5.9675427021740175,0.20892687559354226,3.032257215288506,142.05368703416323,142.70382172158162,39.480015030183594,57.93059615530842,138.53350529148935,234.52373738438686,544.4642462679639,20364.380733944952,176.59314122907844,88.29657061453922,0.8094227181433803,0.7806871221783998,0.22161973879751487,cdbox
AAPQ01007048.1/171637-171746,165.49999999999997,132.96479616772777,760.4477440987323,2.0729954952991587,0.22155085599194363,3.2037165338654776,156.26019966709373,156.97535305865665,25.23653321954778,42.805810556212734,132.96479616772777,207.89190698994872,758.3747486034331,24641.261467889908,165.08609643373597,82.54304821686799,0.9441703907377266,0.6246351387286178,0.20741383457207702,cdbox
AAGH01006567.1/583-474,165.5,112.1019897569899,636.2931527261227,12.530455912643147,0.2215508559919436,3.1991010815928447,156.0360535261002,156.75018107184135,24.6709923425177,43.72341799924107,112.1019897569899,225.24366115051728,623.7626968134796,24570.61926605505,181.52024315127622,90.76012157563811,0.9428160333903336,1.0266475414429435,0.24766510727734903,cdbox
AAFS01000198.1/37463-37357,150.75000000000003,78.44845246818119,993.8133170872176,2.5443109970686253,0.2365948037589828,3.431538295157158,184.18910119765505,185.0558782261124,18.615402129175926,25.925216428668875,78.44845246818119,230.51021802928116,991.269006090149,34245.67806603775,204.5850016006123,102.29250080030614,1.2218182500673633,1.1776193118109313,0.2802098520886813,cdbox
