nameseq,average,median,maximum,minimum,peak,none_levated_peak,sample_standard_deviation,population_standard_deviation,percentile15,percentile25,percentile50,percentile75,amplitude,variance,interquartile_range,semi_interquartile_range,coefficient_of_variation,skewness,kurtosis,label
AC010057.7/173600-173526,132.74999999999997,82.08899042610096,924.5307589842163,2.437694101250944,0.1883239171374765,2.5707658329620107,176.88308285418364,178.07422818376395,14.317673195596111,22.56230589874905,82.08899042610096,163.05368074069298,922.0930648829653,31710.430743243232,140.49137484194392,70.24568742097196,1.3324526015381069,0.8592287417728163,0.25818124422314126,cdbox
AC010057.7/173837-173765,132.25,113.2539677375225,504.4684700965108,2.3675755941466172,0.18399495904221802,2.3589788052943685,111.28566843938172,112.05582066293765,20.94661899682593,35.33819367298576,113.2539677375225,171.40190077886245,502.1008945023642,12556.506944444445,136.0637071058767,68.03185355293834,0.8414795345132834,0.5120883720842672,0.2316003689997722,cdbox
AAPQ01006530.1/556557-556485,132.24999999999997,99.30443958391415,635.7845741601465,12.220539141882421,0.18399495904221805,2.350139101994767,132.4820742591238,133.3989161625136,28.073158269562054,45.727118552521375,99.30443958391415,145.79670793400996,623.564035018264,17795.27083333333,100.06958938148858,50.03479469074429,1.001754814813791,0.7460381474322423,0.1622569568949277,cdbox
AAQB01006228.1/174760-174688,130.24999999999997,87.71745886102285,450.23815634532514,0.5936294246455419,0.1868202175303903,2.4093261827287833,121.76000985545294,122.60264973573051,20.555531934694635,34.48930991956403,87.71745886102285,210.5065728783296,449.6445269206796,15031.409722222219,176.01726295876557,88.00863147938279,0.9348177340149939,1.0479436028989202,0.2750859066042536,cdbox
