nameseq,average,median,maximum,minimum,peak,none_levated_peak,sample_standard_deviation,population_standard_deviation,percentile15,percentile25,percentile50,percentile75,amplitude,variance,interquartile_range,semi_interquartile_range,coefficient_of_variation,skewness,kurtosis,label
AC093047.1/47159-47233,112.75,73.9035153152767,657.6121624556993,0.25,0.22172949002217296,2.6701496647150895,124.79433080072185,125.63470615992975,17.20290207834547,30.630065888863214,73.9035153152767,173.27058354968875,657.3621624556993,15784.07939189189,142.64051766082554,71.32025883041277,1.1068233330440962,0.9338521494238885,0.29464130905991975,cdbox
AY069135.1/400-474,118.75,86.71235370961539,429.2889113902365,1.1205177628334082,0.21052631578947367,2.5570714217750057,104.74075138168521,105.44608427622707,16.065871987508142,48.366194255641744,86.71235370961539,173.6423682630985,428.1683936274031,11118.876689189183,125.27617400745675,62.63808700372837,0.8820273800562966,0.9176269752057553,0.2644541687969291,cdbox
AC002443.1/58722-58796,112.75,73.9035153152767,657.6121624556993,0.25,0.22172949002217296,2.6701496647150895,124.79433080072185,125.63470615992975,17.20290207834547,30.630065888863214,73.9035153152767,173.27058354968875,657.3621624556993,15784.07939189189,142.64051766082554,71.32025883041277,1.1068233330440962,0.9338521494238885,0.29464130905991975,cdbox
AC002443.1/59187-59261,118.75,86.71235370961539,429.2889113902365,1.1205177628334082,0.21052631578947367,2.5570714217750057,104.74075138168521,105.44608427622707,16.065871987508142,48.366194255641744,86.71235370961539,173.6423682630985,428.1683936274031,11118.876689189183,125.27617400745675,62.63808700372837,0.8820273800562966,0.9176269752057553,0.2644541687969291,cdbox
