nameseq,average,median,maximum,minimum,peak,none_levated_peak,sample_standard_deviation,population_standard_deviation,percentile15,percentile25,percentile50,percentile75,amplitude,variance,interquartile_range,semi_interquartile_range,coefficient_of_variation,skewness,kurtosis,label
AABL01000190.1/3903-3814,152.49999999999997,109.08279031714432,714.4274281092836,4.0,0.19672131147540986,2.7034105598459406,147.3982700034162,148.22403708083016,41.24100055647813,45.472813957811056,109.08279031714432,191.61256569823055,710.4274281092836,21970.365168539316,146.1397517404195,73.06987587020976,0.9665460328092867,0.8836713554748516,0.24261814407403226,cdbox
ACBS01001329.1/10278-10195,146.99999999999997,111.53764171280471,552.5210897857328,0.5584102605113715,0.19047619047619052,2.5804244360078954,137.69168457100082,138.51866909101813,29.504137601754493,68.74621296650346,111.53764171280471,188.0426179081956,551.9626795252215,19187.42168674698,119.29640494169215,59.64820247084607,0.9366781263333391,0.7726470570321711,0.19149593927894973,cdbox
