nameseq,average,median,maximum,minimum,peak,none_levated_peak,sample_standard_deviation,population_standard_deviation,percentile15,percentile25,percentile50,percentile75,amplitude,variance,interquartile_range,semi_interquartile_range,coefficient_of_variation,skewness,kurtosis,label
AC150706.4/101845-101922,115.49999999999996,100.82823565043441,324.0,1.507971042717243,0.2251082251082252,2.71389502584204,92.3539387357139,92.95170509742937,11.350297232047632,27.368024332696823,100.82823565043441,191.13148747520617,322.49202895728274,8640.019480519477,163.76346314250935,81.88173157125468,0.7996012011750124,0.4765935665684352,0.324897169228506,cdbox
