nameseq,average,median,maximum,minimum,peak,none_levated_peak,sample_standard_deviation,population_standard_deviation,percentile15,percentile25,percentile50,percentile75,amplitude,variance,interquartile_range,semi_interquartile_range,coefficient_of_variation,skewness,kurtosis,label
X87373.1/2786-2857,121.99999999999993,87.5990331771082,392.74086489769076,1.0,0.19672131147540994,2.3787263307272952,100.37429949942366,101.07868919040602,30.74813478791814,46.21539030917346,87.5990331771082,162.9025347802567,391.74086489769076,10216.901408450703,116.68714447108324,58.34357223554162,0.822740159831342,1.0281805301093812,0.20957522409848803,cdbox
Z83331.1/1-70,103.49999999999999,73.30821785194567,556.2551126045557,0.6610077500681935,0.22544283413848634,2.6302536361988214,110.56785247077923,111.3661866826367,13.57838154532179,25.963680279880926,73.30821785194567,137.1180339887499,555.5941048544876,12402.427536231886,111.15435370886897,55.577176854434484,1.0682884296693647,0.8191833740109958,0.24993087115861967,cdbox
Z83334.1/4297-4361,100.24999999999999,54.235759751617394,350.3673112608464,1.0638587087566242,0.21612635078969247,2.4592703644996097,96.26525853079083,97.01441581022894,17.532351094950812,28.564569641521242,54.235759751617394,141.93614129124336,349.30345255208977,9411.796874999998,113.37157164972211,56.68578582486106,0.96025195541936,1.4339827561050416,0.3006291389752589,cdbox
Z83332.1/1-68,100.99999999999999,77.13829191567058,361.30393386258584,1.6878141171384633,0.22442244224422447,2.5988353360573044,99.44345126754197,100.18281796258962,11.32904784364624,12.731634409046114,77.13829191567058,138.55429091967773,359.61611974544735,10036.59701492537,125.82265651063162,62.91132825531581,0.9845886264113068,0.7198576008830999,0.2393758619556021,cdbox
