nameseq,average,median,maximum,minimum,peak,none_levated_peak,sample_standard_deviation,population_standard_deviation,percentile15,percentile25,percentile50,percentile75,amplitude,variance,interquartile_range,semi_interquartile_range,coefficient_of_variation,skewness,kurtosis,label
AF141346.1/240-319,94.0,52.61803398874989,384.33950169497103,4.0,0.28368794326241137,3.1231932690662165,89.88882021697691,90.45594773707617,13.722804954831599,22.242640687119284,52.61803398874989,141.8003914570549,380.33950169497103,8182.278481012656,119.55775076993561,59.778875384967805,0.9562640448614564,1.3811049887414522,0.3011511582766556,cdbox
AL591203.15/7971-8050,94.00000000000003,58.865030153070904,346.30502933263836,1.0,0.28368794326241126,3.0989016126055366,85.5043858524228,86.04385105164383,13.17531488875831,22.334545666519,58.865030153070904,153.90383371200625,345.30502933263836,7403.544303797469,131.56928804548724,65.78464402274362,0.909621126089604,1.2327427241301059,0.3358009880537574,cdbox
AJ224026.1/1-80,94.00000000000003,58.865030153070904,346.30502933263836,1.0,0.28368794326241126,3.0989016126055366,85.5043858524228,86.04385105164383,13.17531488875831,22.334545666519,58.865030153070904,153.90383371200625,345.30502933263836,7403.544303797469,131.56928804548724,65.78464402274362,0.909621126089604,1.2327427241301059,0.3358009880537574,cdbox
AC107390.4/33836-33915,111.99999999999996,76.49508800263203,475.0603459784243,4.298722967684947,0.2380952380952382,2.7914644997347917,104.72344532147515,105.38416761928768,25.0,43.60470415414901,76.49508800263203,144.2517332039297,470.76162301073936,11105.822784810123,100.64702904978068,50.32351452489034,0.9350307617988857,1.0171049631257816,0.21308041860685822,cdbox
