nameseq,average,median,maximum,minimum,peak,none_levated_peak,sample_standard_deviation,population_standard_deviation,percentile15,percentile25,percentile50,percentile75,amplitude,variance,interquartile_range,semi_interquartile_range,coefficient_of_variation,skewness,kurtosis,label
AAYZ01665444.1/416-340,89.24999999999999,89.50513291716024,244.89690252876963,2.9474882201370454,0.28758169934640526,2.905203202490802,58.42730526046876,58.81043923622655,24.150326020853246,39.85985061917047,89.50513291716024,118.1991946320291,241.94941430863258,3458.667763157895,78.33934401285863,39.169672006429316,0.6546476779884456,-0.01310001801501223,0.2577213764285166,cdbox
CR524332.1/704-776,104.24999999999997,52.957237073719554,524.4430969394848,1.3797489383624968,0.23341326938449247,2.7043758621928324,113.97148766248513,114.76022709206453,19.17658232388095,35.886266115877916,52.957237073719554,127.03695500193314,523.0633480011223,13169.90972222222,91.15068888605522,45.57534444302761,1.093251680215685,1.3501472336180782,0.1802887064230915,cdbox
CAAE01015001.1/1084295-1084363,101.24999999999994,52.940527160359544,669.7374474784023,2.1484916400325864,0.2271604938271606,2.724844597695892,135.38556052991763,136.3774093980291,9.513461012972169,17.936173822739065,52.940527160359544,118.3594308029581,667.5889558383697,18598.79779411764,100.42325698021904,50.21162849010952,1.3371413385670885,1.070486527157339,0.28099296817060176,cdbox
AAFR03054690.1/25422-25495,102.49999999999997,55.3313290220489,721.3416591503823,3.843467999368158,0.2406504065040651,2.8691095351630995,142.16275883648288,143.1331643600672,14.043751622226464,26.959354324734303,55.3313290220489,112.67389433517626,717.4981911510141,20487.102739726015,85.71454001044195,42.857270005220975,1.3869537447461748,0.9953803238766274,0.222729715670773,cdbox
