nameseq,average,median,maximum,minimum,peak,none_levated_peak,sample_standard_deviation,population_standard_deviation,percentile15,percentile25,percentile50,percentile75,amplitude,variance,interquartile_range,semi_interquartile_range,coefficient_of_variation,skewness,kurtosis,label
AJ505639.1/22-116,129.74999999999994,91.01911331653343,420.9231560816319,0.1764690913592664,0.24405908798972395,3.0866426841191945,111.71783653472708,112.31050826150441,25.97929482022291,42.77265949650979,91.01911331653343,204.87037774619233,420.7466869902726,12613.650265957449,162.09771824968254,81.04885912484127,0.8610237883215964,1.0400546918421703,0.2687856130912479,cdbox
AY013245.2/64306-64401,124.00000000000001,86.81264475694773,370.6180622297741,0.9030169001034525,0.25806451612903225,3.218036559541247,109.64488132147346,110.22044895762788,24.32297002318665,37.506263373996255,86.81264475694773,175.04993131530333,369.71504532967066,12148.547368421052,137.54366794130706,68.77183397065353,0.8842329138828504,1.0174853981743324,0.2308328805887219,cdbox
AY013245.2/62208-62303,123.99999999999999,82.45023556411505,393.2020595287471,1.3115797415076753,0.2580645161290323,3.2507088773580253,112.56553646654024,113.15643573110819,22.57581368821295,32.96243562821537,82.45023556411505,193.70125702153064,391.8904797872394,12804.37894736842,160.73882139331528,80.36941069665764,0.9077865844075826,1.107348636362662,0.26928092201298254,cdbox
AY013245.2/60110-60205,126.0000000000001,76.8412041985896,422.70513038216956,2.2014642622655067,0.2539682539682538,3.2273630761997123,117.65202930676544,118.26962950461073,19.184159837172835,35.369479644319405,76.8412041985896,213.8868137386285,420.50366611990404,13987.70526315789,178.5173340943091,89.25866704715455,0.9337462643394076,1.2534963338346008,0.3285064453751546,cdbox
