nameseq,average,median,maximum,minimum,peak,none_levated_peak,sample_standard_deviation,population_standard_deviation,percentile15,percentile25,percentile50,percentile75,amplitude,variance,interquartile_range,semi_interquartile_range,coefficient_of_variation,skewness,kurtosis,label
JN899102.1/2-75,112.50000000000003,78.12784654339845,361.0,1.9230877332843683,0.2192592592592592,2.610939238986396,98.30691735579954,98.97796212441116,26.090009416680537,41.91180936609797,78.12784654339845,175.54064881395112,359.0769122667156,9796.63698630137,133.62883944785315,66.81441972392658,0.8738392653848845,1.0489237496543418,0.25148438267491124,cdbox
FJ916003.1/1-69,103.25000000000001,81.85003530035978,510.94354758923913,5.302253626481804,0.2227602905569007,2.504282591727718,101.00123761617974,101.74118331508113,33.167292630475664,36.15527795239845,81.85003530035978,129.3214676960704,505.64129396275735,10351.268382352942,93.16618974367196,46.58309487183598,0.9782202190429029,0.635634727000972,0.2516614989325019,cdbox
U72858.1/1-73,120.25000000000006,91.37815572611618,540.528118086439,2.352347788919883,0.20235620235620225,2.479888199992523,109.13523720595471,109.89050737489164,15.646484386498809,39.987571869498495,91.37815572611618,187.19806249953592,538.1757702975191,12075.923611111113,147.21049063003744,73.60524531501872,0.9075695401742591,0.7936532236439365,0.3110071511567509,cdbox
U40580.1/1298-1369,107.99999999999996,81.79485800724284,367.4213562373095,13.339745962155613,0.22222222222222232,2.546669173894072,95.49869109050657,96.16886556586468,21.30573178198861,30.221722476676977,81.79485800724284,156.47154752852634,354.0816102751539,9248.450704225352,126.24982505184937,63.124912525924685,0.884247139726913,0.8232094605753862,0.27083465454338856,cdbox
