nameseq,average,median,maximum,minimum,peak,none_levated_peak,sample_standard_deviation,population_standard_deviation,percentile15,percentile25,percentile50,percentile75,amplitude,variance,interquartile_range,semi_interquartile_range,coefficient_of_variation,skewness,kurtosis,label
AC152939.2/6387-6477,102.75000000000004,74.05782666283785,547.5974846322414,2.1403908083300043,0.2952149229521491,3.4323490155867935,108.16942728886015,108.76870848017111,14.191290229127874,21.485040804901804,74.05782666283785,156.78433337476187,545.4570938239114,11830.631944444449,135.29929256986006,67.64964628493003,1.0527438178964488,0.7957564551176206,0.30423055901952833,cdbox
AF357325.1/3-89,83.74999999999999,52.06890684960192,377.9118540440261,0.5393527409615574,0.346268656716418,3.590612462970052,78.5580995187638,79.01351260650677,11.214023646603517,18.89250696981931,52.06890684960192,137.20058536446794,377.37250130306455,6243.135174418603,118.30807839464863,59.154039197324316,0.9380071584330008,1.209846979922075,0.353506653078011,cdbox
AC152939.2/8747-8839,113.24999999999989,50.39320570229268,705.5231741101138,0.680952754646778,0.2737306843267111,3.403234608790492,141.15505658671955,141.92013024784475,20.123662750646805,31.518455125398543,50.39320570229268,145.23191346238835,704.842221355467,20141.323369565216,113.7134583369898,56.8567291684949,1.2464022656663991,1.335909512935317,0.16310873540935733,cdbox
AC010325.7/135083-134993,86.75000000000001,54.22701473630848,512.4198400925181,0.9932589208967858,0.3496637848222862,3.7330021894448326,99.89306782755249,100.44649626100014,22.914589993502364,26.113889140823197,54.22701473630848,112.32947659944048,511.42658117162136,10089.498611111114,86.21558745861728,43.10779372930864,1.1515051046403744,0.9767340007968315,0.18712607523634717,cdbox
