nameseq,average,median,maximum,minimum,peak,none_levated_peak,sample_standard_deviation,population_standard_deviation,percentile15,percentile25,percentile50,percentile75,amplitude,variance,interquartile_range,semi_interquartile_range,coefficient_of_variation,skewness,kurtosis,label
AF317946.1/1-83,140.75,100.54723581125317,642.9084728146548,4.695847974568034,0.1965660153937241,2.6367259774949336,150.30344307433543,151.2171502323405,23.733913461833374,39.385419199730606,100.54723581125317,174.16217226372643,638.2126248400868,22866.626524390234,134.77675306399584,67.38837653199792,1.0678752616293814,0.8024320008863094,0.23387367423380293,cdbox
AL021636.3/72356-72274,140.75,100.54723581125317,642.9084728146548,4.695847974568034,0.1965660153937241,2.6367259774949336,150.30344307433543,151.2171502323405,23.733913461833374,39.385419199730606,100.54723581125317,174.16217226372643,638.2126248400868,22866.626524390234,134.77675306399584,67.38837653199792,1.0678752616293814,0.8024320008863094,0.23387367423380293,cdbox
AF326226.1/1-81,134.24999999999994,97.04525550690163,659.3183213629571,0.9514953057148788,0.20111731843575428,2.692347496458402,140.3388755833536,141.21326956061884,20.520342974650063,26.642282285182734,97.04525550690163,208.39193753395404,658.3668260572423,19941.187499999996,181.7496552487713,90.87482762438565,1.0453547529486307,0.7953194224718027,0.3097462732172613,cdbox
AL021636.3/72154-72074,134.24999999999994,97.04525550690163,659.3183213629571,0.9514953057148788,0.20111731843575428,2.692347496458402,140.3388755833536,141.21326956061884,20.520342974650063,26.642282285182734,97.04525550690163,208.39193753395404,658.3668260572423,19941.187499999996,181.7496552487713,90.87482762438565,1.0453547529486307,0.7953194224718027,0.3097462732172613,cdbox
