nameseq,average,median,maximum,minimum,peak,none_levated_peak,sample_standard_deviation,population_standard_deviation,percentile15,percentile25,percentile50,percentile75,amplitude,variance,interquartile_range,semi_interquartile_range,coefficient_of_variation,skewness,kurtosis,label
AAAA02011059.1/20497-20416,116.49999999999996,76.56687963455914,565.5868439812431,6.490550729575455,0.23462088698140207,2.861750964121626,124.27489690198902,125.0396727166479,20.359221787689357,34.95878102337783,76.56687963455914,147.97550184496097,559.0962932516676,15634.91975308642,113.01672082158314,56.50836041079157,1.0667373124634254,0.9639868073340968,0.22833864117523792,cdbox
AASG02011273.1/5793-5709,129.24999999999991,70.64732829321942,816.8070171337262,3.420735597277352,0.21921341070277253,2.898770852567136,151.71436978743975,152.61475970872667,15.82172500479772,24.71671700735017,70.64732829321942,166.24904674501272,813.3862815364488,23291.26488095238,141.53232973766256,70.76616486883128,1.1738055689550473,1.1588092503475993,0.2453695460957823,cdbox
AARH01006125.1/83661-83576,125.50000000000001,72.34104438938171,510.59575797352267,0.2482324192938455,0.22841965471447542,2.93698627974704,131.0620082251146,131.83070694689326,21.203673620473303,33.41464592932395,72.34104438938171,177.3773483674545,510.3475255542288,17379.33529411765,143.96270243813052,71.98135121906526,1.0443187906383633,1.216804694140917,0.22103921661550105,cdbox
AM483106.2/1366-1281,127.50000000000004,69.78868140384236,585.7169399035644,0.7263891955247015,0.22483660130718947,2.9748733198726285,149.52340953843984,150.40038720225505,11.676223690446093,35.26383132512272,69.78868140384236,158.28265001138047,584.9905507080397,22620.276470588244,123.01881868625775,61.50940934312887,1.1727326238309004,1.1579053495564073,0.23034997700513432,cdbox
