nameseq,average,median,maximum,minimum,peak,none_levated_peak,sample_standard_deviation,population_standard_deviation,percentile15,percentile25,percentile50,percentile75,amplitude,variance,interquartile_range,semi_interquartile_range,coefficient_of_variation,skewness,kurtosis,label
AJ429614.1/1-63,87.75000000000001,35.997155734767695,514.9683893661226,0.14987701940402873,0.23931623931623927,2.809661084414323,118.46465717672929,119.4161958135522,3.7415977608017794,7.591270926186774,35.997155734767695,114.6298456964986,514.8185123467185,14260.227822580644,107.03857477031183,53.51928738515591,1.35002458321059,1.3105894744968318,0.2124124328545609,cdbox
AJ429613.1/1-65,90.24999999999996,43.68441823979375,484.7663571942149,0.043135889166797475,0.24007386888273327,2.785447338406107,120.48236385463224,121.41998394004173,6.037325789096499,10.36038626203045,43.68441823979375,104.22348681765321,484.72322130504807,14742.812499999993,93.86310055562276,46.93155027781138,1.3349846410485573,1.1594787885235174,0.24273932110121696,cdbox
AF318009.1/1-65,90.24999999999996,43.68441823979375,484.7663571942149,0.043135889166797475,0.24007386888273327,2.785447338406107,120.48236385463224,121.41998394004173,6.037325789096499,10.36038626203045,43.68441823979375,104.22348681765321,484.72322130504807,14742.812499999993,93.86310055562276,46.93155027781138,1.3349846410485573,1.1594787885235174,0.24273932110121696,cdbox
AF262038.1/28916-28852,90.25,54.36881039375369,548.0359482424307,0.7255950294105794,0.24007386888273316,2.678278528445752,114.15340555585712,115.04177230467198,10.946218902903917,20.918289042613914,54.36881039375369,94.89787893324986,547.3103532130201,13234.609374999995,73.97958989063594,36.98979494531797,1.2648576792892756,0.9429729082069932,0.17230172799550159,cdbox
