nameseq,average,median,maximum,minimum,peak,none_levated_peak,sample_standard_deviation,population_standard_deviation,percentile15,percentile25,percentile50,percentile75,amplitude,variance,interquartile_range,semi_interquartile_range,coefficient_of_variation,skewness,kurtosis,label
AC013483.7/59930-60049,165.99999999999997,102.90965595286097,814.7933983335489,1.2867710687599878,0.2409638554216868,3.5252814144420346,176.14198817999073,176.88053225009142,31.366830919855666,44.82723252214287,102.90965595286097,235.54720714752685,813.5066272647889,31286.72268907563,190.71997462538397,95.35998731269198,1.0610963143372938,1.0745367081244157,0.29007489699322064,cdbox
