nameseq,average,median,maximum,minimum,peak,none_levated_peak,sample_standard_deviation,population_standard_deviation,percentile15,percentile25,percentile50,percentile75,amplitude,variance,interquartile_range,semi_interquartile_range,coefficient_of_variation,skewness,kurtosis,label
AL161547.2/22249-22338,148.49999999999994,113.6726366223342,537.767911966494,1.9167771448096862,0.2020202020202021,2.7000950548109786,121.24458750806154,121.9238342093727,38.40421175775138,62.003449344794596,113.6726366223342,211.79199093891017,535.8511348216844,14865.421348314601,149.78854159411557,74.89427079705779,0.8164618687411554,0.8617464274522789,0.27342743592141855,cdbox
AF317945.1/1-90,148.49999999999994,113.6726366223342,537.767911966494,1.9167771448096862,0.2020202020202021,2.7000950548109786,121.24458750806154,121.9238342093727,38.40421175775138,62.003449344794596,113.6726366223342,211.79199093891017,535.8511348216844,14865.421348314601,149.78854159411557,74.89427079705779,0.8164618687411554,0.8617464274522789,0.27342743592141855,cdbox
AC006413.4/30276-30369,153.50000000000003,137.7060899509499,611.9197809540836,0.42128348582541414,0.20412595005428877,2.7544394111694874,121.52880317027731,122.18043681287503,44.75650004733457,58.77332431935891,137.7060899509499,202.37830367836176,611.4984974682583,14928.05913978495,143.60497935900284,71.80248967950142,0.7917185874285165,0.38988066130102994,0.27282196176026163,cdbox
