nameseq,average,median,maximum,minimum,peak,none_levated_peak,sample_standard_deviation,population_standard_deviation,percentile15,percentile25,percentile50,percentile75,amplitude,variance,interquartile_range,semi_interquartile_range,coefficient_of_variation,skewness,kurtosis,label
AM910994.1/759659-759754,161.99999999999997,88.364948734054,1209.0,0.0,0.1975308641975309,2.920395177506233,210.75103795711183,211.85735021968262,31.208168672320067,49.9580721209055,88.364948734054,186.00526587695214,1209.0,44883.536842105255,136.04719375604662,68.02359687802331,1.3009323330685918,1.0481806207891249,0.1776943072259433,cdbox
ABGV01006154.1/1319-1218,179.49999999999991,132.80060768065474,647.2962331764601,11.404562574440979,0.1894150417827299,2.7829332289437847,152.90928683373028,153.66439901536228,40.61636549066403,69.4495899739648,132.80060768065474,269.03212680370734,635.8916706020191,23612.74752475247,199.58253682974254,99.79126841487127,0.8518623221934838,0.9162175814107012,0.28223236934480495,cdbox
ABGU01007392.1/389-288,179.50000000000003,127.61515587500051,593.9444402287461,4.0,0.18941504178272978,2.7943712672191006,153.7896290391521,154.54908861613907,46.431437358521315,58.85802934057688,127.61515587500051,270.3608710854707,589.9444402287461,23885.420792079207,211.50284174489383,105.75142087244691,0.8567667355941619,1.0121263270319203,0.2910146196127964,cdbox
