nameseq,average,median,maximum,minimum,peak,none_levated_peak,sample_standard_deviation,population_standard_deviation,percentile15,percentile25,percentile50,percentile75,amplitude,variance,interquartile_range,semi_interquartile_range,coefficient_of_variation,skewness,kurtosis,label
AB026653.1/15165-15249,105.25000000000004,86.21430483864297,419.12608354180315,3.542751038879124,0.2692003167062548,3.049190903033653,94.22977236521376,94.78900441054785,25.909830056250527,37.09016994374948,86.21430483864297,148.97270919590036,415.583332502924,8984.955357142859,111.88253925215088,55.94126962607544,0.8952947493131945,0.606040787859879,0.2965544168625781,cdbox
