nameseq,average,median,maximum,minimum,peak,none_levated_peak,sample_standard_deviation,population_standard_deviation,percentile15,percentile25,percentile50,percentile75,amplitude,variance,interquartile_range,semi_interquartile_range,coefficient_of_variation,skewness,kurtosis,label
AC122539.4/111761-111697,98.25000000000001,66.26828602416354,423.4841721398169,1.5367046671502216,0.22052586938083119,2.4780972244019748,100.95048291117777,101.7361016306404,16.459542517620026,21.24411547633487,66.26828602416354,131.12519864311332,421.9474674726667,10350.234374999995,109.88108316677845,54.940541583389226,1.0274858311570256,0.9504178599316622,0.2922657584489136,cdbox
AL513534.17/133194-133260,98.74999999999999,73.41387307366945,367.8408962293514,1.4411473461973598,0.22616033755274265,2.561451742561509,100.46454598513844,101.22277973047191,12.995635814427304,23.210076047561987,73.41387307366945,105.5781005038616,366.3997488831541,10246.051136363634,82.36802445629962,41.18401222814981,1.017362490988744,0.7565691959652653,0.15071213895039517,cdbox
AAPN01032983.1/19495-19429,100.74999999999999,58.35602423714242,422.7945924681643,1.6178879002402706,0.22167080231596362,2.550794056505247,104.66673301484094,105.4566818291958,15.867315343822652,27.07442040518906,58.35602423714242,139.9635705342756,421.17670456792405,11121.111742424237,112.88915012908653,56.444575064543265,1.0388757619339053,1.215113184726414,0.21269799712297377,cdbox
AAFR03050138.1/41907-41972,96.49999999999994,60.54002610276388,341.98711614991885,9.0,0.2279792746113991,2.4809940530786436,92.13169921368,92.83769957047872,20.830644570280054,34.517752295435784,60.54002610276388,108.0,332.98711614991885,8618.838461538464,73.48224770456422,36.74112385228211,0.9547326343386533,1.1709316403847443,0.1319172060158791,cdbox
