nameseq,average,median,maximum,minimum,peak,none_levated_peak,sample_standard_deviation,population_standard_deviation,percentile15,percentile25,percentile50,percentile75,amplitude,variance,interquartile_range,semi_interquartile_range,coefficient_of_variation,skewness,kurtosis,label
AF468960.1/1-128,139.99999999999994,110.16223195970282,840.4853934830782,7.238058924120994,0.30476190476190484,3.9809121738470323,136.1800279042415,136.71511848382843,31.146471495653557,47.540421035026455,110.16223195970282,194.30995896956122,833.2473345589572,18691.023622047247,146.76953793453475,73.38476896726738,0.9727144850302969,0.6573159478556939,0.2954978706297417,cdbox
AJ248283.1/230575-230449,131.75000000000006,91.50023109817964,600.25,0.8566163577248654,0.3213156230234028,4.151056706895454,130.72824866875558,131.24598633318823,21.213732333302755,37.65308284907567,91.50023109817964,167.37862821376305,599.3933836422751,17225.508928571428,129.72554536468738,64.86277268234369,0.9922447716793589,0.9236665214679088,0.21365979427119572,cdbox
BA000001.2/215834-215709,125.5,88.58277070748264,883.1558057464725,1.0,0.3346613545816733,4.266921216665235,138.28683957629516,138.8388850430599,19.032880620077446,42.585360270888145,88.58277070748264,156.15809817583897,882.1558057464725,19276.236,113.57273790495083,56.786368952475414,1.1018871679386069,0.8008837877623816,0.21127409080266416,cdbox
AP006878.1/47908-47779,126.49999999999997,93.88854381999835,769.6625235554184,2.1561003876553535,0.3425559947299079,4.2865659904777305,125.87394488137723,126.36088652510652,29.064792856702994,40.01445922048122,93.88854381999835,163.89509556302116,767.506423167763,15967.073643410848,123.88063634253993,61.940318171269965,0.9950509476788716,0.7772408232077205,0.24778269376889572,cdbox
