nameseq,average,median,maximum,minimum,peak,none_levated_peak,sample_standard_deviation,population_standard_deviation,percentile15,percentile25,percentile50,percentile75,amplitude,variance,interquartile_range,semi_interquartile_range,coefficient_of_variation,skewness,kurtosis,label
DQ351284.1/1267-1335,101.25000000000003,52.92666377895237,439.7053469164039,4.138947762531063,0.22716049382716044,2.6759602851025175,116.85568022137393,117.71177723575498,12.696454042408623,18.282528756551912,52.92666377895237,142.42016865436804,435.56639915387285,13856.062500000004,124.13763989781613,62.068819948908065,1.154130175025915,1.2405901740378273,0.2628143183307094,cdbox
X56953.1/2429-2497,101.25,68.07649366938485,445.78827559689825,0.33848622899986613,0.2271604938271605,2.597222923933902,96.3703792666606,97.07639880981556,13.011265346933097,22.535861188915927,68.07649366938485,149.7423936067553,445.4497893678984,9423.827205882359,127.20653241783936,63.60326620891968,0.951806214979364,1.032687841940191,0.3054444489112092,cdbox
AAPY01267864.1/1108-1174,100.75000000000003,54.45399146551238,407.67955308027797,3.393380906812648,0.22167080231596353,2.597361385200793,107.23863576155752,108.04799543805437,10.04905512805131,14.888229249934405,54.45399146551238,180.70586885156158,404.28617217346533,11674.36931818182,165.81763960162718,82.90881980081359,1.064403332620918,1.2951304780888586,0.33201038594268856,cdbox
AALT01545687.1/2663-2595,113.25000000000001,75.43780830005915,454.21869249731236,0.25,0.2030905077262693,2.4974551624058554,116.93267293618156,117.78933400729609,13.702112004858304,40.12557746244351,75.43780830005915,144.1923470270294,453.96869249731236,13874.327205882359,104.06676956458588,52.03338478229294,1.0325180833216914,0.9701016170367796,0.16265735707849258,cdbox
