nameseq,average,median,maximum,minimum,peak,none_levated_peak,sample_standard_deviation,population_standard_deviation,percentile15,percentile25,percentile50,percentile75,amplitude,variance,interquartile_range,semi_interquartile_range,coefficient_of_variation,skewness,kurtosis,label
AACN010948193.1/172-257,133.50000000000006,101.22828076270412,379.0430701127299,2.435612286975281,0.21473158551810229,2.7390882103508365,110.65825771265332,111.30728531729577,25.630174209989164,44.13290931282226,101.22828076270412,207.69009273880297,376.6074578257546,12389.311764705884,163.55718342598072,81.77859171299036,0.8289008068363541,0.8749022414873734,0.2631540083158663,cdbox
AAPY01351447.1/97-181,127.25,95.24922359499622,628.0542147478814,0.02975278137355734,0.2226588081204977,2.8511010727343047,123.85576288570508,124.59081837683516,17.008724249790824,27.87638667903929,95.24922359499622,184.85415104684654,628.0244619665078,15522.872023809525,156.97776436780725,78.48888218390363,0.97332623092892,0.7751139468867744,0.3368840294090099,cdbox
AC159621.2/106632-106547,131.49999999999997,72.88123601939557,625.0,0.7331313542064263,0.2179974651457542,2.8915028133803276,138.68399330852856,139.49739613846475,21.051056421221872,27.64934237317067,72.88123601939557,183.04357946210362,624.2668686457936,19459.52352941176,155.39423708893295,77.69711854446648,1.0546311278215101,1.2680359697358,0.2439697057517554,cdbox
AALT01578859.1/299-379,118.24999999999996,85.40972624299806,403.07054622894316,0.4545162790091372,0.22832980972515865,2.743062032770119,102.0196059588548,102.65524828278387,25.491943648222946,42.67382559328025,85.40972624299806,172.64350089577565,402.61602994993405,10538.1,129.9696753024954,64.9848376512477,0.8627450821044806,0.9657047813999576,0.2837079627115979,cdbox
