nameseq,average,median,maximum,minimum,peak,none_levated_peak,sample_standard_deviation,population_standard_deviation,percentile15,percentile25,percentile50,percentile75,amplitude,variance,interquartile_range,semi_interquartile_range,coefficient_of_variation,skewness,kurtosis,label
AK024486.1/3319-3428,93.50000000000001,61.569886607918235,612.4093197664438,2.000987277702144,0.392156862745098,4.261602997189146,105.54264540933204,106.02568063506331,21.094115191474696,27.294565258150925,61.569886607918235,113.89209378888282,610.4083324887416,11241.44495412844,86.59752853073189,43.298764265365946,1.1287983466238718,0.907598438571785,0.2563467538876108,cdbox
AF357349.1/1-99,92.75,68.20263810624282,402.437470700035,0.1102335702489119,0.3557951482479784,3.813193990046535,82.01905266460957,82.43645511940127,14.4085294201926,38.3481526427228,68.20263810624282,116.99999999999999,402.3272371297861,6795.769132653061,78.65184735727718,39.32592367863859,0.8843024546049549,0.8978655969413238,0.19979120537927803,cdbox
AAHX01004065.1/24142-24250,101.24999999999994,80.95469783770434,494.4674699651169,0.7531165046368422,0.3588477366255146,4.023939641547948,90.5855948813055,91.0040063220662,14.324912153698774,33.991348269987405,80.95469783770434,147.66505689974838,493.71435346048,8281.729166666666,113.67370862976097,56.83685431488048,0.8946725420375856,0.6721367405785184,0.26785488753136777,cdbox
AAQQ01534227.1/350-242,93.25000000000003,66.46790820806612,472.5368413186971,0.8388055011979887,0.389633601429848,4.199870550478894,86.79141662630009,87.19230290103127,18.953683861476687,36.076129397880976,66.46790820806612,129.18243130736855,471.6980358174991,7602.497685185185,93.10630190948757,46.553150954743785,0.9307390522927621,0.9257398772709361,0.24495455627206042,cdbox
