nameseq,average,median,maximum,minimum,peak,none_levated_peak,sample_standard_deviation,population_standard_deviation,percentile15,percentile25,percentile50,percentile75,amplitude,variance,interquartile_range,semi_interquartile_range,coefficient_of_variation,skewness,kurtosis,label
AL591203.15/10035-10099,98.24999999999997,70.73430536306161,306.25,2.487182914011602,0.2205258693808313,2.417363218774442,78.58753081755398,79.19911615668447,27.53480261329255,38.6180339887499,70.73430536306161,165.05587769658422,303.7628170859884,6272.499999999998,126.43784370783432,63.21892185391716,0.7998730872015675,1.050383986518847,0.28653195865202574,cdbox
BC055883.1/519-584,110.49999999999999,81.21586156978944,452.1882084402206,0.06276915209358004,0.1990950226244344,2.363095971144621,103.20973791266015,104.00062869632455,16.20715861155816,41.83465809327575,81.21586156978944,135.92081781902593,452.125439288127,10816.130769230766,94.08615972575018,47.04307986287509,0.9340247774901372,0.8512027747321242,0.19191019772347584,cdbox
AC073875.6/8012-8076,108.24999999999999,66.97300114462514,289.8756237823517,8.0285462562434,0.20015396458814477,2.2827816254820754,87.54998572244314,88.23131884427433,26.02039216894719,34.433514347624,66.97300114462514,150.81744926202288,281.8470775261083,7784.765624999999,116.38393491439888,58.19196745719944,0.8087758496299599,1.4144033896099297,0.26060669219573035,cdbox
AC092630.3/54523-54591,113.25000000000004,100.73383964026547,349.8429479436733,8.774102754726202,0.20309050772626924,2.309423900880389,78.29591304787242,78.8695171488587,31.026664117907657,49.20431546203932,100.73383964026547,155.64670223229243,341.06884518894714,6220.400735294118,106.44238677025311,53.221193385126554,0.6913546405993147,0.47957140567791157,0.26534623407169217,cdbox
