nameseq,average,median,maximum,minimum,peak,none_levated_peak,sample_standard_deviation,population_standard_deviation,percentile15,percentile25,percentile50,percentile75,amplitude,variance,interquartile_range,semi_interquartile_range,coefficient_of_variation,skewness,kurtosis,label
AJ132685.1/1-77,101.24999999999997,91.16887996682816,300.82331829757055,12.436339218822836,0.2534979423868314,2.7169844814563398,72.07461411620598,72.54723960071954,37.846790307241115,42.89421591455565,91.16887996682816,129.21431864962668,288.38697907874774,5263.101973684209,86.32010273507103,43.160051367535516,0.7118480406538864,0.4196118213099836,0.2187972138576182,cdbox
AF295529.1/5361-5441,106.24999999999997,88.04441475816203,283.41544224384876,4.354903159469378,0.2541176470588236,2.815181732418401,74.97332859090626,75.44045665291272,24.48506889137097,48.840184522517305,88.04441475816203,151.68876229318232,279.0605390843794,5691.262500000002,102.84857777066502,51.42428888533251,0.7056313279144121,0.7284824717271315,0.2693469962104167,cdbox
AF146043.1/3911-3989,101.75000000000003,58.87035789326242,380.6492993150265,0.6725905790624483,0.2588042588042587,2.994010109309812,100.55284680206721,101.19536354282295,11.147811991586419,22.62781707793009,58.87035789326242,163.83189378106215,379.97670873596405,10240.5016025641,141.20407670313205,70.60203835156602,0.9882343666050829,1.2793166022781188,0.2751105193748437,cdbox
AJ240068.1/1-85,127.24999999999997,97.71633455125516,395.2633012019079,0.6449851425308629,0.22265880812049774,2.857523206401847,112.2463807879791,112.91253726415226,11.898831042234363,27.51070660418224,97.71633455125516,199.3601032514416,394.61831605937704,12749.241071428572,171.84939664725934,85.92469832362967,0.8820933657208576,0.7893439033334343,0.29037468072910544,cdbox
