nameseq,average,median,maximum,minimum,peak,none_levated_peak,sample_standard_deviation,population_standard_deviation,percentile15,percentile25,percentile50,percentile75,amplitude,variance,interquartile_range,semi_interquartile_range,coefficient_of_variation,skewness,kurtosis,label
AF250841.1/161569-161650,114.49999999999997,103.93570531643152,454.5213962649071,0.42018736961243947,0.2387190684133916,2.984848465589016,114.88363678087494,115.59061968007909,6.257023816071484,18.594332757690204,103.93570531643152,155.704397804238,454.10120889529463,13361.191358024687,137.1100650465478,68.5550325232739,1.0033505395709603,0.2758694357069776,0.25378050339253894,cdbox
AF250841.1/103788-103869,112.49999999999997,100.87135279655807,497.47477013078424,0.5673657321037516,0.24296296296296302,2.9972609203349885,112.68651205889726,113.37997406296456,8.06582830120488,17.10089792437708,100.87135279655807,166.44998701387647,496.9074043986805,12855.018518518518,149.3490890894994,74.6745445447497,1.001657884967976,0.30958400409174125,0.3167413340414868,cdbox
AF250841.1/130987-131068,112.50000000000003,105.4523311241234,431.91952275703267,0.14953708724070752,0.24296296296296288,3.003520924472078,113.44712424737789,114.14526698601497,11.535725074727152,21.020506722868472,105.4523311241234,159.38298368275295,431.76998566979194,13029.14197530864,138.36247695988448,69.18123847994224,1.0084188821989142,0.18636881955267856,0.24537393563339796,cdbox
AF250841.1/92869-92950,116.49999999999993,100.81250668898062,468.80236173224,0.12697759861235128,0.23462088698140213,2.956194398178324,118.09424202728937,118.82098268372435,11.449162923157557,20.514419824954228,100.81250668898062,158.727317021886,468.67538413362763,14118.425925925922,138.21289719693178,69.10644859846589,1.0136844809209393,0.39851629618133855,0.26709745454306877,cdbox
