nameseq,average,median,maximum,minimum,peak,none_levated_peak,sample_standard_deviation,population_standard_deviation,percentile15,percentile25,percentile50,percentile75,amplitude,variance,interquartile_range,semi_interquartile_range,coefficient_of_variation,skewness,kurtosis,label
AK096147.1/2233-2308,92.99999999999997,56.98319689573174,345.54837718921794,1.710837808356918,0.27240143369175635,3.0068991249489474,90.07774419910835,90.67627400079178,11.53010892525313,19.152825259123105,56.98319689573174,143.19785729439212,343.837539380861,8222.186666666666,124.04503203526902,62.02251601763451,0.9685778946140686,1.1995239253990362,0.26262801116826656,cdbox
AL137783.12/18577-18652,95.0,57.06476683257445,369.71994226928325,1.5482659122824316,0.26666666666666666,2.9873396698671844,93.94147114027966,94.56567382865023,11.07110083091408,23.777619909660878,57.06476683257445,146.35218649840277,368.1716763570008,8942.666666666664,122.5745665887419,61.28728329437095,0.9888575909503122,1.2114532391379564,0.2434640837309179,cdbox
AAFC03068109.1/6499-6575,93.25,58.91589741547463,294.46068385009806,2.25,0.27524575513851657,2.980476899437694,83.47304954295129,84.02041966720132,12.175692549422175,34.97927672464945,58.91589741547463,145.11003331877512,292.21068385009806,7059.430921052632,110.13075659412567,55.065378297062836,0.8951533463051077,1.2339588444121234,0.2635114258779414,cdbox
AALT01102941.1/534-610,91.25,78.82214242248303,231.9708013459609,2.25,0.2812785388127854,2.950036421234019,68.69315832017041,69.14361008646766,12.598530197856139,27.928965073288825,78.82214242248303,142.65507379880552,229.7208013459609,4780.838815789472,114.7261087255167,57.36305436275835,0.7528017350155661,0.54275525604423,0.32357446577700016,cdbox
