nameseq,average,median,maximum,minimum,peak,none_levated_peak,sample_standard_deviation,population_standard_deviation,percentile15,percentile25,percentile50,percentile75,amplitude,variance,interquartile_range,semi_interquartile_range,coefficient_of_variation,skewness,kurtosis,label
AAYZ01187716.1/225-149,101.25,66.0185654567245,366.11323230710804,2.047372538212424,0.25349794238683127,2.8415782521652018,89.99861110039421,90.58877225073059,29.47547919776071,38.60283717407298,66.0185654567245,151.70645642852375,364.0658597688956,8206.325657894737,113.10361925445076,56.55180962722538,0.8888751713619182,1.1743992750279624,0.2502210061985178,cdbox
AACN010729405.1/784-708,97.24999999999997,71.19623213334049,453.7150530532641,2.25,0.26392459297343623,2.92262039068234,97.66140486394819,98.30181438064264,16.215139571849456,28.400182144762915,71.19623213334049,144.39329967157047,451.4650530532641,9663.24671052632,115.99311752680757,57.99655876340378,1.004230384205123,0.8003295028252433,0.3024010080204418,cdbox
AAHY01113754.1/39386-39310,109.25000000000003,95.05480885949389,529.777034207458,0.25,0.23493516399694883,2.7174240189199756,101.4729027869017,102.13830600040116,24.190120565544202,37.08477668330121,95.05480885949389,136.43606124249064,529.527034207458,10432.233552631584,99.35128455918942,49.67564227959471,0.9288137554865141,0.4196743391775271,0.21899448945685862,cdbox
AAFR03022281.1/33862-33938,105.24999999999997,65.38560525310116,396.3632608128721,2.316955370871545,0.2438638163103722,2.807810109680233,101.33484099755621,101.99933887814639,21.33193844217711,29.03394454631184,65.38560525310116,146.73216151537798,394.0463054420006,10403.865131578947,117.69821696906614,58.84910848453307,0.9628013396442399,1.1801783381056525,0.2883434872363496,cdbox
