nameseq,average,median,maximum,minimum,peak,none_levated_peak,sample_standard_deviation,population_standard_deviation,percentile15,percentile25,percentile50,percentile75,amplitude,variance,interquartile_range,semi_interquartile_range,coefficient_of_variation,skewness,kurtosis,label
AB023044.1/29891-29990,158.99999999999997,123.71102257959284,657.6188162151191,13.119586798757458,0.209643605870021,2.873091254823083,129.68808734806754,130.34143197344767,40.00000000000001,56.792780944664436,123.71102257959284,235.43070063485135,644.4992294163616,16988.888888888883,178.63791969018692,89.31895984509346,0.8156483481010539,0.8163196360286126,0.2867589566238983,cdbox
AM435377.2/7052-7143,148.99999999999994,83.58185589525972,683.2328885920224,1.0,0.20581655480984348,2.799514004361669,139.98571355677694,140.75276430443793,36.54591304147712,47.47396850787842,83.58185589525972,205.82086887189197,682.2328885920224,19811.340659340658,158.34690036401355,79.17345018200677,0.9395014332669597,1.401960438160153,0.2639611417743755,cdbox
AASG02005463.1/7246-7155,140.99999999999997,98.99087000289927,693.1534249149879,5.118725513136165,0.21749408983451543,2.8951965058585833,145.0655024463087,145.86038786199884,34.46930148051144,42.70054768607015,98.99087000289927,178.63120255895961,688.0346994018518,21275.252747252744,135.93065487288948,67.96532743644474,1.0288333506830407,0.8687619583294592,0.2239232536877243,cdbox
CT963106.2/109102-109018,145.25,111.22531238805665,491.1870713334103,0.8652427774593866,0.19506597819850832,2.64991205789728,125.04899039976294,125.79112742198967,16.055566068221808,57.3927923447516,111.22531238805665,215.56250490276636,490.3218285559509,15823.407738095242,158.16971255801477,79.08485627900738,0.8609224812376106,0.8162725865240057,0.23272341398733296,cdbox
