nameseq,average,median,maximum,minimum,peak,none_levated_peak,sample_standard_deviation,population_standard_deviation,percentile15,percentile25,percentile50,percentile75,amplitude,variance,interquartile_range,semi_interquartile_range,coefficient_of_variation,skewness,kurtosis,label
AC007202.3/26280-26365,129.50000000000003,74.35742256890828,515.633833689387,3.8437793538560854,0.22136422136422132,2.856644460850723,133.8852120288122,134.67046927265696,23.158056690471742,29.650891829625778,74.35742256890828,179.68777770362246,511.7900543355309,18136.135294117645,150.03688587399668,75.01844293699834,1.0338626411491287,1.235593758164084,0.22010196095469042,cdbox
AM474843.1/11598-11685,123.99999999999996,85.51897865711783,576.58787847868,1.108163826671488,0.2365591397849463,3.1050948375710443,141.30463545121228,142.11441076515231,11.396083291264423,24.347835588913366,85.51897865711783,182.45337947589766,575.4797146520085,20196.50574712644,158.1055438869843,79.05277194349215,1.1395535117033253,0.8169800209314788,0.23032471213049555,cdbox
AARH01003557.1/39889-39803,127.75000000000001,73.03837476211739,618.5278957228298,2.25,0.22700587084148727,3.0318089825981875,144.94611067565768,145.7863850232234,10.953938199640273,22.424612584423272,73.03837476211739,167.8573509218091,616.2778957228298,21253.670058139538,145.4327383373858,72.7163691686929,1.134607519966009,1.1323855117501458,0.24529711558824055,cdbox
AASG02001221.1/38053-38137,137.25000000000003,61.35565477625727,712.7158922001051,0.08162474367902686,0.2064359441408621,2.8445733964001025,158.52838862487692,159.46921818212772,17.280770878915348,25.98573105462057,61.35565477625727,213.5577010679087,712.6342674564261,25430.431547619057,187.57197001328814,93.78598500664407,1.155033796902564,1.4362287893431558,0.24478637391476393,cdbox
