nameseq,average,median,maximum,minimum,peak,none_levated_peak,sample_standard_deviation,population_standard_deviation,percentile15,percentile25,percentile50,percentile75,amplitude,variance,interquartile_range,semi_interquartile_range,coefficient_of_variation,skewness,kurtosis,label
ADBK01001983.1/287723-287648,120.99999999999997,73.34725831653412,468.3911621542575,0.8225659786142889,0.20936639118457304,2.69356176647091,125.99999999999994,126.83721851254856,17.201944790785667,30.06503479874767,73.34725831653412,179.04130220183268,467.56859617564317,16087.67999999999,148.97626740308502,74.48813370154251,1.0413223140495866,1.1345890877015683,0.24100982009496968,cdbox
AC232542.1/85172-85095,125.49999999999996,77.35826430886667,436.6130925448052,1.0541409693697752,0.20717131474103592,2.622235502237986,118.05613071755315,118.82025604564754,17.375906362534547,37.83461016630714,77.35826430886667,188.95343183917123,435.55895157543546,14118.253246753242,151.1188216728641,75.55941083643205,0.9406863005382724,1.2233604997518865,0.24158661984655536,cdbox
AENI01002604.1/10661-10586,122.99999999999997,77.22478668623594,465.93347438183264,0.920619474738882,0.20596205962059624,2.564310192731447,115.45561917897282,116.22277458972201,23.307974169465822,40.57638579071923,77.22478668623594,183.94848100230877,465.01285490709375,13507.733333333332,143.37209521158954,71.68604760579477,0.9386635705607549,1.1894236150465538,0.25641609283974626,cdbox
AFAN01000008.1/2227657-2227733,123.25000000000003,91.53239091815875,468.30904083057163,2.612973151632088,0.20824881676808651,2.562034888573247,105.71069009329187,106.40388237376737,25.158688626670234,34.64711851531094,91.53239091815875,205.25601813240027,465.6960676789395,11321.786184210523,170.60889961708932,85.30444980854466,0.8576932259090616,0.9001249273990122,0.34457970639701574,cdbox
