nameseq,average,median,maximum,minimum,peak,none_levated_peak,sample_standard_deviation,population_standard_deviation,percentile15,percentile25,percentile50,percentile75,amplitude,variance,interquartile_range,semi_interquartile_range,coefficient_of_variation,skewness,kurtosis,label
AF317994.1/2-87,135.5,79.38702223419973,505.7175907413446,0.7457772170786168,0.21156211562115623,2.8356438388561003,138.9721195060362,139.78721224018437,22.577880296884647,33.12408959608635,79.38702223419973,191.76044787646526,504.971813524266,19540.464705882354,158.63635828037891,79.31817914018946,1.025624498199529,1.211314426920639,0.21983903495411927,cdbox
AJ490348.1/1-93,121.24999999999996,71.03407636023884,554.1628387360117,5.802759485956404,0.2556701030927836,3.153589384846244,117.13560517622298,117.77049115528268,24.040826614805177,39.87425019256037,71.03407636023884,182.6744230162019,548.3600792500554,13869.888586956518,142.80017282364153,71.40008641182077,0.9660668468142105,1.286097175087314,0.29349484160890443,cdbox
AY220661.1/1-96,131.99999999999997,77.72657174979052,732.9957963568335,0.0,0.2424242424242425,3.20987683015559,146.4445287472359,147.21327171291674,22.46615963887426,31.509867541552047,77.72657174979052,170.32329764422207,732.9957963568335,21671.74736842105,138.81343010267003,69.40671505133501,1.1094282480851207,1.1118222452110662,0.2074287103043305,cdbox
AJ490346.1/1-97,134.25,96.36064281757851,797.3316435794502,2.36018030677355,0.24084419615145874,3.0870626315239846,133.42413574762253,134.1172528051481,33.84833549878214,58.34208282149645,96.36064281757851,158.34282449595065,794.9714632726766,17987.437500000007,100.0007416744542,50.0003708372271,0.9938483109692553,0.8519303566055882,0.21430590839610972,cdbox
