nameseq,average,median,maximum,minimum,peak,none_levated_peak,sample_standard_deviation,population_standard_deviation,percentile15,percentile25,percentile50,percentile75,amplitude,variance,interquartile_range,semi_interquartile_range,coefficient_of_variation,skewness,kurtosis,label
AC025750.10/4277-4336,84.99999999999997,63.65671168255983,295.2578003212235,0.785218258752415,0.2352941176470589,2.43365371573924,72.9314746868593,73.5469410810054,9.996146507517695,28.276607795315257,63.65671168255983,114.65761280152054,294.4725820624711,5409.15254237288,86.38100500620529,43.19050250310264,0.8580173492571685,0.8779455677708549,0.2728632750368319,cdbox
CR759968.6/152594-152667,118.49999999999996,87.37811945707583,397.52882372344374,2.6855648308813227,0.2081575246132209,2.5276681845071356,102.81172112166978,103.51351576101294,15.940219374415753,35.52835725654034,87.37811945707583,187.4505724602798,394.8432588925624,10715.047945205475,151.92221520373946,75.96110760186973,0.8676094609423612,0.9081225429373109,0.32205474350316604,cdbox
CR759968.6/152857-152927,111.74999999999994,68.40029821132643,843.032620893704,1.1868959305338598,0.21178225205070855,2.635778719215479,151.34852163136577,152.4257489027737,11.675490700512901,25.4922866653337,68.40029821132643,125.90323498679231,841.8457249631701,23233.60892857142,100.41094832145862,50.20547416072931,1.3543491868578599,0.8592690828046311,0.19756750218606298,cdbox
AJ224031.1/3-64,85.49999999999997,41.0886035378858,456.77346416837173,0.0,0.24171539961013655,2.6806549539481,109.17531772337554,110.06655959456351,4.327361731333928,23.759598014174273,41.0886035378858,96.60333851127078,456.77346416837173,12114.647540983602,72.8437404970965,36.42187024854825,1.276904300858194,1.2203691472089548,0.18344265278689237,cdbox
