nameseq,average,median,maximum,minimum,peak,none_levated_peak,sample_standard_deviation,population_standard_deviation,percentile15,percentile25,percentile50,percentile75,amplitude,variance,interquartile_range,semi_interquartile_range,coefficient_of_variation,skewness,kurtosis,label
U72852.1/1-68,104.99999999999997,77.66600605692356,423.92384124050795,3.5680380197433617,0.21587301587301594,2.4464039357108884,92.17917335276988,92.86452980294676,26.144125258310844,40.993786735375856,77.66600605692356,169.62500509690008,420.3558032207646,8623.820895522387,128.63121836152422,64.31560918076211,0.8778968890739991,0.889593373932824,0.2836796981089689,cdbox
AC114820.4/4566-4635,109.49999999999999,98.52922289765336,463.7088831429725,1.2310429787591475,0.21308980213089804,2.4635639962552034,91.43987095353975,92.1000952020783,20.585566623175968,32.14569170719148,98.52922289765336,156.8171259094494,462.4778401642134,8482.427536231884,124.67143420225793,62.335717101128964,0.8350673146441988,0.3599341399307368,0.33315537859879574,cdbox
AANU01297394.1/4437-4506,111.5,70.99346273706662,509.9758311037401,2.437694101250947,0.20926756352765322,2.5644035389111175,113.92651140099044,114.74909617275323,11.927837055769666,17.913989475955827,70.99346273706662,197.69280913476973,507.5381370024892,13167.355072463768,179.77881965881392,89.88940982940696,1.0217624340896003,1.0666491082227916,0.369099289384399,cdbox
AAHX01094491.1/84642-84714,114.25000000000003,84.36025265201111,386.9182552783528,2.2629950604714315,0.2129832239241429,2.5641996330394954,104.34318377354603,105.06529054724867,14.232715207212758,34.7850573036909,84.36025265201111,182.67417293717588,384.65526021788133,11038.71527777778,147.88911563348498,73.94455781674249,0.913288260599965,0.8593684685582735,0.2925421353308918,cdbox
