nameseq,average,median,maximum,minimum,peak,none_levated_peak,sample_standard_deviation,population_standard_deviation,percentile15,percentile25,percentile50,percentile75,amplitude,variance,interquartile_range,semi_interquartile_range,coefficient_of_variation,skewness,kurtosis,label
LJSK01000184.1/20806-20724,114.74999999999997,59.346153023722366,826.5005677519111,0.25,0.24110384894698628,3.1009482544778346,151.06993413647865,151.9883008575363,9.36907701052067,23.0886572701695,59.346153023722366,148.54253147409736,826.2505677519111,23100.443597560974,125.45387420392785,62.72693710196393,1.3165135872460016,1.1002291215581985,0.2609259447136029,cdbox
FR796419.1/39898-39980,112.75,52.90214090834181,731.0759504577275,0.7124254427115436,0.24538063562453807,3.1914596848051904,152.08262556912936,153.00714852581234,8.519003555073539,14.310723107284868,52.90214090834181,127.36563298726236,730.363525015016,23411.1875,113.05490987997749,56.52745493998874,1.3488481203470453,1.180566002218069,0.2012083254347522,cdbox
