nameseq,average,median,maximum,minimum,peak,none_levated_peak,sample_standard_deviation,population_standard_deviation,percentile15,percentile25,percentile50,percentile75,amplitude,variance,interquartile_range,semi_interquartile_range,coefficient_of_variation,skewness,kurtosis,label
AB061840.1/1853-1925,110.25,100.05396823875056,362.35972221939323,1.2619145585697327,0.22071050642479212,2.638815399725362,101.46181547754799,102.16398174829848,12.805319984624207,18.671514237755698,100.05396823875056,147.03939893453435,361.0978076608235,10437.479166666664,128.36788469677865,64.18394234838932,0.9202885757600724,0.301473959831884,0.22153619639103392,cdbox
AK096147.1/739-811,110.25,100.05396823875056,362.35972221939323,1.2619145585697327,0.22071050642479212,2.638815399725362,101.46181547754799,102.16398174829848,12.805319984624207,18.671514237755698,100.05396823875056,147.03939893453435,361.0978076608235,10437.479166666664,128.36788469677865,64.18394234838932,0.9202885757600724,0.301473959831884,0.22153619639103392,cdbox
AL137783.12/17082-17154,110.25,100.05396823875056,362.35972221939323,1.2619145585697327,0.22071050642479212,2.638815399725362,101.46181547754799,102.16398174829848,12.805319984624207,18.671514237755698,100.05396823875056,147.03939893453435,361.0978076608235,10437.479166666664,128.36788469677865,64.18394234838932,0.9202885757600724,0.301473959831884,0.22153619639103392,cdbox
ABDC01238297.1/2049-2121,106.25,58.171937605641645,422.0321154911313,0.09701547968055321,0.22901960784313724,2.701592955582174,104.05046852369284,104.77054956215298,13.858878481694482,30.787510168196807,58.171937605641645,149.15981437831556,421.93510001145074,10976.868055555553,118.37230421011876,59.18615210505938,0.979298527281815,1.3861944999337716,0.24234584286705355,cdbox
