nameseq,average,median,maximum,minimum,peak,none_levated_peak,sample_standard_deviation,population_standard_deviation,percentile15,percentile25,percentile50,percentile75,amplitude,variance,interquartile_range,semi_interquartile_range,coefficient_of_variation,skewness,kurtosis,label
ADBK01000045.1/89712-89640,110.25,72.25,544.3060431205919,1.3204422998238419,0.22071050642479212,2.5928877808408877,107.46394744285175,108.2076514546607,17.25949541832537,40.65073501890525,72.25,162.02396504579497,542.985600820768,11708.895833333336,121.37323002688971,60.68661501344486,0.974729682021331,1.0608208865640643,0.251629742779461,cdbox
AFAN01000001.1/6002742-6002671,112.0,62.0081895333842,771.9999999999999,2.7801898481334444,0.21428571428571427,2.671329567331681,150.6817839023682,151.73921290290903,13.17092783760871,25.304671995727883,62.0081895333842,126.5244840469324,769.2198101518665,23024.788732394358,101.21981205120451,50.60990602560226,1.345373070556859,0.9953122900178932,0.21215781195156008,cdbox
AENI01008624.1/73075-73149,118.74999999999997,95.56921058371634,469.292010872021,0.25,0.21052631578947373,2.5503433843725083,104.6834514142517,105.38839844606723,17.84645737188165,39.01376784975398,95.56921058371634,159.77444793370765,469.042010872021,11106.714527027025,120.76068008395367,60.38034004197684,0.8815448540147515,0.6643109995834865,0.23686962183970947,cdbox
