nameseq,average,median,maximum,minimum,peak,none_levated_peak,sample_standard_deviation,population_standard_deviation,percentile15,percentile25,percentile50,percentile75,amplitude,variance,interquartile_range,semi_interquartile_range,coefficient_of_variation,skewness,kurtosis,label
AJ490415.1/1-86,131.49999999999997,89.90016438892931,516.605994420115,2.3460226756228613,0.2179974651457542,2.7986718264012773,121.26520523216873,121.97644420615184,22.835252899703754,40.56068373281731,89.90016438892931,193.6232464323129,514.2599717444922,14878.252941176474,153.06256269949557,76.53128134974779,0.9221688610811312,1.0291452242568397,0.2511876006908489,cdbox
X51528.1/3627-3692,84.5,69.46387031944654,271.5814356272516,1.1315205455283395,0.2603550295857988,2.642506589841988,68.74772723516027,69.27453744675266,12.936082057573989,35.008576466618194,69.46387031944654,120.64517792299075,270.44991508172325,4798.961538461536,85.63660145637256,42.81830072818628,0.8135825708302991,0.6561437134839592,0.25683563049822994,cdbox
Z69624.1/1-66,88.5,75.54082192588153,277.1382505572657,1.412607005196926,0.24858757062146894,2.599901482959482,75.55296155677816,76.1319199204199,16.51430589238617,27.361201399996993,75.54082192588153,116.48865335834473,275.72564355206873,5796.069230769229,89.12745195834773,44.56372597917387,0.853705780302578,0.5145732665044359,0.19093287495851635,cdbox
AJ490417.1/3-83,130.25000000000003,109.96160117723912,578.7425119350075,4.352156027368429,0.20729366602687135,2.665876286523534,125.1758762701504,125.9557958174216,21.400083147369305,35.03985804657892,109.96160117723912,163.6966182182653,574.3903559076391,15864.862500000003,128.65676017168636,64.32838008584318,0.9610431959320566,0.4862374307404527,0.21896493547976958,cdbox
