nameseq,average,median,maximum,minimum,peak,none_levated_peak,sample_standard_deviation,population_standard_deviation,percentile15,percentile25,percentile50,percentile75,amplitude,variance,interquartile_range,semi_interquartile_range,coefficient_of_variation,skewness,kurtosis,label
AJ224023.1/1-67,96.74999999999997,85.63932622177794,403.79610938263323,0.25,0.2308354866494402,2.45017433543722,79.54951288348661,80.1498950830142,33.997281553493366,41.02305936658643,85.63932622177794,110.73430500923538,403.54610938263323,6424.005681818183,69.71124564264895,34.855622821324474,0.8222171874262185,0.41900974784705913,0.24598264964496666,cdbox
AC004807.1/1740-1672,95.25,70.24232835272075,370.18729064802307,0.31103626398298273,0.24146981627296588,2.5884934172042184,83.5718253958833,84.18408138611203,30.861177146706375,39.44076786898082,70.24232835272075,124.6458122471504,369.87625438404007,7086.959558823533,85.20504437816959,42.602522189084794,0.8773944923452315,0.8977070272959882,0.23833194316286174,cdbox
AC124016.3/72783-72715,107.25000000000003,74.7909142714484,402.18994571330666,0.5833665588689424,0.2144522144522144,2.577810008361711,104.03965590100734,104.80186137210939,5.536284144228245,16.768736159652608,74.7909142714484,178.591637919875,401.6065791544377,10983.430147058833,161.8229017602224,80.9114508801112,0.9700667216877138,0.9359628916718866,0.33156715217341676,cdbox
Z75890.1/1272-1207,108.49999999999999,57.694161373265764,441.0,4.0,0.20276497695852538,2.4089832258871358,112.85499545877443,113.71979734282111,18.514788476862673,28.270207359391403,57.694161373265764,153.6622373738062,437.0,12932.192307692303,125.39203001441479,62.69601500720739,1.0401382069933127,1.3505606487386757,0.2316081376463357,cdbox
