nameseq,average,median,maximum,minimum,peak,none_levated_peak,sample_standard_deviation,population_standard_deviation,percentile15,percentile25,percentile50,percentile75,amplitude,variance,interquartile_range,semi_interquartile_range,coefficient_of_variation,skewness,kurtosis,label
Z34846.1/492-568,107.24999999999997,84.68711860481777,398.5060706683345,3.997034180559541,0.23931623931623938,2.7564467408101163,98.11090663122015,98.75426373206959,19.207404978922042,30.249027817349603,84.68711860481777,140.593596276131,394.50903648777495,9752.404605263155,110.3445684587814,55.1722842293907,0.914787008216505,0.6899196685642207,0.2671969975367522,cdbox
AJ314857.1/13267-13341,96.75000000000001,39.60340192744275,410.5001655595376,0.13274241625389044,0.25839793281653745,3.1092717026761187,123.10006092606127,123.929026931612,7.69827568656923,13.818332299119767,39.60340192744275,103.87619885607278,410.3674231432837,15358.403716216211,90.057866556953,45.0289332784765,1.2723520509153619,1.3926865098843881,0.13452472648880354,cdbox
AF387339.1/12156-12229,96.49999999999997,45.7522459018429,678.8903695889111,0.0,0.2556131260794474,3.0452912805897583,140.23640754098057,141.19366375631557,10.488728152054223,20.366997603497264,45.7522459018429,90.99902306683923,678.8903695889111,19935.6506849315,70.63202546334196,35.31601273167098,1.4532270211500582,1.0856186703868747,0.16775749997660538,cdbox
BC024859.1/809-885,93.24999999999999,66.78630874981765,427.23293415758025,0.5402827128534325,0.27524575513851657,2.951490338229962,89.67580498662946,90.26384935288323,27.287138742466286,36.95847230389717,66.78630874981765,103.46177552717941,426.69265144472683,8147.562499999998,66.50330322328224,33.25165161164112,0.9616708309558121,0.8853120834809803,0.1835895510824011,cdbox
