nameseq,average,median,maximum,minimum,peak,none_levated_peak,sample_standard_deviation,population_standard_deviation,percentile15,percentile25,percentile50,percentile75,amplitude,variance,interquartile_range,semi_interquartile_range,coefficient_of_variation,skewness,kurtosis,label
U40580.1/1686-1760,114.75000000000003,104.99771142880206,357.7261752408657,2.1261191777590973,0.21786492374727665,2.5782480353791066,91.9272810432246,92.54632696728237,19.35583943950629,44.94704998992617,104.99771142880206,164.91391507557125,355.6000560631066,8564.822635135137,119.96686508564508,59.98343254282254,0.8011092029910638,0.3182609708627975,0.2531233648921507,cdbox
U40654.1/1539-1614,110.99999999999997,85.0,555.5461310283749,0.412199211586347,0.22822822822822827,2.691222188997086,110.21796586763881,110.95031921239944,24.82442473799422,46.811893514746316,85.0,153.40577320945144,555.1339318167886,12309.97333333333,106.59387969470512,53.29693984735256,0.9929546474562058,0.7076886185113452,0.27742782703594626,cdbox
U72860.1/1-83,120.75,65.24439792451199,486.64864068769066,1.0099153983899318,0.22912353347135958,2.8808118311826467,129.54584130723762,130.33336127398698,21.61249916648051,35.56190552218574,65.24439792451199,140.20833278524208,485.63872528930074,16986.785060975606,104.64642726305634,52.32321363152817,1.072843406271119,1.2853890526021916,0.176333934120432,cdbox
U72861.1/1-83,118.75000000000003,62.66403828054962,518.3253182368508,3.0285327993178166,0.23298245614035082,2.9194830227076727,130.8515380115954,131.64699541743832,21.115225709676906,27.15322974613668,62.66403828054962,134.97415883693984,515.2967854375329,17330.931402439022,107.82092909080316,53.91046454540158,1.101907688518698,1.2858686089225873,0.1721680879956326,cdbox
