nameseq,average,median,maximum,minimum,peak,none_levated_peak,sample_standard_deviation,population_standard_deviation,percentile15,percentile25,percentile50,percentile75,amplitude,variance,interquartile_range,semi_interquartile_range,coefficient_of_variation,skewness,kurtosis,label
AJ240078.1/7-91,127.25000000000004,74.55554090558546,854.1791855776553,0.16770321034829302,0.22265880812049763,2.9513258854992768,166.53603213719248,167.52438521856197,14.825492290307945,38.717181080373884,74.55554090558546,130.39512162874655,854.0114823673069,28064.41964285714,91.67794054837267,45.83897027418634,1.3087310973453234,0.9492442881851212,0.1788945009526253,cdbox
AJ489975.1/4-83,121.99999999999997,90.71411550957882,407.395308592778,10.494899494413136,0.21857923497267764,2.6148709338111193,97.10303805751907,97.71568159911563,38.51388910683335,52.72135517937147,90.71411550957882,156.19557468209473,396.9004090983649,9548.354430379744,103.47421950272326,51.73710975136163,0.7959265414550746,0.9665779294739141,0.19543733735230095,cdbox
AY220637.1/6-85,121.99999999999997,90.71411550957882,407.395308592778,10.494899494413136,0.21857923497267764,2.6148709338111193,97.10303805751907,97.71568159911563,38.51388910683335,52.72135517937147,90.71411550957882,156.19557468209473,396.9004090983649,9548.354430379744,103.47421950272326,51.73710975136163,0.7959265414550746,0.9665779294739141,0.19543733735230095,cdbox
AJ489976.1/4-82,117.75,94.2082472669918,354.9340997221119,2.25,0.22363765038924274,2.6496652812382586,95.56607661717625,96.17672868748261,25.801928709801736,46.30835577078518,94.2082472669918,165.21396691336753,352.6840997221119,9249.96314102564,118.90561114258236,59.45280557129118,0.8116014999335562,0.7390201701168403,0.21709704911363273,cdbox
