nameseq,average,median,maximum,minimum,peak,none_levated_peak,sample_standard_deviation,population_standard_deviation,percentile15,percentile25,percentile50,percentile75,amplitude,variance,interquartile_range,semi_interquartile_range,coefficient_of_variation,skewness,kurtosis,label
AL031584.2/110885-110818,111.00000000000001,68.56824243793581,369.0,0.1885950491116518,0.20420420420420418,2.4676340666377024,103.4021276376845,104.17092727605068,14.808956575142137,25.84372089281595,68.56824243793581,177.04174470775138,368.81140495088835,10851.582089552237,151.19802381493542,75.59901190746771,0.931550699438599,1.2310701490807656,0.2937436516232608,cdbox
AP004219.2/12572-12638,106.74999999999993,89.6255963033204,475.4167328190702,0.25,0.20921155347384868,2.463889308960274,106.27852558254655,107.08063904168557,11.563764066760502,23.92431402982352,89.6255963033204,153.72282597264999,475.1667328190702,11466.263257575756,129.79851194282645,64.89925597141323,0.9955833778224508,0.4833827982505928,0.26137005319455914,cdbox
AL136170.14/9004-8937,106.99999999999996,69.31863918672339,441.0,0.8699184972492409,0.2118380062305297,2.5526697291838776,111.7586685675881,112.58959947725084,9.479369056448391,11.980830921209062,69.31863918672339,139.70931517513503,440.1300815027508,12676.417910447764,127.72848425392597,63.864242126962985,1.0444735380148424,1.0115016927878326,0.21810905340510606,cdbox
AC018515.7/88497-88433,102.24999999999996,83.4502952691062,435.4155599046169,6.146193704828391,0.21189894050529756,2.367414809320246,93.39700209321494,94.12383797423475,20.651575004913976,33.19994932449305,83.4502952691062,149.39803996051,429.2693661997885,8859.296874999995,116.19809063601696,58.09904531800848,0.9134181133810756,0.6038642882390602,0.3314365510661957,cdbox
