nameseq,average,median,maximum,minimum,peak,none_levated_peak,sample_standard_deviation,population_standard_deviation,percentile15,percentile25,percentile50,percentile75,amplitude,variance,interquartile_range,semi_interquartile_range,coefficient_of_variation,skewness,kurtosis,label
X96660.1/1-83,116.75000000000004,92.21367987232642,287.03027191767694,2.9893106146264277,0.23697359029264803,2.7736464300621155,85.18876099580274,85.7066305742458,29.02781084254422,56.43184701098034,92.21367987232642,153.07410530870862,284.0409613030505,7345.626524390246,96.64225829772829,48.321129148864145,0.7296681884008798,0.8640689161642764,0.20615884809464258,cdbox
AL512272.15/46660-46588,104.25,73.45769592393609,543.0691243640275,8.170085904879256,0.2334132693844924,2.5962288569307344,98.89641045053153,99.5808228414376,29.543499091418166,39.94311216074691,73.45769592393609,118.89694953128671,534.8990384591483,9916.34027777778,78.9538373705398,39.4769186852699,0.9486466230266813,0.9340775039999973,0.19975751061842534,cdbox
AC132367.3/116009-115932,113.5,68.55908235752031,384.2607543169211,0.0,0.2290748898678414,2.771332603369803,107.1599272116214,107.8535262144132,16.978768508380913,25.38814762327975,68.55908235752031,157.49147892102044,384.2607543169211,11632.383116883113,132.10333129774068,66.05166564887034,0.9441403278556951,1.258145245481444,0.23051849277367445,cdbox
AAFC03060159.1/22148-22230,116.75,101.44137330056651,387.3848939265399,1.6680703361229914,0.2369735902926481,2.790583134765289,91.08855581246196,91.64229073533414,31.892118186454855,47.17997026771198,101.44137330056651,159.78029164819918,385.71682359041694,8398.309451219511,112.6003213804872,56.3001606902436,0.78020176284764,0.5041893538509399,0.25522470837127215,cdbox
