nameseq,average,median,maximum,minimum,peak,none_levated_peak,sample_standard_deviation,population_standard_deviation,percentile15,percentile25,percentile50,percentile75,amplitude,variance,interquartile_range,semi_interquartile_range,coefficient_of_variation,skewness,kurtosis,label
Z69627.1/1-79,77.74999999999999,59.94557013541164,229.35187608126296,3.3802255740137794,0.3386923901393355,3.2409960724922144,60.711407494802806,61.09934375827867,18.727980920261285,31.020025986768935,59.94557013541164,108.80974459828158,225.97165050724917,3733.129807692307,77.78971861151265,38.89485930575633,0.7808541156887823,0.8797900064882777,0.2494611698571583,cdbox
X97586.1/1-79,77.74999999999999,59.94557013541164,229.35187608126296,3.3802255740137794,0.3386923901393355,3.2409960724922144,60.711407494802806,61.09934375827867,18.727980920261285,31.020025986768935,59.94557013541164,108.80974459828158,225.97165050724917,3733.129807692307,77.78971861151265,38.89485930575633,0.7808541156887823,0.8797900064882777,0.2494611698571583,cdbox
Z69626.1/1-80,86.00000000000001,53.13570367140837,400.0,0.22950363110414243,0.3100775193798449,3.360461467223414,92.85472524325297,93.44056528353373,8.604085567083972,16.848431985592725,53.13570367140837,163.3436249163487,399.77049636889586,8731.139240506329,146.49519293075596,73.24759646537798,1.0797061074796854,1.0617972184774613,0.4114343553222005,cdbox
X67247.1/516-595,86.00000000000001,53.13570367140837,400.0,0.22950363110414243,0.3100775193798449,3.360461467223414,92.85472524325297,93.44056528353373,8.604085567083972,16.848431985592725,53.13570367140837,163.3436249163487,399.77049636889586,8731.139240506329,146.49519293075596,73.24759646537798,1.0797061074796854,1.0617972184774613,0.4114343553222005,cdbox
