nameseq,average,median,maximum,minimum,peak,none_levated_peak,sample_standard_deviation,population_standard_deviation,percentile15,percentile25,percentile50,percentile75,amplitude,variance,interquartile_range,semi_interquartile_range,coefficient_of_variation,skewness,kurtosis,label
AC025362.12/104594-104663,85.5,46.97357920860335,462.3232155904626,1.1731727643086305,0.2729044834307992,2.9617513101456114,96.06898563011896,96.76263352336385,5.547690019292999,23.34249915876082,46.97357920860335,113.85509167998553,461.150042826154,9363.007246376816,90.51259252122472,45.25629626061236,1.1236138670189353,1.2030861116738414,0.2111172871785413,cdbox
AJ010676.1/1-70,87.5,49.8588381312738,455.08933206192035,1.3468528311686971,0.26666666666666666,2.957414784706794,100.61436279180026,101.34082971890423,8.285560052245494,10.060367283007832,49.8588381312738,128.35542719024303,453.74247923075166,10269.963768115944,118.2950599072352,59.1475299536176,1.1498784319062887,1.1223396190447423,0.2521299993675591,cdbox
AJ010677.1/3-72,85.5,48.6522018121302,512.1913080968556,0.660606461254311,0.2729044834307992,2.9037408271107297,100.32571953392609,101.05010236712181,14.67170337117105,20.048212981013915,48.6522018121302,105.66032464531972,511.53070163560125,10211.123188405796,85.6121116643058,42.8060558321529,1.1734002284669718,1.101845021168556,0.23591148859118458,cdbox
AAHX01066269.1/69687-69618,81.50000000000001,56.19890667927041,465.8904102513468,2.704249021459483,0.2862985685071574,2.9316186721474957,88.26805764261496,88.90538041461082,12.561331976306455,22.70820393249936,56.19890667927041,117.55863704297428,463.1861612298873,7904.166666666665,94.85043311047492,47.42521655523746,1.0830436520566251,0.8599178682452785,0.3134858036390821,cdbox
