nameseq,average,median,maximum,minimum,peak,none_levated_peak,sample_standard_deviation,population_standard_deviation,percentile15,percentile25,percentile50,percentile75,amplitude,variance,interquartile_range,semi_interquartile_range,coefficient_of_variation,skewness,kurtosis,label
AB018108.1/5630-5526,150.25000000000003,116.0199425352551,509.7998406872432,1.6968072838419757,0.23294509151414305,3.2062654461271074,128.05662809866578,128.67081209277956,22.445445260135987,34.91616586779012,116.0199425352551,243.75515249331613,508.10303340340124,16556.177884615383,208.83898662552602,104.41949331276301,0.8522903700410367,0.8019122002424857,0.30128376606710333,cdbox
CU179904.1/61661-61756,143.99999999999997,123.92639732408904,430.47925608983553,1.8569058747251264,0.22222222222222227,3.00010605395415,116.57615536635268,117.18810789316016,12.0799997683655,33.68216390541213,123.92639732408904,234.94241280538694,428.62235021511043,13733.052631578947,201.2602488999748,100.6301244499874,0.8095566344885604,0.5165791223641117,0.3374818172588741,cdbox
AAAA02010687.1/1542-1640,130.74999999999997,94.63981033606571,614.0193416673613,1.643476852616387,0.2523900573613767,3.281465740121968,129.99278826150322,130.65433344110247,14.955747297899634,43.75009061061844,94.63981033606571,177.75492544512457,612.375864814745,17070.554846938783,134.00483483450614,67.00241741725307,0.9942087056329121,0.8333582996456458,0.2542309673347504,cdbox
