nameseq,average,median,maximum,minimum,peak,none_levated_peak,sample_standard_deviation,population_standard_deviation,percentile15,percentile25,percentile50,percentile75,amplitude,variance,interquartile_range,semi_interquartile_range,coefficient_of_variation,skewness,kurtosis,label
L16016.1/866-1013,192.99999999999991,100.08749503354404,1786.5083538613815,1.2594949831939815,0.2556131260794475,4.233721781677516,300.8005984036601,301.8219955649401,31.947450382844497,46.16955608455174,100.08749503354404,190.7109624476298,1785.2488588781875,91096.51700680272,144.54140636307807,72.27070318153903,1.5585523233350271,0.9266521289472807,0.17103180562688006,cdbox
AY043296.2/720-867,195.00000000000003,127.84838310060397,1290.8488150201576,2.139131046087365,0.252991452991453,4.092093094908224,243.9405665320961,244.76889002446683,25.999999999999996,58.64937523208569,127.84838310060397,206.53802235662562,1288.7096839740702,59911.809523809534,147.88864712453994,73.94432356226997,1.2509772642671593,0.8258357909145958,0.1706526861824526,cdbox
Z34530.1/4257-4400,196.0,138.44037714279065,1017.902429349561,1.0,0.24489795918367346,3.9385849416541365,210.10235600773254,210.83569979415796,27.029852966300833,41.09650819899653,138.44037714279065,279.79871591121196,1016.902429349561,44451.6923076923,238.70220771221543,119.35110385610771,1.0719507959578192,0.821879734491282,0.28791002733126303,cdbox
Z34530.1/6444-6594,179.75,123.77335068487045,828.4620476857258,0.12487570264228531,0.28001854427445527,4.25447284126715,177.53696798131935,178.127774832188,30.75899799217041,54.521974829417246,123.77335068487045,259.07089972198384,828.3371719830835,31729.50416666667,204.5489248925666,102.2744624462833,0.9876882780601911,0.9458872135467495,0.2656866057541238,cdbox
