nameseq,average,median,maximum,minimum,peak,none_levated_peak,sample_standard_deviation,population_standard_deviation,percentile15,percentile25,percentile50,percentile75,amplitude,variance,interquartile_range,semi_interquartile_range,coefficient_of_variation,skewness,kurtosis,label
AJ505631.1/1-68,92.99999999999994,76.05522024100667,289.0,7.8971425893884835,0.2437275985663084,2.533674448908661,68.36665854054885,68.87496783324005,33.38421709100248,37.62007175317572,76.05522024100667,147.8866071103922,281.10285741061153,4743.761194029851,110.26653535721647,55.133267678608235,0.7351253606510634,0.7435545390422957,0.3042293983520458,cdbox
AASG02007650.1/11125-11063,91.75000000000001,56.04846007213635,348.5913661401501,3.3470716813635404,0.2288828337874659,2.489687199142767,92.35732239514093,93.09916019509659,14.41081842036136,22.014546315682473,56.04846007213635,150.0197587132804,345.24429445878656,8667.453629032256,128.00521239759792,64.00260619879896,1.0066193176582117,1.1596765368029547,0.3123559692304828,cdbox
AM463855.1/5770-5834,98.25000000000001,64.12985598371264,459.9790000210324,5.191600410563958,0.22052586938083119,2.405527269186695,91.96738552334735,92.68309581579587,23.111086577289747,35.20603752071712,64.12985598371264,141.3219838019716,454.7873996104684,8590.156249999998,106.1159462812545,53.05797314062725,0.9360548144869958,1.113007958923398,0.2828989490803634,cdbox
AARH01002882.1/376548-376486,89.74999999999997,54.73481987647253,250.2315786227464,6.621914185842742,0.23398328690807807,2.4151131521874203,72.07548126790412,72.6544100963707,22.683149276457595,29.553083730503722,54.73481987647253,125.56960727005503,243.60966443690367,5278.663306451612,96.01652353955132,48.00826176977566,0.8030694291688484,1.4574379320497175,0.224894570095102,cdbox
