nameseq,average,median,maximum,minimum,peak,none_levated_peak,sample_standard_deviation,population_standard_deviation,percentile15,percentile25,percentile50,percentile75,amplitude,variance,interquartile_range,semi_interquartile_range,coefficient_of_variation,skewness,kurtosis,label
X94599.1/95-179,97.24999999999997,61.2949701852616,417.87581020221126,3.2157078421560548,0.2913453299057413,3.2978593518134622,100.6839113264875,101.28144720341948,11.858998670790868,26.691966500093045,61.2949701852616,154.43163874377447,414.6601023600552,10257.931547619048,127.73967224368143,63.86983612184071,1.035310142174679,1.0713239883424992,0.2685812798769955,cdbox
AC149479.1/42125-42034,150.99999999999997,104.67251711039347,520.3712349844038,1.9578461473265372,0.20309050772626935,2.8159549332853695,145.67086187704115,146.46906435553828,23.542167209032463,37.30772331251387,104.67251711039347,205.292497054376,518.4133888370773,21453.18681318681,167.98477374186214,83.99238687093107,0.9647076945499415,0.9540854421945602,0.19556173864603635,cdbox
AC140545.26/107636-107561,118.99999999999993,89.37013803212466,498.7004776030516,1.4345883117379172,0.21288515406162475,2.6355210895963137,123.55160864998884,124.37255860250416,18.303349925375638,39.71883122635832,89.37013803212466,133.70826803981012,497.26588929131367,15468.53333333333,93.9894368134518,46.9947184067259,1.0382488121847808,0.7194530842203959,0.14155515905495894,cdbox
AC148239.7/93638-93563,120.99999999999997,88.57678150827942,585.1489239521911,1.0,0.20936639118457304,2.6231391037712255,133.94775100762234,134.83777907792262,17.706563983855876,41.44411539948555,88.57678150827942,137.16462861349552,584.1489239521911,18181.226666666666,95.72051321400997,47.860256607004985,1.1070062066745652,0.7261761003335284,0.22280019892472638,cdbox
