nameseq,average,median,maximum,minimum,peak,none_levated_peak,sample_standard_deviation,population_standard_deviation,percentile15,percentile25,percentile50,percentile75,amplitude,variance,interquartile_range,semi_interquartile_range,coefficient_of_variation,skewness,kurtosis,label
AL445235.30/136607-136535,98.25000000000001,68.16214185637631,494.7063102528096,0.14603828898610696,0.24766751484308733,2.787014827765249,102.22768705199196,102.93515353528812,20.258055461732813,36.47062242240217,68.16214185637631,138.27673516001727,494.5602719638235,10595.645833333338,101.8061127376151,50.90305636880755,1.0404853643968646,0.8829660245072745,0.3132092667386231,cdbox
AF357332.1/1-59,76.74999999999999,65.50358150455914,218.4102860197414,0.8016656097590211,0.2562432138979371,2.549872311013386,66.64551747867219,67.21759249913158,8.391802450607575,20.328365994998382,65.50358150455914,106.69561036906093,217.60862040998236,4518.20474137931,86.36724437406255,43.183622187031276,0.8683455046081069,0.5062494337615391,0.22975247936816387,cdbox
AJ278763.1/1-66,84.49999999999999,57.357420960395594,289.40949613903115,0.8381189157919003,0.26035502958579887,2.6865169560665287,75.12822372450981,75.70392734452166,11.201114692989583,26.171856098466165,57.357420960395594,127.02745816073111,288.57137722323927,5731.084615384614,100.85560206226495,50.427801031132475,0.8890914050237849,1.0838501575307207,0.3043579648363689,cdbox
AAQQ01135135.1/1016-1088,100.25,73.34752692489852,452.47245578984774,0.2482461915513726,0.2427265170407315,2.764657967488233,104.06968819017379,104.78990223829351,18.81784687943484,32.271595327030354,73.34752692489852,121.37416817298168,452.2242095982964,10980.923611111111,89.10257284595133,44.551286422975664,1.0381016278321575,0.7755132222345296,0.2526868819573051,cdbox
