nameseq,average,median,maximum,minimum,peak,none_levated_peak,sample_standard_deviation,population_standard_deviation,percentile15,percentile25,percentile50,percentile75,amplitude,variance,interquartile_range,semi_interquartile_range,coefficient_of_variation,skewness,kurtosis,label
AB061826.1/4476-4547,109.99999999999999,70.65518584944573,441.3522119966277,3.3860522138839255,0.2181818181818182,2.6256434456904874,110.8918391947757,111.67003708738788,13.775006814348709,26.28975159529098,70.65518584944573,127.747742577208,437.9661597827438,12470.197183098586,101.45799098191702,50.72899549095851,1.0081076290434157,1.0644105401150528,0.17083851896570262,cdbox
AL159977.10/81830-81901,109.99999999999999,70.65518584944573,441.3522119966277,3.3860522138839255,0.2181818181818182,2.6256434456904874,110.8918391947757,111.67003708738788,13.775006814348709,26.28975159529098,70.65518584944573,127.747742577208,437.9661597827438,12470.197183098586,101.45799098191702,50.72899549095851,1.0081076290434157,1.0644105401150528,0.17083851896570262,cdbox
ABDC01168401.1/597-667,107.74999999999997,49.14004073865826,485.08855681077733,1.1303102867588897,0.21964423820572318,2.6731687358037255,118.34008196718474,119.18237076010864,13.129568642668783,27.49747931364339,49.14004073865826,170.2822330679154,483.9582465240184,14204.4375,142.784753754272,71.392376877136,1.0982838233613437,1.4858015548170915,0.2565773566780953,cdbox
AAFC03084615.1/7250-7320,105.75,54.87629682684999,398.85067116743346,0.41968768310236737,0.22379826635145786,2.634782860794939,103.68401516145097,104.42198899520292,13.890994262222092,20.45651928712587,54.87629682684999,156.98821210574718,398.4309834843311,10903.951785714282,136.5316928186213,68.26584640931065,0.9804635003446901,1.4719830176502806,0.25737586616691305,cdbox
