nameseq,average,median,maximum,minimum,peak,none_levated_peak,sample_standard_deviation,population_standard_deviation,percentile15,percentile25,percentile50,percentile75,amplitude,variance,interquartile_range,semi_interquartile_range,coefficient_of_variation,skewness,kurtosis,label
AC068667.6/42916-42992,115.25000000000003,96.40656277662168,388.7180402257961,4.834383022748171,0.22270426608821398,2.621924898119906,96.2535713623136,96.8847490849987,27.6229016837627,49.77573425646857,96.40656277662168,132.36833862385652,383.8836572030479,9386.654605263157,82.59260436738795,41.296302183693975,0.8351719857901394,0.5873061214253136,0.16704284830728036,cdbox
