nameseq,average,median,maximum,minimum,peak,none_levated_peak,sample_standard_deviation,population_standard_deviation,percentile15,percentile25,percentile50,percentile75,amplitude,variance,interquartile_range,semi_interquartile_range,coefficient_of_variation,skewness,kurtosis,label
M55020.1/3865-3944,124.0,100.16146956325122,548.0,4.0,0.21505376344086022,2.678900455745071,115.28226229563678,116.00960239610023,15.814635113760422,40.08729303913798,100.16146956325122,183.57411915124322,544.0,13458.227848101265,143.48682611210523,71.74341305605262,0.9296956636744902,0.6203520809371996,0.3154434828124905,cdbox
X07699.1/9160-9239,125.99999999999997,85.84497274864613,533.0,4.310233900709556,0.21164021164021168,2.665845059354307,118.54534997206765,119.29327758071435,18.573593128807147,32.82958614504,85.84497274864613,175.1148277933723,528.6897660992904,14230.886075949365,142.28524164833232,71.14262082416616,0.9408361108894261,1.0161940707285964,0.2813142705717266,cdbox
Z34290.1/1-80,125.99999999999997,85.84497274864613,533.0,4.310233900709556,0.21164021164021168,2.665845059354307,118.54534997206765,119.29327758071435,18.573593128807147,32.82958614504,85.84497274864613,175.1148277933723,528.6897660992904,14230.886075949365,142.28524164833232,71.14262082416616,0.9408361108894261,1.0161940707285964,0.2813142705717266,cdbox
M60858.1/8893-8973,126.25000000000003,89.34616544949978,886.3163951991935,3.2128197333745843,0.2138613861386138,2.752393205213142,149.65961379076185,150.59208146512884,25.032079240933538,33.211946331025395,89.34616544949978,161.23559449827837,883.103575465819,22677.975,128.023648167253,64.0118240836265,1.1854226834911827,0.7397553745279992,0.25451784031020686,cdbox
