nameseq,average,median,maximum,minimum,peak,none_levated_peak,sample_standard_deviation,population_standard_deviation,percentile15,percentile25,percentile50,percentile75,amplitude,variance,interquartile_range,semi_interquartile_range,coefficient_of_variation,skewness,kurtosis,label
U40580.1/2651-2720,99.49999999999996,68.51118336068747,301.9377901672452,0.39249361499232427,0.23450586264656625,2.6722941717228235,89.2370438775288,89.88136303088562,10.455909014403074,22.486436007223904,68.51118336068747,161.81152949374527,301.5452965522529,8078.659420289854,139.32509348652135,69.66254674326068,0.8968547123369733,1.0417921289002692,0.29276809122035735,cdbox
U40654.1/2012-2080,107.24999999999999,75.37753318955596,437.14223193849824,2.7769233827396573,0.2144522144522145,2.4701310644803387,92.27811224770477,92.95415141189706,15.178269073427625,27.851091899292886,75.37753318955596,164.3564232921809,434.3653085557586,8640.474264705885,136.505331392888,68.252665696444,0.8604019789995784,1.036187218206887,0.30747302751363254,cdbox
U72867.1/2-74,114.25,83.91143313371545,505.79616078306077,0.8220229550678783,0.21298322392414296,2.558336507588956,110.94367940536314,111.71146489456169,28.381011135394825,43.99661496408297,83.91143313371545,154.92722534115427,504.9741378279929,12479.451388888887,110.9306103770713,55.46530518853565,0.9710606512504433,0.8203775202578495,0.26472826403948013,cdbox
AAPY01121463.1/445-514,99.50000000000003,96.35966210586508,376.8806103883051,2.9186807677536493,0.2345058626465661,2.548933722335836,75.58604368532592,76.13179838042497,20.321888726423538,36.60264465507333,96.35966210586508,148.36204930264395,373.9619296205515,5796.050724637677,111.75940464757062,55.87970232378531,0.7596587305057879,0.1246395924838411,0.34488145024086,cdbox
