nameseq,average,median,maximum,minimum,peak,none_levated_peak,sample_standard_deviation,population_standard_deviation,percentile15,percentile25,percentile50,percentile75,amplitude,variance,interquartile_range,semi_interquartile_range,coefficient_of_variation,skewness,kurtosis,label
AB016878.1/77210-77138,106.25000000000003,78.10927493106601,408.18341303283984,1.6509704004301595,0.22901960784313719,2.622440080847877,96.40280078918869,97.06995615992051,20.419124754670968,44.19975871927585,78.10927493106601,141.3002743855399,406.5324426324097,9422.576388888889,97.10051566626404,48.55025783313202,0.9073204780158933,0.875723262350172,0.22776447637116193,cdbox
AF317967.1/1-73,112.24999999999997,64.46881978051505,586.2030328623289,1.0876825689683447,0.21677802524127696,2.6143120971516938,120.38479970494612,121.21792244640318,18.694632317906752,37.834069054435275,64.46881978051505,147.76647817605868,585.1153502933605,14693.784722222215,109.93240912162341,54.966204560811704,1.0724703759906116,1.1907112941980944,0.23227064525958865,cdbox
AC007170.6/43858-43786,112.24999999999997,64.46881978051505,586.2030328623289,1.0876825689683447,0.21677802524127696,2.6143120971516938,120.38479970494612,121.21792244640318,18.694632317906752,37.834069054435275,64.46881978051505,147.76647817605868,585.1153502933605,14693.784722222215,109.93240912162341,54.966204560811704,1.0724703759906116,1.1907112941980944,0.23227064525958865,cdbox
AF147262.1/111265-111337,112.25,68.85700250795277,418.9264967299902,0.5558649280696157,0.2167780252412769,2.595679773014946,110.31998912255202,111.08345836452077,22.15824416066641,44.74668697841549,68.85700250795277,141.12386669640776,418.3706318019206,12339.534722222219,96.37717971799228,48.18858985899614,0.9828061391764099,1.1800127385031622,0.20874950202965642,cdbox
