nameseq,average,median,maximum,minimum,peak,none_levated_peak,sample_standard_deviation,population_standard_deviation,percentile15,percentile25,percentile50,percentile75,amplitude,variance,interquartile_range,semi_interquartile_range,coefficient_of_variation,skewness,kurtosis,label
AJ505626.1/1-73,114.25000000000003,76.6258109188755,410.45010315288397,5.086738435359954,0.2129832239241429,2.5344479847874597,105.04046839194882,105.76740072231877,20.920979662439382,33.92542580374071,76.6258109188755,165.11427747382896,405.363364717524,11186.743055555557,131.18885167008824,65.59442583504412,0.9193914082446284,1.0745626801872208,0.2610006282156935,cdbox
AASG02000099.1/88757-88676,132.5,84.65372259443737,644.2513172627026,2.6196224186016384,0.2062893081761006,2.6921316333220164,138.61547532653051,139.46850168752428,27.070932663976066,41.400200980261914,84.65372259443737,171.04520925372265,641.6316948441009,19451.46296296296,129.64500827346075,64.82250413673037,1.046154530766268,1.0355180897267036,0.2037786442581929,cdbox
AARH01001054.1/12320-12396,123.25000000000003,92.12511824766983,505.17123744252956,9.57318093477976,0.20824881676808651,2.583458795918439,122.77927349516284,123.58439211196617,23.174516585533862,36.49580289084231,92.12511824766983,167.40327707954697,495.5980565077498,15273.101973684204,130.90747418870467,65.45373709435233,0.9961807180134914,0.7605082079319299,0.24282847249375858,cdbox
