nameseq,average,median,maximum,minimum,peak,none_levated_peak,sample_standard_deviation,population_standard_deviation,percentile15,percentile25,percentile50,percentile75,amplitude,variance,interquartile_range,semi_interquartile_range,coefficient_of_variation,skewness,kurtosis,label
AC167403.2/76867-76775,127.25,85.25744496041149,663.669822536101,2.093431701609515,0.24361493123772102,3.1081596583544537,130.24496151483172,130.95090143621204,25.49629376513452,39.79688609079778,85.25744496041149,176.89714552096987,661.5763908344916,17148.138586956517,137.1002594301721,68.55012971508604,1.0235360433385596,0.9672363802297239,0.21774188541482994,cdbox
AC069159.8/55260-55355,144.0,108.56532864572533,677.8779542321141,4.446704760023345,0.2222222222222222,2.949247369287012,138.19189556555042,138.91731732448469,33.51976925964479,57.18279430642511,108.56532864572533,198.11661230919083,673.4312494720908,19298.021052631575,140.93381800276572,70.46690900138286,0.9596659414274336,0.7692492647833996,0.2952314691657158,cdbox
AC172870.1/115717-115624,143.49999999999997,97.40928040077439,573.6018185210995,4.1218904863501615,0.21835075493612083,2.9602064873759555,144.79381892884794,145.5701988584852,24.069883108411382,41.9864545271449,97.40928040077439,172.6475521925527,569.4799280347494,21190.68279569893,130.6610976654078,65.3305488327039,1.0090161597829126,0.9549589880326594,0.15628798720261242,cdbox
AM460399.2/62309-62412,155.99999999999994,130.94763866972477,759.9910374904177,1.8867024902824316,0.2222222222222223,3.1607073826295156,154.2660040319966,155.01305926820913,18.09258368780497,27.251783162866897,130.94763866972477,211.6719258199384,758.1043350001353,24029.04854368932,184.4201426570715,92.21007132853575,0.9888846412307478,0.4871914876023952,0.281914439817087,cdbox
