nameseq,average,median,maximum,minimum,peak,none_levated_peak,sample_standard_deviation,population_standard_deviation,percentile15,percentile25,percentile50,percentile75,amplitude,variance,interquartile_range,semi_interquartile_range,coefficient_of_variation,skewness,kurtosis,label
AAFC03094834.1/33076-32973,137.99999999999997,74.79031832804633,787.1115532443295,5.294619172411691,0.2512077294685991,3.3932436916457003,151.44305860619693,152.17644332455868,23.63111118680214,30.75178138717603,74.79031832804633,218.0133081085302,781.8169340719178,23157.66990291262,187.26152672135416,93.63076336067708,1.0974134681608476,1.2521474854054582,0.2766699702427513,cdbox
AAFR03029930.1/44054-43950,146.25000000000003,81.9870273447124,860.7013657847446,3.112450642024745,0.23931623931623927,3.390792405184488,178.63230390945532,179.48905848375443,15.271261644562017,23.00089038227487,81.9870273447124,186.82554527930597,857.5889151427198,32216.322115384624,163.8246548970311,81.91232744851555,1.2214174626287542,1.0792500222332868,0.24753530213986485,cdbox
AAHX01065923.1/31199-31096,142.00000000000003,93.75870347104507,849.1277188893529,0.0,0.24413145539906098,3.3455416308067307,156.2113952309498,156.9678713028855,21.174260041124526,27.57962806057096,93.75870347104507,202.28631776148154,849.1277188893529,24638.912621359228,174.70668970091057,87.35334485045529,1.10008024810528,0.9264617947551056,0.2953189735710195,cdbox
AAHY01095698.1/223417-223314,138.00000000000003,100.80233973232941,985.3527170263154,1.2143308205751173,0.251207729468599,3.444312604360432,166.12645785665808,166.93094904053234,15.437066626710616,26.257490137100884,100.80233973232941,185.21166920174412,984.1383862057403,27865.941747572808,158.95417906464323,79.47708953232161,1.2038149120047685,0.6717351482886588,0.27574329947281434,cdbox
