nameseq,average,median,maximum,minimum,peak,none_levated_peak,sample_standard_deviation,population_standard_deviation,percentile15,percentile25,percentile50,percentile75,amplitude,variance,interquartile_range,semi_interquartile_range,coefficient_of_variation,skewness,kurtosis,label
AF084536.1/1-141,173.25000000000006,148.33207239293148,804.8010355474248,2.2129225476472003,0.2712842712842712,3.944131140085552,152.04193500478743,152.58397570799218,25.62330546047962,55.18972248839484,148.33207239293148,231.85085701942884,802.5881129997776,23281.869642857146,176.661134531034,88.330567265517,0.8775869264345592,0.4916655580504939,0.23980475994274175,cdbox
BAAF04088825.1/1745-1607,166.7500000000001,107.57390730351722,1002.8362627488156,3.7269076511564463,0.2778610694652672,4.087655742350772,180.63672107298672,181.29002056917258,21.142415674738324,43.34061436252116,107.57390730351722,240.2265014386848,999.1093550976591,32866.07155797102,196.88588707616364,98.44294353808182,1.0832786870943725,0.9827917437546818,0.2560160650532841,cdbox
AANH01007266.1/45004-45142,186.74999999999991,123.1076294210073,1189.2547268320548,12.982425195726373,0.24810352521195908,3.795989981686333,206.60741758223494,207.35464395466337,36.79644236760181,58.2163788963839,123.1076294210073,234.55123044484102,1176.2723016363284,42995.948369565216,176.33485154845712,88.16742577422856,1.1063315533185276,0.9241057943187546,0.25704614859240743,cdbox
AAFR03049834.1/2493-2629,160.25000000000003,106.66000724253175,1122.25,1.9908395752702128,0.2849713988559542,4.1740976754471975,180.00138888353055,180.66194665891385,18.82782100494877,38.0239241454112,106.66000724253175,198.1005371986684,1120.2591604247298,32638.738970588234,160.0766130532572,80.0383065266286,1.1232535967771016,0.8931596543203933,0.20014151100082123,cdbox
