nameseq,average,median,maximum,minimum,peak,none_levated_peak,sample_standard_deviation,population_standard_deviation,percentile15,percentile25,percentile50,percentile75,amplitude,variance,interquartile_range,semi_interquartile_range,coefficient_of_variation,skewness,kurtosis,label
HQ318014.1/785-888,132.00000000000003,94.39839939783687,801.7629554821399,2.2550097976108674,0.26262626262626254,3.3291996557579147,133.30041260251218,133.94593895712845,30.488786168409,50.153798400041666,94.39839939783687,150.41991420668984,799.507945684529,17941.514563106783,100.26611580664817,50.13305790332409,1.009851610625092,0.8462449560667268,0.1998930760343566,cdbox
X96646.1/1-98,124.49999999999999,105.12933272025928,685.5396871443489,0.8555238329385936,0.26238286479250333,3.233987959840153,118.02648007968378,118.63330402860011,30.15882131265916,48.74050063096383,105.12933272025928,150.1321853035661,684.6841633114103,14073.860824742265,101.39168467260228,50.69584233630114,0.9480038560617172,0.4923641016828484,0.21841060452793157,cdbox
Z69628.1/1-100,126.99999999999999,94.19561175139921,498.2946598234588,0.06754651414547273,0.2624671916010499,3.3282236807232395,117.96185824239967,118.55612829185826,18.556405375499853,41.7287580821048,94.19561175139921,181.1737462319924,498.2271133093133,14055.555555555553,139.4449881498876,69.7224940749438,0.928833529467714,0.8342795392691529,0.2238545947142903,cdbox
X67247.1/1141-1244,133.99999999999997,85.69222402633967,670.9678314692641,4.0,0.2587064676616916,3.3519070624267977,133.24413683160697,133.88939066273633,31.63966895178902,47.585064345887986,85.69222402633967,163.08052600366113,666.9678314692641,17926.36893203883,115.49546165777315,57.747730828886574,0.9943592300866193,1.087652570440184,0.19914380718157298,cdbox
