nameseq,average,median,maximum,minimum,peak,none_levated_peak,sample_standard_deviation,population_standard_deviation,percentile15,percentile25,percentile50,percentile75,amplitude,variance,interquartile_range,semi_interquartile_range,coefficient_of_variation,skewness,kurtosis,label
AC064836.7/31785-31868,126.99999999999996,80.21889150728929,676.0,4.0,0.22047244094488197,2.771697231540661,122.8942634950875,123.63237381617196,29.608336943047043,39.45441485741985,80.21889150728929,193.48955287637926,672.0,15284.963855421684,154.0351380189594,77.0175690094797,0.9676713661030515,1.141984348876805,0.27261868189622296,cdbox
AAFC03122356.1/14349-14432,122.99999999999996,88.21507562623641,625.0,0.46131878654669595,0.2276422764227643,2.8831322079389565,117.39676315810415,118.10185516227543,8.15546962468922,32.812389678051886,88.21507562623641,174.89136791717908,624.5386812134533,13948.048192771084,142.0789782391272,71.0394891195636,0.9544452289276764,0.8889067322984944,0.25135872661056596,cdbox
ABDC01102575.1/7482-7565,125.00000000000003,112.5111989008762,729.0,2.490441564407359,0.22399999999999995,2.815566962703736,121.8851918815407,122.6172416579627,20.43559337833791,35.34907414085843,112.5111989008762,154.15060401297825,726.5095584355927,15034.987951807223,118.80152987211983,59.400764936059915,0.9750815350523254,0.3073909366593508,0.21734002782075806,cdbox
AAPY01283634.1/685-768,127.00000000000003,77.50297333209254,465.8995022514897,1.5057442740297398,0.22047244094488183,2.870247046431802,128.88366847665375,129.65775152346455,8.722413855918244,36.929259305158396,77.50297333209254,189.60403505664834,464.39375797746,16811.132530120478,152.67477575148996,76.33738787574498,1.014832035249242,1.1521326306026154,0.24853254213391615,cdbox
