nameseq,average,median,maximum,minimum,peak,none_levated_peak,sample_standard_deviation,population_standard_deviation,percentile15,percentile25,percentile50,percentile75,amplitude,variance,interquartile_range,semi_interquartile_range,coefficient_of_variation,skewness,kurtosis,label
ABDC01345891.1/4294-4211,138.99999999999994,94.98360654705931,657.7668285426086,4.0,0.2014388489208634,2.634471005222628,135.76818478568532,136.58361665056827,35.067889246413976,48.902043891170315,94.98360654705931,189.61227791964558,653.7668285426086,18655.084337349388,140.71023402847527,70.35511701423763,0.9767495308322689,0.9726076883716609,0.2319645502517637,cdbox
AAFC03120533.1/12388-12469,134.49999999999997,110.20199117226744,441.0,2.1715316829482934,0.2032218091697646,2.5641665316470297,104.23171302439579,104.87314500485753,36.670185182715706,52.982401363507414,110.20199117226744,205.11177733524138,438.8284683170517,10998.376543209873,152.12937597173396,76.06468798586698,0.7749569741590766,0.6993459511323248,0.2786069943765487,cdbox
AACN010086138.1/143-224,134.49999999999991,109.90800828704724,340.57859025526096,2.7313732564919686,0.20322180916976468,2.5606700387226216,98.71296773980607,99.32043789027534,26.723873032159727,55.68507782325511,109.90800828704724,199.21014609629208,337.847216998769,9864.549382716043,143.52506827303696,71.76253413651848,0.7339254107048784,0.7473787570982714,0.2504923819886981,cdbox
AAQQ01595244.1/1480-1396,141.25000000000003,129.8059111611699,474.4368323638069,1.1473957901774716,0.20058997050147487,2.660493671864217,115.59087334214583,116.27687861307595,22.086647374371687,36.32608209358017,129.8059111611699,221.8003851399767,473.2894365736294,13520.3125,185.47430304639653,92.73715152319826,0.8183424661390853,0.2970153743441997,0.3281671971948527,cdbox
