nameseq,average,median,maximum,minimum,peak,none_levated_peak,sample_standard_deviation,population_standard_deviation,percentile15,percentile25,percentile50,percentile75,amplitude,variance,interquartile_range,semi_interquartile_range,coefficient_of_variation,skewness,kurtosis,label
AANS01001575.1/3964-3877,142.0,104.50801433620501,941.5103336861064,0.19580355517943931,0.20657276995305163,2.805202449383736,158.4013888827999,159.30914066321046,22.876960323761754,41.25059325117978,104.50801433620501,211.98413746393297,941.314530130927,25379.402298850575,170.7335442127532,85.3667721063766,1.1155027386112668,0.7100692600277967,0.3086192438038071,cdbox
AASM01001991.1/91-2,132.50000000000003,92.98489958178718,1173.6782365325919,4.037483160097769,0.2264150943396226,3.025242694251505,187.31324032219402,188.3626224283626,15.425735728574029,36.82833250641634,92.98489958178718,155.45175961395262,1169.6407533724941,35480.47752808989,118.62342710753629,59.31171355376814,1.413684832620332,0.6328719798490005,0.30548463435275536,cdbox
CAAJ01004367.1/269-353,135.25,82.81966011250104,604.641457138114,1.9570003045566493,0.20948860135551448,2.7954566807029515,140.38251315601954,141.2156511122178,15.84383174537513,29.497843315793496,82.81966011250104,188.7177756399858,602.6844568335573,19941.860119047622,159.2199323241923,79.60996616209616,1.0379483412644699,1.1204459595881817,0.27372409323298513,cdbox
