nameseq,average,median,maximum,minimum,peak,none_levated_peak,sample_standard_deviation,population_standard_deviation,percentile15,percentile25,percentile50,percentile75,amplitude,variance,interquartile_range,semi_interquartile_range,coefficient_of_variation,skewness,kurtosis,label
AY349597.1/1-142,211.4999999999999,142.52315380374472,2197.655563843351,9.665694874377872,0.22379826635145797,3.73414555333226,296.44434553554913,297.49370933214476,43.404896456279,47.8110893788709,142.52315380374472,257.11783730101695,2187.989868968973,88502.50709219863,209.30674792214603,104.65337396107302,1.4016281112791928,0.6980417798657277,0.2725732575148225,cdbox
AANU01215512.1/34559-34417,221.74999999999994,135.72228745607669,1955.6441605660145,7.1753781546452045,0.214956783164224,3.6362367524894137,273.5779139477454,274.5395264520339,39.763807482838466,62.24003951631489,135.72228745607669,272.526766207127,1948.4687824113694,75371.95158450703,210.28672669081215,105.14336334540607,1.233722272594117,0.9433624736281336,0.2432301782334286,cdbox
AACN010220664.1/1841-1699,215.75000000000003,104.69542797089018,2498.5533054748666,0.7471191297399863,0.22093472383159518,3.8585601940313206,328.5846542369256,329.73961264592896,28.604283980988352,49.83407032316159,104.69542797089018,287.72393861049386,2497.8061863451267,108728.21214788729,237.88986828733226,118.94493414366613,1.522987968653189,1.013935714256157,0.2549483215586373,cdbox
AAQQ01150653.1/4431-4289,215.74999999999997,129.71454821428256,3333.174145153174,2.822783113414939,0.22093472383159524,3.87993106155898,417.77251585043257,419.2409650735178,27.946679051928747,61.538707883717194,129.71454821428256,234.97839778591046,3330.351362039759,175762.9867957746,173.43968990219327,86.71984495109663,1.936373190500267,0.6178155468933655,0.22294253224095179,cdbox
