nameseq,average,median,maximum,minimum,peak,none_levated_peak,sample_standard_deviation,population_standard_deviation,percentile15,percentile25,percentile50,percentile75,amplitude,variance,interquartile_range,semi_interquartile_range,coefficient_of_variation,skewness,kurtosis,label
AF317982.1/2-94,141.24999999999997,88.86783918068052,773.4842168023657,0.2746773590815302,0.21946902654867262,3.05557783289599,164.00838393204165,164.89732477330034,14.247232906144824,29.662244663936544,88.86783918068052,182.36362729758926,773.2095394432841,27191.12771739129,152.7013826336527,76.35069131682636,1.1611213021737465,0.9581612762130101,0.2684590272724302,cdbox
AL161574.2/196824-196728,148.25000000000003,80.7073414759514,802.4453419601163,0.46091239579300963,0.21810005621135467,3.0973316630493026,177.60912138738826,178.531772382397,21.003347129922414,35.55271530477256,80.7073414759514,175.563840589275,801.9844295643232,31873.59375000001,140.01112528450244,70.00556264225122,1.198037918296042,1.1408646920232677,0.19314447994762568,cdbox
AJ532534.1/5-96,128.99999999999997,90.09325635963685,495.3954468721237,0.0,0.23772609819121454,3.0647870771566743,118.93275410920239,119.58444531141816,17.33930445838345,30.76890342073184,90.09325635963685,222.41242845400154,495.3954468721237,14300.439560439561,191.6435250332697,95.82176251663485,0.9219593341798638,0.9813968556880341,0.3521114305962692,cdbox
AJ532535.1/5-95,120.75000000000001,81.9081049838571,455.11239659108253,5.515673780985311,0.251207729468599,3.104768823173114,116.73741902235119,117.38416867514782,19.564326305377637,33.044897747946294,81.9081049838571,147.18886649777187,449.5967228100972,13779.043055555556,114.14396874982558,57.07198437491279,0.9667695157130533,0.9981862373205124,0.17695881785284004,cdbox
