nameseq,average,median,maximum,minimum,peak,none_levated_peak,sample_standard_deviation,population_standard_deviation,percentile15,percentile25,percentile50,percentile75,amplitude,variance,interquartile_range,semi_interquartile_range,coefficient_of_variation,skewness,kurtosis,label
AC007066.4/164516-164622,166.75000000000006,100.50735390452542,578.7928543127603,1.5185305577052521,0.2138930534732633,3.132315712063505,155.49799034071148,156.22974963114842,26.220936610990634,47.17135335866412,100.50735390452542,274.59825875189244,577.274323755055,24407.73466981132,227.4269053932283,113.71345269661416,0.9325216812036667,1.2780096890705233,0.33826138548247797,cdbox
AL929572.10/175094-174985,181.50000000000006,107.95721220020147,570.0679939628279,0.0,0.20202020202020193,3.0425921758883003,157.78228671178525,158.50440621317387,41.03268427981336,52.4211100814786,107.95721220020147,332.36865827421843,570.0679939628279,25123.646788990827,279.9475481927398,139.9737740963699,0.8693238937288441,1.3983088215878694,0.36258121622320566,cdbox
AAFC03111050.1/1381-1271,183.75,129.16208892702863,732.4727001211842,2.3669909272120018,0.20136054421768707,3.0355048931056867,165.46865262036795,166.2190811987163,40.7170502978143,62.71617297173376,129.16208892702863,234.2200570677378,730.1057091939722,27628.782954545448,171.50388409600404,85.75194204800202,0.9005096741244514,0.9896964205941446,0.21779826341755099,cdbox
AANN01135589.1/606-496,185.75,126.53529870900088,873.9709062139079,4.001996858008047,0.19919246298788695,3.0201728095547913,176.87530918700892,177.67746889953563,36.75775636137121,71.1954945251295,126.53529870900088,257.36905526560594,869.9689093558999,31569.28295454545,186.17356074047643,93.08678037023822,0.9522223913163333,1.0043465347963043,0.23499304777776178,cdbox
