nameseq,average,median,maximum,minimum,peak,none_levated_peak,sample_standard_deviation,population_standard_deviation,percentile15,percentile25,percentile50,percentile75,amplitude,variance,interquartile_range,semi_interquartile_range,coefficient_of_variation,skewness,kurtosis,label
AF141346.1/2553-2637,139.25000000000009,77.84907696750903,669.7889727246466,2.1784198048063157,0.203470975463794,2.8244970118776265,160.5218053723543,161.4744653999216,14.913228086795463,18.14036648443043,77.84907696750903,179.79315260715217,667.6105529198402,26074.002976190477,161.65278612272175,80.82639306136087,1.152759823140784,1.1475249027394585,0.22574244155881842,cdbox
AK025846.1/2178-2094,141.24999999999997,82.1065098602285,700.9248726480895,4.570597483329792,0.20058997050147495,2.7881183818625144,161.51857478321188,162.47715040817866,15.312813712826479,25.70005051520607,82.1065098602285,184.63302202642282,696.3542751647597,26398.824404761912,158.93297151121675,79.46648575560837,1.1434943347484028,1.0985143390316519,0.22925734087964003,cdbox
X67268.1/1201-1284,137.0,113.52342620655922,512.9648050735238,0.21245760945720182,0.20437956204379562,2.6941060169388047,120.15406776301833,120.87572030410468,14.776995292593247,30.66667074016041,113.52342620655922,216.99999999999997,512.7523474640667,14610.939759036144,186.33332925983956,93.16666462991978,0.8770369909709367,0.5861617728933816,0.3844878513502752,cdbox
AL591203.15/10289-10373,141.24999999999997,82.1065098602285,700.9248726480895,4.570597483329792,0.20058997050147495,2.7881183818625144,161.51857478321188,162.47715040817866,15.312813712826479,25.70005051520607,82.1065098602285,184.63302202642282,696.3542751647597,26398.824404761912,158.93297151121675,79.46648575560837,1.1434943347484028,1.0985143390316519,0.22925734087964003,cdbox
