nameseq,average,median,maximum,minimum,peak,none_levated_peak,sample_standard_deviation,population_standard_deviation,percentile15,percentile25,percentile50,percentile75,amplitude,variance,interquartile_range,semi_interquartile_range,coefficient_of_variation,skewness,kurtosis,label
AJ617339.1/1-89,130.24999999999997,92.3067531600456,493.72426706994736,2.0176911900852574,0.22776711452335258,2.990277566960944,128.25560416605583,128.98227062803488,16.997534563638375,25.38067253632619,92.3067531600456,203.7169803019119,491.7065758798621,16636.426136363632,178.3363077655857,89.16815388279285,0.9846879398545555,0.887522547338242,0.26813758239244234,cdbox
CR382128.1/364100-364187,136.00000000000003,120.86080402333751,491.29870235182,9.0,0.21568627450980388,2.771166410958964,114.12712210513327,114.78115108186606,27.68493101554349,35.53600075727401,120.86080402333751,207.53222691452638,482.29870235182,13174.712643678162,171.99622615725235,85.99811307862618,0.8391700154789209,0.3979561307797557,0.30627082284114215,cdbox
BX842623.1/49237-49145,135.24999999999994,101.76872507261264,378.5555415399523,1.1805414924832582,0.22920517560073947,2.961529600576031,111.56948507544523,112.17420216090142,23.508460868686907,27.103001630276296,101.76872507261264,224.42792395823423,377.37500004746903,12583.051630434778,197.32492232795795,98.66246116397897,0.8249130134968228,0.9002804370230807,0.321281325875289,cdbox
CR382126.1/2373959-2374052,143.49999999999997,95.37278045178789,648.6210973016127,2.549987869715781,0.21835075493612083,2.9657838507987906,149.45651541501962,150.25789657742106,24.991868989187285,38.16166047707232,95.37278045178789,199.26824521177483,646.071109431897,22577.435483870966,161.1065847347025,80.55329236735125,1.0415088182231336,0.9660445932631895,0.25211843254271493,cdbox
