nameseq,average,median,maximum,minimum,peak,none_levated_peak,sample_standard_deviation,population_standard_deviation,percentile15,percentile25,percentile50,percentile75,amplitude,variance,interquartile_range,semi_interquartile_range,coefficient_of_variation,skewness,kurtosis,label
CR382122.1/550657-550747,158.75,102.86802461250737,623.5293114794351,1.3401246043793063,0.1910761154855643,2.697301005209518,149.86201987161394,150.6922867229036,29.477246494020818,47.5558926636362,102.86802461250737,229.80397909498657,622.1891868750558,22708.16527777778,182.24808643135037,91.12404321567519,0.9440127236007178,1.1186685346033596,0.23947608709621507,cdbox
AJ575660.1/48834-48920,135.74999999999997,70.34968473099775,726.0330459619759,3.5043844741963417,0.21362799263351753,2.9171400107793297,167.1866471940867,168.15585326824666,15.945177187755267,35.34934389786964,70.34968473099775,181.5822526403699,722.5286614877796,28276.390988372103,146.23290874250026,73.11645437125013,1.23157751155865,1.1735443535705175,0.23418645641374025,cdbox
AF064269.1/1-88,150.0,102.27385868660514,646.8630151750002,1.2963285853389932,0.19555555555555554,2.6876594815670645,145.74635501445653,146.58158451708806,27.031834255803908,50.00000000000001,102.27385868660514,225.99905247092693,645.5666865896612,21486.160919540227,175.99905247092693,87.99952623546346,0.9716423667630435,0.9823808212972652,0.27577610735448493,cdbox
U19028.1/2512-2416,158.24999999999997,102.27325600924152,702.3504497426582,2.2382633532159284,0.2043180621379674,2.8822111749478903,150.91719583930788,151.7011865477657,40.48500730501077,47.59832315512956,102.27325600924152,219.15102028894106,700.1121863894422,23013.250000000007,171.55269713381148,85.77634856690574,0.9536631648613454,1.1127309319415293,0.28735840500993964,cdbox
