nameseq,average,median,maximum,minimum,peak,none_levated_peak,sample_standard_deviation,population_standard_deviation,percentile15,percentile25,percentile50,percentile75,amplitude,variance,interquartile_range,semi_interquartile_range,coefficient_of_variation,skewness,kurtosis,label
AF085227.1/271-347,123.25000000000003,52.055237738716826,620.3907808889647,3.687688898634813,0.20824881676808651,2.7566343478708393,152.3966863156808,153.39601955653697,13.360902100392055,14.945798254502392,52.055237738716826,170.5037029192136,616.7030919903299,23530.338815789477,155.5579046647112,77.7789523323556,1.2364842703097831,1.4015021713885714,0.22777592973916175,cdbox
BX897674.1/14234-14316,136.75000000000003,76.29749550724087,667.1542630938646,5.938372115847889,0.20231566118220592,2.7757697365161427,158.86196838765406,159.82770353437846,12.929336513429181,19.936011367628794,76.29749550724087,196.9327470626056,661.2158909780168,25544.894817073175,176.99673569497682,88.49836784748841,1.1616962953393348,1.1416043457029939,0.2664491523062449,cdbox
CR380953.1/76656-76565,150.99999999999997,110.66521557358001,561.3479747734877,1.761463952534406,0.20309050772626935,2.8041987825827746,140.50978613605528,141.27970853578387,27.82393858949819,47.56811855591453,110.66521557358001,200.70858189974857,559.5865108209533,19959.956043956037,153.14046334383403,76.57023167191701,0.9305283850069888,0.8611809654460056,0.24250661518578726,cdbox
U19028.1/2059-1969,152.75000000000003,118.32853788442186,730.0625950351816,3.123536737109349,0.1985815602836879,2.778555570524433,144.47361350779596,145.27402746380912,15.363581801747724,35.47125971296156,118.32853788442186,237.24984484843714,726.9390582980723,21104.543055555565,201.77858513547557,100.88929256773778,0.9458174370395805,0.714762951098764,0.32951327041088063,cdbox
