nameseq,average,median,maximum,minimum,peak,none_levated_peak,sample_standard_deviation,population_standard_deviation,percentile15,percentile25,percentile50,percentile75,amplitude,variance,interquartile_range,semi_interquartile_range,coefficient_of_variation,skewness,kurtosis,label
CM000208.1/3814397-3814495,138.74999999999997,87.76981244378206,480.75939114924273,1.9611839738756598,0.23783783783783788,3.161358559957146,130.16960090589507,130.83204590120064,25.534009164295835,41.19724509525752,87.76981244378206,188.6353533947906,478.79820717536705,17117.024234693876,147.43810829953307,73.71905414976654,0.9381592858082529,1.1749330227970871,0.21667277203537133,cdbox
AHKC01021457.1/140-43,132.50000000000006,98.21610809511509,670.8851907626008,4.878571426497466,0.24654088050314454,3.213362308920365,136.76348196795809,137.46664075181158,18.113988272642008,26.991873253461574,98.21610809511509,176.18811944057614,666.0066193361033,18897.077319587628,149.19624618711458,74.59812309355729,1.0321772223996832,0.7520404879626545,0.279442052254447,cdbox
