nameseq,average,median,maximum,minimum,peak,none_levated_peak,sample_standard_deviation,population_standard_deviation,percentile15,percentile25,percentile50,percentile75,amplitude,variance,interquartile_range,semi_interquartile_range,coefficient_of_variation,skewness,kurtosis,label
CM000208.1/3814615-3814725,115.74999999999999,91.10065852943929,508.9299893893336,4.271942722684619,0.3196544276457884,3.7740227967585374,97.09724506905438,97.53759764596141,21.10736132369523,38.70316543003594,91.10065852943929,176.9879938905088,504.658046666649,9513.582954545458,138.28482846047285,69.14241423023643,0.838853089149498,0.7615872557361557,0.32600345986007717,cdbox
FR799008.1/90689-90589,115.25000000000004,83.14375220385654,573.091494158204,0.9592017742172344,0.29211858279103387,3.5681424386144935,123.70226352011511,124.31923624282769,16.09742495896781,34.640877938505135,83.14375220385654,143.6987357414247,572.1322923839867,15455.2725,109.05785780291959,54.52892890145979,1.0733385121051198,0.7786336373122891,0.281078129560073,cdbox
LGTL01000019.1/510774-510874,119.25000000000001,79.36121915825905,802.7509330827909,0.39040252337710435,0.2823200559049615,3.439028153392501,134.28421351744961,134.95396437304095,29.250515614319557,47.472090298525856,79.36121915825905,144.70811543229206,802.3605305594137,18212.572500000002,97.2360251337662,48.6180125668831,1.1260730693287178,0.8911422973011851,0.25282067166939226,cdbox
AHKC01019934.1/77-178,91.50000000000001,47.81286359902374,477.9156012293445,0.6025348196746707,0.3715846994535519,4.071151525963427,98.6166821587504,99.10368108178625,15.64440132540663,21.324359564915753,47.81286359902374,124.54817158169408,477.31306640966983,9821.539603960397,103.22381201677833,51.61190600838916,1.077777947090168,1.32899836350152,0.2390009318100521,cdbox
