nameseq,average,median,maximum,minimum,peak,none_levated_peak,sample_standard_deviation,population_standard_deviation,percentile15,percentile25,percentile50,percentile75,amplitude,variance,interquartile_range,semi_interquartile_range,coefficient_of_variation,skewness,kurtosis,label
AF357382.1/1-99,122.74999999999996,106.31420413780013,489.46440991195186,4.05861643359094,0.2688391038696539,3.3112226926280606,105.69354284912583,106.2314269480956,23.60133410990542,41.039029559645016,106.31420413780013,169.18377366551132,485.4057934783609,11285.116071428572,128.14474410586632,64.07237205293316,0.8610471922535713,0.46651277133347874,0.2583532091612751,cdbox
AL161747.5/13638-13529,137.50000000000006,107.49588023960828,468.5400627238583,1.0,0.26666666666666655,3.428225944757528,111.44168878835245,111.95172206533715,41.595911148341294,49.07200067735795,107.49588023960828,200.99675842468017,467.5400627238583,12533.188073394498,151.92475774732222,75.96237887366111,0.8104850093698357,0.8077081410003106,0.28962377276402546,cdbox
AJ243222.1/1-109,139.24999999999997,104.45173120857645,633.2977839025214,1.6406222420714103,0.260921603830042,3.44500481349403,129.20042569589313,129.79719758145782,27.390216462327036,48.829049034274114,104.45173120857645,210.1100779512785,631.6571616604499,16847.312500000004,161.2810289170044,80.6405144585022,0.9278307051769706,0.808006674993401,0.28699392720792305,cdbox
AL161747.5/8490-8387,136.00000000000003,117.70449428966081,376.4933530605937,4.8746168506160785,0.25490196078431365,3.256936468484247,103.39245620450264,103.89314899341048,31.086719272646604,44.83353055890451,117.70449428966081,216.0762841140124,371.6187362099776,10793.786407766987,171.24275355510787,85.62137677755393,0.7602386485625192,0.5308561102606574,0.30647466845961,cdbox
