nameseq,average,median,maximum,minimum,peak,none_levated_peak,sample_standard_deviation,population_standard_deviation,percentile15,percentile25,percentile50,percentile75,amplitude,variance,interquartile_range,semi_interquartile_range,coefficient_of_variation,skewness,kurtosis,label
BC036582.1/1156-1210,53.75,52.23512960623693,161.1416470006844,0.8328404390955121,0.34108527131782945,2.7797244476713243,43.62768616371948,44.02979315401318,5.41193059029336,17.448647291592522,52.23512960623693,77.1446052945588,160.30880656158888,1938.622685185186,59.69595800296628,29.84797900148314,0.8116778821157112,0.1041680543000806,0.28568577548794327,cdbox
AANU01294177.1/11152-11098,51.75,45.02998570350431,145.63762054411143,1.3903049904289326,0.3542673107890499,2.797782440061893,40.29112805568988,40.66248270826562,9.822203905607463,20.45629842713222,45.02998570350431,66.48817134667408,144.24731555368248,1653.4375000000007,46.031872919541854,23.015936459770927,0.7785725228152635,0.5003593560751667,0.1911642014147553,cdbox
AANN01257832.1/1121-1175,55.750000000000014,48.226479508701736,143.42715523875134,7.445695900850766,0.3288490284005978,2.6234550950174396,38.42362554470882,38.777767828715696,12.888613039346739,25.98859919378124,48.226479508701736,79.297695401418,135.98145933790056,1503.7152777777778,53.309096207636756,26.654548103818378,0.6892130142548666,0.5874136329907823,0.26077336011941,cdbox
AANG01249677.1/3745-3691,45.75,34.767373671674186,147.40427197007634,0.17951172747671468,0.4007285974499089,3.0148472019166532,37.354718577443464,37.69900897606962,9.549150281252626,16.805357064964188,34.767373671674186,64.97494509193206,147.22476024259961,1421.2152777777778,48.16958802696787,24.084794013483936,0.816496580927726,0.882027230821461,0.24297059312760302,cdbox
