nameseq,average,median,maximum,minimum,peak,none_levated_peak,sample_standard_deviation,population_standard_deviation,percentile15,percentile25,percentile50,percentile75,amplitude,variance,interquartile_range,semi_interquartile_range,coefficient_of_variation,skewness,kurtosis,label
AC149132.1/66733-66664,99.49999999999997,82.67467465487064,387.63487409515693,2.0721402155046,0.23450586264656623,2.5936885922916844,87.84787988335289,88.48216884151603,14.200844937213791,45.35195418993016,82.67467465487064,122.71485667918758,385.56273387965234,7829.094202898549,77.36290248925741,38.681451244628704,0.8828932651593258,0.5745838841234591,0.18639006089251156,cdbox
AL732366.7/162427-162358,101.49999999999999,80.44361482002526,360.68419829046815,4.636727461577746,0.2298850574712644,2.563331813331101,88.87772499338628,89.51944975287756,19.619743503717594,31.250221831174336,80.44361482002526,133.3836056730962,356.0474708288904,8013.731884057971,102.13338384192187,51.066691920960935,0.8756426107722788,0.7107422646633319,0.202935395283387,cdbox
AAFC03051600.1/63240-63171,109.49999999999999,90.17497375906837,392.0853469752248,0.0,0.21308980213089804,2.460117707350404,95.11703317492614,95.8038076759864,35.08942126752357,40.76589500789434,90.17497375906837,131.78668692011814,392.0853469752248,9178.369565217392,91.0207919122238,45.5103959561119,0.8686487047938461,0.6095131101931563,0.18478639500928415,cdbox
AAQQ01146349.1/2027-1958,105.49999999999999,81.19917209763875,329.70130380819484,0.0,0.22116903633491314,2.4748427478318726,84.45856972504328,85.06838681192094,29.7123813142528,40.69968217408839,81.19917209763875,153.26406094489937,329.70130380819484,7236.630434782605,112.56437877081098,56.28218938540549,0.8005551632705525,0.8631745001652211,0.27553876343440353,cdbox
