nameseq,average,median,maximum,minimum,peak,none_levated_peak,sample_standard_deviation,population_standard_deviation,percentile15,percentile25,percentile50,percentile75,amplitude,variance,interquartile_range,semi_interquartile_range,coefficient_of_variation,skewness,kurtosis,label
DQ108835.1/292-381,140.50000000000003,89.48026657375532,812.6138727067323,4.093534120124816,0.21352313167259782,2.8834828240137083,154.54530080206254,155.41110758099163,24.4804798400872,34.96853318697901,89.48026657375532,206.69136003943265,808.5203385866075,24152.61235955055,171.72282685245364,85.86141342622682,1.0999665537513346,0.9903840458712376,0.3089180270470635,cdbox
DQ108711.1/301-390,138.50000000000003,89.52072199714839,760.0403302209838,2.1131175796860604,0.2166064981949458,2.8869539424699977,146.09671454211417,146.91518993524073,28.779491524809064,36.0,89.52072199714839,206.83052020824655,757.9272126412977,21584.073033707857,170.83052020824655,85.41526010412328,1.0548499244917988,1.0057572784513118,0.29719293537444935,cdbox
AASG02001178.1/41441-41526,133.50000000000006,103.25894458921968,551.7157442787516,1.7153080723101677,0.21473158551810229,2.808863922482586,131.6633965838646,132.4356225403387,19.682096153812626,32.961995783888334,103.25894458921968,171.9630525787387,550.0004362064413,17539.194117647065,139.00105679485037,69.50052839742519,0.9862426710401838,0.6890538189522849,0.2211581966165298,cdbox
AARH01005974.1/498-589,145.00000000000003,74.19898279507541,624.1408915912283,1.0,0.2114942528735632,2.911848861546914,151.25475199146638,152.0835513571622,29.215775560207724,40.79269597876753,74.19898279507541,224.7889829532286,623.1408915912283,23129.40659340659,183.99628697446107,91.99814348723054,1.0431362206308024,1.40427357698327,0.24414519634254747,cdbox
