nameseq,average,median,maximum,minimum,peak,none_levated_peak,sample_standard_deviation,population_standard_deviation,percentile15,percentile25,percentile50,percentile75,amplitude,variance,interquartile_range,semi_interquartile_range,coefficient_of_variation,skewness,kurtosis,label
AEAB01027627.1/3905-3978,122.49999999999997,102.84497289628243,390.90132458933675,7.288217337943886,0.20136054421768712,2.422880790061404,93.70298821275655,94.34260647904671,38.51349056580179,54.88384805463162,102.84497289628243,176.71565340846698,383.6131072513929,8900.527397260266,121.83180535383536,60.91590267691768,0.7649223527571966,0.629276423685336,0.2697819163897383,cdbox
AADG06002824.1/6841-6765,129.25000000000006,88.11072022757043,696.2547461010014,2.0438974181095646,0.19858156028368787,2.639189627568204,149.72224283652716,150.70403855518308,12.498447735290805,14.228943117453255,88.11072022757043,137.63706065626832,694.2108486828919,22711.707236842107,123.40811753881506,61.70405876940753,1.1583925944799,0.8243119858419534,0.16407427948075765,cdbox
AEVX01005495.1/1202-1277,125.0,98.23088239124871,426.3752430014304,5.510292222948017,0.20266666666666666,2.5129495468560403,109.59470790143104,110.32291995168845,23.315401185975702,33.76530623597423,98.23088239124871,172.52800710758189,420.8649507784824,12171.146666666657,138.76270087160765,69.38135043580382,0.8767576632114483,0.7327667034660279,0.285984970943326,cdbox
AJ784369.2/7-85,119.75000000000004,74.18769576641493,395.0016300975236,8.597684987077395,0.219902574808629,2.6845814865778257,112.64490667580137,113.36468976103355,28.410963197770602,36.37625626572553,74.18769576641493,168.2735202452118,386.4039451104462,12851.552884615383,131.8972639794863,65.94863198974315,0.9406672791298649,1.2134318073887553,0.22714725133374428,cdbox
