nameseq,average,median,maximum,minimum,peak,none_levated_peak,sample_standard_deviation,population_standard_deviation,percentile15,percentile25,percentile50,percentile75,amplitude,variance,interquartile_range,semi_interquartile_range,coefficient_of_variation,skewness,kurtosis,label
U72853.1/1-69,89.25,56.25,373.391652606836,7.906683669275139,0.25770308123249297,2.6642068989137293,80.63032928123265,81.22103556128216,20.673460997515757,36.29531494111969,56.25,125.26332964461189,365.48496893756084,6596.856617647062,88.9680147034922,44.4840073517461,0.9034210563723546,1.2278258179337864,0.22001265449307958,cdbox
U72855.1/1-69,89.25,68.21541525942405,325.914216082292,13.08926979605987,0.25770308123249297,2.6299811022265813,72.45170805439994,72.9824968944005,21.88222843323355,39.270133822655936,68.21541525942405,129.0,312.82494628623215,5326.4448529411775,89.72986617734406,44.86493308867203,0.811783843746778,0.8709767639204139,0.23338773692480042,cdbox
