nameseq,average,median,maximum,minimum,peak,none_levated_peak,sample_standard_deviation,population_standard_deviation,percentile15,percentile25,percentile50,percentile75,amplitude,variance,interquartile_range,semi_interquartile_range,coefficient_of_variation,skewness,kurtosis,label
DQ108823.1/109-181,96.25000000000003,66.98200587231133,462.25,2.266096432993958,0.2528138528138527,2.7458934453372823,85.548232009785,86.14026836116389,19.1274929345459,37.154004502091304,66.98200587231133,139.8447017296519,459.98390356700605,7420.145833333334,102.69069722756058,51.34534861378029,0.8888128001016621,1.0263681705663195,0.24355290202465002,cdbox
AJ300655.1/3-68,88.50000000000001,55.41312802317518,517.3329718415304,0.5329870665680941,0.24858757062146888,2.6627573782213134,101.05567772272867,101.83006205665173,19.4024169894255,23.902325840081225,55.41312802317518,112.31213821624902,516.7999847749622,10369.36153846154,88.40981237616779,44.204906188083896,1.1418720646636007,0.98223690313394,0.28794537950900934,cdbox
AJ320263.1/4-65,83.49999999999999,54.432619973554665,250.95316804926216,0.0,0.24750499001996012,2.505368357905965,72.0503296314458,72.63850534679518,19.894320350250354,24.375488225333946,54.432619973554665,132.20901940181915,250.95316804926216,5276.3524590163925,107.8335311764852,53.9167655882426,0.8628781991789918,1.2102948109383425,0.29209840418880817,cdbox
AJ489964.1/2-63,81.49999999999999,60.250773383070424,325.8551732936022,0.23219728179995164,0.2535787321063395,2.5458850346148574,71.54893430373369,72.133016928086,23.219015034035863,29.95648284421465,60.250773383070424,118.5949091804087,325.6229760118023,5203.17213114754,88.63842633619406,44.31921316809703,0.8779010344016405,0.890966168415203,0.27583755376500463,cdbox
