nameseq,average,median,maximum,minimum,peak,none_levated_peak,sample_standard_deviation,population_standard_deviation,percentile15,percentile25,percentile50,percentile75,amplitude,variance,interquartile_range,semi_interquartile_range,coefficient_of_variation,skewness,kurtosis,label
X96653.1/1-67,94.75,73.83006163297887,255.09124133282623,4.641491915795262,0.2357080035180299,2.553553285157887,79.34812537168096,79.94698764389646,21.648410878542133,26.642041150395244,73.83006163297887,151.74779174822237,250.44974941703097,6391.520833333334,125.10575059782713,62.55287529891356,0.8374472334742055,0.7909426316889665,0.27301777800166915,cdbox
AANU01108424.1/10337-10271,92.75000000000001,73.13340698139264,263.8988327382339,2.25,0.24079065588499546,2.5274117674900185,69.36227360748781,69.88576989154039,11.551669541671462,39.0293383216964,73.13340698139264,130.94212633676648,261.6488327382339,4884.020833333333,91.91278801507008,45.95639400753504,0.7478412248785746,0.8484407444433766,0.25290706617936687,cdbox
AAPY01773330.1/1468-1535,100.99999999999997,56.23848180546186,535.7291022047068,3.839405321520614,0.2244224422442245,2.5706044751669848,116.94443124834972,117.81391854524264,20.345508396235694,30.07229721914925,56.23848180546186,131.7296983685477,531.8896968831862,13880.119402985069,101.65740114939845,50.828700574699226,1.1578656559242548,1.148276605821787,0.22250322392159064,cdbox
AAQQ01210439.1/939-872,97.00000000000003,88.58145389344529,361.51880580301923,0.381405088542479,0.23367697594501713,2.543000915829078,78.51751396981442,79.1012953457346,15.110306037457999,26.956969807564292,88.58145389344529,142.90107664167215,361.13740071447677,6257.014925373135,115.94410683410786,57.97205341705393,0.809458906905303,0.3216561126651769,0.316416998517789,cdbox
