nameseq,average,median,maximum,minimum,peak,none_levated_peak,sample_standard_deviation,population_standard_deviation,percentile15,percentile25,percentile50,percentile75,amplitude,variance,interquartile_range,semi_interquartile_range,coefficient_of_variation,skewness,kurtosis,label
AAAA02011125.1/45898-45831,105.00000000000003,95.48309211607895,313.39161301755814,6.572836297889666,0.21587301587301583,2.364775271186046,73.23933369440222,73.7838715539686,38.995947001500184,53.54881430103947,95.48309211607895,134.23819910261446,306.81877671966845,5444.059701492537,80.68938480157499,40.344692400787494,0.6975174637562114,0.3898277361573731,0.22573339506783557,cdbox
AJ489950.1/1-67,102.74999999999999,96.06086449551957,358.3558868953039,0.783105146147768,0.21735604217356044,2.4826222805913947,87.32768747653861,87.98677371335334,12.462748777824997,17.575043708564998,96.06086449551957,142.48244718169084,357.57278174915615,7741.672348484848,124.90740347312584,62.45370173656292,0.8499045009882105,0.22979431945718876,0.27459753445607504,cdbox
AC189189.1/52925-52858,104.99999999999999,80.02338774068316,299.8451577647386,0.35904675395187347,0.2158730158730159,2.3981219885655,78.33900688673555,78.92146105417316,38.913055842529644,57.8953471266521,80.02338774068316,132.51960480376675,299.4861110107867,6228.597014925373,74.62425767711466,37.31212883855733,0.746085779873672,0.9564818314110857,0.17158985752149078,cdbox
AL049862.1/41945-41876,109.5,85.32623792124927,351.8310919173791,7.702095163881842,0.213089802130898,2.439514201827132,94.61104586674858,95.29416698240017,32.16605924583695,40.78116990906736,85.32623792124927,141.46610949195627,344.1289967534973,9080.978260869568,100.68493958288892,50.34246979144446,0.8640278161346903,0.766520289167843,0.18974813891858255,cdbox
