nameseq,average,median,maximum,minimum,peak,none_levated_peak,sample_standard_deviation,population_standard_deviation,percentile15,percentile25,percentile50,percentile75,amplitude,variance,interquartile_range,semi_interquartile_range,coefficient_of_variation,skewness,kurtosis,label
AJ223843.1/1-95,147.75000000000003,91.05318290470275,663.7204493246987,2.9389316054773604,0.21432600112803155,3.0173550597582786,160.56112543202983,161.4129145680782,18.102226412877876,25.91648241861953,91.05318290470275,219.08831562973756,660.7815177192214,26054.12898936171,193.17183321111804,96.58591660555902,1.0867081247514707,1.0593501436180208,0.2867051333780784,cdbox
AJ251862.1/1-95,147.75000000000003,91.05318290470275,663.7204493246987,2.9389316054773604,0.21432600112803155,3.0173550597582786,160.56112543202983,161.4129145680782,18.102226412877876,25.91648241861953,91.05318290470275,219.08831562973756,660.7815177192214,26054.12898936171,193.17183321111804,96.58591660555902,1.0867081247514707,1.0593501436180208,0.2867051333780784,cdbox
AL683874.1/62362-62458,136.25000000000003,116.28474909898064,607.031864803031,1.5442317532853653,0.23730886850152902,3.100072120208282,119.49058540320242,120.11131989394953,13.330568308131802,41.31085713403064,116.28474909898064,195.3200148116511,605.4876330497457,14426.729166666675,154.00915767762046,77.00457883881023,0.8769951222253387,0.5012591787122748,0.28244590192372826,cdbox
BX284747.1/26398-26296,149.75000000000006,104.75912441109172,778.8994549813148,2.362070414808022,0.2292710072342793,3.1046415377313212,142.48991192361652,143.18668826423226,30.75197292415243,62.078733974875696,104.75912441109172,201.75660823001374,776.5373845665067,20502.42769607843,139.67787425513805,69.83893712756903,0.9515186105082902,0.9472433868797585,0.24343815822114148,cdbox
