nameseq,average,median,maximum,minimum,peak,none_levated_peak,sample_standard_deviation,population_standard_deviation,percentile15,percentile25,percentile50,percentile75,amplitude,variance,interquartile_range,semi_interquartile_range,coefficient_of_variation,skewness,kurtosis,label
AJ007734.1/1-97,120.25,72.18747031275622,432.437069663497,0.02029780105606381,0.2688842688842689,3.341906495711247,118.98739429031968,119.60551478366985,24.391946153991288,37.12400218634232,72.18747031275622,170.24093183716872,432.41677186244095,14305.479166666668,133.1169296508264,66.5584648254132,0.9895001604184589,1.2117887774727227,0.20809099480252835,cdbox
AL713883.1/98037-98133,122.25,71.13076474290523,414.206239599626,0.847192887502218,0.26448534423994546,3.299587993693157,119.32309080810808,119.94295519120749,31.366887332514096,43.17306814321858,71.13076474290523,171.89835473575678,413.35904671212376,14386.312500000007,128.7252865925382,64.3626432962691,0.9760580025203115,1.285230752343733,0.20396342403756762,cdbox
AC118772.5/60281-60186,124.00000000000004,65.0588739467147,512.4423934082739,3.0814879110195774e-31,0.2580645161290322,3.375236040193162,138.0543371285379,138.7790367909778,8.57359312880715,31.713854147736612,65.0588739467147,152.11172854576196,512.4423934082739,19259.621052631574,120.39787439802535,60.198937199012676,1.1133414284559504,1.2808245060437438,0.1673077680888608,cdbox
AJ007733.1/1-97,128.24999999999997,73.55733427006491,657.4051623904447,2.8302445892072803,0.2521117608836908,3.2773478095696165,138.25700705570043,138.97523010714295,14.518441471990739,46.37922827863028,73.55733427006491,203.8176137270595,654.5749178012375,19314.114583333332,157.43838544842922,78.71919272421461,1.0780273454635514,1.186760806442903,0.2333677146085033,cdbox
