nameseq,average,median,maximum,minimum,peak,none_levated_peak,sample_standard_deviation,population_standard_deviation,percentile15,percentile25,percentile50,percentile75,amplitude,variance,interquartile_range,semi_interquartile_range,coefficient_of_variation,skewness,kurtosis,label
AC078839.4/76753-76859,130.75000000000003,98.8112900380024,404.4418281159717,10.88400969347747,0.27278521351179086,3.3610946970699542,99.87304441139261,100.34303780456847,44.543229079231594,52.209961364762805,98.8112900380024,182.48833515125693,393.5578184224942,10068.725235849057,130.27837378649411,65.13918689324706,0.7638473759953545,0.9593792844775147,0.22973344111565963,cdbox
AJ490403.1/1-105,130.25,100.24478962986197,496.1903898849802,0.38715987856458267,0.2687140115163148,3.322832085627876,100.52114205479363,101.00326060997314,42.82593605271192,58.65060246705683,100.24478962986197,189.60798411432663,495.8032300064156,10201.658653846152,130.9573816472698,65.4786908236349,0.7717554092498551,0.8954895385226221,0.306694633756867,cdbox
AJ490392.1/1-107,132.75000000000003,111.22549900816168,407.2394594518333,7.952094773600843,0.268675455116133,3.3444756212798064,102.98361520164264,103.46824665585929,37.00477987191148,54.83093483087226,111.22549900816168,177.17092207869587,399.28736467823245,10705.678066037737,122.33998724782361,61.16999362391181,0.7757711126300761,0.6270269581144504,0.21572794443201534,cdbox
