nameseq,average,median,maximum,minimum,peak,none_levated_peak,sample_standard_deviation,population_standard_deviation,percentile15,percentile25,percentile50,percentile75,amplitude,variance,interquartile_range,semi_interquartile_range,coefficient_of_variation,skewness,kurtosis,label
AJ490412.1/1-152,145.99999999999991,96.42269334887303,1156.0,3.2034696603874093,0.34703196347031984,4.840931849671059,167.6782633497854,168.2325731702891,14.012194520895376,32.70887015054674,96.42269334887303,186.81118318204304,1152.7965303396127,28302.19867549668,154.1023130314963,77.05115651574815,1.1484812558204487,0.8870077551025103,0.24469070162257778,cdbox
AJ490410.1/1-152,145.99999999999991,96.42269334887303,1156.0,3.2034696603874093,0.34703196347031984,4.840931849671059,167.6782633497854,168.2325731702891,14.012194520895376,32.70887015054674,96.42269334887303,186.81118318204304,1152.7965303396127,28302.19867549668,154.1023130314963,77.05115651574815,1.1484812558204487,0.8870077551025103,0.24469070162257778,cdbox
AJ490411.1/1-152,145.99999999999991,96.42269334887303,1156.0,3.2034696603874093,0.34703196347031984,4.840931849671059,167.6782633497854,168.2325731702891,14.012194520895376,32.70887015054674,96.42269334887303,186.81118318204304,1152.7965303396127,28302.19867549668,154.1023130314963,77.05115651574815,1.1484812558204487,0.8870077551025103,0.24469070162257778,cdbox
AJ490409.1/1-152,145.9999999999999,104.99706640681532,1225.0,2.0774124956988462,0.3470319634703199,4.823630844437273,165.88851678160242,166.4369100683877,16.224464020529748,33.50270516111218,104.99706640681532,195.121492075488,1222.9225875043012,27701.245033112576,161.61878691437582,80.80939345718791,1.1362227176822093,0.7415148629094005,0.26727888080572887,cdbox
