nameseq,average,median,maximum,minimum,peak,none_levated_peak,sample_standard_deviation,population_standard_deviation,percentile15,percentile25,percentile50,percentile75,amplitude,variance,interquartile_range,semi_interquartile_range,coefficient_of_variation,skewness,kurtosis,label
AK099797.1/502-609,159.00000000000003,122.9358279972398,579.330658538846,0.9999999999999969,0.2264150943396226,3.2560327450122877,144.03471803700663,144.70621220413202,18.118486304993922,35.5855335513613,122.9358279972398,257.7025908799198,578.330658538846,20939.887850467287,222.1170573285585,111.05852866427925,0.9058787297924944,0.751155814950691,0.341167943586012,cdbox
AJ490440.1/1-108,159.00000000000003,122.9358279972398,579.330658538846,0.9999999999999969,0.2264150943396226,3.2560327450122877,144.03471803700663,144.70621220413202,18.118486304993922,35.5855335513613,122.9358279972398,257.7025908799198,578.330658538846,20939.887850467287,222.1170573285585,111.05852866427925,0.9058787297924944,0.751155814950691,0.341167943586012,cdbox
AL731784.3/24013-23910,151.99999999999997,97.12444304056919,603.6713532566171,0.0,0.2280701754385965,3.189822185301345,141.11697275664608,141.80035192419388,27.727140326630135,43.868562413074116,97.12444304056919,227.55595987296098,603.6713532566171,20107.339805825235,183.68739745988688,91.84369872994344,0.9284011365568823,1.1665972395977369,0.25372308783751396,cdbox
AAAA02035057.1/4449-4556,159.00000000000003,122.9358279972398,579.330658538846,0.9999999999999969,0.2264150943396226,3.2560327450122877,144.03471803700663,144.70621220413202,18.118486304993922,35.5855335513613,122.9358279972398,257.7025908799198,578.330658538846,20939.887850467287,222.1170573285585,111.05852866427925,0.9058787297924944,0.751155814950691,0.341167943586012,cdbox
