nameseq,average,median,maximum,minimum,peak,none_levated_peak,sample_standard_deviation,population_standard_deviation,percentile15,percentile25,percentile50,percentile75,amplitude,variance,interquartile_range,semi_interquartile_range,coefficient_of_variation,skewness,kurtosis,label
AACV01021456.1/15260-15139,162.49999999999997,89.26378238925413,1073.666161765389,1.5201698737255813,0.25025641025641027,3.7452443110652944,196.32180215146758,197.13138002797913,15.980584704088717,38.82848339171608,89.26378238925413,234.0118580234303,1072.1459918916635,38860.780991735526,195.18337463171423,97.59168731585711,1.2081341670859544,1.1191250814961773,0.26684344899005735,cdbox
AACV01021456.1/14245-14131,142.75000000000006,73.96783472677772,677.5673230600457,1.003010381788249,0.26853473438412134,3.723453007028083,152.78457055606106,153.45321519729055,20.191511614591438,33.439192314553125,73.96783472677772,203.88224450316946,676.5643126782575,23547.889254385966,170.44305218861632,85.22152609430816,1.0702947149286235,1.35057156012984,0.22920603178985063,cdbox
AACV01021456.1/14512-14398,144.74999999999997,81.13259273353877,727.2913268748988,0.3769118012904342,0.2648244099021302,3.670868186759467,149.79694589677055,150.45251553172704,24.00380083618998,29.66730984469448,81.13259273353877,184.5706780627056,726.9144150736083,22635.959429824565,154.90336821801114,77.45168410900557,1.0348666383196585,1.2740728501294374,0.22983429286001417,cdbox
AAAA02029410.1/24575-24698,136.99999999999997,106.2438182791391,530.8875135701567,3.361455472151103,0.3017031630170317,3.9236332757301655,125.14791248758405,125.65561401438985,25.58806245329523,44.78509751304675,106.2438182791391,177.6586329643796,527.5260580980056,15789.333333333328,132.87353545133283,66.43676772566641,0.9134884123181319,0.7372759427508355,0.2287016411669014,cdbox
