nameseq,average,median,maximum,minimum,peak,none_levated_peak,sample_standard_deviation,population_standard_deviation,percentile15,percentile25,percentile50,percentile75,amplitude,variance,interquartile_range,semi_interquartile_range,coefficient_of_variation,skewness,kurtosis,label
AK057183.1/1267-1339,98.25,80.0452375316735,432.62868849272604,1.3034619335336528,0.24766751484308736,2.7386512709202324,86.28151598111845,86.87862702260742,18.364610784064105,28.308412166445418,80.0452375316735,137.5232127734183,431.3252265591924,7547.895833333332,109.21480060697287,54.607400303486436,0.8781833687645644,0.6329778375351115,0.2849961370036738,cdbox
AJ236935.1/696-624,106.24999999999997,65.52059618322825,340.9765078257834,0.6357711083267297,0.2290196078431373,2.723850112716235,101.66366115776076,102.36722430109701,8.946673938007981,22.731593081127542,65.52059618322825,170.88225653336437,340.3407367174567,10479.048611111106,148.1506634522368,74.0753317261184,0.9568344579553956,1.2018867908042834,0.2793121253055501,cdbox
AP001273.4/3902-3830,98.25,80.0452375316735,432.62868849272604,1.3034619335336528,0.24766751484308736,2.7386512709202324,86.28151598111845,86.87862702260742,18.364610784064105,28.308412166445418,80.0452375316735,137.5232127734183,431.3252265591924,7547.895833333332,109.21480060697287,54.607400303486436,0.8781833687645644,0.6329778375351115,0.2849961370036738,cdbox
AJ240060.1/1-73,106.24999999999997,65.52059618322825,340.9765078257834,0.6357711083267297,0.2290196078431373,2.723850112716235,101.66366115776076,102.36722430109701,8.946673938007981,22.731593081127542,65.52059618322825,170.88225653336437,340.3407367174567,10479.048611111106,148.1506634522368,74.0753317261184,0.9568344579553956,1.2018867908042834,0.2793121253055501,cdbox
