nameseq,average,median,maximum,minimum,peak,none_levated_peak,sample_standard_deviation,population_standard_deviation,percentile15,percentile25,percentile50,percentile75,amplitude,variance,interquartile_range,semi_interquartile_range,coefficient_of_variation,skewness,kurtosis,label
AJ490386.1/1-69,99.25000000000004,58.924608070561305,295.5660116404031,10.312553294327753,0.23173803526448353,2.532742579543384,85.29507605952409,85.91995676551656,25.08761148563226,30.120022079856163,58.924608070561305,133.94576164294165,285.2534583460753,7382.238970588234,103.82573956308548,51.91286978154274,0.8593962323377738,1.4183254342125409,0.2099775331474293,cdbox
AC078839.4/82266-82334,101.24999999999999,74.5857981276365,304.2391148443611,14.87195697008211,0.22716049382716053,2.517264124696942,88.2340637169115,88.88047575586123,19.227324572920182,34.435055126702984,74.5857981276365,138.2282550988921,289.367157874279,7899.738970588235,103.79319997218911,51.89659998609456,0.8714475428830767,0.9065955057191657,0.215937936555041,cdbox
