nameseq,average,median,maximum,minimum,peak,none_levated_peak,sample_standard_deviation,population_standard_deviation,percentile15,percentile25,percentile50,percentile75,amplitude,variance,interquartile_range,semi_interquartile_range,coefficient_of_variation,skewness,kurtosis,label
AF317995.1/1-111,153.75,108.31737283658653,720.4510785077409,0.03417135672944465,0.24065040650406505,3.3841314402813034,160.7820730056681,161.51124714565685,31.98529517241534,45.72000684823339,108.31737283658653,195.03539414710534,720.4169071510115,26085.882954545446,149.31538729887194,74.65769364943597,1.0457370601994673,0.8477181500541757,0.20171548685607835,cdbox
AF317941.1/1-96,129.99999999999997,92.12283198147534,690.4027950895961,1.334581521242715,0.2461538461538462,3.213533994638112,155.43487382180354,156.25081052421353,28.23205080756888,47.96404015672464,92.12283198147534,127.38823394674253,689.0682135683534,24414.315789473676,79.42419379001788,39.71209689500894,1.1956528755523352,0.7310554012855917,0.17482973505871785,cdbox
AJ490338.1/1-98,130.50000000000003,79.98073969655202,507.7638613106392,2.4033049120855807,0.25031928480204335,3.340586444016667,137.04105224347924,137.74563813327183,9.47654738736186,22.720700425241088,79.98073969655202,175.71544878018156,505.3605563985536,18973.86082474227,152.99474835494047,76.49737417747023,1.0501230056971587,1.1059297811072926,0.23874991611033947,cdbox
AF317942.1/1-96,128.00000000000003,84.03417433680212,686.8932989253519,2.061021161855295,0.24999999999999994,3.2421832692113806,156.64928981645588,157.47160144977852,22.5,43.7440320908379,84.03417433680212,126.90230807650813,684.8322777634967,24797.305263157887,83.15827598567023,41.579137992835115,1.2238225766910613,0.8419921797547657,0.2064785057119749,cdbox
