nameseq,average,median,maximum,minimum,peak,none_levated_peak,sample_standard_deviation,population_standard_deviation,percentile15,percentile25,percentile50,percentile75,amplitude,variance,interquartile_range,semi_interquartile_range,coefficient_of_variation,skewness,kurtosis,label
AJ532495.1/1-89,124.24999999999999,86.65938052819224,609.5784136392186,0.8922141637499209,0.238765928906774,3.006188400624938,126.50494061498152,127.22168822392452,20.502686730654982,32.60013494374777,86.65938052819224,152.4413514251673,608.6861994754687,16185.357954545452,119.84121648141954,59.92060824070977,1.0181484154123261,0.8914423252341187,0.2389972833394633,cdbox
AJ532493.1/1-82,120.50000000000003,80.9959710170272,373.31846261535577,0.0,0.22683264177040105,2.7502880687648545,104.24130659196476,104.88279761032264,27.53448306231772,44.209815167185255,80.9959710170272,145.1348103813131,373.31846261535577,11000.4012345679,100.92499521412783,50.462497607063916,0.8650730837507447,1.1369013956512874,0.1642580818899251,cdbox
AJ532496.1/2-91,134.5,104.11079412063245,556.136089946101,3.0231883651818756,0.22304832713754646,2.9800803282019634,135.83905918402112,136.6000682711593,11.104899654903255,28.626519465952917,104.11079412063245,194.57595335633198,553.1129015809191,18659.57865168538,165.94943389037905,82.97471694518953,1.0099558303644693,0.6711443541036155,0.23717386511433433,cdbox
AJ532494.1/1-86,131.49999999999994,96.58665642502231,522.1020998673501,4.0,0.21799746514575422,2.7910754175001182,122.94409298538909,123.66517889280004,24.633216685719614,33.90360833055108,96.58665642502231,191.48123696378101,518.1020998673501,15293.076470588236,157.57762863322995,78.78881431661497,0.9349360683299555,0.8519321927681421,0.30339050455423455,cdbox
