nameseq,average,median,maximum,minimum,peak,none_levated_peak,sample_standard_deviation,population_standard_deviation,percentile15,percentile25,percentile50,percentile75,amplitude,variance,interquartile_range,semi_interquartile_range,coefficient_of_variation,skewness,kurtosis,label
AJ490406.1/1-81,128.24999999999997,76.2335926521293,783.925072778802,0.7405631880811453,0.21052631578947373,2.727043131806455,140.96808149364878,141.84639579488794,22.778744289294718,34.80899996271085,76.2335926521293,182.25,783.1845095907208,20120.400000000005,147.44100003728914,73.72050001864457,1.0991663274358583,1.1069826615370566,0.3361245283284042,cdbox
AC078839.4/78433-78513,128.24999999999997,76.2335926521293,783.925072778802,0.7405631880811453,0.21052631578947373,2.727043131806455,140.96808149364878,141.84639579488794,22.778744289294718,34.80899996271085,76.2335926521293,182.25,783.1845095907208,20120.400000000005,147.44100003728914,73.72050001864457,1.0991663274358583,1.1069826615370566,0.3361245283284042,cdbox
AJ490399.1/1-81,130.24999999999994,72.8432221881843,739.9482287405829,0.11390279055040974,0.2072936660268715,2.719013777116211,140.5667101414841,141.44252366244038,24.20759868392739,34.42666806210396,72.8432221881843,210.25,739.8343259500325,20005.987500000003,175.82333193789606,87.91166596894803,1.0792069876505501,1.2251857730902476,0.35505370447064116,cdbox
AAAA02029403.1/10313-10233,130.24999999999994,72.8432221881843,739.9482287405829,0.11390279055040974,0.2072936660268715,2.719013777116211,140.5667101414841,141.44252366244038,24.20759868392739,34.42666806210396,72.8432221881843,210.25,739.8343259500325,20005.987500000003,175.82333193789606,87.91166596894803,1.0792069876505501,1.2251857730902476,0.35505370447064116,cdbox
