nameseq,average,median,maximum,minimum,peak,none_levated_peak,sample_standard_deviation,population_standard_deviation,percentile15,percentile25,percentile50,percentile75,amplitude,variance,interquartile_range,semi_interquartile_range,coefficient_of_variation,skewness,kurtosis,label
AY069871.1/80-155,116.99999999999997,76.11123732542632,481.46898201173775,1.0,0.21652421652421658,2.6996413174562646,115.77564510725043,116.54492695952064,12.999999999999998,18.219526196877702,76.11123732542632,200.07984351677328,480.46898201173775,13582.720000000001,181.8603173198956,90.9301586599478,0.989535428267098,1.059517205972701,0.3544280089516445,cdbox
AC011809.2/63495-63570,116.99999999999997,76.11123732542632,481.46898201173775,1.0,0.21652421652421658,2.6996413174562646,115.77564510725043,116.54492695952064,12.999999999999998,18.219526196877702,76.11123732542632,200.07984351677328,480.46898201173775,13582.720000000001,181.8603173198956,90.9301586599478,0.989535428267098,1.059517205972701,0.3544280089516445,cdbox
AY220696.1/1-73,112.24999999999997,60.96212591746036,427.0400124428231,0.25,0.21677802524127696,2.6466611265530746,114.25191464478833,115.04259476868171,15.607216128637683,24.305259362391503,60.96212591746036,202.12408000339184,426.7900124428231,13234.798611111111,177.81882064100034,88.90941032050017,1.0178344289068004,1.3467049784328267,0.32970657574988715,cdbox
AJ532499.1/1-73,112.24999999999997,60.96212591746036,427.0400124428231,0.25,0.21677802524127696,2.6466611265530746,114.25191464478833,115.04259476868171,15.607216128637683,24.305259362391503,60.96212591746036,202.12408000339184,426.7900124428231,13234.798611111111,177.81882064100034,88.90941032050017,1.0178344289068004,1.3467049784328267,0.32970657574988715,cdbox
