nameseq,average,median,maximum,minimum,peak,none_levated_peak,sample_standard_deviation,population_standard_deviation,percentile15,percentile25,percentile50,percentile75,amplitude,variance,interquartile_range,semi_interquartile_range,coefficient_of_variation,skewness,kurtosis,label
AJ490481.1/1-105,156.25000000000014,129.57546151624544,941.7860150654972,0.25,0.22399999999999978,3.114134729471378,153.09310892394865,153.82737265169382,28.90750718902352,49.966181613916326,129.57546151624544,213.48925905876206,941.5360150654972,23662.86057692308,163.52307744484574,81.76153872242287,0.9797958971132704,0.5227120672754583,0.29159974299371605,cdbox
AJ490483.1/1-108,151.0,125.73770161128115,659.8142760408723,3.7477319508939124,0.23841059602649006,3.2843466127390237,139.87494414654827,140.52704532327476,21.529899269386092,33.891748067353475,125.73770161128115,225.09787232786402,656.0665440899784,19747.850467289718,191.20612426051053,95.60306213025527,0.9263241334208495,0.5418189485513139,0.36613240107827827,cdbox
AJ490484.1/1-108,153.00000000000003,85.34090271541689,943.8839093357523,5.001854853982453,0.2352941176470588,3.336250049959564,174.62531317080004,175.43942160815968,32.39870167715185,37.284183320638824,85.34090271541689,213.1017443338184,938.8820544817698,30778.990654205605,175.81756101317958,87.90878050658979,1.1413419161490197,1.1623589281997075,0.2511794755369537,cdbox
AJ490485.1/1-108,157.00000000000003,105.56895315964405,579.098517935014,3.392085410257414,0.2292993630573248,3.2567019354998683,153.02614155757834,153.73955401031225,19.227561392885562,35.10936970697561,105.56895315964405,223.30335595298115,575.7064325247566,23635.850467289718,188.19398624600552,94.09699312300276,0.9746887997297982,1.0082796243216579,0.2434745376539666,cdbox
