nameseq,average,median,maximum,minimum,peak,none_levated_peak,sample_standard_deviation,population_standard_deviation,percentile15,percentile25,percentile50,percentile75,amplitude,variance,interquartile_range,semi_interquartile_range,coefficient_of_variation,skewness,kurtosis,label
AJ242536.1/1-83,122.74999999999996,98.79796340917596,578.5317883635217,2.691529069359336,0.22539035980991184,2.7682557737293436,115.0961554527344,115.79583457481554,31.850830327491728,48.02799232875416,98.79796340917596,158.17147379775486,575.8402592941624,13408.675304878048,110.1434814690007,55.07174073450035,0.9376468875986512,0.6243137269861333,0.22419885191055772,cdbox
AC132565.30/9192-9106,131.75,108.39154953266582,375.9722652256689,0.06525898448474861,0.22011385199240988,2.7807282237183264,101.75644942705104,102.34634682929489,24.20127889042769,47.26810343812701,108.39154953266582,211.49535780347213,375.90700624118415,10474.77470930232,164.22725436534512,82.11362718267256,0.7723449671882432,0.6886575916963317,0.3134977030541933,cdbox
AASG02003325.1/11570-11485,125.5,82.28675962877153,369.98292485399725,0.9648606089052949,0.22841965471447545,2.8308283525457276,107.09458436354286,107.72271047899406,33.253443308650986,47.27494723437178,82.28675962877153,170.78588846228345,369.018064245092,11604.182352941176,123.51094122791167,61.755470613955836,0.8533433017015367,1.210516123519476,0.19714390832624945,cdbox
AARH01002823.1/33127-33215,124.24999999999996,103.49309225282829,415.5487608694763,11.435227518742447,0.23876592890677406,2.8617192144965604,94.14085191881364,94.67423211873823,39.172791904853675,46.21507840470292,103.49309225282829,174.70439698341414,404.11353335073386,8963.210227272726,128.48931857871122,64.24465928935561,0.7576728524653011,0.6614633495691838,0.27583491866727117,cdbox
