nameseq,average,median,maximum,minimum,peak,none_levated_peak,sample_standard_deviation,population_standard_deviation,percentile15,percentile25,percentile50,percentile75,amplitude,variance,interquartile_range,semi_interquartile_range,coefficient_of_variation,skewness,kurtosis,label
AJ536282.1/1-115,146.75000000000003,99.91021466597566,641.7629576850766,1.0924726868967833,0.2612152186257808,3.574939736757219,136.00781227561893,136.60303530443957,18.164628641517837,44.70918412549624,99.91021466597566,244.17161447621405,640.6704849981797,18660.389254385966,199.4624303507178,99.7312151753589,0.9267994022188681,1.0331712101751298,0.3175576262249034,cdbox
AJ536279.1/1-115,144.75,128.60019563403614,395.6310295024764,4.599621935662647,0.26482440990213013,3.4438541240108127,105.0957896397377,105.5557296474403,32.10759094053473,58.476768915253516,128.60019563403614,205.26980068065546,391.03140756681375,11142.012061403508,146.79303176540196,73.39651588270098,0.7260503602054418,0.46100241754663407,0.25308038264905436,cdbox
AJ536281.1/1-115,152.74999999999994,104.81339233585614,594.2209773332954,4.076112248581714,0.2509547190398255,3.4236089164327472,131.54134331076293,132.11701933606287,27.864413175817358,65.29222197878687,104.81339233585614,213.32125688010257,590.1448650847137,17454.90679824561,148.0290349013157,74.01451745065785,0.8611544570262715,1.0932671004634986,0.23429496917043613,cdbox
AJ536280.1/1-114,148.5,106.21162116420031,839.7478069111836,0.0,0.2558922558922559,3.42094093292187,136.4853471988843,137.08793444323064,31.361599513448915,56.70539593873905,106.21162116420031,214.29651975100754,839.7478069111836,18793.101769911504,157.59112381226848,78.79556190613424,0.9190932471305341,0.9295146996441543,0.28781736868214086,cdbox
