nameseq,average,median,maximum,minimum,peak,none_levated_peak,sample_standard_deviation,population_standard_deviation,percentile15,percentile25,percentile50,percentile75,amplitude,variance,interquartile_range,semi_interquartile_range,coefficient_of_variation,skewness,kurtosis,label
AC235267.1/40198-40265,98.99999999999994,53.664240193279966,525.7929731151572,1.5662997566247017,0.2289562289562291,2.649711682427694,121.92620719107107,122.83273422428941,15.859543077239778,30.221368728949855,53.664240193279966,102.51780523822352,524.2266733585325,15087.880597014919,72.29643650927366,36.14821825463683,1.23157785041486,1.1154884790849136,0.12878594092622833,cdbox
AC007233.7/16999-17076,113.49999999999997,78.340635372128,372.36607464890074,1.0,0.22907488986784147,2.7247219515884282,103.46617804867442,104.13586904030339,20.606363064942386,49.1154814271619,78.340635372128,160.93451876908276,371.36607464890074,10844.279220779219,111.81903734192085,55.90951867096042,0.9115962823671757,1.0194451546668226,0.1892369091630532,cdbox
AJ010674.1/1-79,119.75000000000003,93.8412692968304,372.06097060805297,0.25,0.21990257480862901,2.6097139911354215,91.49248603027463,92.07710850290863,35.20264909084962,46.92394759544367,93.8412692968304,180.24050708662998,371.81097060805297,8478.193910256408,133.3165594911863,66.65827974559315,0.7640291108999968,0.8495363442609863,0.31795966830572386,cdbox
DQ108823.1/555-632,113.49999999999997,78.340635372128,372.36607464890074,1.0,0.22907488986784147,2.7247219515884282,103.46617804867442,104.13586904030339,20.606363064942386,49.1154814271619,78.340635372128,160.93451876908276,371.36607464890074,10844.279220779219,111.81903734192085,55.90951867096042,0.9115962823671757,1.0194451546668226,0.1892369091630532,cdbox
