nameseq,average,median,maximum,minimum,peak,none_levated_peak,sample_standard_deviation,population_standard_deviation,percentile15,percentile25,percentile50,percentile75,amplitude,variance,interquartile_range,semi_interquartile_range,coefficient_of_variation,skewness,kurtosis,label
U16692.1/354-477,189.00000000000003,124.47866315572317,841.0,2.5480364627885805,0.21869488536155202,3.4223510380858517,192.30184606498185,193.081978461233,27.75892446316697,46.09996903187093,124.47866315572317,262.0167033743715,838.4519635372114,37280.65040650405,215.91673434250058,107.95836717125029,1.0174700849999039,1.0065634547648712,0.24371844336831305,cdbox
