nameseq,average,median,maximum,minimum,peak,none_levated_peak,sample_standard_deviation,population_standard_deviation,percentile15,percentile25,percentile50,percentile75,amplitude,variance,interquartile_range,semi_interquartile_range,coefficient_of_variation,skewness,kurtosis,label
U26016.1/1-110,169.49999999999997,129.4582356865028,1172.4063751927868,2.0554937051618745,0.21632251720747298,3.174218440218,182.87495727955755,183.7119179785009,23.133824157025447,54.766800271131345,129.4582356865028,224.94797330712095,1170.350881487625,33750.06880733945,170.18117303598962,85.09058651799481,1.078908302534263,0.6568712016531504,0.2723579297653871,cdbox
AACI02000085.1/17223-17114,177.50000000000003,127.95646739023607,825.8888914509214,3.5933629744455757,0.2065727699530516,3.1086347193959347,174.15295001808036,174.9499928551013,27.650607382155833,43.22025537259189,127.95646739023607,255.95063764076093,822.2955284764759,30607.499999999996,212.73038226816902,106.36519113408451,0.9811433803835512,0.8534486370392302,0.2670315475544466,cdbox
AACH01001819.1/54-160,166.75000000000003,118.97682525404099,607.1867463483007,0.8411846578688235,0.21389305347326332,3.0683011000581946,142.2836076292698,142.9531812458257,24.733419336026298,61.33393041552713,118.97682525404099,241.75458903122103,606.345561690432,20435.61202830189,180.4206586156939,90.21032930784695,0.8532750082714828,1.0072806462098325,0.24189924380984662,cdbox
AACF01000016.1/89825-89933,169.25000000000003,125.36459764268038,723.8744592300137,5.809716700903689,0.21467257508616444,3.132012502664976,156.29699293332553,157.0189228393496,27.86222834412081,42.8281982755396,125.36459764268038,263.92760622011184,718.06474252911,24654.94212962963,221.09940794457225,110.54970397228612,0.923468200492322,0.8423463855643207,0.2934291332710301,cdbox
