nameseq,average,median,maximum,minimum,peak,none_levated_peak,sample_standard_deviation,population_standard_deviation,percentile15,percentile25,percentile50,percentile75,amplitude,variance,interquartile_range,semi_interquartile_range,coefficient_of_variation,skewness,kurtosis,label
U56648.1/1-99,162.75000000000003,128.82878934209003,680.8270272629084,1.1977575984411353,0.2027649769585253,2.8733221238284945,140.38206794316716,141.0964851165503,31.81381202458567,54.286953039737185,128.82878934209003,275.1377952860386,679.6292696644672,19908.2181122449,220.85084224630145,110.42542112315073,0.8625626294511037,0.7249047792551994,0.33379119455822326,cdbox
AADM01000045.1/22801-22708,145.50000000000009,87.56762131895306,775.259723485916,15.935217795035163,0.21534936998854512,2.8937755485905563,149.83741188368143,150.64083540103786,33.428371985719004,40.25585507065749,87.56762131895306,228.75870255648815,759.3245056908808,22692.661290322583,188.50284748583067,94.25142374291534,1.0298103909531364,1.1599048185513212,0.387128633800728,cdbox
AACF01000157.1/2944-2847,166.50000000000003,138.62904884666125,663.3825921740666,0.27462304705956125,0.19619619619619616,2.833408823712228,147.95354000496238,148.7142316001141,28.927617424535246,50.079389663747726,138.62904884666125,216.47003114877302,663.1079691270071,22115.92268041237,166.3906414850253,83.19532074251265,0.8886098498796537,0.5651291172702725,0.25413563526541927,cdbox
AAZN01000317.1/31446-31541,153.99999999999997,111.83337904551455,618.5550033638372,0.8770458209170997,0.20779220779220783,2.9473430774074063,149.23806484942102,150.0214721473668,18.44106607567891,27.19500307105283,111.83337904551455,235.96014720819971,617.67795754292,22506.442105263155,208.76514413714688,104.38257206857344,0.9690783431780587,0.8476380539448347,0.30292955752481304,cdbox
