nameseq,average,median,maximum,minimum,peak,none_levated_peak,sample_standard_deviation,population_standard_deviation,percentile15,percentile25,percentile50,percentile75,amplitude,variance,interquartile_range,semi_interquartile_range,coefficient_of_variation,skewness,kurtosis,label
U57010.1/1-186,270.50000000000006,161.5140031096749,1230.0406055913897,7.331838593651369,0.22920517560073933,4.31476479982734,282.88204255484294,283.64555822840356,28.60147551187964,72.30664760472726,161.5140031096749,348.6998606200891,1222.7087669977384,80454.80270270267,276.3932130153619,138.19660650768094,1.0457746490012676,1.1558103431312274,0.20936321922597595,cdbox
AACI02000291.1/4750-4936,274.75000000000006,208.378215614174,1453.1754369935638,4.548350640848551,0.2268729147710039,4.172839868280209,259.35810185918615,260.054366472677,68.40359380633336,90.94616176143323,208.378215614174,360.70826895195165,1448.6270863527152,67628.27352150537,269.7621071905184,134.8810535952592,0.9439785326994944,0.7677236675088882,0.22102292018554756,cdbox
AABZ01000008.1/9856-9673,270.0000000000003,177.33956168977298,1272.3874296977738,6.7999680075673545,0.22716049382716028,4.146401084631823,248.6563894212252,249.33485286349165,52.99987760328201,98.59253478660332,177.33956168977298,368.32520081095066,1265.5874616902065,62167.868852459025,269.73266602434734,134.86633301217367,0.9209495904489813,1.1179335289863803,0.2452296677481772,cdbox
AAZN01000373.1/5727-5915,283.2499999999999,168.31520635855233,2644.8485112040717,2.6445701606123575,0.22241835834068852,4.285682255761065,343.566223601797,344.478751699347,48.73347498905834,79.41533273764026,168.31520635855233,374.88740946514633,2642.2039410434595,118665.61037234038,295.4720767275061,147.73603836375304,1.212943419600343,1.003603838903503,0.23840643144990864,cdbox
