nameseq,average,median,maximum,minimum,peak,none_levated_peak,sample_standard_deviation,population_standard_deviation,percentile15,percentile25,percentile50,percentile75,amplitude,variance,interquartile_range,semi_interquartile_range,coefficient_of_variation,skewness,kurtosis,label
AF064268.1/2-88,145.75000000000003,109.7364686257298,557.9130598338995,0.4724498179712453,0.1989708404802744,2.7109584151233204,135.35647380158804,136.14115558561284,28.021746943301792,40.87873274745398,109.7364686257298,233.61763181106315,557.4406100159283,18534.414244186042,192.73889906360915,96.36944953180458,0.9286893571292488,0.7981930312485958,0.3095177803219734,cdbox
AAZN01000252.1/47075-47158,139.00000000000006,105.05255888325763,484.0,0.06794743288757345,0.20143884892086322,2.7199425238858344,128.01171821360728,128.780564274815,13.10075082446448,27.8608177134463,105.05255888325763,189.0328177306465,483.9320525671124,16584.433734939754,161.17200001720022,80.58600000860011,0.920947613047534,0.7955703178695537,0.24272196432586768,cdbox
AADM01000047.1/81966-82047,132.49999999999997,88.86242483449513,538.5272615803409,1.0,0.20628930817610067,2.612103132125575,120.84804508141617,121.59173237813519,34.909562781439675,50.83867147502424,88.86242483449513,157.76900787263605,537.5272615803409,14784.549382716048,106.93033639761181,53.465168198805905,0.9120607175955939,1.083283766885246,0.198048130420207,cdbox
CR382125.1/1819986-1819898,144.24999999999997,73.77883146539448,730.6845182534864,0.7250455910091977,0.20566146735990762,2.8990475976969425,178.4054371368765,179.41624090365954,19.683744293188187,34.10858710382245,73.77883146539448,193.93305103150072,729.9594726624772,32190.187499999993,159.82446392767827,79.91223196383913,1.2367794602209812,1.1850171664982132,0.2862108332557573,cdbox
