nameseq,average,median,maximum,minimum,peak,none_levated_peak,sample_standard_deviation,population_standard_deviation,percentile15,percentile25,percentile50,percentile75,amplitude,variance,interquartile_range,semi_interquartile_range,coefficient_of_variation,skewness,kurtosis,label
AJ223033.1/15-106,149.00000000000003,103.2385924626087,534.521879089621,1.0024185886189836,0.20581655480984337,2.8743880466396377,145.15853402401112,145.95392920558683,20.384539989374783,35.773864652031236,103.2385924626087,224.54444563860292,533.5194605010021,21302.54945054945,188.7705809865717,94.38529049328585,0.9742183491544368,0.9457537135878308,0.237397484757672,cdbox
AABY01000024.1/7397-7488,149.00000000000003,103.74059697903802,497.97537143463524,5.185809955536318,0.20581655480984337,2.855293589101857,142.24626532883033,143.02570275426598,16.135731702982504,43.11487695949308,103.74059697903802,210.430550142284,492.7895614790989,20456.351648351643,167.31567318279093,83.65783659139547,0.9546729216700021,0.9545291663651619,0.23332876545800338,cdbox
AACH01000015.1/15664-15755,145.00000000000003,101.70744150145794,553.132332154566,0.8116754408106066,0.2114942528735632,2.9283492176454704,142.69898387865277,143.4809019722459,13.737473768755422,27.055432521285137,101.70744150145794,203.97017901198666,552.3206567137554,20586.769230769234,176.91474649070153,88.45737324535077,0.9841309233010533,0.910151368744648,0.22718254325452558,cdbox
AACI02000291.1/11268-11177,146.99999999999997,95.63902333877097,543.0444631821524,4.488317751520379,0.20861678004535153,2.8925165419382686,142.16891362038325,142.94792719766832,16.01539789624958,33.67417972709357,95.63902333877097,233.4489910722084,538.556145430632,20434.109890109885,199.7748113451148,99.8874056725574,0.9671354668053285,1.0838018386714012,0.27597338951988776,cdbox
