nameseq,average,median,maximum,minimum,peak,none_levated_peak,sample_standard_deviation,population_standard_deviation,percentile15,percentile25,percentile50,percentile75,amplitude,variance,interquartile_range,semi_interquartile_range,coefficient_of_variation,skewness,kurtosis,label
AJ010798.1/1-83,132.74999999999997,81.76009253798048,598.1859183375923,0.25,0.20841180163214068,2.7433653607711315,140.31794254477936,141.17094701278944,25.224709381394515,36.60861089506405,81.76009253798048,160.14226043271995,597.9359183375923,19929.236280487807,123.5336495376559,61.76682476882795,1.0570089833881686,1.0901650894520605,0.17001893139583474,cdbox
AAZN01000292.1/2990-2905,143.4999999999999,104.80124652787788,509.1828508732807,2.6207732052559147,0.19976771196283408,2.6297134095006816,118.39446777615917,119.08886943593598,22.29300561327316,50.40740493511939,104.80124652787788,194.14566326787892,506.5620776680248,14182.158823529406,143.73825833275953,71.86912916637976,0.8250485559314235,0.9805885578696276,0.22545044588655963,cdbox
CR382124.1/957132-957216,133.25000000000006,92.07722599419226,540.4490841405726,2.9370568337144314,0.21263289555972473,2.7817898961410514,134.1389205264453,134.93500419514152,16.973338170650027,41.595787029237734,92.07722599419226,183.10589105952354,537.5120273068582,18207.455357142862,141.51010403028582,70.75505201514291,1.006671073369195,0.9208238856601796,0.22709681732370485,cdbox
AACF01000013.1/100529-100445,131.24999999999997,98.88417279630366,475.63732579208636,2.25,0.2158730158730159,2.750293888120253,112.73087420933098,113.39990604262506,16.92441644063844,54.01639818117094,98.88417279630366,209.21478174124758,473.38732579208636,12859.538690476193,155.19838356007665,77.59919178003832,0.85890189873776,0.8613211091647152,0.26014276872237063,cdbox
