nameseq,average,median,maximum,minimum,peak,none_levated_peak,sample_standard_deviation,population_standard_deviation,percentile15,percentile25,percentile50,percentile75,amplitude,variance,interquartile_range,semi_interquartile_range,coefficient_of_variation,skewness,kurtosis,label
AJ010802.1/1-84,130.99999999999997,85.5233584158734,585.5188760998308,1.0,0.21374045801526723,2.7936996681980792,139.41305534274755,140.25037851891446,20.243186659197562,34.82423614675738,85.5233584158734,178.54040180172626,584.5188760998308,19670.168674698783,143.71616565496888,71.85808282748444,1.0642217965095235,0.9786022149573164,0.2666985264980625,cdbox
AAZN01000268.1/117161-117076,139.50000000000006,108.65841924887782,1089.0,0.0,0.20549581839904413,2.853312603012524,162.81047263612993,163.76538095702645,11.355425795765983,28.07240055988739,108.65841924887782,188.48239306399782,1089.0,26819.100000000002,160.40999250411042,80.20499625205521,1.1671001622661639,0.568297240068537,0.24851161451156265,cdbox
AADM01000279.1/19853-19939,137.75000000000006,72.11586548921612,501.39771490373147,1.7875716853429413,0.2105263157894736,2.847102461714329,136.92470558668364,137.71847864562372,20.074409157089935,31.33085762548615,72.11586548921612,214.01906474440955,499.61014321838854,18966.379360465115,182.6882071189234,91.3441035594617,0.9940087519904435,1.4380341567190573,0.2793838757337273,cdbox
AACF01000007.1/69722-69637,133.5,71.11428799816642,566.4934094748891,1.0,0.21473158551810237,2.934749736719811,145.48969035639607,146.34300964032494,6.5939044149670325,25.039625458993573,71.11428799816642,195.14895567148528,565.4934094748891,21416.276470588236,170.1093302124917,85.05466510624585,1.0898104146546521,1.2863944898572182,0.23099195971422076,cdbox
