nameseq,average,median,maximum,minimum,peak,none_levated_peak,sample_standard_deviation,population_standard_deviation,percentile15,percentile25,percentile50,percentile75,amplitude,variance,interquartile_range,semi_interquartile_range,coefficient_of_variation,skewness,kurtosis,label
Z69299.1/1-84,131.0,82.3381194793756,514.4574402153937,2.1074063034683785,0.21374045801526717,2.7511224427385614,120.02499739637571,120.74587473309487,21.251187538348148,45.638232723899854,82.3381194793756,185.64156785654905,512.3500339119254,14579.566265060237,140.0033351326492,70.0016675663246,0.916221354170807,1.2162936448960207,0.2558548871666354,cdbox
AACI02000031.1/7633-7716,132.99999999999997,91.2312374810285,683.1938619767726,1.0924823702836362,0.21052631578947373,2.7477188537037063,134.97036711811967,135.78100724221648,16.186279702375924,51.30014093653897,91.2312374810285,176.91587589255084,682.101379606489,18436.481927710844,125.61573495601186,62.80786747800593,1.0148147903618023,0.9283985087426805,0.23509493219065206,cdbox
AACA01000204.1/8000-7917,138.99999999999994,97.02099277350023,347.6103396093818,1.1332625692046556,0.2014388489208634,2.6170168254211883,105.78752289377043,106.42288910427685,27.009495062733123,56.49059323965163,97.02099277350023,226.10598647466762,346.47707704017716,11325.831325301207,169.61539323501597,84.80769661750799,0.7610613157825213,1.1904714113209969,0.2935755664441381,cdbox
AAZN01000292.1/3455-3372,136.99999999999997,81.07253566003057,660.0903095488261,1.7558222863874167,0.20437956204379568,2.734918821370844,134.83693855913518,135.64677730330007,14.371471852412858,35.70701301598098,81.07253566003057,229.4678111233254,658.3344872624386,18400.048192771083,193.7607981073444,96.8803990536722,0.9842112303586511,1.2443355271398737,0.31892015083273734,cdbox
