nameseq,average,median,maximum,minimum,peak,none_levated_peak,sample_standard_deviation,population_standard_deviation,percentile15,percentile25,percentile50,percentile75,amplitude,variance,interquartile_range,semi_interquartile_range,coefficient_of_variation,skewness,kurtosis,label
AJ248287.2/14879-14825,57.74999999999999,27.291796067500623,298.8505510361789,0.3082266971734333,0.3174603174603175,2.892475517675037,76.70967996283127,77.41669656739046,4.888982189848141,20.028036491176554,27.291796067500623,52.50461299513352,298.54232433900546,5993.344907407405,32.47657650395696,16.23828825197848,1.328306146542533,1.191174462489904,0.09289213788192831,cdbox
AE000782.1/711263-711211,63.25,41.93376304325988,306.25,0.1755914459676147,0.2793148880105402,2.6313641489903143,68.26602375999352,68.91930203003866,4.50590404597766,10.697840430002389,41.93376304325988,88.74427096120854,306.0744085540324,4749.870192307692,78.04643053120616,39.02321526560308,1.0793047234781583,0.9367575163751771,0.25177573969438477,cdbox
BA000001.2/762168-762222,59.75,36.44367423790072,279.3050174206394,1.6550884166934305,0.30683403068340304,2.809384146643465,72.23832085534657,72.90412590569943,4.523504998449974,10.369086247176314,36.44367423790072,58.799198933777774,277.64992900394594,5315.011574074074,48.43011268660146,24.21505634330073,1.2090095540643777,0.9678931688667971,0.13041902505846603,cdbox
BA000002.3/143608-143554,59.74999999999999,43.69255832238788,260.8616279283624,1.222598140160627,0.3068340306834031,2.69950293847465,62.96328295125658,63.543601974170855,12.667776433269365,15.208898551654531,43.69255832238788,71.86844394876644,259.63902978820175,4037.7893518518504,56.65954539711191,28.329772698555956,1.0537787941632901,0.7650859798738455,0.19076164206527432,cdbox
