nameseq,average,median,maximum,minimum,peak,none_levated_peak,sample_standard_deviation,population_standard_deviation,percentile15,percentile25,percentile50,percentile75,amplitude,variance,interquartile_range,semi_interquartile_range,coefficient_of_variation,skewness,kurtosis,label
AF195106.1/1-62,85.49999999999999,83.81809562212726,219.80410001846388,1.6787712974723572,0.2417153996101365,2.4217908984564596,55.903935460752656,56.360301689729944,11.285236842184743,50.216944811592235,83.81809562212726,118.20880111697798,218.12532872099152,3176.4836065573763,67.99185630538574,33.99592815269287,0.6538471983713762,0.09025685029206075,0.22686649623183006,cdbox
BA000001.2/1732056-1732107,62.99999999999997,50.79078006129123,191.68729193553997,0.0,0.27513227513227523,2.468485829754094,54.7265931700485,55.260523795889576,7.749386694852858,18.85076732230966,50.79078006129123,107.23435229033296,191.68729193553997,3053.7254901960778,88.3835849680233,44.19179248401165,0.8686760820642624,0.6692844866537809,0.29437496882270636,cdbox
AF254842.1/1-50,60.49999999999999,37.35970867232674,238.87998242502204,0.36130533699798467,0.2754820936639119,2.490663489371108,62.94640577507187,63.58547196410482,6.188470506254731,9.532128163529451,37.35970867232674,87.86725758374611,238.51867708802405,4043.11224489796,78.33512942021666,39.16756471010833,1.0404364590920971,1.1028568371494203,0.2565900960153043,cdbox
AE006641.1/2189456-2189402,77.75000000000001,67.83883338832136,420.25,4.541058336816438,0.23579849946409426,2.277064696625546,68.47901138305079,69.11016768737996,16.316570459404048,28.104500706385338,67.83883338832136,122.11845660623176,415.70894166318357,4776.215277777777,94.01395589984642,47.00697794992321,0.8807589888495276,0.43419873088873595,0.34772403614284975,cdbox
