nameseq,average,median,maximum,minimum,peak,none_levated_peak,sample_standard_deviation,population_standard_deviation,percentile15,percentile25,percentile50,percentile75,amplitude,variance,interquartile_range,semi_interquartile_range,coefficient_of_variation,skewness,kurtosis,label
BA000002.3/1357410-1357474,76.24999999999999,70.73151448606431,331.9189760819237,1.791389181523136,0.28415300546448097,2.7681549757998756,70.76015828133794,71.31082929681857,14.003550862198749,17.18124940877343,70.73151448606431,108.93552094200729,330.12758690040056,5085.234374999997,91.75427153323386,45.87713576661693,0.9280020758208256,0.23396579295348047,0.2897722242927806,cdbox
