nameseq,average,median,maximum,minimum,peak,none_levated_peak,sample_standard_deviation,population_standard_deviation,percentile15,percentile25,percentile50,percentile75,amplitude,variance,interquartile_range,semi_interquartile_range,coefficient_of_variation,skewness,kurtosis,label
CP000077.1/2196893-2196945,67.25,58.57840369018239,272.5316567776201,0.32438753317242475,0.2627013630731103,2.4612307304314185,64.53100030218035,65.14853590656685,7.393689093622505,16.90979560734297,58.57840369018239,87.82821333288148,272.20726924444773,4244.3317307692305,70.9184177255385,35.45920886276925,0.9595687777275888,0.403136303600331,0.27342283174773374,cdbox
