nameseq,average,median,maximum,minimum,peak,none_levated_peak,sample_standard_deviation,population_standard_deviation,percentile15,percentile25,percentile50,percentile75,amplitude,variance,interquartile_range,semi_interquartile_range,coefficient_of_variation,skewness,kurtosis,label
CP000077.1/458753-458807,81.75000000000001,48.984678533015426,355.50713485648225,0.6532363262015195,0.22426095820591227,2.260935502821837,78.72340820874057,79.44898491298491,18.94335190618322,28.07523004569926,48.984678533015426,107.3892223400318,354.85389853028073,6312.141203703704,79.31399229433254,39.65699614716627,0.9629774704433095,1.2486243499559269,0.2782587856055802,cdbox
BA000001.2/1401921-1401976,63.99999999999999,48.571088565728346,235.99615008357983,2.4143536110887913,0.29166666666666674,2.594519762914219,56.222771187482394,56.73158491768697,9.774212916570008,25.32845624569604,48.571088565728346,90.58275483816409,233.58179647249105,3218.4727272727278,65.25429859246805,32.62714929623402,0.8784807998044125,0.823273796812071,0.2370484628877134,cdbox
AJ248284.1/246620-246563,62.49999999999999,27.18371694603578,398.4457704105546,0.0,0.30933333333333335,3.0041387341929475,88.45479071254421,89.22733630373399,3.5019028037114093,9.540774709288113,27.18371694603578,79.46648013924059,398.4457704105546,7961.517543859645,69.92570542995247,34.962852714976236,1.4152766514007076,1.1977740075854084,0.18605702575671965,cdbox
CP000682.1/117691-117745,79.74999999999999,67.20829397011113,492.9565722624922,1.7639320225002102,0.2298850574712644,2.381744076466491,96.75419887529426,97.64596149506795,8.834088113106505,17.481311195282466,67.20829397011113,106.0231243950742,491.192640239992,9534.733796296292,88.54181319979173,44.270906599895866,1.2132187946745365,0.38887323265589013,0.27752898354446465,cdbox
