nameseq,average,median,maximum,minimum,peak,none_levated_peak,sample_standard_deviation,population_standard_deviation,percentile15,percentile25,percentile50,percentile75,amplitude,variance,interquartile_range,semi_interquartile_range,coefficient_of_variation,skewness,kurtosis,label
BA000002.3/277650-277585,72.49999999999997,39.393690281758765,393.95594549661433,3.1870280811748057,0.3034482758620691,2.977067272842101,88.12632977720106,88.80163719904473,14.848974210927189,22.61223776353565,39.393690281758765,75.69591523186378,390.76891741543955,7885.730769230765,53.08367746832813,26.541838734164067,1.2155355831338082,1.1270063034035278,0.1425279078439478,cdbox
