nameseq,average,median,maximum,minimum,peak,none_levated_peak,sample_standard_deviation,population_standard_deviation,percentile15,percentile25,percentile50,percentile75,amplitude,variance,interquartile_range,semi_interquartile_range,coefficient_of_variation,skewness,kurtosis,label
CP002952.1/1713086-1713138,55.249999999999986,29.524265578703503,223.84781294117246,2.25,0.31975867269984926,2.643835787048526,52.27092882281699,52.771140495831325,12.03235729159866,17.595392742538152,29.524265578703503,82.24789410767924,221.59781294117246,2784.793269230769,64.65250136514109,32.326250682570546,0.9460801596889955,1.476484252374726,0.3128008258239,cdbox
CP002779.1/1194791-1194843,53.25000000000001,51.22088712945983,132.86675678730782,0.17073432703671682,0.33176838810641623,2.655847400133834,37.016888037759195,37.37112470261581,8.169360414968496,10.202414572817558,51.22088712945983,81.43540670946618,132.6960224602711,1396.6009615384614,71.23299213664862,35.61649606832431,0.6951528270001726,0.1644476057903926,0.3762674359923656,cdbox
AJ248288.1/156856-156803,65.5,48.96316337357497,234.3517886761521,1.0,0.2748091603053435,2.4731929955696352,57.751623353807126,58.2939040147683,14.621589113279644,16.21703626664576,48.96316337357497,96.51707043874679,233.3517886761521,3398.1792452830196,80.30003417210102,40.15001708605051,0.8817041733405668,0.8590323007085591,0.2952534244651304,cdbox
BA000001.2/262667-262720,65.49999999999999,48.23976974245802,231.51815972033162,0.0,0.2748091603053436,2.485072260710725,58.01077486122729,58.55548892306226,12.873412416461791,16.847496362251455,48.23976974245802,109.78819442001394,231.51815972033162,3428.745283018867,92.94069805776249,46.470349028881245,0.8856606849042337,0.8926047082890215,0.35025616654060227,cdbox
