nameseq,average,median,maximum,minimum,peak,none_levated_peak,sample_standard_deviation,population_standard_deviation,percentile15,percentile25,percentile50,percentile75,amplitude,variance,interquartile_range,semi_interquartile_range,coefficient_of_variation,skewness,kurtosis,label
BA000001.2/535542-535480,75.75,64.58114298875739,243.91269245755106,0.09030883974964514,0.27722772277227725,2.732553974392968,63.386709963524694,63.895848343095594,12.941928201793166,25.3026063300425,64.58114298875739,114.02157348670791,243.82238361780142,4082.679435483872,88.7189671566654,44.3594835783327,0.8367882503435603,0.528605618638495,0.3057462806727873,cdbox
AJ248287.2/209210-209272,77.74999999999997,56.60446647061146,277.0,0.25,0.2700964630225081,2.716321641923689,70.43347925525191,70.99921910065791,6.452207470291357,25.73175919570752,56.60446647061146,117.5232245945457,276.75,5040.889112903226,91.79146539883817,45.895732699419085,0.9058968392958449,0.9006597609394021,0.2689574400320568,cdbox
L77117.1/260391-260453,79.75,51.12590233424577,379.0,0.25,0.26332288401253917,2.6881461112926344,86.02252611961589,86.71348120437008,10.678405808686911,25.585507050656965,51.12590233424577,94.3141698594371,378.75,7519.227822580645,68.72866280878014,34.36433140439007,1.0786523651362494,0.9982535606761385,0.22835950658489534,cdbox
Y18930.1/78510-78450,67.24999999999997,30.906852787095655,266.3004668770596,6.43064874018511,0.3023543990086742,2.8214801820723174,68.88940411993705,69.46111022243551,13.648574138073085,15.549898126047651,30.906852787095655,112.05696599613903,259.86981813687447,4824.845833333334,96.50706787009138,48.25353393504569,1.0243777564302912,1.5826736060728834,0.3284280684637114,cdbox
