nameseq,average,median,maximum,minimum,peak,none_levated_peak,sample_standard_deviation,population_standard_deviation,percentile15,percentile25,percentile50,percentile75,amplitude,variance,interquartile_range,semi_interquartile_range,coefficient_of_variation,skewness,kurtosis,label
BA000023.2/582159-582106,65.49999999999999,58.3239638669079,213.99397072088206,4.395058901665901,0.2748091603053436,2.450447717118902,55.509008277936296,56.03023105835662,12.824929688896061,16.20993416278241,58.3239638669079,81.82130284482886,209.59891181921617,3139.386792452831,65.61136868204645,32.80568434102322,0.8474657752356688,0.38783089568965035,0.23920764045425477,cdbox
BA000001.2/1623026-1622971,67.99999999999999,46.37068888390084,255.13831109655723,2.043310051271549,0.2745098039215687,2.544900921392493,64.83054835492293,65.41726210885153,14.932253989251391,19.766298434465632,46.37068888390084,85.06542135102902,253.09500104528567,4279.418181818181,65.29912291656339,32.649561458281696,0.9533904169841608,1.0008851536016685,0.20063021722104835,cdbox
