nameseq,average,median,maximum,minimum,peak,none_levated_peak,sample_standard_deviation,population_standard_deviation,percentile15,percentile25,percentile50,percentile75,amplitude,variance,interquartile_range,semi_interquartile_range,coefficient_of_variation,skewness,kurtosis,label
CP002372.1/138861-138916,78.0,53.433141668994345,485.1313878928598,1.0588745030457192,0.23931623931623933,2.427300289707926,95.67131231461185,96.53713369381849,15.66644604624114,20.814799968819035,53.433141668994345,90.41183720534244,484.07251338981405,9319.418181818184,69.5970372365234,34.7985186182617,1.2265552860847673,0.7703518767533484,0.19924369128894398,cdbox
BA000001.2/902264-902320,72.25,68.93312377286395,275.0617322695597,5.447707963229064,0.2629757785467128,2.490227171831295,64.56392181396666,65.13783462781058,9.52388669238364,20.832951110604643,68.93312377286395,93.49200871014042,269.61402430633063,4242.937499999999,72.65905759953579,36.32952879976789,0.8936182950029987,0.1541205738721962,0.2513357140989489,cdbox
