nameseq,average,median,maximum,minimum,peak,none_levated_peak,sample_standard_deviation,population_standard_deviation,percentile15,percentile25,percentile50,percentile75,amplitude,variance,interquartile_range,semi_interquartile_range,coefficient_of_variation,skewness,kurtosis,label
BA000001.2/1016391-1016333,74.75,47.46368889476391,400.3457163838073,0.9565401740424835,0.2630992196209588,2.578892826453662,78.5596906816721,79.23403515905399,12.166536660711952,20.77514777296437,47.46368889476391,112.53165407575705,399.38917620976486,6278.032327586203,91.75650630279267,45.878253151396336,1.0509657616277204,1.0419966347296972,0.329410470051448,cdbox
AJ248286.2/158357-158415,72.75,40.88011103449878,334.73853663716733,2.3386622997202977,0.2703321878579611,2.5934823163903533,70.21128826620405,70.81397132263349,10.672251941586993,23.470151904329477,40.88011103449878,110.4642865561897,332.39987433744705,5014.618534482759,86.99413465186024,43.49706732593012,0.9651036187794371,1.36174209671246,0.30976546685551554,cdbox
