nameseq,average,median,maximum,minimum,peak,none_levated_peak,sample_standard_deviation,population_standard_deviation,percentile15,percentile25,percentile50,percentile75,amplitude,variance,interquartile_range,semi_interquartile_range,coefficient_of_variation,skewness,kurtosis,label
AJ248287.2/136133-136073,57.250000000000014,40.22274964989997,366.1142105675635,1.4763318914761012,0.3551673944687044,3.0528111981824075,69.03441170894412,69.60732121455808,12.66954752033422,16.544390685413198,40.22274964989997,66.45525688865138,364.6378786760874,4845.179166666669,49.91086620323818,24.95543310161909,1.2058412525579756,0.7399462063306317,0.2898775653265018,cdbox
