nameseq,average,median,maximum,minimum,peak,none_levated_peak,sample_standard_deviation,population_standard_deviation,percentile15,percentile25,percentile50,percentile75,amplitude,variance,interquartile_range,semi_interquartile_range,coefficient_of_variation,skewness,kurtosis,label
AJ248283.1/57376-57436,73.25000000000007,45.28893786835973,380.25,1.289754264424179,0.27758816837315103,2.7848517388651532,85.96365511075015,86.6770586718308,8.807896308389589,21.12602489066511,45.28893786835973,83.50724656774538,378.9602457355758,7512.9125,62.381221677080276,31.190610838540138,1.1735652574846427,0.9757982752926362,0.1550357303205698,cdbox
BA000001.2/49019-49079,71.25000000000001,32.13257717956858,255.99834688958816,3.0706354498201778,0.28538011695906423,2.7762718476817962,75.7413361382013,76.369905722084,11.029304515708551,13.652283367447499,32.13257717956858,92.44316210817225,252.927711439768,5832.362499999999,78.79087874072475,39.395439370362375,1.0630362966765092,1.5493820738409958,0.19905215172402924,cdbox
AE009950.1/9297-9237,67.25,49.24768999952718,356.88301428223895,0.6360190254860166,0.30235439900867406,2.857527893031181,76.38553527992063,77.0194510064395,10.098500616134828,15.025992008520765,49.24768999952718,76.71047748671242,356.24699525675294,5931.995833333333,61.684485478191654,30.842242739095827,1.1358443907794888,0.707030850847689,0.20274501339271228,cdbox
AP006878.1/87729-87781,65.24999999999999,51.31707132731305,205.11024739148965,1.1266313838977478,0.27075351213282256,2.485421532162749,59.154458834478405,59.72054310897355,9.903259308004541,14.006089661011885,51.31707132731305,119.8477634429911,203.9836160075919,3566.5432692307686,105.84167378197921,52.920836890989605,0.9065817445897075,0.7066041485565618,0.41724305325222494,cdbox
