nameseq,average,median,maximum,minimum,peak,none_levated_peak,sample_standard_deviation,population_standard_deviation,percentile15,percentile25,percentile50,percentile75,amplitude,variance,interquartile_range,semi_interquartile_range,coefficient_of_variation,skewness,kurtosis,label
AJ248283.1/235441-235496,70.0,54.89287214528591,288.1507565275242,0.0,0.26666666666666666,2.5468483396535673,66.36264009214823,66.96321921228642,9.129957781375,14.842509181672407,54.89287214528591,86.54777941376956,288.1507565275242,4484.072727272725,71.70527023209715,35.852635116048575,0.9480377156021175,0.6829352102509938,0.22990068851215884,cdbox
BA000001.2/220695-220750,70.0,49.02943725152285,318.1720208651593,2.6603455970070886,0.26666666666666666,2.511478951313485,68.9202437604511,69.54396908692827,11.414544662926684,17.584506974768626,49.02943725152285,101.23718438425445,315.5116752681522,4836.363636363635,83.65267740948582,41.82633870474291,0.9845749108635872,0.9128187135277143,0.3125913284894118,cdbox
