nameseq,average,median,maximum,minimum,peak,none_levated_peak,sample_standard_deviation,population_standard_deviation,percentile15,percentile25,percentile50,percentile75,amplitude,variance,interquartile_range,semi_interquartile_range,coefficient_of_variation,skewness,kurtosis,label
BA000001.2/257161-257109,69.24999999999999,40.73353478715182,262.6297384479674,0.4019147048268762,0.2551143200962696,2.4707460152157985,70.7477914849644,71.42481926958101,5.430563666663662,15.164040885236593,40.73353478715182,125.58344901370336,262.2278237431405,5101.504807692309,110.41940812846677,55.209704064233385,1.0216287579056234,1.2092164835523636,0.34521391988530675,cdbox
AF195099.1/1-54,69.49999999999999,44.785639380248625,346.2450126722559,2.404554382040024,0.25899280575539574,2.4073887140406387,70.06604027629936,70.72395180199257,18.99033239163909,24.97772448010133,44.785639380248625,90.25907518253311,343.84045829021585,5001.877358490568,65.28135070243178,32.64067535121589,1.0081444644071853,1.058188554210817,0.26289259878876087,cdbox
AJ248288.1/160716-160768,63.24999999999997,36.750701452355045,272.7232213476061,0.3504789418299329,0.27931488801054033,2.517338146867774,67.24767653978833,67.89120963831654,13.197468582959809,21.790438571807364,36.750701452355045,74.80594929501744,272.3727424057762,4609.216346153845,53.01551072321008,26.50775536160504,1.0632043721705668,1.1821656856188687,0.15247733448404077,cdbox
L77117.1/441357-441413,84.25000000000001,65.29295277123929,250.98213427889897,7.108611384674507,0.22551928783382785,2.2673770309543007,68.90936075744717,69.52190045487208,18.481479921265525,23.485659770585116,65.29295277123929,109.29382874399032,243.87352289422446,4833.294642857143,85.8081689734052,42.9040844867026,0.8179152612159901,0.8253035735806911,0.24586478487413277,cdbox
