nameseq,average,median,maximum,minimum,peak,none_levated_peak,sample_standard_deviation,population_standard_deviation,percentile15,percentile25,percentile50,percentile75,amplitude,variance,interquartile_range,semi_interquartile_range,coefficient_of_variation,skewness,kurtosis,label
AJ248283.1/73088-73034,71.74999999999999,46.02643418446126,511.52491612517514,2.25,0.25551684088269455,2.5374373533288104,102.77828077954993,103.72556606524526,10.212419412145445,16.786334760829202,46.02643418446126,73.79913665207057,509.27491612517514,10758.993055555558,57.01280189124137,28.506400945620683,1.432449906335191,0.7508463545147277,0.23675447480196624,cdbox
AP006878.1/1167429-1167375,57.75000000000001,24.833405865649475,300.87246641358047,1.8367853499477007,0.3174603174603174,2.895773649590976,75.20887580598452,75.90205982175442,6.054480723304253,10.867972931975132,24.833405865649475,64.33493196824023,299.03568106363275,5761.122685185187,53.466959036265095,26.733479518132548,1.3023181957746235,1.3130070266944993,0.17182708374167044,cdbox
AE009950.1/1881800-1881853,63.49999999999999,43.919785367944655,282.23511402428596,0.0,0.2834645669291339,2.5647782803805566,62.42795848015534,63.014149354473744,11.31335971783081,22.195567843682106,43.919785367944655,84.51106530786076,282.23511402428596,3970.783018867924,62.315497464178655,31.157748732089328,0.9831174563803992,0.9409348844050146,0.21791052502556457,cdbox
