nameseq,average,median,maximum,minimum,peak,none_levated_peak,sample_standard_deviation,population_standard_deviation,percentile15,percentile25,percentile50,percentile75,amplitude,variance,interquartile_range,semi_interquartile_range,coefficient_of_variation,skewness,kurtosis,label
AE009950.1/1665032-1665089,80.50000000000001,39.35638999061095,900.0,0.7505909023842214,0.24016563146997924,2.5235251488310078,122.74465365139127,123.81667971415885,15.0740603991747,22.703166089381746,39.35638999061095,117.17629007634085,899.2494090976157,15330.570175438597,94.47312398695911,47.236561993479555,1.5247783062284628,1.0055902750658676,0.3861536953163296,cdbox
