nameseq,average,median,maximum,minimum,peak,none_levated_peak,sample_standard_deviation,population_standard_deviation,percentile15,percentile25,percentile50,percentile75,amplitude,variance,interquartile_range,semi_interquartile_range,coefficient_of_variation,skewness,kurtosis,label
AE009950.1/1245431-1245494,74.00000000000003,50.60243624733256,226.27116589167176,1.6340204075948408,0.2882882882882882,2.7619190791496138,66.18912297349165,66.71236528964988,14.49916669664315,26.30137661164937,50.60243624733256,98.42935520105007,224.6371454840769,4450.539682539682,72.1279785894007,36.06398929470035,0.8944476077498869,1.0604868006200074,0.18622413804775798,cdbox
AJ248286.2/3131-3195,78.24999999999996,46.379636804265026,467.63115621561127,6.25,0.2768903088391908,2.7627328932289927,88.79189152169245,89.48288942585616,15.292992793550088,21.970037835116255,46.379636804265026,84.2695036041598,461.38115621561127,8007.1875,62.299465769043536,31.149732884521768,1.1347206584241853,1.0767997837262693,0.19871388803155027,cdbox
AP006878.1/1476852-1476910,70.75000000000001,33.52049367182107,241.72418414269396,0.25,0.2779740871613663,2.7029344793680363,71.21534244809891,71.82664415343952,9.577756365418288,14.08866798057833,33.52049367182107,109.40987553443922,241.47418414269396,5159.066810344827,95.32120755386089,47.660603776930444,1.0065772784183589,1.5683210266935723,0.2823057621048425,cdbox
