nameseq,average,median,maximum,minimum,peak,none_levated_peak,sample_standard_deviation,population_standard_deviation,percentile15,percentile25,percentile50,percentile75,amplitude,variance,interquartile_range,semi_interquartile_range,coefficient_of_variation,skewness,kurtosis,label
JF909318.1/1-63,99.75000000000003,54.36350084115741,400.13065763522957,2.33390146526574,0.21052631578947362,2.4380486432684143,108.6916510133138,109.56469034761035,13.09091325257262,17.427628936658724,54.36350084115741,123.8565871059919,397.7967561699638,12004.421370967742,106.42895816933319,53.21447908466659,1.0896406116622934,1.2527134900163535,0.18946912817851305,cdbox
