nameseq,average,median,maximum,minimum,peak,none_levated_peak,sample_standard_deviation,population_standard_deviation,percentile15,percentile25,percentile50,percentile75,amplitude,variance,interquartile_range,semi_interquartile_range,coefficient_of_variation,skewness,kurtosis,label
JF909309.1/1-74,102.50000000000001,63.448837145612195,493.5770329767281,4.983029444064881,0.24065040650406502,2.8174646883696592,119.55019866148278,120.3662504466071,13.425693220872914,21.25209442591968,63.448837145612195,114.12979516582189,488.59400353266324,14488.034246575342,92.87770073990221,46.438850369951105,1.1663434015754417,0.9799522700492884,0.1695512234264268,cdbox
AFXF01001532.1/89408-89481,102.49999999999997,70.28206566980163,358.6562070253149,1.3152660242132994,0.2406504065040651,2.7709945203477626,99.0769902651468,99.75329156515181,11.07317352273712,25.350574529289062,70.28206566980163,148.20684252058055,357.3409410011016,9950.719178082187,122.85626799129149,61.428133995645744,0.9666047830746033,0.9755423810506667,0.24522606493890273,cdbox
