nameseq,average,median,maximum,minimum,peak,none_levated_peak,sample_standard_deviation,population_standard_deviation,percentile15,percentile25,percentile50,percentile75,amplitude,variance,interquartile_range,semi_interquartile_range,coefficient_of_variation,skewness,kurtosis,label
EF503640.1/1-66,98.5,80.26971556357326,308.99999999999994,0.9896876901893433,0.2233502538071066,2.45374394048671,79.91401629251278,80.52639318881728,17.578418418599203,41.48512877139064,80.26971556357326,161.3075338866945,308.0103123098106,6484.499999999998,119.82240511530387,59.91120255765193,0.8113098100762719,0.6843712260574277,0.3113166243579348,cdbox
