nameseq,average,median,maximum,minimum,peak,none_levated_peak,sample_standard_deviation,population_standard_deviation,percentile15,percentile25,percentile50,percentile75,amplitude,variance,interquartile_range,semi_interquartile_range,coefficient_of_variation,skewness,kurtosis,label
JF909319.1/1-77,115.25000000000003,74.74062839602207,409.1890960591476,7.814407267763066,0.22270426608821398,2.6539733764804803,107.57671681177112,108.28214546413359,31.469009929953785,37.97942533270005,74.74062839602207,183.53946596274866,401.37468879138453,11725.023026315788,145.5600406300486,72.7800203150243,0.9334205363277318,1.1296878954260496,0.25479263709417826,cdbox
