nameseq,average,median,maximum,minimum,peak,none_levated_peak,sample_standard_deviation,population_standard_deviation,percentile15,percentile25,percentile50,percentile75,amplitude,variance,interquartile_range,semi_interquartile_range,coefficient_of_variation,skewness,kurtosis,label
JF909302.1/1-63,103.75,92.2464499173028,283.0202077472633,11.481232382602428,0.20240963855421687,2.2387181098709883,80.61560022725129,81.26312549069306,32.95620171203586,35.837079191007646,92.2464499173028,162.57361786392272,271.5389753646609,6603.695564516127,126.73653867291507,63.36826933645754,0.7770178335156751,0.4280889821673204,0.30995003288790907,cdbox
