nameseq,average,median,maximum,minimum,peak,none_levated_peak,sample_standard_deviation,population_standard_deviation,percentile15,percentile25,percentile50,percentile75,amplitude,variance,interquartile_range,semi_interquartile_range,coefficient_of_variation,skewness,kurtosis,label
EF503642.1/1-87,117.75000000000004,87.14208475574131,419.6374293208833,2.620678149374724,0.24628450106157104,2.999355148627356,106.23735218838993,106.85322605614044,19.80917010064275,24.578562916095215,87.14208475574131,195.38441001718058,417.0167511715086,11417.61191860465,170.80584710108536,85.40292355054268,0.9022280440627592,0.8643263771290706,0.33462462237735896,cdbox
AFXF01000643.1/293393-293305,116.25000000000001,71.4464946518979,527.0667702518506,0.22065467350719967,0.2551971326164874,3.215867220855234,132.77612737235566,133.52840606879397,13.682584516257975,29.7974557106718,71.4464946518979,153.96056429255952,526.8461155783434,17829.835227272735,124.16310858188773,62.08155429094386,1.1421602354611238,1.0123093563903038,0.213734116427244,cdbox
