nameseq,average,median,maximum,minimum,peak,none_levated_peak,sample_standard_deviation,population_standard_deviation,percentile15,percentile25,percentile50,percentile75,amplitude,variance,interquartile_range,semi_interquartile_range,coefficient_of_variation,skewness,kurtosis,label
EF503643.1/1-98,144.50000000000009,85.30237167282479,497.14401394149996,3.6930194462546564,0.226066897347174,3.104133094649698,139.34938105352316,140.06583503599262,18.267861441710963,36.88451599935481,85.30237167282479,224.52009344116402,493.4509944952453,19618.438144329895,187.6355774418092,93.8177887209046,0.9643555782250732,1.274443299560216,0.2851307265867763,cdbox
