nameseq,average,median,maximum,minimum,peak,none_levated_peak,sample_standard_deviation,population_standard_deviation,percentile15,percentile25,percentile50,percentile75,amplitude,variance,interquartile_range,semi_interquartile_range,coefficient_of_variation,skewness,kurtosis,label
JF909316.1/1-68,110.99999999999999,74.25850491078934,427.0491102429503,3.037835748149476,0.20420420420420424,2.4273692685801675,110.02272492535347,110.84074901312714,12.598232988431684,41.248775224153476,74.25850491078934,145.1293486405067,424.01127449480083,12285.671641791043,103.88057341635322,51.94028670817661,0.9911957200482296,1.0018338060833827,0.20131824532110795,cdbox
