nameseq,average,median,maximum,minimum,peak,none_levated_peak,sample_standard_deviation,population_standard_deviation,percentile15,percentile25,percentile50,percentile75,amplitude,variance,interquartile_range,semi_interquartile_range,coefficient_of_variation,skewness,kurtosis,label
JF909303.1/1-72,121.99999999999994,89.88569558856254,337.07490305547356,0.5624559220457516,0.19672131147540992,2.4650141145602764,105.5319856725912,106.27257009656618,15.045476166900311,33.99816139807752,89.88569558856254,205.4497545248052,336.5124471334278,11293.859154929574,171.4515931267277,85.72579656336384,0.8650162760048463,0.9129261865043672,0.2797759467167877,cdbox
AFXY01000473.1/88470-88399,118.00000000000003,79.63488245250326,535.4634146565821,0.2476453700879364,0.20338983050847453,2.5066473073653683,114.56002793295745,115.36396781674306,16.425088394663877,31.781113849501388,79.63488245250326,194.9914772825787,535.2157692864942,13308.845070422529,163.2103634330773,81.60518171653865,0.9708476943470968,1.004672875165901,0.2998559961160984,cdbox
