nameseq,average,median,maximum,minimum,peak,none_levated_peak,sample_standard_deviation,population_standard_deviation,percentile15,percentile25,percentile50,percentile75,amplitude,variance,interquartile_range,semi_interquartile_range,coefficient_of_variation,skewness,kurtosis,label
JF929905.1/1-98,138.5,85.51550991238446,712.8382284571637,0.1178841933664651,0.23586040914560769,3.2268135664255047,150.26726190358298,151.03984931955614,15.257025172542567,38.19262037197137,85.51550991238446,208.30590972616704,712.7203442637973,22813.036082474227,170.11328935419567,85.05664467709784,1.0849621798092635,1.0578050617894206,0.25477755007801384,cdbox
AFXF01000848.1/17725-17628,136.50000000000003,88.40310195459921,578.3759580388485,0.725612739574865,0.23931623931623924,3.2094796691280307,140.11513123142694,140.83552225875724,16.351789108864697,31.798625850995023,88.40310195459921,188.11378734164617,577.6503452992736,19834.644329896902,156.31516149065115,78.15758074532557,1.0264844778859115,1.0298009420401482,0.1940166906627509,cdbox
