nameseq,average,median,maximum,minimum,peak,none_levated_peak,sample_standard_deviation,population_standard_deviation,percentile15,percentile25,percentile50,percentile75,amplitude,variance,interquartile_range,semi_interquartile_range,coefficient_of_variation,skewness,kurtosis,label
JF909306.1/1-108,184.99999999999997,106.10511776651526,915.9871140997687,0.24598462252548148,0.19459459459459463,3.1275569285436706,209.06936647916643,210.04405412412225,9.862155914646825,31.660595291316593,106.10511776651526,227.21916603506736,915.7411294772432,44118.504672897194,195.55857074375078,97.77928537187539,1.1301046836711701,1.1320866881951333,0.18434946317745035,cdbox
