nameseq,average,median,maximum,minimum,peak,none_levated_peak,sample_standard_deviation,population_standard_deviation,percentile15,percentile25,percentile50,percentile75,amplitude,variance,interquartile_range,semi_interquartile_range,coefficient_of_variation,skewness,kurtosis,label
JF909312.1/1-73,120.25000000000006,75.54489729190821,395.99378033961136,2.7159937803394394,0.20235620235620225,2.4789797266987073,106.96494752955284,107.70519821355985,21.605565724333214,33.48021377642195,75.54489729190821,207.06110588917338,393.27778655927193,11600.409722222217,173.58089211275143,86.79044605637571,0.8895213931771542,1.2538248390877904,0.3279056516972959,cdbox
