nameseq,average,median,maximum,minimum,peak,none_levated_peak,sample_standard_deviation,population_standard_deviation,percentile15,percentile25,percentile50,percentile75,amplitude,variance,interquartile_range,semi_interquartile_range,coefficient_of_variation,skewness,kurtosis,label
JF909313.1/1-61,97.25,81.7244226824841,229.6086619064688,2.5495946442990434,0.20908311910882604,2.2119878720659902,65.05958807124436,65.59951092297361,28.125118161630322,39.04061214557069,81.7244226824841,159.80025126186803,227.05906726216975,4303.295833333334,120.75963911629734,60.37981955814867,0.6689931935346464,0.7159088050410528,0.3847166202471629,cdbox
