nameseq,average,median,maximum,minimum,peak,none_levated_peak,sample_standard_deviation,population_standard_deviation,percentile15,percentile25,percentile50,percentile75,amplitude,variance,interquartile_range,semi_interquartile_range,coefficient_of_variation,skewness,kurtosis,label
JF909317.1/1-66,102.49999999999999,53.667714115025106,567.0,0.9906442543907171,0.21463414634146344,2.5464361027377684,125.36446865041148,126.32512996842102,17.402337353581977,25.21185361273487,53.667714115025106,106.95007635590576,566.0093557456092,15958.038461538463,81.7382227431709,40.86911137158545,1.223067986833283,1.16856761115817,0.1495605061737659,cdbox
