nameseq,AB.1,AD.1,ASSD.1,MAXD.1,MIND.1,AS.1,APL.1,TALU.1,TU.1,NE.1,MOT3.1,MOT4.1,AB.2,AD.2,ASSD.2,MAXD.2,MIND.2,AS.2,APL.2,TALU.2,TU.2,NE.2,MOT3.2,MOT4.2,AB.3,AD.3,ASSD.3,MAXD.3,MIND.3,AS.3,APL.3,TALU.3,TU.3,NE.3,MOT3.3,MOT4.3,AB.4,AD.4,ASSD.4,MAXD.4,MIND.4,AS.4,APL.4,TALU.4,TU.4,NE.4,MOT3.4,MOT4.4,AB.5,AD.5,ASSD.5,MAXD.5,MIND.5,AS.5,APL.5,TALU.5,TU.5,NE.5,MOT3.5,MOT4.5,AB.6,AD.6,ASSD.6,MAXD.6,MIND.6,AS.6,APL.6,TALU.6,TU.6,NE.6,MOT3.6,MOT4.6,AB.7,AD.7,ASSD.7,MAXD.7,MIND.7,AS.7,APL.7,TALU.7,TU.7,NE.7,MOT3.7,MOT4.7,AB.8,AD.8,ASSD.8,MAXD.8,MIND.8,AS.8,APL.8,TALU.8,TU.8,NE.8,MOT3.8,MOT4.8,AB.9,AD.9,ASSD.9,MAXD.9,MIND.9,AS.9,APL.9,TALU.9,TU.9,NE.9,MOT3.9,MOT4.9,AB.10,AD.10,ASSD.10,MAXD.10,MIND.10,AS.10,APL.10,TALU.10,TU.10,NE.10,MOT3.10,MOT4.10,label
AJ698946.1/1-83,47.027027027027025,4.594594594594596,0.37873712665462006,16.0,1.0,3.3728603584804127,3.6126126126126126,0.08611111111111112,0.0703125,80.0,122.0,315.0,2.0270270270270268,2.486486486486487,0.20502252994834566,15.0,0.0,3.6585451370849116,1.7976931348623157e+308,0.196969696969697,0.13636363636363635,80.0,20.0,31.0,0.2162162162162162,1.2972972972972971,0.06686701728024058,11.0,0.0,2.8556711225669815,1.7976931348623157e+308,0.0,0.0,80.0,4.0,3.0,0.0,0.6486486486486486,1.0,8.0,0.0,1.9757477710807636,1.7976931348623157e+308,0.0,0.0,80.0,0.0,0.0,0.0,0.0,0.0,0.0,0.0,0.0,0.0,0.0,0.0,0.0,0.0,0.0,0.0,0.0,0.0,0.0,0.0,0.0,0.0,0.0,0.0,0.0,0.0,0.0,0.0,0.0,0.0,0.0,0.0,0.0,0.0,0.0,0.0,0.0,0.0,0.0,0.0,0.0,0.0,0.0,0.0,0.0,0.0,0.0,0.0,0.0,0.0,0.0,0.0,0.0,0.0,0.0,0.0,0.0,0.0,0.0,0.0,0.0,0.0,0.0,0.0,0.0,0.0,0.0,0.0,0.0,0.0,0.0,0.0,0.0,0.0,0.0,cdbox
AJ703792.1/1-82,45.48648648648649,4.486486486486487,0.3748875899280576,12.0,2.0,2.8343608042619253,3.527027027027027,0.09099099099099099,0.10273972602739725,79.0,136.0,362.0,2.4594594594594588,2.0540540540540544,0.25648915187376714,11.0,0.0,2.967808782595525,1.7976931348623157e+308,0.0,0.0,79.0,15.0,20.0,0.10810810810810816,0.756756756756757,0.18230088495575278,8.0,0.0,2.032245534822428,1.7976931348623157e+308,0.0,0.0,79.0,2.0,1.0,0.0,0.4324324324324326,1.0,8.0,0.0,1.5516432534494402,1.7976931348623157e+308,0.0,0.0,79.0,0.0,0.0,0.0,0.0,0.0,0.0,0.0,0.0,0.0,0.0,0.0,0.0,0.0,0.0,0.0,0.0,0.0,0.0,0.0,0.0,0.0,0.0,0.0,0.0,0.0,0.0,0.0,0.0,0.0,0.0,0.0,0.0,0.0,0.0,0.0,0.0,0.0,0.0,0.0,0.0,0.0,0.0,0.0,0.0,0.0,0.0,0.0,0.0,0.0,0.0,0.0,0.0,0.0,0.0,0.0,0.0,0.0,0.0,0.0,0.0,0.0,0.0,0.0,0.0,0.0,0.0,0.0,0.0,0.0,0.0,0.0,0.0,0.0,0.0,cdbox
