nameseq,AB.1,AD.1,ASSD.1,MAXD.1,MIND.1,AS.1,APL.1,TALU.1,TU.1,NE.1,MOT3.1,MOT4.1,AB.2,AD.2,ASSD.2,MAXD.2,MIND.2,AS.2,APL.2,TALU.2,TU.2,NE.2,MOT3.2,MOT4.2,AB.3,AD.3,ASSD.3,MAXD.3,MIND.3,AS.3,APL.3,TALU.3,TU.3,NE.3,MOT3.3,MOT4.3,AB.4,AD.4,ASSD.4,MAXD.4,MIND.4,AS.4,APL.4,TALU.4,TU.4,NE.4,MOT3.4,MOT4.4,AB.5,AD.5,ASSD.5,MAXD.5,MIND.5,AS.5,APL.5,TALU.5,TU.5,NE.5,MOT3.5,MOT4.5,AB.6,AD.6,ASSD.6,MAXD.6,MIND.6,AS.6,APL.6,TALU.6,TU.6,NE.6,MOT3.6,MOT4.6,AB.7,AD.7,ASSD.7,MAXD.7,MIND.7,AS.7,APL.7,TALU.7,TU.7,NE.7,MOT3.7,MOT4.7,AB.8,AD.8,ASSD.8,MAXD.8,MIND.8,AS.8,APL.8,TALU.8,TU.8,NE.8,MOT3.8,MOT4.8,AB.9,AD.9,ASSD.9,MAXD.9,MIND.9,AS.9,APL.9,TALU.9,TU.9,NE.9,MOT3.9,MOT4.9,AB.10,AD.10,ASSD.10,MAXD.10,MIND.10,AS.10,APL.10,TALU.10,TU.10,NE.10,MOT3.10,MOT4.10,label
AJ248284.1/107848-107786,39.0,3.8750000000000018,0.4043040077741726,14.0,1.0,2.9869507863371303,3.5161290322580645,0.012903225806451613,0.03571428571428571,60.0,82.0,193.0,1.0000000000000002,1.9375000000000004,0.25089974293059114,13.0,0.0,3.181366648156103,1.7976931348623157e+308,0.27083333333333337,0.23076923076923078,60.0,11.0,10.0,0.0,1.1875,0.42749529190207175,11.0,0.0,2.567069097239106,1.7976931348623157e+308,1.0,1.0,60.0,1.0,0.0,0.0,0.25,0.0,8.0,0.0,1.3919410907075054,1.7976931348623157e+308,0.0,0.0,60.0,0.0,0.0,0.0,0.0,0.0,0.0,0.0,0.0,0.0,0.0,0.0,0.0,0.0,0.0,0.0,0.0,0.0,0.0,0.0,0.0,0.0,0.0,0.0,0.0,0.0,0.0,0.0,0.0,0.0,0.0,0.0,0.0,0.0,0.0,0.0,0.0,0.0,0.0,0.0,0.0,0.0,0.0,0.0,0.0,0.0,0.0,0.0,0.0,0.0,0.0,0.0,0.0,0.0,0.0,0.0,0.0,0.0,0.0,0.0,0.0,0.0,0.0,0.0,0.0,0.0,0.0,0.0,0.0,0.0,0.0,0.0,0.0,0.0,0.0,cdbox
BA000001.2/1615276-1615214,53.02857142857144,3.542857142857142,0.45850864173300787,14.0,1.0,3.1472696297662486,4.1193277310924366,0.03838383838383838,0.04054054054054054,60.0,72.0,156.0,0.6000000000000002,1.6571428571428573,0.09156626506023983,13.0,0.0,3.371670693485074,1.7976931348623157e+308,0.375,0.2727272727272727,60.0,9.0,10.0,0.0,0.9714285714285719,0.05555555555553971,9.0,0.0,2.7096200501779824,1.7976931348623157e+308,1.0,1.0,60.0,1.0,0.0,0.0,0.9714285714285719,0.05555555555553971,9.0,0.0,2.7096200501779824,1.7976931348623157e+308,1.0,1.0,60.0,1.0,0.0,0.0,0.2857142857142857,0.0,5.0,0.0,1.1605769149479945,1.7976931348623157e+308,0.0,0.0,60.0,0.0,0.0,0.0,0.0,0.0,0.0,0.0,0.0,0.0,0.0,0.0,0.0,0.0,0.0,0.0,0.0,0.0,0.0,0.0,0.0,0.0,0.0,0.0,0.0,0.0,0.0,0.0,0.0,0.0,0.0,0.0,0.0,0.0,0.0,0.0,0.0,0.0,0.0,0.0,0.0,0.0,0.0,0.0,0.0,0.0,0.0,0.0,0.0,0.0,0.0,0.0,0.0,0.0,0.0,0.0,0.0,0.0,0.0,0.0,0.0,0.0,0.0,cdbox
