nameseq,k1,k2,label
AY948683.1/1-125,1.9791446222867135,3.9014605223126066,hacabox
DQ789462.1/1-120,1.9952878447252442,3.8942336714627737,hacabox
