nameseq,k1,k2,label
DQ789487.1/2-127,1.9844858710346287,3.9435909393766506,hacabox
AY948714.1/1-132,1.9730910716469956,3.9273786934057178,hacabox
AAGD02001344.1/30481-30356,1.9796781904187952,3.922979220384158,hacabox
