nameseq,k1,k2,label
AACB02000001.1/458263-458113,1.9791416011127556,3.915248280442574,hacabox
ACGJ01002895.1/16336-16188,1.9906326733070019,3.95544428443139,hacabox
