nameseq,k1,k2,label
AC008581.11/95393-95256,1.963006729533645,3.7890963986246167,hacabox
ABDC01238968.1/714-577,1.9801821889996716,3.7928218479833378,hacabox
AAQQ01634086.1/1372-1509,1.9868647405460647,3.878977457146381,hacabox
AAPY01231828.1/609-746,1.9653871976596262,3.7681545896279753,hacabox
AAFC03042691.1/8218-8081,1.9529941714751462,3.7503332483282628,hacabox
