nameseq,k1,k2,label
AJ505674.1/1-108,1.9271816366106291,3.7308045086877955,hacabox
AAAA02021081.1/8772-8665,1.9297255949842833,3.740796393736353,hacabox
AARH01005974.1/1135-1242,1.984175446235033,3.903531473146406,hacabox
AASG02001178.1/42223-42328,1.968274951567633,3.8632684373632618,hacabox
AP009482.1/31951-32059,1.9092891502864426,3.73455266287816,hacabox
