nameseq,k1,k2,label
AJ505648.1/1-133,1.9498205257596108,3.815816462375413,hacabox
AARH01003870.1/147742-147873,1.9779938722577624,3.7788765237198723,hacabox
AASG02001200.1/36745-36620,1.936433089885091,3.746879929571861,hacabox
AK059482.1/298-435,1.9557685381565224,3.7942850938322663,hacabox
