nameseq,k1,k2,label
AJ609476.1/1-135,1.9899096025567153,3.86570967914046,hacabox
AC161348.2/116746-116614,1.9815275688038363,3.7251746165508597,hacabox
AC137590.2/61748-61613,1.9880891820551,3.8608804522964517,hacabox
ABDC01351852.1/5575-5707,1.9731955562105759,3.8635224843071607,hacabox
AAYZ01181370.1/13699-13831,1.9975448665812463,3.8733988909123847,hacabox
