nameseq,k1,k2,label
AJ505678.1/1-106,1.918596679604154,3.7573003834218732,hacabox
AASG02028280.1/167-271,1.9515539413321061,3.7617247345529474,hacabox
AARH01007526.1/26843-26947,1.9704723979493184,3.879822856283413,hacabox
AM469124.2/20325-20429,1.9737430931848876,3.8600210665387547,hacabox
AP004509.1/56301-56405,1.9243673834439075,3.7318558927480527,hacabox
