nameseq,k1,k2,label
AJ006836.1/1091-1295,1.9905526416338821,3.9507860263436854,hacabox
X94942.1/2747-2965,1.9739935911625999,3.9188175815488075,hacabox
X94942.1/2086-2300,1.9763915618332213,3.920007467784262,hacabox
X94942.1/1504-1721,1.9802519209219303,3.922992547938378,hacabox
AL513497.21/8055-8258,1.9923964782562467,3.90390174887193,hacabox
