nameseq,k1,k2,label
AF357411.1/1-113,1.9813830843575073,3.838656445890921,hacabox
AL645950.13/74028-74159,1.9857928067534276,3.842397082325561,hacabox
AC121963.3/78058-77927,1.9830885383044787,3.8596089181494007,hacabox
AC007383.4/101218-101349,1.9826981157144226,3.8095760182346607,hacabox
AC090527.3/17174-17301,1.9775518546788404,3.8352464450535306,hacabox
