nameseq,k1,k2,label
U47924.1/179615-179346,1.9792591997055655,3.8584229521643154,hacabox
ABDC01214908.1/3322-3055,1.965511893687437,3.847882527762196,hacabox
AANG01081019.1/12170-11909,1.9770289596426076,3.807684665557153,hacabox
AAQQ01201252.1/668-932,1.9825124584692786,3.816758120216917,hacabox
AACN010210013.1/211-475,1.9726760246930342,3.8414513701858484,hacabox
