nameseq,k1,k2,label
U18795.1/49843-49668,1.8874162805467884,3.740373578833982,hacabox
AABZ01000047.1/10323-10499,1.8776352911043195,3.7109629624400156,hacabox
AABY01000108.1/9971-10148,1.8938537094219854,3.743614272612407,hacabox
AACI02000833.1/1493-1320,1.8971678550417375,3.7593110471548927,hacabox
AACA01000046.1/28759-28583,1.9141518490452167,3.779724523438895,hacabox
