nameseq,k1,k2,label
Z72621.1/2505-2772,1.9612017485648012,3.8937205127770715,hacabox
AABZ01000003.1/73091-72822,1.9538943251516678,3.876230760516405,hacabox
AACI02000309.1/1028-1298,1.9536400161374656,3.8687040151921113,hacabox
AACA01000219.1/3705-3437,1.9648926696107516,3.903219525265194,hacabox
