nameseq,k1,k2,label
AAHK01025874.1/529-592,1.8765933349814647,3.637229479014806,hacabox
FR796423.1/378278-378215,1.9468962233886247,3.833347346026298,hacabox
FR796459.1/382440-382377,1.9758072009096148,3.884192878055982,hacabox
FN554974.1/454562-454500,1.9864910659540418,3.770065619302017,hacabox
FR799002.1/383101-383165,1.9708533034532025,3.8607833528033653,hacabox
