nameseq,k1,k2,label
AAHK01000645.1/2940-3009,1.9819465738739495,3.8271316618903266,hacabox
