nameseq,k1,k2,label
AAHK01000712.1/945-879,1.9690737764536508,3.7669289708811666,hacabox
AC013353.9/109432-109370,1.9540384580421821,3.675204681620922,hacabox
AC013353.9/111577-111515,1.9365787354524344,3.6084029162971105,hacabox
FR798998.1/766101-766038,1.979154446193068,3.8899790364147164,hacabox
