nameseq,k1,k2,label
JF909334.1/1-134,1.8523587570609883,3.670775226988732,hacabox
