nameseq,average,median,maximum,minimum,peak,none_levated_peak,sample_standard_deviation,population_standard_deviation,percentile15,percentile25,percentile50,percentile75,amplitude,variance,interquartile_range,semi_interquartile_range,coefficient_of_variation,skewness,kurtosis,label
EU780959.1/1-95,135.74999999999997,99.13753665378334,536.5873834763149,2.4157140313093066,0.23327194597912837,2.9931229729741005,110.77398160217948,111.36164610584854,29.001864225994098,59.702210018086205,99.13753665378334,215.76136528910976,534.1716694450056,12401.41622340425,156.05915527102354,78.02957763551177,0.8160145974377864,0.9915450221253836,0.2873235281801305,cdbox
ABBS02000011.1/58644-58737,133.50000000000003,106.99130924642843,435.03396722219674,2.6945570057396764,0.23470661672908857,3.037052122915593,117.45318216208533,118.08296245227496,22.687981187118968,36.86039401311461,106.99130924642843,194.6635282116559,432.33941021645705,13943.586021505376,157.80313419854127,78.90156709927064,0.8797991173189911,0.6770874215308093,0.25154066384976614,cdbox
AM921933.1/1-97,138.25000000000003,99.49929657584192,589.1123408854314,3.5028697711884287,0.23387582881253766,3.074423837166618,119.63695081370139,120.25844564935973,15.735366846324593,47.380345920848356,99.49929657584192,210.1061894370104,585.609471114243,14462.09375000001,162.72584351616206,81.36292175808103,0.8653667328296663,0.9717073987743305,0.28490897558086375,cdbox
AM920431.1/2305920-2305824,144.24999999999997,113.19818273281575,441.81886166205925,0.25,0.22414789139225888,2.938662523742903,110.58933040759405,111.16382430149359,33.01629114021412,54.021921361538965,113.19818273281575,212.07565575603778,441.56886166205925,12357.395833333338,158.0537343944988,79.0268671972494,0.7666504707632171,0.8423547864718401,0.26434143855029113,cdbox
