nameseq,average,median,maximum,minimum,peak,none_levated_peak,sample_standard_deviation,population_standard_deviation,percentile15,percentile25,percentile50,percentile75,amplitude,variance,interquartile_range,semi_interquartile_range,coefficient_of_variation,skewness,kurtosis,label
AACD01000109.1/203504-203433,116.0,64.54347266736275,553.5751399771099,0.0,0.20689655172413793,2.6505343359829845,128.1795615533147,129.07907828422165,11.219858176380608,18.64466094067263,64.54347266736275,174.22424216347054,553.5751399771099,16661.40845070422,155.5795812227979,77.78979061139896,1.1049962202871957,1.2043229055180036,0.2658730931327292,cdbox
AAKD03000010.1/312115-312193,123.75,100.80070865637134,591.8882349942573,0.25,0.2127946127946128,2.6864344056727334,124.88744932938621,125.68546032018757,11.61922237284195,38.13137252575507,100.80070865637134,148.99435203150443,591.6382349942573,15796.834935897445,110.86297950574937,55.43148975287468,1.0091915097324138,0.5512793671468311,0.20760510697156662,cdbox
AAJN01000176.1/28338-28263,121.0,79.83157056409775,481.50276643100176,0.028529027886636076,0.20936639118457298,2.7598470857820496,131.51425778218874,132.3881162844057,4.227775060213633,17.933951953479365,79.83157056409775,185.33911349718574,481.4742374031151,17526.613333333327,167.40516154370636,83.70258077185318,1.0868946924147829,0.9391018919960278,0.31110213136821085,cdbox
