nameseq,average,median,maximum,minimum,peak,none_levated_peak,sample_standard_deviation,population_standard_deviation,percentile15,percentile25,percentile50,percentile75,amplitude,variance,interquartile_range,semi_interquartile_range,coefficient_of_variation,skewness,kurtosis,label
AM921939.1/1-79,109.74999999999997,65.41133577085051,661.3551629853848,8.087584015290293,0.23993925588458623,2.790337799121187,121.55605702720042,122.33278094963669,30.644191901378402,42.83917132241427,65.41133577085051,113.49365935989042,653.2675789700945,14965.309294871793,70.65448803747614,35.32724401873807,1.1075722735963596,1.094276961103498,0.16500131876576982,cdbox
ABFN01002286.1/18465-18539,112.75,79.60306045411525,491.47295102267,0.05417181021293022,0.22172949002217296,2.67608469035756,111.70329001421577,112.45550922055376,22.192159020460416,37.762179873628085,79.60306045411525,141.0171379354544,491.418779212457,12646.241554054051,103.25495806182631,51.62747903091316,0.9907165411460378,0.8902228271432207,0.19881779567641822,cdbox
