nameseq,average,median,maximum,minimum,peak,none_levated_peak,sample_standard_deviation,population_standard_deviation,percentile15,percentile25,percentile50,percentile75,amplitude,variance,interquartile_range,semi_interquartile_range,coefficient_of_variation,skewness,kurtosis,label
AY948694.1/1-76,100.99999999999997,63.63455602635844,374.28499506186563,2.5390377789960445,0.25082508250825086,2.829795373939099,93.305948363435,93.92592826264746,16.618869590369837,32.56274749730863,63.63455602635844,176.2592030052514,371.7459572828696,8822.079999999996,143.69645550794277,71.84822775397139,0.9238212709250992,1.2013846264581052,0.3194972888754513,cdbox
DQ789403.1/1-72,102.0,62.353608643022866,563.4784938483323,1.026529568742718,0.23529411764705882,2.7724894704776535,113.71895180663596,114.5169893294022,7.949839744708635,16.693350745130306,62.353608643022866,153.84029713485995,562.4519642795896,13114.140845070415,137.14694638972964,68.57347319486482,1.114891684378784,1.045904593573565,0.27521875306350013,cdbox
DQ789529.1/1-72,95.99999999999994,53.023418556646085,466.318473517669,5.430621845830773,0.25000000000000017,2.8531324160783207,111.63332835672325,112.4167297458904,12.940100985076429,20.83248976527837,53.023418556646085,104.3704884905349,460.88785167183823,12637.521126760557,83.53799872525653,41.768999362628264,1.1628471703825345,1.1549395348857447,0.18147741441076376,cdbox
