nameseq,average,median,maximum,minimum,peak,none_levated_peak,sample_standard_deviation,population_standard_deviation,percentile15,percentile25,percentile50,percentile75,amplitude,variance,interquartile_range,semi_interquartile_range,coefficient_of_variation,skewness,kurtosis,label
ACGJ01002910.1/40910-40824,111.75000000000001,92.21238965884538,311.0815535671001,1.5767165847325386,0.2595078299776286,2.996060180341902,87.88842358354141,88.39792595956926,28.83429128280157,42.117270142105895,92.21238965884538,173.19190827924677,309.5048369823676,7814.1933139534885,131.07463813714088,65.53731906857044,0.7864735891144644,0.6669004703190528,0.28651725750241863,cdbox
