nameseq,average,median,maximum,minimum,peak,none_levated_peak,sample_standard_deviation,population_standard_deviation,percentile15,percentile25,percentile50,percentile75,amplitude,variance,interquartile_range,semi_interquartile_range,coefficient_of_variation,skewness,kurtosis,label
ACGJ01002915.1/13449-13382,89.0,63.06109022052932,329.54472517952536,6.926499150094949,0.2546816479400749,2.6487244071373945,76.81796664843452,77.38911181080753,17.138308531413255,33.32543998728993,63.06109022052932,130.93418163319288,322.6182260294304,5989.074626865669,97.60874164590294,48.80437082295147,0.8631232207689272,1.0130016809029645,0.2638028414733879,cdbox
ACVC01000045.1/79812-79879,88.99999999999997,61.85421232293493,283.67905933994547,4.0,0.254681647940075,2.6852622919836984,80.5046582503149,81.1032141365777,17.671641673592593,25.45922170414829,61.85421232293493,112.40866633749073,279.67905933994547,6577.731343283578,86.94944463334244,43.47472231667122,0.9045467219136509,1.0115857243686464,0.19273690361794374,cdbox
