nameseq,average,median,maximum,minimum,peak,none_levated_peak,sample_standard_deviation,population_standard_deviation,percentile15,percentile25,percentile50,percentile75,amplitude,variance,interquartile_range,semi_interquartile_range,coefficient_of_variation,skewness,kurtosis,label
ACBS01000745.1/1206-1058,253.24999999999991,194.3973126170297,1089.800633565632,4.247237804926445,0.1961171437973018,3.4350444794335733,216.58774203541623,217.31822553262452,59.040359138602575,88.10886180926285,194.3973126170297,384.2909916261542,1085.5533957607056,47227.211148648654,296.18212981689135,148.09106490844567,0.8552329399226705,0.8151803074803744,0.31591469714877524,cdbox
ABGS01008962.1/448-289,261.99999999999994,175.06888370749726,2011.6484639023631,3.5330380046532217,0.20356234096692116,3.784874142030261,306.9267013474064,307.89036683115205,48.492755192581924,78.63577122542239,175.06888370749726,348.2051213721936,2008.1154258977099,94796.47798742139,269.5693501467712,134.7846750733856,1.171475959341246,0.8496926065168876,0.24012987981251122,cdbox
