nameseq,average,median,maximum,minimum,peak,none_levated_peak,sample_standard_deviation,population_standard_deviation,percentile15,percentile25,percentile50,percentile75,amplitude,variance,interquartile_range,semi_interquartile_range,coefficient_of_variation,skewness,kurtosis,label
AAKM01000009.1/910633-910779,254.75,194.92729065669218,1050.3535994193217,0.4189055992118672,0.19234543670264967,3.472498960198173,237.85946481063138,238.67266193427875,30.737840994070247,63.936462656611745,194.92729065669218,364.2478977468296,1049.9346938201097,56964.63955479451,300.31143509021786,150.15571754510893,0.9336976047522331,0.7545132928504846,0.2393948399086036,cdbox
AANS01001223.1/1059-1203,278.25,189.4491387329661,1064.3404874490427,14.342302148961593,0.1737047020065888,3.2160048035102426,240.94605205315153,241.78122284871966,43.85845550921989,81.26287369499536,189.4491387329661,411.3273313482879,1049.998185300081,58458.15972222223,330.0644576532925,165.03222882664625,0.8659337001011735,1.1056524127746843,0.2777486873932635,cdbox
AABL01000250.1/6452-6597,270.5000000000002,187.22407708169553,1033.5202870540609,0.888307222759,0.17991373998767698,3.314626401816576,243.75038461508117,244.58945898847696,67.0061862835177,96.75285956252127,187.22407708169553,380.77562127999596,1032.6319798313018,59824.00344827586,284.0227617174747,142.01138085873734,0.9011104791685064,1.0249328186678763,0.22416915080614883,cdbox
