nameseq,average,median,maximum,minimum,peak,none_levated_peak,sample_standard_deviation,population_standard_deviation,percentile15,percentile25,percentile50,percentile75,amplitude,variance,interquartile_range,semi_interquartile_range,coefficient_of_variation,skewness,kurtosis,label
AABL01002187.1/2652-2576,143.25,79.84815057452629,612.910431679213,7.9726230831395455,0.179173938336242,2.412865170388379,148.0835912584511,149.05464160572302,26.84338223450323,48.47997951203666,79.84815057452629,202.6806447030429,604.9378085960735,22217.286184210538,154.20066519100624,77.10033259550312,1.0337423473539344,1.2844471602829675,0.21206535462780585,cdbox
AM910995.1/424185-424272,144.00000000000003,100.76202714325728,927.1754235174162,1.019571939856303,0.20370370370370366,2.7750384570436903,165.03938923784224,165.98518144632706,36.00251907562404,56.30601633203508,100.76202714325728,162.91175341237906,926.1558515775599,27551.08045977012,106.60573708034397,53.302868540171986,1.1461068697072376,0.7859573352110166,0.1822886537676058,cdbox
AASM01002319.1/1903-1824,144.00000000000003,90.77619905223528,453.1590536512467,0.9625596065479485,0.18518518518518515,2.4897770365498633,123.2233744059949,124.00081665717194,15.373473275603201,44.37262565269954,90.77619905223528,231.47098889005105,452.1964940446988,15376.202531645571,187.09836323735152,93.54918161867576,0.8557178778194089,1.2957882675506904,0.2789680672457563,cdbox
