nameseq,average,median,maximum,minimum,peak,none_levated_peak,sample_standard_deviation,population_standard_deviation,percentile15,percentile25,percentile50,percentile75,amplitude,variance,interquartile_range,semi_interquartile_range,coefficient_of_variation,skewness,kurtosis,label
AM910996.2/156798-156669,206.49999999999991,175.76488835229807,909.532531622234,6.0794906502070996,0.20984665052461673,3.4235198344790785,198.25803892906833,199.02499745610618,25.62943086470292,39.710002325078825,175.76488835229807,293.3808093976156,903.453040972027,39610.94961240307,253.6708070725368,126.8354035362684,0.9600873555887091,0.4650774084176947,0.3228352461733382,cdbox
ACBS01001318.1/13764-13639,207.49999999999997,114.47200877939864,913.0903799789564,2.9695958515862793,0.2024096385542169,3.3720176662246604,215.91491379707887,216.77685300787996,24.791686461941477,42.52549152232245,114.47200877939864,331.0190597139942,910.1207841273701,46992.20399999999,288.4935681916717,144.24678409583586,1.0405538014317055,1.2925645975714892,0.29156336726452275,cdbox
