nameseq,average,median,maximum,minimum,peak,none_levated_peak,sample_standard_deviation,population_standard_deviation,percentile15,percentile25,percentile50,percentile75,amplitude,variance,interquartile_range,semi_interquartile_range,coefficient_of_variation,skewness,kurtosis,label
AANS01000679.1/2648-2727,118.0,88.99999999999999,600.1916869427712,0.03653153387738349,0.22598870056497175,2.823552247940333,123.24366109459748,124.02123133877042,18.851709706196605,29.45768327971217,88.99999999999999,161.70007331374364,600.1551554088938,15381.26582278481,132.24239003403147,66.12119501701574,1.0444378058864194,0.7059186592422138,0.28228378243199065,cdbox
