nameseq,average,median,maximum,minimum,peak,none_levated_peak,sample_standard_deviation,population_standard_deviation,percentile15,percentile25,percentile50,percentile75,amplitude,variance,interquartile_range,semi_interquartile_range,coefficient_of_variation,skewness,kurtosis,label
AF317971.1/6-97,136.99999999999997,94.72834821801464,604.6673483834744,2.0000000000000004,0.22384428223844288,2.931850011685795,129.1394595001853,129.84707827388237,34.97718802445423,51.171187209329354,94.72834821801464,184.57031499312174,602.6673483834744,16860.263736263736,133.39912778379238,66.69956389189619,0.9426237919721556,0.9820000473656467,0.23279588884846888,cdbox
AM451544.1/694-602,133.24999999999997,67.43141348250136,841.753154425511,0.0,0.23264540337711073,3.2879483633508464,189.7649862329718,190.79353027724017,9.948131181934116,27.325032612882293,67.43141348250136,161.50749293525917,841.753154425511,36402.17119565216,134.18246032237687,67.09123016118843,1.4241274764200513,1.0405278838430299,0.21620238186758617,cdbox
AASG02006843.1/13326-13243,131.0,95.51963762092878,366.81715274691885,1.0,0.21374045801526717,2.7501274246449587,112.38327277669036,113.05825345678569,20.46109832234247,33.50945242966758,95.51963762092878,210.25890013715997,365.81715274691885,12782.168674698793,176.74944770749238,88.37472385374619,0.857887578448018,0.9471257110363388,0.28206477049396844,cdbox
AARH01002655.1/240508-240577,107.5,69.80064317088427,471.23850890471533,1.0,0.21705426356589147,2.536444703279566,113.76840510440495,114.58984829963487,18.41295145158413,34.804448754867586,69.80064317088427,115.85502511187697,470.23850890471533,13130.83333333333,81.05057635700939,40.525288178504695,1.0583107451572553,0.9941079017813197,0.13523426828402293,cdbox
