nameseq,average,median,maximum,minimum,peak,none_levated_peak,sample_standard_deviation,population_standard_deviation,percentile15,percentile25,percentile50,percentile75,amplitude,variance,interquartile_range,semi_interquartile_range,coefficient_of_variation,skewness,kurtosis,label
AC147254.4/80430-80347,125.00000000000003,79.83509757525192,681.6168481316805,0.14201177902575932,0.22399999999999995,2.939404069532591,147.67193369086763,148.558860185985,14.167496221465784,27.909796687726754,79.83509757525192,164.44321329872344,681.4748363526547,22069.73493975904,136.53341661099668,68.26670830549834,1.1813754695269407,0.917538654013194,0.2233910870343666,cdbox
AC126934.4/123899-123813,139.74999999999997,122.6523222191503,670.5861193515715,2.1069357541795357,0.20751341681574245,2.8210456298286353,140.81326286966006,141.62957847850848,11.94715378805156,21.274057392926636,122.6523222191503,173.4889625140778,668.479183597392,20058.937499999993,152.21490512115116,76.10745256057558,1.007608321070913,0.36426279952071694,0.21524511362036744,cdbox
AC064836.7/15165-15252,132.0,85.70443318141511,581.7632103186648,0.0,0.2222222222222222,2.92435556406667,137.17142559585798,137.9575146995225,17.998697395245912,41.635036188366186,85.70443318141511,179.70259265281197,581.7632103186648,19032.275862068967,138.06755646444577,69.03377823222289,1.0391774666352878,1.0125046076647939,0.2489999548838831,cdbox
AC064836.7/16842-16926,129.25000000000006,73.61340059831177,603.5738792571416,1.8781129875784135,0.2192134107027723,2.907163390620746,149.51672147288411,150.40406885643563,16.89388809426191,28.130588007010214,73.61340059831177,162.1093815634754,601.6957662695631,22621.383928571428,133.9787935564652,66.9893967782326,1.1568024872176716,1.1163286391036544,0.20598639910012514,cdbox
