nameseq,average,median,maximum,minimum,peak,none_levated_peak,sample_standard_deviation,population_standard_deviation,percentile15,percentile25,percentile50,percentile75,amplitude,variance,interquartile_range,semi_interquartile_range,coefficient_of_variation,skewness,kurtosis,label
AJ224036.1/1-85,125.25000000000004,68.26203904194989,590.4856751111906,0.17623030847220506,0.22621423819028602,2.965394896331487,137.29985433349884,138.11469741796904,11.942516785875025,30.660606461254314,68.26203904194989,160.07244839903362,590.3094448027184,19075.669642857145,129.41184193777931,64.70592096888966,1.0962064218243417,1.2451861926880292,0.21063310861018603,cdbox
AJ240063.1/2-93,137.0,106.40480338713144,599.2743811174649,1.8447553941839523,0.22384428223844283,2.984933007146044,132.43111416883875,133.1567695414892,12.24235987651884,36.24527795873472,106.40480338713144,188.10832367184221,597.429625723281,17730.725274725268,151.8630457131075,75.93152285655376,0.9666504683856842,0.6930817611455464,0.29817512040022187,cdbox
AJ003046.1/33-102,103.50000000000003,55.13706333954268,604.8200984597511,0.9796676129441693,0.22544283413848623,2.711516539467479,128.7759682549504,129.70577071403468,11.695310461806315,16.7047865318933,55.13706333954268,114.33943848108662,603.840430846807,16823.58695652174,97.63465194919331,48.817325974596656,1.244212253671018,1.1266761333459787,0.19628994604024694,cdbox
Y15171.1/2155-2227,110.24999999999997,74.48439231506036,517.7353845394758,4.2667200799909,0.22071050642479217,2.5975917688662897,111.002252229403,111.77044307170141,25.22871308780324,30.25,74.48439231506036,128.43085364800424,513.4686644594849,12492.631944444445,98.18085364800424,49.09042682400212,1.0068231494730433,0.9666184325077807,0.23086023896912936,cdbox
