nameseq,average,median,maximum,minimum,peak,none_levated_peak,sample_standard_deviation,population_standard_deviation,percentile15,percentile25,percentile50,percentile75,amplitude,variance,interquartile_range,semi_interquartile_range,coefficient_of_variation,skewness,kurtosis,label
AF064265.1/1-91,148.75,83.83303587594033,638.4742420533919,2.7871441027018395,0.20392156862745098,2.8321923238231315,156.8394880124263,157.70841149271516,29.279317148436995,44.60759902346527,83.83303587594033,172.27301746630317,635.68709795069,24871.94305555557,127.6654184428379,63.83270922141895,1.05438311268858,1.2417210413027426,0.1780899953704543,cdbox
AF270839.1/1-87,149.75,117.7486146844021,555.4234816669193,3.374691715468591,0.19365609348914858,2.622865900333304,129.63168979844394,130.38318415080346,28.302733729175813,46.49368661510752,117.7486146844021,209.07785833154483,552.0487899514508,16999.774709302324,162.5841717164373,81.29208585821866,0.8656540220263369,0.7405917187075509,0.28266365466866844,cdbox
U18779.1/8673-8763,148.75,83.83303587594033,638.4742420533919,2.7871441027018395,0.20392156862745098,2.8321923238231315,156.8394880124263,157.70841149271516,29.279317148436995,44.60759902346527,83.83303587594033,172.27301746630317,635.68709795069,24871.94305555557,127.6654184428379,63.83270922141895,1.05438311268858,1.2417210413027426,0.1780899953704543,cdbox
AACG02000007.1/85209-85116,161.5,120.75721859520958,800.0956176071196,5.589981544486295,0.1940144478844169,2.765703439732403,156.09372184684426,156.9306915025989,33.5634782918781,47.72383713886187,120.75721859520958,238.0253921728998,794.5056360626334,24627.241935483868,190.30155503403796,95.15077751701898,0.9665245934789118,0.7830445886497539,0.3018489876932143,cdbox
