nameseq,average,median,maximum,minimum,peak,none_levated_peak,sample_standard_deviation,population_standard_deviation,percentile15,percentile25,percentile50,percentile75,amplitude,variance,interquartile_range,semi_interquartile_range,coefficient_of_variation,skewness,kurtosis,label
AJ532543.1/5-99,121.75000000000001,67.9628190011761,664.89361576645,2.1268140384943504,0.2600958247775496,3.3674117083892297,143.55791514228673,144.31950093824406,12.836450475832882,21.78803684619528,67.9628190011761,165.8441116682932,662.7668017279557,20828.118351063826,144.05607482209794,72.02803741104897,1.1791204529140593,1.1240170410425578,0.2564524096685825,cdbox
AJ300656.1/3-95,133.25000000000003,96.60919737694529,539.4515313507134,1.9004442977267675,0.23264540337711065,3.0392647649669393,125.6652298768438,126.34634722271053,14.78275378295196,35.86401225309313,96.60919737694529,194.85594295334855,537.5510870529866,15963.399456521734,158.9919307002554,79.4959653501277,0.9430786482314729,0.8747241219937442,0.2305718667302984,cdbox
AAAA02005023.1/6403-6489,111.75,52.90834970272746,498.5891732590634,3.5914479105679034,0.2595078299776286,3.1539715723060677,118.1667254348702,118.85175566890628,13.654803199554408,26.84415417601994,52.90834970272746,152.5342475225229,494.99772534849546,14125.739825581395,125.69009334650295,62.845046673251474,1.0574203618332905,1.4938634394934862,0.22168807159694257,cdbox
Y11048.1/29-119,114.74999999999999,71.80484780082283,548.4733096844789,2.7852841362358256,0.2643427741466957,3.2328146288819255,123.2259104247155,123.90860767337983,14.954691220019662,32.22240418242163,71.80484780082283,138.12633658482451,545.688025548243,15353.343055555564,105.90393240240289,52.951966201201444,1.0738641431347757,1.0455224567096473,0.18500096825332749,cdbox
