nameseq,average,median,maximum,minimum,peak,none_levated_peak,sample_standard_deviation,population_standard_deviation,percentile15,percentile25,percentile50,percentile75,amplitude,variance,interquartile_range,semi_interquartile_range,coefficient_of_variation,skewness,kurtosis,label
BC059277.1/353-435,98.75,58.101409348190145,474.15085539266806,3.4529232611198677,0.28016877637130805,3.2058729564519464,102.72840405652175,103.35289858703268,9.822062212610824,18.783301205775288,58.101409348190145,146.01679140084264,470.6979321315482,10681.821646341461,127.23349019506735,63.61674509753367,1.04028763601541,1.187069662722827,0.2830304059378334,cdbox
AY349606.1/1-85,111.25000000000004,81.26611208805204,474.1116990525921,2.25,0.2546816479400748,3.0294928894901303,103.76054163312757,104.37633660393118,13.198319191651233,33.34040162202466,81.26611208805204,178.02763819862236,471.8616990525921,10894.419642857143,144.68723657659768,72.34361828829884,0.9326790259157531,0.8669159038692333,0.34773365193182904,cdbox
AAIY01432621.1/769-683,99.75,85.07209451052532,525.6700987811699,0.25,0.2907268170426065,3.2334242481947784,92.74898921282106,93.28666901695586,23.541815026258575,31.68829208953084,85.07209451052532,157.4013936249478,525.4200987811699,8702.40261627907,125.71310153541694,62.85655076770847,0.9298144281987073,0.47476222481934166,0.3443757147402906,cdbox
AACN010784424.1/382-296,107.75,94.56595390582866,577.6957189536449,2.483857195315116,0.2691415313225058,3.1838876203203124,108.99713298981771,109.62900572088047,8.808688453525063,24.521300320984714,94.56595390582866,131.78610965693565,575.2118617583299,12018.518895348843,107.26480933595093,53.632404667975464,1.0115743200911156,0.36287319856577227,0.25602588042753993,cdbox
