nameseq,average,median,maximum,minimum,peak,none_levated_peak,sample_standard_deviation,population_standard_deviation,percentile15,percentile25,percentile50,percentile75,amplitude,variance,interquartile_range,semi_interquartile_range,coefficient_of_variation,skewness,kurtosis,label
AK229253.1/328-248,98.25000000000001,68.68173171461153,600.25,3.1478617933449096,0.27480916030534347,3.095009756330423,113.78927893259538,114.4982532617856,20.02881871372839,31.06799907113756,68.68173171461153,122.60693934271136,597.1021382066551,13109.849999999999,91.5389402715738,45.7694701357869,1.1581605998228535,0.779553273280789,0.24810237591494716,cdbox
AARH01007112.1/21213-21133,104.25,79.98070486623521,600.25,0.5083109439765958,0.2589928057553957,3.0309020233358996,117.96185824239967,118.6968302019898,12.73776963966833,25.368320215036466,79.98070486623521,131.8458756958955,599.7416890560235,14088.937499999998,106.47755548085904,53.23877774042952,1.1315286162340497,0.617215483768334,0.2969337931865936,cdbox
AASG02002680.1/896-816,106.25000000000004,54.936575880424286,992.25,1.2655931616820209,0.25411764705882345,3.14718673958353,166.4451861725055,167.48223786419862,16.852633679333607,23.853942204083545,54.936575880424286,103.63438659550941,990.984406838318,28050.300000000007,79.78044439142587,39.89022219571294,1.566542928682404,0.9248706790425408,0.18707906855408626,cdbox
AC144343.8/39743-39666,95.50000000000001,62.76483921069842,486.12552442447804,0.5855631437496984,0.2722513089005235,3.142207391804356,113.61888047327344,114.35428543523234,8.265957599368214,15.571144999258761,62.76483921069842,115.60200263908663,485.53996128072833,13076.902597402592,100.03085763982787,50.015428819913936,1.1897264971023394,0.8643412253213114,0.2273159992277147,cdbox
