nameseq,average,median,maximum,minimum,peak,none_levated_peak,sample_standard_deviation,population_standard_deviation,percentile15,percentile25,percentile50,percentile75,amplitude,variance,interquartile_range,semi_interquartile_range,coefficient_of_variation,skewness,kurtosis,label
AB028894.1/2954-3040,109.75,64.13031134956147,552.3027021463865,2.25,0.2642369020501139,3.0884343450879332,109.84705275973499,110.48385260320404,21.104170526063907,31.13621073693392,64.13031134956147,134.1387021250527,550.0527021463865,12206.681686046515,103.00249138811878,51.50124569405939,1.0008843076057858,1.2459056707753746,0.19295413805085515,cdbox
AB028893.1/10920-11006,109.74999999999996,85.81684966182684,592.4532818616159,4.688242694631265,0.264236902050114,3.092349879841704,110.14252130762213,110.78103402658776,17.57775363117455,26.75849412504198,85.81684966182684,152.0351991318039,587.7650391669846,12272.437499999996,125.27670500676192,62.63835250338096,1.0035765039418878,0.6518776777770264,0.29684858081009907,cdbox
AB032798.1/2193-2284,111.00000000000001,72.14561902453588,847.3938368419526,1.0,0.27627627627627627,3.4067771814832057,147.2277147822379,148.0344480254437,13.623261197017783,26.3080366700478,72.14561902453588,120.44466020033478,846.3938368419526,21914.197802197796,94.13662353028698,47.06831176514349,1.32637580884899,0.7917201126078677,0.20051625844376975,cdbox
Z69625.1/1-89,112.24999999999996,64.29472132858108,679.8125530459658,0.5150971273947204,0.26429101707498154,3.3065788265930394,136.20022026413903,136.97189907555355,10.81040758776279,26.667504939215714,64.29472132858108,138.56138706151714,679.2974559185711,18761.30113636363,111.89388212230142,55.94694106115071,1.2133649912172748,1.0562819629458113,0.19216260351333184,cdbox
