nameseq,average,median,maximum,minimum,peak,none_levated_peak,sample_standard_deviation,population_standard_deviation,percentile15,percentile25,percentile50,percentile75,amplitude,variance,interquartile_range,semi_interquartile_range,coefficient_of_variation,skewness,kurtosis,label
AJ224028.1/3-79,123.25000000000003,101.51815841237018,465.82550418106365,0.25,0.20824881676808651,2.6055761578477816,108.2577941766781,108.96768895797553,19.366452840167856,36.649739192346885,101.51815841237018,181.7115576605821,465.57550418106365,11873.957236842101,145.0618184682352,72.5309092341176,0.8783593848006335,0.6022247659737977,0.28784011283940136,cdbox
AJ224035.1/1-76,117.00000000000003,69.28330271038917,624.5009782937702,0.0,0.21652421652421647,2.7052740230147005,126.80299681001232,127.64555090823441,12.675145037034328,27.76710888680674,69.28330271038917,166.28866926465952,624.5009782937702,16293.386666666662,138.52156037785278,69.26078018892639,1.0837862975214725,1.128917261185183,0.2886663071335328,cdbox
AL606750.13/40184-40260,107.24999999999996,80.5400195392364,515.9350331502242,0.25,0.2393162393162394,2.8223350056107908,103.09097923678871,103.76699290135316,12.041800824301804,28.13436106594584,80.5400195392364,159.33818434713635,515.6850331502242,10767.588815789479,131.20382328119052,65.60191164059526,0.96122125162507,0.7772740347944602,0.3124031319967967,cdbox
ABDC01278790.1/3802-3878,117.25000000000004,75.32439118465473,412.1727593367515,0.3245349027170754,0.21890547263681584,2.696613270329625,105.88555142227857,106.5798903467056,17.29716277098647,30.654109414995787,75.32439118465473,185.39864312153028,411.8482244340344,11359.273026315788,154.7445337065345,77.37226685326725,0.9030750654352113,1.1878563671489952,0.29235998986211403,cdbox
