nameseq,average,median,maximum,minimum,peak,none_levated_peak,sample_standard_deviation,population_standard_deviation,percentile15,percentile25,percentile50,percentile75,amplitude,variance,interquartile_range,semi_interquartile_range,coefficient_of_variation,skewness,kurtosis,label
ABDC01061241.1/1976-1882,117.75000000000004,55.9697731739342,521.9074981133432,2.2381193135296806,0.2689313517338994,3.4638189711322895,139.43771010741682,140.17743789834614,13.954118409342374,20.74752326746107,55.9697731739342,178.93936204098935,519.6693787998136,19649.714095744686,158.19183877352827,79.09591938676414,1.1841843745852805,1.3292005465050956,0.236075247004411,cdbox
AAQQ01192494.1/1039-943,118.25000000000001,56.331359218659685,765.1464361509425,0.25,0.2734319943622269,3.6021156047114187,163.3554406807438,164.2040460829148,10.304650023458597,17.599007825309876,56.331359218659685,148.39490020104626,764.8964361509425,26962.96875000001,130.79589237573637,65.39794618786819,1.3814413588223577,1.1371272457772366,0.2237284388250648,cdbox
AALT01311275.1/7233-7329,110.25,40.444509440565945,594.9421411414497,2.163448531625775,0.29327286470143615,3.709285854002148,143.547901412734,144.29360981461838,14.616013398458625,21.55743322194125,40.444509440565945,155.03125429344388,592.7786926098239,20820.645833333336,133.47382107150264,66.73691053575132,1.3020217815213968,1.4588612554925515,0.1845606387723818,cdbox
AAIY01078682.1/1436-1532,108.24999999999999,45.527828964187115,526.7639106713128,2.6649494249806547,0.2986913010007699,3.695211468954517,137.19329429676947,137.9059915304625,13.018667633886778,23.599443818854606,45.527828964187115,123.93033188237293,524.0989612463321,19018.062499999996,100.33088806351832,50.16544403175916,1.2673745431572239,1.3715430777571862,0.15919131670579173,cdbox
