nameseq,average,median,maximum,minimum,peak,none_levated_peak,sample_standard_deviation,population_standard_deviation,percentile15,percentile25,percentile50,percentile75,amplitude,variance,interquartile_range,semi_interquartile_range,coefficient_of_variation,skewness,kurtosis,label
AC119809.10/32611-32502,137.5,83.69895123183588,609.9812650578293,0.0571621464336446,0.26666666666666666,3.6450908297753206,145.10427285231816,145.76836910383767,15.407853676771389,24.255393878610292,83.69895123183588,188.78601393578168,609.9241029113957,21248.417431192658,164.5306200571714,82.2653100285857,1.0553038025623138,1.1123252481252748,0.24166480296432505,cdbox
AC013722.8/184033-183920,148.49999999999994,87.96151657242504,750.9027135085427,1.4589202886758217,0.255892255892256,3.5483956570221653,161.50619183176846,162.2192469184728,22.581666208727672,44.95054868338097,87.96151657242504,194.68016306071638,749.4437932198668,26315.084070796453,149.7296143773354,74.8648071886677,1.0875837833789126,1.1245107585218954,0.2210244383152853,cdbox
ABDC01304918.1/3845-3734,143.99999999999997,85.67801870710579,557.2931831976363,1.0661184425660388,0.2592592592592593,3.5607924335027223,143.0314650697531,143.67430635401135,21.608198849849572,34.886298976836216,85.67801870710579,174.1199237449827,556.2270647550703,20642.306306306305,139.2336247681465,69.61681238407326,0.9932740629843967,1.2232689065539233,0.16813227414077137,cdbox
AANG01205833.1/951-837,142.74999999999994,119.70244755506533,613.1215176543951,0.6360682065511231,0.26853473438412157,3.5274266055134933,116.68815278339099,117.1988254761218,28.11772541284836,44.729399670373354,119.70244755506533,206.57801246176936,612.485449447844,13735.564692982456,161.84861279139602,80.92430639569801,0.817430142090305,0.5925422220296332,0.30124864689723024,cdbox
