nameseq,average,median,maximum,minimum,peak,none_levated_peak,sample_standard_deviation,population_standard_deviation,percentile15,percentile25,percentile50,percentile75,amplitude,variance,interquartile_range,semi_interquartile_range,coefficient_of_variation,skewness,kurtosis,label
AB026636.1/61895-61803,143.25000000000009,82.12678048581263,587.1324404073804,1.2350470681846544,0.2164048865619545,3.036465438236986,151.28697895060233,152.10696858232478,13.736651581814106,25.935884715299938,82.12678048581263,236.28544776770576,585.8973933391958,23136.52989130434,210.3495630524058,105.1747815262029,1.0561045651001901,1.2120650423089985,0.2719014281618537,cdbox
AASG02000028.1/122020-121924,132.25000000000003,114.50125834642617,592.6103861940167,3.0896486758696664,0.2444864524259609,3.0563403884982754,108.23585357911676,108.79812153709274,31.678268057395883,58.71075924556258,114.50125834642617,175.0014670055551,589.520737518147,11837.031250000004,116.29070775999253,58.145353879996264,0.8184185525831134,0.4919462747323407,0.252677619703516,cdbox
AARH01004350.1/130761-130670,128.99999999999997,66.56404574978421,682.6338699362423,0.7565605033001672,0.23772609819121454,3.2048635363102784,156.87255974197654,157.73214184632303,18.17067802314062,27.394482286155622,66.56404574978421,180.96648055334293,681.8773094329421,24879.42857142857,153.57199826718733,76.78599913359366,1.2160663545889658,1.1940129176111527,0.24015523981892975,cdbox
AC159538.20/113729-113653,113.25000000000003,68.21253422561419,624.4585172104515,0.022559186740661548,0.22663723325974977,2.831950086425466,128.76237804576306,129.60673055541199,11.831484973453279,23.05436617023519,68.21253422561419,186.4051932983139,624.4359580237109,16797.904605263164,163.3508271280787,81.67541356403935,1.1369746405806889,1.049315796848188,0.38109679224028825,cdbox
