nameseq,average,median,maximum,minimum,peak,none_levated_peak,sample_standard_deviation,population_standard_deviation,percentile15,percentile25,percentile50,percentile75,amplitude,variance,interquartile_range,semi_interquartile_range,coefficient_of_variation,skewness,kurtosis,label
AF228365.1/1-73,108.25000000000003,82.579303158369,415.45863771221644,2.00392172162408,0.22478829869130093,2.6411642197663117,102.68641584941994,103.39705696434929,14.632062685788657,23.629636318836457,82.579303158369,141.81220141152312,413.4547159905924,10690.95138888889,118.18256509268666,59.09128254634333,0.9486043034588445,0.7499734983235186,0.25601014220349294,cdbox
AF228364.1/1-74,102.5,81.69953617872707,496.6128361870806,15.277812050830148,0.24065040650406505,2.6303543768415936,87.17941270735884,87.77450093107126,26.80816957542412,42.61034064333121,81.69953617872707,144.86260089543813,481.3350241362504,7704.36301369863,102.25226025210692,51.12613012605346,0.8505308556815496,0.7157812782392312,0.32098071924632426,cdbox
AJ532536.1/2-76,100.74999999999999,70.65982551767834,370.5406809770514,0.13998222334049612,0.2481389578163772,2.787021829084039,92.0033966764271,92.62295516946284,23.245389044577564,29.815220134994846,70.65982551767834,129.9475594348739,370.4006987537109,8579.011824324323,100.13233929987906,50.06616964993953,0.9131850786742145,0.9811651168102344,0.23105279247181462,cdbox
AAAA02007626.1/8599-8673,100.74999999999999,70.65982551767834,370.5406809770514,0.13998222334049612,0.2481389578163772,2.787021829084039,92.0033966764271,92.62295516946284,23.245389044577564,29.815220134994846,70.65982551767834,129.9475594348739,370.4006987537109,8579.011824324323,100.13233929987906,50.06616964993953,0.9131850786742145,0.9811651168102344,0.23105279247181462,cdbox
