nameseq,average,median,maximum,minimum,peak,none_levated_peak,sample_standard_deviation,population_standard_deviation,percentile15,percentile25,percentile50,percentile75,amplitude,variance,interquartile_range,semi_interquartile_range,coefficient_of_variation,skewness,kurtosis,label
AY559178.1/865-955,130.75000000000006,105.89686510617831,450.8792185810735,4.431458834400034,0.23199490121096228,2.873311601255554,101.54124777645785,102.10380747063257,42.098633796893395,56.365746418338446,105.89686510617831,169.97729164408238,446.44775974667346,10425.187500000005,113.61154522574394,56.80577261287197,0.7766061015407862,0.7342770185925537,0.22761618523575136,cdbox
AY559178.1/1040-1124,129.25000000000006,80.74623899019826,519.8570751015704,1.823257954483421,0.2192134107027723,2.853231176295101,125.83421633244276,126.5810134901379,14.321584902738262,34.49342219125179,80.74623899019826,189.37302262935052,518.033817147087,16022.752976190475,154.87960043809872,77.43980021904936,0.9735722733651273,1.1563729426738556,0.23863502166554154,cdbox
AJ532540.1/1-88,127.99999999999994,98.08046760070955,505.6173157302028,9.0,0.22916666666666677,2.810860506644527,103.98557592281729,104.5814866805872,32.842709151487774,44.928725017640694,98.08046760070955,193.4350862826002,496.6173157302028,10937.287356321838,148.5063612649595,74.25318063247975,0.8123873118970104,0.8631831520988448,0.3582513378277736,cdbox
AC025814.7/54017-53931,137.74999999999997,93.1658505041441,841.6339949786296,6.25,0.21052631578947373,2.7522153194846393,147.65627314814634,148.51225871412802,23.38662019154738,49.0,93.1658505041441,168.732660626004,835.3839949786296,22055.890988372095,119.73266062600399,59.866330313001995,1.0719148685890845,0.9058365461613084,0.23034135714401296,cdbox
