nameseq,average,median,maximum,minimum,peak,none_levated_peak,sample_standard_deviation,population_standard_deviation,percentile15,percentile25,percentile50,percentile75,amplitude,variance,interquartile_range,semi_interquartile_range,coefficient_of_variation,skewness,kurtosis,label
AJ429612.1/1-87,133.75000000000003,91.0,536.9629896555759,2.257372814715671,0.21682242990654202,2.812957678153681,123.14777708103382,123.86168321869134,24.10011555547831,36.567750170038366,91.0,182.77779382553655,534.7056168408602,15341.716569767443,146.21004365549817,73.10502182774908,0.9207310435965144,1.0414317094461956,0.25297197516876346,cdbox
AJ429611.1/1-87,135.74999999999997,87.13801360977416,558.6158787965112,0.6833822851764185,0.21362799263351753,2.801828375395291,131.77774850102728,132.541683877625,25.874960557034576,37.49636720426623,87.13801360977416,175.38023618346054,557.9324965113348,17567.29796511628,137.88386897919432,68.94193448959716,0.9707384788289304,1.1066812176529224,0.21212548381891375,cdbox
AJ429610.1/1-87,139.74999999999997,102.14872515812655,613.7060782624951,3.7345233936740923,0.20751341681574245,2.7516632087538717,130.23968289273435,130.99470187226908,22.750544320325268,44.34923463277704,102.14872515812655,188.89960545752885,609.971554868821,17159.611918604653,144.5503708247518,72.2751854123759,0.9319476414506932,0.8661248401420456,0.21718817149956282,cdbox
AJ429609.1/1-87,135.74999999999997,87.13801360977416,558.6158787965112,0.6833822851764185,0.21362799263351753,2.801828375395291,131.77774850102728,132.541683877625,25.874960557034576,37.49636720426623,87.13801360977416,175.38023618346054,557.9324965113348,17567.29796511628,137.88386897919432,68.94193448959716,0.9707384788289304,1.1066812176529224,0.21212548381891375,cdbox
