nameseq,average,median,maximum,minimum,peak,none_levated_peak,sample_standard_deviation,population_standard_deviation,percentile15,percentile25,percentile50,percentile75,amplitude,variance,interquartile_range,semi_interquartile_range,coefficient_of_variation,skewness,kurtosis,label
AC021876.5/63434-63504,111.74999999999997,69.47374201692779,391.5572700553514,1.2600296625770384,0.2117822520507085,2.5416476338490934,106.38785175009409,107.14507021523934,15.199448555238437,28.783759726248412,69.47374201692779,182.3755246996773,390.29724039277437,11480.06607142857,153.5917649734289,76.79588248671445,0.9520165704706408,1.1921358676095684,0.2921035415754954,cdbox
AC093484.2/162015-162087,106.24999999999999,85.86991167149274,451.26775267928696,0.13475428067536835,0.22901960784313727,2.6831462595442144,102.6328407479789,103.34311109653663,13.646646791044153,33.190843643706074,85.86991167149274,143.5609005326949,451.13299839861156,10679.798611111111,110.37005688898881,55.18502844449441,0.9659561482162722,0.5957183347935903,0.21704511200454094,cdbox
AL596181.10/69636-69565,103.99999999999999,83.08377813200316,441.0,2.416930437131971,0.2307692307692308,2.6033206325103286,92.6390846241477,93.28919143950503,24.057713659400505,36.6064323490699,83.08377813200316,132.48528137423858,438.58306956286805,8702.873239436618,95.87884902516868,47.93942451258434,0.8907604290783434,0.6773454839128898,0.2321043126989435,cdbox
AC016868.8/21258-21186,104.24999999999996,79.81358993734159,445.8309677587037,0.568935295581464,0.2334132693844925,2.6657516262847523,99.8223421885101,100.51316248797137,19.64413998408968,38.56624813618249,79.81358993734159,130.37458310497038,445.26203246312224,10102.895833333334,91.8083349687879,45.90416748439395,0.9575284622399055,0.7343970155452157,0.1956635258006558,cdbox
