nameseq,average,median,maximum,minimum,peak,none_levated_peak,sample_standard_deviation,population_standard_deviation,percentile15,percentile25,percentile50,percentile75,amplitude,variance,interquartile_range,semi_interquartile_range,coefficient_of_variation,skewness,kurtosis,label
AM910995.1/1210650-1210732,136.75,75.03026054613278,1130.624239093025,2.656359215560285,0.20231566118220598,2.714648281839488,183.63857165639254,184.7549258394786,19.855644891864202,48.56483627067782,75.03026054613278,186.3212373309804,1127.9678798774646,34134.38262195124,137.75640106030258,68.87820053015129,1.3428780377067095,1.0082806498193333,0.29522200448005964,cdbox
ABGW01004497.1/1342-1258,155.24999999999994,76.89563326390152,796.091830731046,6.25,0.18250134192163184,2.6911470113473386,185.30582829474088,186.40557580307566,15.516050790386819,29.903297773167857,76.89563326390152,235.51515015487342,789.841830731046,34747.03869047618,205.61185238170557,102.80592619085279,1.1935963175184603,1.2685143385474755,0.2782068037319199,cdbox
