nameseq,average,median,maximum,minimum,peak,none_levated_peak,sample_standard_deviation,population_standard_deviation,percentile15,percentile25,percentile50,percentile75,amplitude,variance,interquartile_range,semi_interquartile_range,coefficient_of_variation,skewness,kurtosis,label
AC069556.4/36784-36921,186.50000000000009,133.5067774638004,918.5688651664275,0.2790138359776076,0.24664879356568353,3.8732784079563194,193.6549766982507,194.36046164561068,17.193276866692095,56.734603626013815,133.5067774638004,283.9774655397162,918.2898513304499,37775.989051094904,227.2428619137024,113.6214309568512,1.0383644863176975,0.8209428454623089,0.31526225870986674,cdbox
AC144541.12/54772-54621,214.00000000000006,130.49547990285518,1147.3198849725604,4.3874865070041755,0.23676012461059182,3.958956342009615,222.7397584626507,223.47609025107647,37.71242304713263,48.16765067687389,130.49547990285518,357.5229940498668,1142.9323984655562,49941.56291390728,309.3553433729929,154.67767168649644,1.0408399928161245,1.1246917120700797,0.2856101881557734,cdbox
