nameseq,average,median,maximum,minimum,peak,none_levated_peak,sample_standard_deviation,population_standard_deviation,percentile15,percentile25,percentile50,percentile75,amplitude,variance,interquartile_range,semi_interquartile_range,coefficient_of_variation,skewness,kurtosis,label
AC011765.6/41033-40924,175.49999999999994,97.14971379832677,1600.0,6.79691732524191,0.2089268755935423,3.158836671600125,215.2144279550049,216.19939615799709,33.09283844592109,58.7584569714049,97.14971379832677,225.4648512737441,1593.203082674758,46742.178899082566,166.70639430233922,83.35319715116961,1.226293036780655,1.0921705428325736,0.26213543294334096,cdbox
