nameseq,average,median,maximum,minimum,peak,none_levated_peak,sample_standard_deviation,population_standard_deviation,percentile15,percentile25,percentile50,percentile75,amplitude,variance,interquartile_range,semi_interquartile_range,coefficient_of_variation,skewness,kurtosis,label
AC005314.3/54045-54126,116.49999999999997,98.30568554837734,676.0,3.729958261359268,0.23462088698140204,2.7792227418315036,106.51877768731671,107.17428404469901,16.23410926253792,53.48313708217428,98.30568554837734,147.4293660261987,672.2700417386408,11486.327160493825,93.94622894402441,46.973114472012206,0.9143242719941351,0.5124255510619433,0.2573316295185617,cdbox
AASG02003152.1/15450-15361,128.5,107.00111900195759,421.443530394309,4.0,0.23346303501945526,2.959907675133814,110.71698153399956,111.33724958910838,16.432219782408513,32.665130095724166,107.00111900195759,196.15292354254848,417.443530394309,12395.983146067414,163.4877934468243,81.74389672341215,0.8616107512373506,0.5825361394477798,0.2865885081045163,cdbox
AP004489.1/54837-54753,117.25,78.4230511844635,623.1675208853424,3.049951797041968,0.24164889836531628,2.9638627503439032,123.91630239802993,124.6517171772539,16.524532812018755,35.498131472374084,78.4230511844635,196.28482000271393,620.1175690883003,15538.050595238094,160.78668853033986,80.39334426516993,1.056855457552494,0.9399961441107474,0.3494972727623517,cdbox
AARH01008371.1/237066-236979,122.0,78.08528131704928,463.90466235995945,0.46621133772571494,0.24043715846994534,3.032279329498362,115.8619868636819,116.5259578401942,11.561690112669881,31.804062263942384,78.08528131704928,177.12373233899325,463.4384510222337,13578.298850574714,145.31967007505085,72.65983503752543,0.9496884169154255,1.1370783430794824,0.2654334180061937,cdbox
