nameseq,average,median,maximum,minimum,peak,none_levated_peak,sample_standard_deviation,population_standard_deviation,percentile15,percentile25,percentile50,percentile75,amplitude,variance,interquartile_range,semi_interquartile_range,coefficient_of_variation,skewness,kurtosis,label
AC006435.7/3490-3399,130.99999999999997,98.21802327359036,624.0722674057787,0.0,0.23409669211195935,3.093159416438647,135.53966209195002,136.28235073141028,9.2793126314566,31.655146895113674,98.21802327359036,198.61764221728208,624.0722674057787,18572.87912087912,166.96249532216842,83.48124766108421,1.0346539090988554,0.7255878365146802,0.29872040667381294,cdbox
AC006435.7/2333-2239,137.74999999999997,98.07520356361731,584.765647155782,10.573301448546124,0.22988505747126442,2.924763927816785,116.03393900062171,116.64950798338566,34.43642537998939,64.95335543381695,98.07520356361731,173.38986812959516,574.1923457072359,13607.107712765956,108.4365126957782,54.2182563478891,0.8423516442876351,1.0257722036697405,0.189696391750673,cdbox
AL604066.9/122672-122762,132.75000000000003,85.01462045593532,508.99442282433824,3.7652855843663176,0.2284996861268047,2.8874903115991284,110.50169681955117,111.11389927057334,31.74021076004533,53.06073882976049,85.01462045593532,208.38446351036922,505.2291372399719,12346.298611111119,155.32372468060873,77.66186234030437,0.8324044958158279,1.295963254447117,0.2924849657109805,cdbox
AANG01158662.1/5412-5318,123.75000000000001,97.20482660744949,438.9316873550393,2.690493459450653,0.2558922558922559,3.104951673868411,101.97977740709185,102.52078798021944,30.660606461254314,43.89218790236484,97.20482660744949,161.45467953340756,436.24119389558865,10510.511968085106,117.56249163104272,58.78124581552136,0.824079009350237,0.7808952147419924,0.23795831045630825,cdbox
