nameseq,average,median,maximum,minimum,peak,none_levated_peak,sample_standard_deviation,population_standard_deviation,percentile15,percentile25,percentile50,percentile75,amplitude,variance,interquartile_range,semi_interquartile_range,coefficient_of_variation,skewness,kurtosis,label
Z35312.1/944-1038,127.75000000000001,83.22203797655331,677.4297227071154,2.25,0.24787997390737115,3.143094348115943,135.61296029509867,136.33239749371015,33.10929110473486,44.44021573316926,83.22203797655331,155.35996931266033,675.1797227071154,18586.522606382983,110.91975357949107,55.459876789745536,1.0615495913510657,0.9850377558284751,0.20642228648910335,cdbox
Z35311.1/728-821,125.50000000000006,76.44604907918581,680.4983818038121,1.8674557636509659,0.2496679946879149,3.2128717179811677,128.2624262985852,128.95016541784787,13.337790844767355,21.600482620966183,76.44604907918581,181.99182282446873,678.6309260401612,16628.145161290326,160.39134020350255,80.19567010175128,1.0220113649289653,1.1473496721468615,0.27857458531686713,cdbox
D10737.1/4698-4793,119.99999999999996,63.995218286903636,694.8094356086759,1.0,0.2666666666666668,3.4173119447441844,149.82990355733395,150.61641764149715,21.92974215251179,36.999999999999986,63.995218286903636,135.01351677344982,693.8094356086759,22685.30526315789,98.01351677344984,49.00675838672492,1.24858252964445,1.1213672381160984,0.15697864612259219,cdbox
Z35416.1/1-94,119.49999999999996,62.38823503575294,651.8958225834879,1.0,0.2622036262203627,3.3568009625528124,146.2779887747982,147.06232677674197,17.398033609322084,32.473888260478326,62.38823503575294,132.88620065283624,650.8958225834879,21627.32795698924,100.4123123923579,50.20615619617895,1.2240835880736254,1.1712992250428036,0.1320285025319252,cdbox
