nameseq,average,median,maximum,minimum,peak,none_levated_peak,sample_standard_deviation,population_standard_deviation,percentile15,percentile25,percentile50,percentile75,amplitude,variance,interquartile_range,semi_interquartile_range,coefficient_of_variation,skewness,kurtosis,label
AC020889.3/25746-25848,133.75,99.45898207733227,647.6426351033494,0.025943888816375025,0.25669781931464175,3.469967624730163,138.12449094928823,138.79992036077277,13.111366881640183,22.747168477038684,99.45898207733227,192.194371134264,647.616691214533,19265.417892156867,169.44720265722532,84.72360132861266,1.0327064743872016,0.7447850345799469,0.27340183641569893,cdbox
AM439246.2/30554-30644,120.75000000000001,67.22917803412076,465.9713686200557,0.36041475067211287,0.251207729468599,3.2010450675656394,122.35859185198237,123.0364839748312,14.018019620718421,24.836106553284292,67.22917803412076,191.78561349182036,465.6109538693836,15137.976388888894,166.94950693853608,83.47475346926804,1.0133216716520277,1.3122287815462175,0.25381756869787947,cdbox
AASG02004037.1/17014-16901,158.50000000000006,111.77877730243287,623.9751950188771,1.2139280296305932,0.23974763406940056,3.357511117542808,145.39687066783796,146.03880257796925,35.992752106940515,57.29336181751816,111.77877730243287,184.95357871309525,622.7612669892466,21327.331858407077,127.6602168955771,63.83010844778855,0.9173304143081256,0.9640074607445179,0.18310655217690217,cdbox
AARH01006437.1/153808-153923,165.0,117.09366904500929,509.97701539360946,0.0,0.23434343434343433,3.3670266289621376,140.58805070133096,141.19798003235525,27.788471233782026,43.8481915831058,117.09366904500929,284.7358296743245,509.97701539360946,19936.86956521739,240.88763809121872,120.44381904560936,0.8520487921292785,1.0222703291497555,0.3353731534496383,cdbox
