nameseq,average,median,maximum,minimum,peak,none_levated_peak,sample_standard_deviation,population_standard_deviation,percentile15,percentile25,percentile50,percentile75,amplitude,variance,interquartile_range,semi_interquartile_range,coefficient_of_variation,skewness,kurtosis,label
AF168728.1/150-269,147.99999999999997,101.45416079868063,1338.1042652712883,1.3281544664017182,0.27027027027027034,3.7461449080458693,185.69598810959806,186.4745910553062,20.949163512162894,42.874421741248334,101.45416079868063,203.00752683324188,1336.7761108048867,34772.77310924368,160.13310509199354,80.06655254599677,1.2547026223621494,0.7519684136716177,0.29301912510940387,cdbox
Z50171.1/84-208,157.25000000000009,110.0284794081128,854.6102689651378,4.561969651358971,0.26497085320614716,3.7094235552247414,157.41267420382638,158.0461281684314,29.97797908045849,52.42386249441201,110.0284794081128,203.72135954999578,850.0482993137789,24978.57862903225,151.29749705558376,75.64874852779188,1.0010344941419795,0.8999565155231846,0.21180145735398356,cdbox
HE575324.1/2850286-2850408,148.75000000000009,104.3407604067628,1088.436106587063,2.3154299787315282,0.2756302521008402,3.8691528090153264,172.3735043444902,173.0785113945615,19.220924740681216,33.0357590465518,104.3407604067628,194.22085939314417,1086.1206766083315,29956.171106557358,161.18510034659238,80.59255017329619,1.1588134745848073,0.7729013764984143,0.2554560613552974,cdbox
FR796401.1/453114-453234,110.24999999999996,68.18326896226246,557.5947218144767,0.16892747806008188,0.3658352229780803,4.470077107411285,116.26478400616415,116.74821554667693,8.406983536236337,23.387947081104848,68.18326896226246,161.4170819651966,557.4257943364166,13630.145833333336,138.02913488409175,69.01456744204587,1.0545558640014894,1.0854550171143962,0.2592983650061337,cdbox
