nameseq,average,median,maximum,minimum,peak,none_levated_peak,sample_standard_deviation,population_standard_deviation,percentile15,percentile25,percentile50,percentile75,amplitude,variance,interquartile_range,semi_interquartile_range,coefficient_of_variation,skewness,kurtosis,label
AJ784359.1/4-73,117.50000000000003,82.24144317871178,649.5452348169649,0.3292072453041429,0.1985815602836879,2.490600797510684,129.05522073903097,129.98703948772206,12.229438291100792,21.050758721855587,82.24144317871178,159.5398298056155,649.2160275716608,16896.630434782615,138.48907108375994,69.24453554187997,1.0983423041619655,0.819615586708879,0.2633627776056353,cdbox
AAPQ01006572.1/223606-223676,121.75,76.97090768107807,496.3892377537941,0.25,0.1943874058863792,2.407125312383056,117.50904220527029,118.34541604979889,28.562867134316868,60.077827902065195,76.97090768107807,163.11405667194782,496.1392377537941,14005.637499999997,103.03622876988263,51.51811438494131,0.9651666710905157,1.143207998598943,0.19036170570486968,cdbox
AAKO01000106.1/14068-14138,119.75,90.88438859442384,461.41269424720286,0.25,0.19763395963813501,2.452196433752688,111.03771881662551,111.82803283869131,16.084486534582393,23.220901349061528,90.88438859442384,191.9439605676556,461.16269424720286,12505.508928571422,168.72305921859407,84.36152960929704,0.9272460861513613,0.7798866469847043,0.42053951484842533,cdbox
AAPT01020876.1/13987-13917,117.74999999999997,85.65061014905763,553.3385232795539,6.20244559749283,0.20099079971691441,2.468264244443057,121.01394547737046,121.87526556747619,19.430259417472172,24.105464848607614,85.65061014905763,147.82492272490884,547.1360776820611,14853.580357142846,123.71945787630123,61.85972893815062,1.0277192821857366,0.7957609279901938,0.21553383272978058,cdbox
