nameseq,average,median,maximum,minimum,peak,none_levated_peak,sample_standard_deviation,population_standard_deviation,percentile15,percentile25,percentile50,percentile75,amplitude,variance,interquartile_range,semi_interquartile_range,coefficient_of_variation,skewness,kurtosis,label
AC155101.19/100605-100523,124.75000000000003,70.31902746563696,341.42247097868534,0.25,0.2217768871075484,2.793806556154732,107.26194572167707,107.91400002983404,14.705262070051734,29.91944936955167,70.31902746563696,222.65725891733217,341.17247097868534,11645.431402439022,192.7378095477805,96.36890477389025,0.8598151961657479,1.5223751210592535,0.343451892215477,cdbox
AARH01007481.1/123778-123693,123.5,76.01604020513949,609.2506551827438,1.2718484314618679,0.2321187584345479,2.949401679659624,127.74681992128025,128.49607455665947,16.03684836303544,29.077529338834346,76.01604020513949,157.89871408483444,607.9788067512819,16511.24117647059,128.82118474600009,64.41059237300004,1.0343872058403258,1.1151109630154612,0.22938963673678664,cdbox
AASG02001268.1/26859-26944,123.50000000000001,69.74308149525243,513.2237397726435,0.25000990651681415,0.23211875843454788,2.9487208491382315,122.11981821145986,122.83606962126395,23.487656442992144,34.72693743244535,69.74308149525243,229.82227808442866,512.9737298661267,15088.700000000003,195.09534065198332,97.54767032599166,0.988824438959189,1.3205944610480016,0.3715226831847379,cdbox
BT017923.1/466-551,117.50000000000001,87.20439364830168,551.5864948658341,7.724359836329965,0.24397163120567375,2.9220414003034545,109.06534738403398,109.70503232599253,23.774887227394757,39.096951469888644,87.20439364830168,167.29812924215435,543.8621350295041,12035.194117647066,128.2011777722657,64.10058888613285,0.9282157224173104,0.8333244356254614,0.3213784551625199,cdbox
