nameseq,average,median,maximum,minimum,peak,none_levated_peak,sample_standard_deviation,population_standard_deviation,percentile15,percentile25,percentile50,percentile75,amplitude,variance,interquartile_range,semi_interquartile_range,coefficient_of_variation,skewness,kurtosis,label
AL731594.5/115272-115179,121.50000000000001,93.24519288504602,448.46017313673764,0.3959224718858603,0.2578875171467764,3.164665354352907,107.17858927976239,107.75327752418623,21.67816653024807,35.13802489519047,93.24519288504602,173.8760208315103,448.0642506648518,11610.768817204298,138.7379959363198,69.3689979681599,0.88212830682932,0.7908708438362261,0.2779135679191902,cdbox
AJ494969.1/1-90,96.50000000000004,65.532363325407,634.3992801091104,1.0,0.3108808290155439,3.506803733874646,111.50896824919508,112.13367323938559,14.198486910377806,25.809795456855685,65.532363325407,125.81256601019375,633.3992801091104,12573.9606741573,100.00277055333807,50.00138527666903,1.155533349732591,0.8331429434102914,0.22660220379348447,cdbox
AP005930.3/106994-106901,99.50000000000001,64.16416643957336,441.4454119304657,0.8867661827659957,0.31490787269681736,3.5924270967404333,95.3690201270832,95.88038583097574,15.454693137159955,23.89784609830634,64.16416643957336,162.64700370414042,440.5586457476997,9193.048387096775,138.74915760583409,69.37457880291704,0.9584826143425447,1.1115506958131742,0.32183260822431936,cdbox
AJ494970.1/1-94,97.49999999999999,67.77774184478045,400.6247836856798,1.3613323770949362,0.3213675213675214,3.5995909955530494,90.36177289097418,90.8462898917549,13.095270383397146,23.45127221948652,67.77774184478045,157.78950948068515,399.2634513085849,8253.048387096771,134.33823726119863,67.16911863059931,0.926787414266402,0.9867753986328113,0.3057052147869317,cdbox
