nameseq,average,median,maximum,minimum,peak,none_levated_peak,sample_standard_deviation,population_standard_deviation,percentile15,percentile25,percentile50,percentile75,amplitude,variance,interquartile_range,semi_interquartile_range,coefficient_of_variation,skewness,kurtosis,label
AJ494948.1/1-194,226.50000000000003,168.96994053324585,1107.0255279920916,0.1455217795090046,0.28550404709345106,4.913725768765401,231.77197846159058,232.37164823092,22.314708482953314,60.481971187288615,168.96994053324585,307.6663519376414,1106.8800062125827,53996.582901554415,247.1843807503528,123.5921903751764,1.02327584309753,0.7446550680796139,0.20961682952961536,cdbox
AP005501.3/23358-23161,233.50000000000026,147.32976841684228,1240.995213813154,3.73700400719307,0.28265524625267635,4.942921020599848,249.63423242816683,250.26701983736115,30.463309546324467,60.97481715281086,147.32976841684228,279.1052488875248,1237.2582098059609,62633.581218274114,218.13043173471394,109.06521586735697,1.0690973551527476,1.0355578729526262,0.19946198952617447,cdbox
AJ494949.1/1-198,231.49999999999997,154.1155760757731,1444.0,1.2453286064794629,0.28509719222462204,4.884505550243466,219.16489226151162,219.72044421050336,35.99127475431027,61.69434965610432,154.1155760757731,329.03265775978616,1442.7546713935205,48277.07360406092,267.3383081036818,133.6691540518409,0.946716597241951,1.0592630479140381,0.25388612187117987,cdbox
AP004560.3/126987-126790,243.5,186.25517629707747,1225.0,7.921128163105152,0.27104722792607805,4.698411160121068,216.97753339919785,217.52754070339466,39.58786067009589,70.92584390104453,186.25517629707747,389.02705606416254,1217.078871836895,47318.23096446702,318.101212163118,159.050606081559,0.8910781659104635,0.7914850372679297,0.29216204071289503,cdbox
