nameseq,average,median,maximum,minimum,peak,none_levated_peak,sample_standard_deviation,population_standard_deviation,percentile15,percentile25,percentile50,percentile75,amplitude,variance,interquartile_range,semi_interquartile_range,coefficient_of_variation,skewness,kurtosis,label
AJ223032.1/9-104,148.0,89.10526344150553,725.5297639654102,9.99595969876974,0.21621621621621623,2.9267161062873512,149.1676908717166,149.9507287499183,33.97044039517325,46.0270761827796,89.10526344150553,211.91670683314857,715.5338042666405,22485.221052631576,165.88963065036896,82.94481532518448,1.0078898031872743,1.184467015899783,0.3074745712626639,cdbox
AABZ01000203.1/11569-11665,148.24999999999997,109.445812097417,753.6282197682845,0.8227981331034646,0.21810005621135475,2.9478022313804897,141.20906486483082,141.94262338470895,30.700252548837767,63.35892476229416,109.445812097417,189.16049931624676,752.805421635181,20147.70833333333,125.8015745539526,62.9007872769763,0.9525063397290445,0.8243986589613223,0.1961734761554121,cdbox
