nameseq,average,median,maximum,minimum,peak,none_levated_peak,sample_standard_deviation,population_standard_deviation,percentile15,percentile25,percentile50,percentile75,amplitude,variance,interquartile_range,semi_interquartile_range,coefficient_of_variation,skewness,kurtosis,label
AJ010799.1/3-106,131.99999999999997,96.39884356857237,576.0,0.6862915010152392,0.26262626262626265,3.416364222033138,132.71774561075094,133.36045031694314,24.517426018259002,42.901929580321365,96.39884356857237,160.29825100157458,575.3137084989847,17785.009708737864,117.39632142125322,58.69816071062661,1.0054374667481134,0.8047414368198179,0.1795576977929684,cdbox
AABY01000226.1/9021-8920,125.5,94.9338342373984,497.9296674527088,3.414757372368556,0.27091633466135456,3.4135289179336397,115.35705440067373,115.9267223313721,15.932399776630465,36.51852051066163,94.9338342373984,178.41828464424364,494.51491008034026,13439.004950495048,141.899764133582,70.949882066791,0.9191797163400297,0.794910183553276,0.28947591922683374,cdbox
AACA01000204.1/7787-7681,144.74999999999997,98.76032582329024,696.4905951921645,4.652711146701025,0.24640184225676456,3.303361435882117,149.19994973189503,149.9020710204713,43.64592086318472,57.61182587780908,98.76032582329024,155.20206362256152,691.8378840454635,22470.630896226423,97.59023774475244,48.79511887237622,1.0307423124828674,0.9247256636349591,0.16994616395713363,cdbox
AABZ01000605.1/944-1046,135.75000000000006,95.35193844030057,868.8941497754147,1.5278732422217327,0.252915899324739,3.3268861985805804,155.67072621401874,156.43195679861302,28.72864454042217,42.65691939008434,95.35193844030057,154.30384829059014,867.366276533193,24470.95710784313,111.6469289005058,55.8234644502529,1.146745681134576,0.7785290634057854,0.237223468269114,cdbox
