nameseq,average,median,maximum,minimum,peak,none_levated_peak,sample_standard_deviation,population_standard_deviation,percentile15,percentile25,percentile50,percentile75,amplitude,variance,interquartile_range,semi_interquartile_range,coefficient_of_variation,skewness,kurtosis,label
U51033.2/34867-34704,241.00000000000014,188.92583211632493,884.3908003201097,0.48820607026656015,0.22683264177040097,3.92510674041652,209.72124355915878,210.3635765902173,37.529571861409636,81.2716148974184,188.92583211632493,340.4460494838768,883.9025942498432,44252.834355828214,259.17443458645835,129.58721729322917,0.870212628876177,0.7449054802450565,0.25734342092893103,cdbox
AABY01000114.1/30471-30635,239.25000000000009,167.2063467174747,1095.5160736961127,0.2233522622788382,0.22988505747126428,4.054778451335355,237.60313550119656,238.3264343904559,30.104160832420952,52.810679131462685,167.2063467174747,322.23902630113344,1095.2927214338338,56799.48932926827,269.42834716967076,134.71417358483538,0.993116553819003,0.9096300829181934,0.2416048732471933,cdbox
AACI02000085.1/17022-16859,242.99999999999991,180.22257433585256,1374.077559028117,1.6201200151428254,0.224965706447188,3.90705785273634,231.62037906885482,232.3297846475045,44.669882913457805,83.52568178633432,180.22257433585256,344.93494306493216,1372.4574390129742,53977.128834355826,261.40926127859785,130.70463063929893,0.9531702842339708,0.8131075415279228,0.235801834861578,cdbox
AACH01001819.1/243-406,232.99999999999991,168.25996391098678,1117.4892934116347,0.7031603830811302,0.23462088698140207,4.043025192354271,229.5386677664572,230.24169749157878,39.612406273889185,58.838057734406284,168.25996391098678,330.65409990327373,1116.7861330285534,53011.239263803676,271.81604216886745,135.90802108443373,0.985144496851748,0.846132419242964,0.24301990664459155,cdbox
