nameseq,average,median,maximum,minimum,peak,none_levated_peak,sample_standard_deviation,population_standard_deviation,percentile15,percentile25,percentile50,percentile75,amplitude,variance,interquartile_range,semi_interquartile_range,coefficient_of_variation,skewness,kurtosis,label
CP001365.1/2074171-2074240,57.499999999999986,46.35933437704665,377.6085981760739,5.891298577005799,0.40579710144927544,3.3942547948364505,63.5236176551682,63.982277890506275,14.482837291959488,23.494528170311323,46.35933437704665,61.216022023867176,371.7172995990681,4093.7318840579683,37.721493853555856,18.860746926777928,1.104758567915969,0.5261349731416128,0.20154262564337203,cdbox
