nameseq,average,median,maximum,minimum,peak,none_levated_peak,sample_standard_deviation,population_standard_deviation,percentile15,percentile25,percentile50,percentile75,amplitude,variance,interquartile_range,semi_interquartile_range,coefficient_of_variation,skewness,kurtosis,label
BA000002.3/840962-840900,69.74999999999999,38.67316079031846,303.7680301223675,2.25,0.30107526881720437,2.901414530414518,72.31787469222255,72.89875048710127,10.431497383815218,13.714689856631272,38.67316079031846,106.78107964222953,301.5180301223675,5314.227822580647,93.06638978559826,46.53319489279913,1.0368154077738,1.2891766803964315,0.28164197703891625,cdbox
BA000001.2/544644-544590,65.75,31.749889204270158,267.39680800533256,1.5904900416618744,0.2788339670468948,2.620073334219772,67.98805042064377,68.61468164348676,9.372066832865777,12.012846036777127,31.749889204270158,107.59130392726827,265.80631796367066,4707.974537037038,95.57845789049114,47.78922894524557,1.034038789667586,1.500268528897518,0.30625547549976984,cdbox
AJ248287.2/202677-202731,67.75000000000001,45.59438050070579,270.00689038906467,2.909830056250525,0.2706027060270602,2.523186121867982,69.57998993963712,70.22129372628073,14.090169943749473,17.381663721455542,45.59438050070579,75.9081042773004,267.0970603328141,4931.030092592594,58.52644055584486,29.26322027792243,1.02701092161826,0.9552582366790339,0.19779247264412214,cdbox
AF195105.1/1-56,78.00000000000001,55.88849952037832,283.84516503772466,1.2823703408063936,0.2393162393162393,2.4598870885516333,82.49242389456136,83.23897688419332,6.921937288761062,9.514718625761429,55.88849952037832,93.66053283238517,282.5627946969183,6928.72727272727,84.14581420662374,42.07290710331187,1.0575951781354018,0.8041284072783617,0.196605902395588,cdbox
