nameseq,average,median,maximum,minimum,peak,none_levated_peak,sample_standard_deviation,population_standard_deviation,percentile15,percentile25,percentile50,percentile75,amplitude,variance,interquartile_range,semi_interquartile_range,coefficient_of_variation,skewness,kurtosis,label
AE000782.1/2111100-2111040,77.24999999999997,68.24099613090958,270.6241462334575,0.25,0.26321467098166135,2.553544401219968,64.07612659953784,64.60788780533433,17.239548713684826,29.496857608316663,68.24099613090958,111.01117807668729,270.3741462334575,4174.179166666668,81.51432046837063,40.757160234185314,0.8294644220004902,0.4217953400364577,0.2638933684680599,cdbox
L77117.1/22583-22529,65.74999999999999,35.30990564596709,391.88951979368403,5.89308621308449,0.27883396704689484,2.6173931237522012,84.53623483453707,85.31538711028496,12.532534309903141,16.045441261811096,35.30990564596709,65.69786300570819,385.99643358059956,7278.7152777777765,49.652421743897094,24.826210871948547,1.2857222028066477,1.0802501819585417,0.13688269935648054,cdbox
CP000745.1/387458-387404,73.75,41.82524176956341,370.4885021200347,0.055728090000841266,0.2485875706214689,2.528506041940405,91.33660273953703,92.1784325421404,11.774691483082249,16.769689259320536,41.82524176956341,80.48563995678074,370.43277403003384,8496.863425925929,63.71595069746021,31.857975348730104,1.2384624100276207,1.0485859099054469,0.19371909743830087,cdbox
CP000743.1/1513977-1513922,70.00000000000001,40.65861071973948,311.3127026177104,4.0,0.2666666666666666,2.5047435147644204,70.97887009526144,71.62122590405724,17.019429270971816,23.679939886499955,40.65861071973948,107.00925815264395,307.3127026177104,5129.599999999999,83.329318266144,41.664659133072,1.0139838585037346,1.2401460846396049,0.31610178159500035,cdbox
