nameseq,average,median,maximum,minimum,peak,none_levated_peak,sample_standard_deviation,population_standard_deviation,percentile15,percentile25,percentile50,percentile75,amplitude,variance,interquartile_range,semi_interquartile_range,coefficient_of_variation,skewness,kurtosis,label
BA000001.2/56302-56359,64.50000000000001,49.41220012994034,172.10897259486006,2.855666750255157,0.29974160206718337,2.6857860429316283,53.89109388386917,54.36176739571632,11.80477397871015,16.164979031242126,49.41220012994034,109.66577082994002,169.2533058446049,2955.2017543859656,93.50079179869789,46.750395899348945,0.8355208354088242,0.8399050074529549,0.3396681805458603,cdbox
AJ248283.1/65334-65391,58.5,35.33949088339101,195.19445473414493,1.0,0.33048433048433046,2.809336055618762,51.14929129518804,51.5960184782413,14.269539126229814,18.502137394978675,35.33949088339101,87.06143321823808,194.19445473414493,2662.1491228070176,68.5592958232594,34.2796479116297,0.8743468597468042,1.3584064527666988,0.2652471070624535,cdbox
AP006878.1/1826866-1826924,68.75,47.13277077706445,301.493161541445,5.422285567636562,0.28606060606060607,2.6137128298618313,64.71958745233161,65.27513058136148,17.478271399905925,23.713352788930873,47.13277077706445,93.68662515449624,296.0708759738084,4260.842672413793,69.97327236556536,34.98663618278268,0.9413758174884598,1.0020411164791854,0.2428699648515093,cdbox
AE009950.1/1889551-1889494,60.50000000000001,41.07084686021004,158.34530510171405,1.0,0.3195592286501377,2.7564172360876613,48.99234634103576,49.420235219217716,11.487715698870629,21.556999233659923,41.07084686021004,101.4727174696012,157.34530510171405,2442.359649122807,79.91571823594128,39.95785911797064,0.8097908486121612,1.1897258198991094,0.3088129237702005,cdbox
