nameseq,average,median,maximum,minimum,peak,none_levated_peak,sample_standard_deviation,population_standard_deviation,percentile15,percentile25,percentile50,percentile75,amplitude,variance,interquartile_range,semi_interquartile_range,coefficient_of_variation,skewness,kurtosis,label
AE009950.1/1849547-1849600,61.49999999999999,50.23836768933869,289.0,5.965880018571738,0.29268292682926833,2.563757748241892,59.457968347396466,60.016271378590986,12.213494874133191,15.729003749276588,50.23836768933869,85.02920845224409,283.03411998142826,3601.9528301886794,69.3002047029675,34.65010235148375,0.9667962332909996,0.5682147888839407,0.28485348103588337,cdbox
AJ248288.1/255929-255876,59.49999999999999,33.294839266987175,277.0,3.9532476273590116,0.3025210084033614,2.6526578842080673,66.41724173736816,67.04089149224875,12.554275589745256,16.218940810382037,33.294839266987175,63.64706239842104,273.046752372641,4494.481132075471,47.428121588039005,23.714060794019503,1.1162561636532464,1.1836607504705698,0.16284190909154092,cdbox
AP006878.1/1226898-1226844,59.74999999999999,40.44671231433232,240.25,1.9966736005499535,0.3068340306834031,2.685015539736086,59.265293384914585,59.811528834176116,10.916500081031442,13.299737753108138,40.44671231433232,76.07360222369678,238.25332639945006,3577.4189814814813,62.77386447058864,31.38693223529432,0.9918877553960601,0.9771294420309646,0.24760822485337766,cdbox
