nameseq,average,median,maximum,minimum,peak,none_levated_peak,sample_standard_deviation,population_standard_deviation,percentile15,percentile25,percentile50,percentile75,amplitude,variance,interquartile_range,semi_interquartile_range,coefficient_of_variation,skewness,kurtosis,label
CP001463.1/675109-675057,67.25000000000001,48.48380180374558,284.7172418920045,2.6577315048787056,0.26270136307311026,2.3910052754727427,64.03319451659426,64.64596632071067,13.205167786351655,28.784067160737628,48.48380180374558,83.19461928101002,282.0595103871258,4179.100961538459,54.41055212027239,27.205276060136196,0.9521664612132974,0.8792095258370012,0.1984262441958244,cdbox
CP002565.1/1609578-1609526,61.25,37.16196884290253,289.73351630950185,1.1031897703941942,0.28843537414965986,2.6392379304586586,73.34337052522197,74.04523695272111,7.253764798156521,14.869508168332144,37.16196884290253,73.65846974232359,288.63032653910767,5482.697115384615,58.78896157399144,29.39448078699572,1.1974427840852566,0.985284599736817,0.15780871539715974,cdbox
BA000001.2/630833-630885,63.24999999999999,47.46076262742294,280.5177631138932,0.02809189079462314,0.2793148880105402,2.5138269251742376,60.13526419664255,60.71073438223893,12.52793207788079,17.675119601143336,47.46076262742294,82.13966170378765,280.4896712230986,3685.7932692307686,64.46454210264432,32.23227105132216,0.9507551651643092,0.7876861064888409,0.241272324582184,cdbox
AJ248287.2/97964-97912,63.25,39.848564102150654,322.56856124817233,0.3837334159028686,0.2793148880105402,2.5957212319727807,72.80968342191855,73.50644267943196,5.793040551843784,8.571583472319624,39.848564102150654,77.03219114497655,322.18482783226943,5403.197115384615,68.46060767265692,34.23030383632846,1.15114123987223,0.9642166315533491,0.2348863862622442,cdbox
