nameseq,average,median,maximum,minimum,peak,none_levated_peak,sample_standard_deviation,population_standard_deviation,percentile15,percentile25,percentile50,percentile75,amplitude,variance,interquartile_range,semi_interquartile_range,coefficient_of_variation,skewness,kurtosis,label
AJ248287.2/274259-274205,65.75,44.65195117025074,257.33436037124073,3.694105090755112,0.2788339670468948,2.5702736318485755,66.07855173957732,66.68758352419357,10.265118252830357,16.605601873034892,44.65195117025074,90.3153797482819,253.64025528048563,4447.233796296293,73.709777875247,36.8548889376235,1.0049969846323548,0.9578621931469808,0.2679138790593299,cdbox
