nameseq,average,median,maximum,minimum,peak,none_levated_peak,sample_standard_deviation,population_standard_deviation,percentile15,percentile25,percentile50,percentile75,amplitude,variance,interquartile_range,semi_interquartile_range,coefficient_of_variation,skewness,kurtosis,label
JF909321.1/1-64,102.0,53.72931445462531,404.76701160059866,0.5459465717832419,0.2091503267973856,2.490770588091652,112.5433249908674,113.43300938901172,9.595060099622946,20.292122948793395,53.72931445462531,122.2842712474619,404.2210650288154,12867.04761904762,101.99214829866851,50.996074149334255,1.1033659312830137,1.2867227500864682,0.1935663785869143,cdbox
