nameseq,AB.1,AD.1,ASSD.1,MAXD.1,MIND.1,AS.1,APL.1,TALU.1,TU.1,NE.1,MOT3.1,MOT4.1,AB.2,AD.2,ASSD.2,MAXD.2,MIND.2,AS.2,APL.2,TALU.2,TU.2,NE.2,MOT3.2,MOT4.2,AB.3,AD.3,ASSD.3,MAXD.3,MIND.3,AS.3,APL.3,TALU.3,TU.3,NE.3,MOT3.3,MOT4.3,AB.4,AD.4,ASSD.4,MAXD.4,MIND.4,AS.4,APL.4,TALU.4,TU.4,NE.4,MOT3.4,MOT4.4,AB.5,AD.5,ASSD.5,MAXD.5,MIND.5,AS.5,APL.5,TALU.5,TU.5,NE.5,MOT3.5,MOT4.5,AB.6,AD.6,ASSD.6,MAXD.6,MIND.6,AS.6,APL.6,TALU.6,TU.6,NE.6,MOT3.6,MOT4.6,AB.7,AD.7,ASSD.7,MAXD.7,MIND.7,AS.7,APL.7,TALU.7,TU.7,NE.7,MOT3.7,MOT4.7,AB.8,AD.8,ASSD.8,MAXD.8,MIND.8,AS.8,APL.8,TALU.8,TU.8,NE.8,MOT3.8,MOT4.8,AB.9,AD.9,ASSD.9,MAXD.9,MIND.9,AS.9,APL.9,TALU.9,TU.9,NE.9,MOT3.9,MOT4.9,AB.10,AD.10,ASSD.10,MAXD.10,MIND.10,AS.10,APL.10,TALU.10,TU.10,NE.10,MOT3.10,MOT4.10,label
ABGY01000889.1/1819-1978,45.767441860465105,7.953488372093023,0.642703399698088,50.0,2.0,9.268484957783311,3.179401993355482,0.14894795127353266,0.15,157.0,234.0,842.0,12.813953488372091,5.720930232558138,0.6236923790757161,47.0,0.0,9.463087606148646,1.7976931348623157e+308,0.057894736842105256,0.08450704225352113,157.0,67.0,167.0,1.4418604651162792,4.1395348837209305,0.6003660608267043,47.0,0.0,9.013120656560265,1.7976931348623157e+308,0.3333333333333333,0.3333333333333333,157.0,14.0,13.0,0.255813953488372,3.162790697674418,0.7075581354320929,44.0,0.0,8.178048418353656,1.7976931348623157e+308,0.0,0.0,157.0,4.0,2.0,0.023255813953488372,2.232558139534884,0.8942094359305895,40.0,0.0,7.300325603768535,1.7976931348623157e+308,0.0,0.0,157.0,1.0,0.0,0.0,2.0000000000000004,1.0,40.0,0.0,7.044707728269795,1.7976931348623157e+308,0.0,0.0,157.0,0.0,0.0,0.0,2.0000000000000004,1.0,40.0,0.0,7.044707728269795,1.7976931348623157e+308,0.0,0.0,157.0,0.0,0.0,0.0,2.0000000000000004,1.0,40.0,0.0,7.044707728269795,1.7976931348623157e+308,0.0,0.0,157.0,0.0,0.0,0.0,1.627906976744186,1.0,40.0,0.0,6.710017695931864,1.7976931348623157e+308,0.0,0.0,157.0,0.0,0.0,0.0,1.627906976744186,1.0,40.0,0.0,6.710017695931864,1.7976931348623157e+308,0.0,0.0,157.0,0.0,0.0,hacabox
