nameseq,AB.1,AD.1,ASSD.1,MAXD.1,MIND.1,AS.1,APL.1,TALU.1,TU.1,NE.1,MOT3.1,MOT4.1,AB.2,AD.2,ASSD.2,MAXD.2,MIND.2,AS.2,APL.2,TALU.2,TU.2,NE.2,MOT3.2,MOT4.2,AB.3,AD.3,ASSD.3,MAXD.3,MIND.3,AS.3,APL.3,TALU.3,TU.3,NE.3,MOT3.3,MOT4.3,AB.4,AD.4,ASSD.4,MAXD.4,MIND.4,AS.4,APL.4,TALU.4,TU.4,NE.4,MOT3.4,MOT4.4,AB.5,AD.5,ASSD.5,MAXD.5,MIND.5,AS.5,APL.5,TALU.5,TU.5,NE.5,MOT3.5,MOT4.5,AB.6,AD.6,ASSD.6,MAXD.6,MIND.6,AS.6,APL.6,TALU.6,TU.6,NE.6,MOT3.6,MOT4.6,AB.7,AD.7,ASSD.7,MAXD.7,MIND.7,AS.7,APL.7,TALU.7,TU.7,NE.7,MOT3.7,MOT4.7,AB.8,AD.8,ASSD.8,MAXD.8,MIND.8,AS.8,APL.8,TALU.8,TU.8,NE.8,MOT3.8,MOT4.8,AB.9,AD.9,ASSD.9,MAXD.9,MIND.9,AS.9,APL.9,TALU.9,TU.9,NE.9,MOT3.9,MOT4.9,AB.10,AD.10,ASSD.10,MAXD.10,MIND.10,AS.10,APL.10,TALU.10,TU.10,NE.10,MOT3.10,MOT4.10,label
EF503658.1/1-117,54.872340425531924,5.021276595744683,0.6339568475168005,20.0,2.0,3.6465627167099495,3.385753931544866,0.09143870314083082,0.05976095617529881,114.0,241.0,897.0,4.489361702127657,2.5531914893617027,0.6762905917835496,20.0,0.0,3.6367422330589783,1.7976931348623157e+308,0.18518518518518517,0.13043478260869565,114.0,21.0,30.0,0.04255319148936173,1.106382978723404,0.9235294117647057,16.0,0.0,2.8376949182517794,1.7976931348623157e+308,0.0,0.0,114.0,2.0,0.0,0.0,0.595744680851064,1.0,16.0,0.0,2.5736766851127566,1.7976931348623157e+308,0.0,0.0,114.0,0.0,0.0,0.0,0.595744680851064,1.0,16.0,0.0,2.5736766851127566,1.7976931348623157e+308,0.0,0.0,114.0,0.0,0.0,0.0,0.595744680851064,1.0,16.0,0.0,2.5736766851127566,1.7976931348623157e+308,0.0,0.0,114.0,0.0,0.0,0.0,0.3404255319148937,0.0,16.0,0.0,2.308878292127751,1.7976931348623157e+308,0.0,0.0,114.0,0.0,0.0,0.0,0.3404255319148937,0.0,16.0,0.0,2.308878292127751,1.7976931348623157e+308,0.0,0.0,114.0,0.0,0.0,0.0,0.0,0.0,0.0,0.0,0.0,0.0,0.0,0.0,0.0,0.0,0.0,0.0,0.0,0.0,0.0,0.0,0.0,0.0,0.0,0.0,0.0,0.0,0.0,hacabox
