nameseq,AB.1,AD.1,ASSD.1,MAXD.1,MIND.1,AS.1,APL.1,TALU.1,TU.1,NE.1,MOT3.1,MOT4.1,AB.2,AD.2,ASSD.2,MAXD.2,MIND.2,AS.2,APL.2,TALU.2,TU.2,NE.2,MOT3.2,MOT4.2,AB.3,AD.3,ASSD.3,MAXD.3,MIND.3,AS.3,APL.3,TALU.3,TU.3,NE.3,MOT3.3,MOT4.3,AB.4,AD.4,ASSD.4,MAXD.4,MIND.4,AS.4,APL.4,TALU.4,TU.4,NE.4,MOT3.4,MOT4.4,AB.5,AD.5,ASSD.5,MAXD.5,MIND.5,AS.5,APL.5,TALU.5,TU.5,NE.5,MOT3.5,MOT4.5,AB.6,AD.6,ASSD.6,MAXD.6,MIND.6,AS.6,APL.6,TALU.6,TU.6,NE.6,MOT3.6,MOT4.6,AB.7,AD.7,ASSD.7,MAXD.7,MIND.7,AS.7,APL.7,TALU.7,TU.7,NE.7,MOT3.7,MOT4.7,AB.8,AD.8,ASSD.8,MAXD.8,MIND.8,AS.8,APL.8,TALU.8,TU.8,NE.8,MOT3.8,MOT4.8,AB.9,AD.9,ASSD.9,MAXD.9,MIND.9,AS.9,APL.9,TALU.9,TU.9,NE.9,MOT3.9,MOT4.9,AB.10,AD.10,ASSD.10,MAXD.10,MIND.10,AS.10,APL.10,TALU.10,TU.10,NE.10,MOT3.10,MOT4.10,label
JF909334.1/1-134,61.4375,5.541666666666668,0.5065967353326258,24.0,2.0,4.941146684278413,3.6143617021276597,0.07638888888888888,0.12272727272727273,131.0,202.0,657.0,18.895833333333332,3.5416666666666665,0.3560838523891375,23.0,0.0,5.094761743420611,1.7976931348623157e+308,0.02592592592592592,0.05172413793103448,131.0,56.0,135.0,0.6458333333333329,2.0416666666666665,0.39221807569015893,19.0,0.0,4.387284341011976,1.7976931348623157e+308,0.21428571428571427,0.1875,131.0,14.0,18.0,0.08333333333333333,1.0416666666666667,-0.2988505747126434,13.0,0.0,3.1554076158591973,1.7976931348623157e+308,0.0,0.0,131.0,2.0,1.0,0.0,0.37499999999999983,0.0,9.0,0.0,1.79843682124227,1.7976931348623157e+308,0.0,0.0,131.0,0.0,0.0,0.0,0.37499999999999983,0.0,9.0,0.0,1.79843682124227,1.7976931348623157e+308,0.0,0.0,131.0,0.0,0.0,0.0,0.37499999999999983,0.0,9.0,0.0,1.79843682124227,1.7976931348623157e+308,0.0,0.0,131.0,0.0,0.0,0.0,0.37499999999999983,0.0,9.0,0.0,1.79843682124227,1.7976931348623157e+308,0.0,0.0,131.0,0.0,0.0,0.0,0.37499999999999983,0.0,9.0,0.0,1.79843682124227,1.7976931348623157e+308,0.0,0.0,131.0,0.0,0.0,0.0,0.0,0.0,0.0,0.0,0.0,0.0,0.0,0.0,0.0,0.0,0.0,hacabox
