nameseq,average,median,maximum,minimum,peak,none_levated_peak,sample_standard_deviation,population_standard_deviation,percentile15,percentile25,percentile50,percentile75,amplitude,variance,interquartile_range,semi_interquartile_range,coefficient_of_variation,skewness,kurtosis,label
DQ789422.1/5-79,4582.000000000002,194.79074412327515,212148.0,21.30629722208124,0.005456132693147095,0.5089009190083196,24678.173311653354,24844.35817460592,69.6741619224896,90.77048906874649,194.79074412327515,720.089381871725,212126.6937027779,617242133.108108,629.3188928029786,314.6594464014893,5.385895528514479,0.5333307129914306,0.1325458766729643,cdbox
AY948650.1/1-70,8881.0,219.61171473940203,464747.0,11.0,0.0026273317569342793,0.39605883074348364,55361.01691623809,55760.74064080923,52.823580891750716,102.88386518593948,219.61171473940203,551.2727408961848,464736.0,3109260196.811594,448.3888757102453,224.19443785512266,6.23364676458035,0.4693585180181239,0.05459348147306157,cdbox
