nameseq,average,median,maximum,minimum,peak,none_levated_peak,sample_standard_deviation,population_standard_deviation,percentile15,percentile25,percentile50,percentile75,amplitude,variance,interquartile_range,semi_interquartile_range,coefficient_of_variation,skewness,kurtosis,label
AY948630.1/1-155,23293.999999999956,420.76001069199407,2290916.0,42.87346882377634,0.0022180246701582708,0.64361919735798,189635.87088417634,190250.57548132155,146.77465809845523,204.74987481090176,420.76001069199407,1054.1886093444955,2290873.1265311763,36195281470.97403,849.4387345335938,424.7193672667969,8.140974967123581,0.3618498950013242,0.08306317937868984,cdbox
AAGD02001042.1/12284-12133,18212.0,293.08834122230985,1614296.0,33.8786509272392,0.0027820484662127534,0.6677598298834084,138006.50796248703,138462.72906788727,118.05090350399921,141.93968083282758,293.08834122230985,1033.3713373703558,1614262.1213490728,19171927340.92715,891.4316565375283,445.71582826876414,7.577778825087142,0.3895231882176545,0.06743736347577987,cdbox
CAAC02000522.1/191093-190937,14504.999999999996,303.16686195026034,1600475.0,37.39922223135879,0.0036079512811674147,0.7908162666976125,128214.48475893821,128624.77215882739,95.08045861545192,148.1054053222957,303.16686195026034,807.0796341105956,1600437.6007777685,16544332012.910255,658.9742287882999,329.48711439414996,8.839330214335625,0.332298643903251,0.09399030802357819,cdbox
DQ789432.1/2-154,15166.999999999996,305.8335247150389,1824875.0,39.22625243200571,0.0033625634601437337,0.7719667738139726,147235.12761566107,147718.65971403386,106.98514179325112,149.7803260930004,305.8335247150389,838.9995540129034,1824835.773747568,21820802427.710526,689.219227919903,344.6096139599515,9.707597258235715,0.3028047732076175,0.12144523948186933,cdbox
