nameseq,average,median,maximum,minimum,peak,none_levated_peak,sample_standard_deviation,population_standard_deviation,percentile15,percentile25,percentile50,percentile75,amplitude,variance,interquartile_range,semi_interquartile_range,coefficient_of_variation,skewness,kurtosis,label
AY948677.1/1-122,40235.00000000003,584.3480337549436,3749771.0,75.94097513050288,0.0010107286359305738,0.3824140698542862,340549.60587262467,341953.9401021795,218.49758382669216,274.33232680148353,584.3480337549436,2005.9784006012896,3749695.0590248695,116932497151.40495,1731.6460737998061,865.8230368999031,8.464014064188504,0.34929406420522097,0.08740229966131594,cdbox
DQ789544.1/1-118,37248.99999999999,489.6402569122706,3381699.0,79.46247736837546,0.0010559567594655788,0.3851020321345811,312060.03931615467,313390.7917895734,270.9050566334719,348.7147659630283,489.6402569122706,1396.9682675356014,3381619.5375226317,98213788378.49573,1048.253501572573,524.1267507862865,8.377675623940368,0.3533873785023083,0.0793861291820873,cdbox
DQ789456.1/1-123,33286.00000000001,399.3639133353989,3347156.0,33.056631505857275,0.0012317490836988522,0.4573624450911134,301168.6987288022,302400.4776885213,146.11371493825283,221.0,399.3639133353989,1164.208050491371,3347122.943368494,91446048906.2459,943.2080504913711,471.60402524568553,9.047908992633603,0.3275901801097715,0.08560663811214504,cdbox
