nameseq,average,median,maximum,minimum,peak,none_levated_peak,sample_standard_deviation,population_standard_deviation,percentile15,percentile25,percentile50,percentile75,amplitude,variance,interquartile_range,semi_interquartile_range,coefficient_of_variation,skewness,kurtosis,label
CAAC02000457.1/1091310-1091374,4075.000000000001,151.73361728195673,175979.0,33.056787429086796,0.005316973415132924,0.47798926285275767,21868.62519684308,22038.811617235628,61.9445206279014,89.5144480704593,151.73361728195673,395.8509963462344,175945.9432125709,485709217.5,306.3365482757751,153.16827413788755,5.366533790636337,0.5382048044727202,0.0452792804315459,cdbox
AY948697.1/1-65,6082.999999999998,195.0762323128079,246627.0,64.03709055029518,0.003561839004876981,0.38593920379223023,31047.25507995836,31288.871603974472,125.73673610996914,166.3288058701455,195.0762323128079,540.5477197536903,246562.9629094497,978993486.25,374.2189138835448,187.1094569417724,5.103938037145877,0.568931818853896,0.04490713915354143,cdbox
