nameseq,average,median,maximum,minimum,peak,none_levated_peak,sample_standard_deviation,population_standard_deviation,percentile15,percentile25,percentile50,percentile75,amplitude,variance,interquartile_range,semi_interquartile_range,coefficient_of_variation,skewness,kurtosis,label
AJ699371.1/1-81,53635.000000000015,859.546607433525,3292387.0,223.1358546232395,0.0005034026288803951,0.23871833901058734,365652.7060805103,367930.9381287472,436.31818190792717,532.8539655444195,859.546607433525,2664.82778916124,3292163.8641453767,135373175232.3,2131.9738236168205,1065.9869118084102,6.817427166598494,0.4329965498541635,0.0635645723469838,cdbox
AAFI02000013.1/120819-120899,53826.99999999996,942.5032879279906,3300995.0,291.78445495780863,0.0005016070002043587,0.23418568131384976,366578.8609617308,368862.86350119335,530.0344753208412,640.0062280488773,942.5032879279906,2769.7730779341864,3300703.2155450424,136059812070.3,2129.766849885309,1064.8834249426545,6.810315658716464,0.4327949781937334,0.06310150097765481,cdbox
ADID01000479.1/7580-7497,73498.00000000004,1401.7707110534127,4797636.0,470.9718809422486,0.0003809627472856402,0.2108769249660354,522026.01575400436,525161.3353299098,682.2547702342508,750.7406807074058,1401.7707110534127,3968.783931613164,4797165.028119057,275794428125.49396,3218.043250905758,1609.021625452879,7.102588039865085,0.41432549593229884,0.0790044856567266,cdbox
