nameseq,average,median,maximum,minimum,peak,none_levated_peak,sample_standard_deviation,population_standard_deviation,percentile15,percentile25,percentile50,percentile75,amplitude,variance,interquartile_range,semi_interquartile_range,coefficient_of_variation,skewness,kurtosis,label
AY948666.1/1-72,4980.000000000001,192.56122731920158,126288.0,20.884931754567823,0.004819277108433734,0.487428397862312,20590.593192037955,20735.090355634766,76.3317507367335,101.57227837372145,192.56122731920158,356.0779989947781,126267.11506824543,429943972.0563379,254.50572062105667,127.25286031052833,4.1346572674775,0.6975183368488903,0.08995724186028867,cdbox
