nameseq,average,median,maximum,minimum,peak,none_levated_peak,sample_standard_deviation,population_standard_deviation,percentile15,percentile25,percentile50,percentile75,amplitude,variance,interquartile_range,semi_interquartile_range,coefficient_of_variation,skewness,kurtosis,label
AY948662.1/1-76,5678.000000000001,245.4877870974717,293484.0,33.07495907144782,0.00446166490548315,0.4799484299813717,33747.96971671037,33972.21118502592,96.64408428480004,118.47842909070184,245.4877870974717,644.265092933615,293450.92504092853,1154111132.8,525.7866638429132,262.8933319214566,5.943636794066638,0.4829190252188069,0.10157164338515665,cdbox
