nameseq,average,median,maximum,minimum,peak,none_levated_peak,sample_standard_deviation,population_standard_deviation,percentile15,percentile25,percentile50,percentile75,amplitude,variance,interquartile_range,semi_interquartile_range,coefficient_of_variation,skewness,kurtosis,label
CAAC02000503.1/360912-360848,7698.999999999998,188.62576665585502,379563.0,61.39428524862144,0.0028142182967484963,0.3806514973484113,46753.08794079809,47116.930688447865,108.71489645167291,138.5335237126677,188.62576665585502,722.0929023351891,379501.6057147514,2220005157.5,583.5593786225214,291.7796893112607,6.072618254422406,0.48191731696017287,0.04867387133227332,cdbox
AAGD02001661.1/7945-8009,7675.000000000002,177.22493721513845,363611.0,64.62476903809709,0.002823018458197611,0.3741953308825036,44929.37337644494,45279.02357880523,107.81070068622765,124.74264578624803,177.22493721513845,632.8011222800765,363546.3752309619,2050189976.25,508.05847649382844,254.02923824691422,5.85399001647491,0.5006374115190115,0.04953381294528097,cdbox
ABEG02005695.1/32372-32436,6499.0000000000055,183.072747956611,308835.0,44.595814834209676,0.0033338462327537543,0.3854201262547132,38092.11613969484,38388.55731204287,110.20998325669905,140.50879889122487,183.072747956611,782.3889391413506,308790.40418516577,1473681332.5,641.8801402501258,320.9400701250629,5.861227287228005,0.497420035333379,0.06137299803496317,cdbox
FO081502.1/41179-41243,7683.0,216.68580383777356,340427.0,83.44284179126495,0.002820078962210942,0.3462472290969532,42216.34242802188,42544.87923064302,118.68917758546574,151.11037436118733,216.68580383777356,946.3552385565229,340343.55715820874,1810066748.75,795.2448641953356,397.6224320976678,5.494773191204202,0.5305751588185661,0.07407584372811721,cdbox
