nameseq,average,median,maximum,minimum,peak,none_levated_peak,sample_standard_deviation,population_standard_deviation,percentile15,percentile25,percentile50,percentile75,amplitude,variance,interquartile_range,semi_interquartile_range,coefficient_of_variation,skewness,kurtosis,label
AY060937.1/627-715,12031.000000000005,331.427384461917,686715.0,26.16461969290394,0.0024658521042861484,0.4466187903644811,73656.03543498658,74073.35342292923,135.04682102808167,152.84397078276083,331.427384461917,1351.7625800176877,686688.835380307,5486861687.318182,1198.9186092349269,599.4593046174634,6.122187302384386,0.47652195287641547,0.091213247173131,cdbox
AY060937.1/872-959,27428.00000000001,562.6176875324994,1907960.0,84.81443756443508,0.001069466725001215,0.3179981996501621,202865.69630176513,204028.25995288568,252.239642350937,318.3251508796947,562.6176875324994,1740.2621743380328,1907875.1855624355,41627530859.4023,1421.937023458338,710.968511729169,7.396299267236585,0.39728819808704774,0.08007043079150374,cdbox
AY060937.1/1109-1197,26615.0,557.0103343988695,1893723.0,158.64186290583615,0.0011146596530778384,0.34704125595259083,200076.93877106378,201210.52823224734,265.18409195747176,302.8600288935486,557.0103343988695,1813.022931714967,1893564.3581370942,40485676671.5,1510.1629028214184,755.0814514107092,7.517450263801006,0.3907195375787574,0.09333134600979291,cdbox
AY060937.1/1349-1435,26108.000000000004,417.00000000000006,1867272.0,89.27850072092056,0.0011107706450130227,0.32637718951403816,199288.8663322665,200444.1737865602,180.15209499254777,251.4006153300891,417.00000000000006,1299.0551122248676,1867182.7214992791,40177866804.976746,1047.6544968947785,523.8272484473893,7.633249055165715,0.3867401195985491,0.08138295684479488,cdbox
