nameseq,average,median,maximum,minimum,peak,none_levated_peak,sample_standard_deviation,population_standard_deviation,percentile15,percentile25,percentile50,percentile75,amplitude,variance,interquartile_range,semi_interquartile_range,coefficient_of_variation,skewness,kurtosis,label
AF019618.1/48-114,13497.999999999993,198.69232841926814,738604.0,66.91894495663931,0.0016545661085592936,0.323104295136612,89679.05727649014,90355.88995223613,108.25839222975785,135.9956453979393,198.69232841926814,976.8023036029571,738537.0810550434,8164186849.060606,840.8066582050178,420.4033291025089,6.643877409726641,0.44489677106810566,0.10061601559173315,cdbox
AL590560.9/76944-76878,20130.0,466.1853793001783,1013932.0,148.00546746133955,0.0011094552078158636,0.26056411673213226,123531.34858002643,124463.67387131658,260.0943006260779,309.11615678659547,466.1853793001783,1760.159394402006,1013783.9945325387,15491206113.545454,1451.0432376154106,725.5216188077053,6.136679015401214,0.4775422962688977,0.08801776362180042,cdbox
AF357424.1/1-46,4221.000000000001,226.3028075389676,130155.0,43.0,0.0036326304983021395,0.3162688653165476,19236.951265728152,19449.52071617419,93.48761915552384,111.85009881038599,226.3028075389676,678.3169196016302,130112.0,378283856.0888889,566.4668207912441,283.23341039562206,4.557439295363219,0.622972497660454,0.10046732857952406,cdbox
AAQQ01222593.1/1115-1049,14666.000000000011,257.8095107550949,781772.0,66.26420812304411,0.0015227964907495782,0.3004599436873368,94920.22858168853,95636.61782845871,148.21931769934483,156.10721323060903,257.8095107550949,1120.9215822939996,781705.7357918769,9146362669.666666,964.8143690633906,482.4071845316953,6.472127954567602,0.45537786953953235,0.08540136383970194,cdbox
