nameseq,average,median,maximum,minimum,peak,none_levated_peak,sample_standard_deviation,population_standard_deviation,percentile15,percentile25,percentile50,percentile75,amplitude,variance,interquartile_range,semi_interquartile_range,coefficient_of_variation,skewness,kurtosis,label
AB061840.1/1853-1925,14990.999999999993,345.816025396769,823611.0,74.61551335448792,0.0016231961399061667,0.33227581043887405,96164.8569280899,96830.36560885457,117.38139551368278,176.86302177327735,345.816025396769,1324.9369429640283,823536.3844866455,9376119703.944445,1148.073921190751,574.0369605953755,6.414839365491958,0.4568774220364491,0.16464269771922535,cdbox
AK096147.1/739-811,14990.999999999993,345.816025396769,823611.0,74.61551335448792,0.0016231961399061667,0.33227581043887405,96164.8569280899,96830.36560885457,117.38139551368278,176.86302177327735,345.816025396769,1324.9369429640283,823536.3844866455,9376119703.944445,1148.073921190751,574.0369605953755,6.414839365491958,0.4568774220364491,0.16464269771922535,cdbox
AL137783.12/17082-17154,14990.999999999993,345.816025396769,823611.0,74.61551335448792,0.0016231961399061667,0.33227581043887405,96164.8569280899,96830.36560885457,117.38139551368278,176.86302177327735,345.816025396769,1324.9369429640283,823536.3844866455,9376119703.944445,1148.073921190751,574.0369605953755,6.414839365491958,0.4568774220364491,0.16464269771922535,cdbox
ABDC01238297.1/2049-2121,9350.999999999996,360.21096690340744,454251.0,76.36590819487272,0.0026022172316686283,0.3752721714092114,53517.073724186375,53887.43851513284,93.48856497522272,124.36744606348216,360.21096690340744,1184.4337565982164,454174.63409180514,2903856029.7222223,1060.0663105347342,530.0331552673671,5.723139100009239,0.5039955517429561,0.18041732987466955,cdbox
