nameseq,average,median,maximum,minimum,peak,none_levated_peak,sample_standard_deviation,population_standard_deviation,percentile15,percentile25,percentile50,percentile75,amplitude,variance,interquartile_range,semi_interquartile_range,coefficient_of_variation,skewness,kurtosis,label
AJ224028.1/3-79,21672.999999999993,532.0553167397807,1167915.0,182.04265380200005,0.0011842692136144824,0.2805687095364061,133363.39365058162,134237.91707763536,277.5664013295472,351.2776532550202,532.0553167397807,1901.549711374857,1167732.957346198,18019818381.342106,1550.2720581198369,775.1360290599184,6.153434856761024,0.47556403832937433,0.0790516469579439,cdbox
AJ224035.1/1-76,17078.000000000004,354.77191646857744,932300.0,80.20434429931251,0.0014833899363703787,0.3271432982929241,107173.55295034313,107885.67741530847,216.2099940972117,253.4071334541376,354.77191646857744,1225.6017393264808,932219.7956557007,11639319391.36,972.1946058723432,486.0973029361716,6.27553302203672,0.4681162737400286,0.05658279682174402,cdbox
AL606750.13/40184-40260,8048.999999999998,191.1610418315418,379035.0,32.01667951562379,0.003188801921563756,0.42297279498016443,44435.499299546536,44726.882744932576,104.03352455127069,132.8592434031741,191.1610418315418,401.8511531768653,379002.9833204844,2000494040.0789473,268.9919097736912,134.4959548868456,5.520623592936582,0.5305109033566308,0.02805793369544282,cdbox
ABDC01278790.1/3802-3878,14664.999999999995,385.11267657858724,790947.0,78.94367842079055,0.0017501988862370732,0.3286506922296454,90331.82569836613,90924.17188587191,207.55874338619012,264.63020994972766,385.11267657858724,1185.868957979074,790868.0563215793,8267205033.131579,921.2387480293462,460.6193740146731,6.159688080352279,0.47424771545427846,0.05409738518689865,cdbox
