nameseq,average,median,maximum,minimum,peak,none_levated_peak,sample_standard_deviation,population_standard_deviation,percentile15,percentile25,percentile50,percentile75,amplitude,variance,interquartile_range,semi_interquartile_range,coefficient_of_variation,skewness,kurtosis,label
AP000371.1/18814-18902,22655.0,392.00932557306936,1524651.0,90.56436136894698,0.0013094975354962114,0.35395618920688643,161351.7850784428,162265.96681388695,172.84638713172873,253.6932917969517,392.00932557306936,1406.8296018948088,1524560.435638631,26330243986.045456,1153.136310097857,576.5681550489285,7.122126907015794,0.4139338897974427,0.08617407491895283,cdbox
AM473368.1/38877-38965,12255.0,223.85734986000463,773723.0,34.244730633460335,0.00242078063375493,0.4623197823451997,82102.36276746244,82567.53568415703,99.62953853929008,151.80977363736136,223.85734986000463,1011.7006448238993,773688.7552693665,6817397948.954545,859.890871186538,429.945435593269,6.699499205831289,0.4396149725026425,0.1098154934690486,cdbox
AASG02000856.1/5230-5141,8803.000000000005,218.28914978241494,486035.0,2.7429475441381364,0.0034079291150744045,0.47964091252513197,52006.33326817033,52297.68755495319,122.65999955105521,139.98634774243158,218.28914978241494,777.8084461609544,486032.25705245585,2735048123.5955057,637.8220984185228,318.9110492092614,5.9077965770953424,0.49521146622377216,0.09729054397622314,cdbox
AARH01006031.1/44112-44025,21420.000000000004,287.52862199331435,1458632.0,24.0,0.0013694366635543104,0.3905572816703826,154971.7412691746,155859.8387476286,155.30831727472906,207.0520511489808,287.52862199331435,941.4564852224524,1458608.0,24292289334.436783,734.4044340734716,367.2022170367358,7.234908555983874,0.40909015808181043,0.05676072920300542,cdbox
