nameseq,average,median,maximum,minimum,peak,none_levated_peak,sample_standard_deviation,population_standard_deviation,percentile15,percentile25,percentile50,percentile75,amplitude,variance,interquartile_range,semi_interquartile_range,coefficient_of_variation,skewness,kurtosis,label
M55020.1/3865-3944,24663.99999999999,492.1479963320702,1389080.0,80.61611461002425,0.001081197967347822,0.3076358670336425,156943.92955447498,157934.12189817257,182.84170719936878,249.7853219829717,492.1479963320702,1354.9402589451774,1388999.38388539,24943186859.746834,1105.1549369622057,552.5774684811029,6.363279660820428,0.4620475364473,0.04687509868756576,cdbox
X07699.1/9160-9239,28304.00000000001,518.9177842383704,1615656.0,107.67184270002522,0.0009421518748822307,0.29570326495319565,182232.9407763591,183382.6868241259,176.9821779048893,254.02802083498003,518.9177842383704,1384.5971131946696,1615548.3281573,33629209826.83544,1130.5690923596896,565.2845461798448,6.438416505665596,0.45741042367077095,0.04030944314105728,cdbox
Z34290.1/1-80,28304.00000000001,518.9177842383704,1615656.0,107.67184270002522,0.0009421518748822307,0.29570326495319565,182232.9407763591,183382.6868241259,176.9821779048893,254.02802083498003,518.9177842383704,1384.5971131946696,1615548.3281573,33629209826.83544,1130.5690923596896,565.2845461798448,6.438416505665596,0.45741042367077095,0.04030944314105728,cdbox
M60858.1/8893-8973,25091.0,483.2600897595337,1380875.0,59.378698014177765,0.001076083057670081,0.31526500437492705,156023.16886924198,156995.28524544934,223.15739508958103,274.71749189603145,483.2600897595337,1696.000552763348,1380815.6213019858,24647519589.3,1421.2830608673166,710.6415304336583,6.21829217126627,0.4731554952110368,0.055755744778849176,cdbox
