nameseq,average,median,maximum,minimum,peak,none_levated_peak,sample_standard_deviation,population_standard_deviation,percentile15,percentile25,percentile50,percentile75,amplitude,variance,interquartile_range,semi_interquartile_range,coefficient_of_variation,skewness,kurtosis,label
AABL01000190.1/4648-4579,33073.00000000001,657.0825777767785,1671299.0,211.0,0.0007055100333605457,0.23138063725024507,201328.1576382201,202781.8094227232,368.93126292466314,423.9152542296639,657.0825777767785,2606.745263411129,1671088.0,41120462232.753624,2182.8300091814654,1091.4150045907327,6.087387223361051,0.48303105441127925,0.09446929954479809,cdbox
ABGW01006943.1/417-341,53417.0,844.9478855412669,3185963.0,228.18310446693954,0.00048049622155243966,0.2345531792136032,363574.0018400655,365958.11920071,451.3246770127697,509.33997689227635,844.9478855412669,3470.3193143618514,3185734.816895533,133925345008.92105,2960.979337469575,1480.4896687347875,6.806335096318878,0.433793823389921,0.09370546487339916,cdbox
AM910991.1/281397-281326,36260.0,780.0834902591853,2035376.0,176.0,0.0006618863761720904,0.2588359736416288,239479.91812258496,241160.4995698689,337.9509514204368,427.5850538063572,780.0834902591853,2656.1940970822807,2035200.0,58158386552.788734,2228.6090432759233,1114.3045216379617,6.604520632172779,0.44446210923931445,0.10846777821182665,cdbox
