nameseq,average,median,maximum,minimum,peak,none_levated_peak,sample_standard_deviation,population_standard_deviation,percentile15,percentile25,percentile50,percentile75,amplitude,variance,interquartile_range,semi_interquartile_range,coefficient_of_variation,skewness,kurtosis,label
AJ429614.1/1-63,10976.000000000004,251.13317970231117,579032.0,55.900929947796335,0.0019132653061224483,0.3484356898154173,72307.65580490076,72888.44951904466,80.24747171502702,93.95782742561798,251.13317970231117,549.2695460659753,578976.0990700522,5312726073.290322,455.3117186403573,227.65585932017865,6.587796629455242,0.4449681033458756,0.04530496554992639,cdbox
AJ429613.1/1-65,13906.999999999996,323.63623076461204,767739.0,78.13818387183116,0.001557968409194411,0.331034183914835,94411.78680652114,95146.51996394823,113.03765810426705,131.21126802010411,323.63623076461204,766.6087210355618,767660.8618161281,9052860261.25,635.3974530154576,317.6987265077288,6.788796060007274,0.431620803779677,0.06867939265933962,cdbox
AF318009.1/1-65,13906.999999999996,323.63623076461204,767739.0,78.13818387183116,0.001557968409194411,0.331034183914835,94411.78680652114,95146.51996394823,113.03765810426705,131.21126802010411,323.63623076461204,766.6087210355618,767660.8618161281,9052860261.25,635.3974530154576,317.6987265077288,6.788796060007274,0.431620803779677,0.06867939265933962,cdbox
AF262038.1/28916-28852,11946.999999999996,251.2123502725748,642299.0,54.63993511963846,0.0018135654697134572,0.33567544737662525,79012.75005972137,79627.64454792067,102.05513746046553,115.88006696005394,251.2123502725748,635.9570389020569,642244.3600648803,6340561776.25,520.076971942003,260.0384859710015,6.6136059311727955,0.444072164589407,0.05666912994687931,cdbox
