nameseq,average,median,maximum,minimum,peak,none_levated_peak,sample_standard_deviation,population_standard_deviation,percentile15,percentile25,percentile50,percentile75,amplitude,variance,interquartile_range,semi_interquartile_range,coefficient_of_variation,skewness,kurtosis,label
ABGU01005326.1/920-838,46978.00000000004,1046.6315456306638,2925364.0,330.25272216997274,0.0005889281507656061,0.25047175288850626,321198.1785658194,323150.7690646853,489.0664991722633,611.6012394753824,1046.6315456306638,4136.619006154692,2925033.74727783,104426419547.09756,3525.0177666793097,1762.5088833396549,6.837204192724662,0.4290002701085417,0.0857192753927627,cdbox
CAAI01002564.1/5984-5906,49944.000000000044,1065.8164282257662,3071640.0,372.5436910584326,0.000527257194724758,0.2172562676997429,344313.7593649141,346513.86967009504,555.7745429335611,641.2268867427916,1065.8164282257662,4275.240330650839,3071267.4563089414,120071861873.74359,3634.013443908047,1817.0067219540235,6.8939964633372135,0.4258747921831237,0.08294628286924739,cdbox
