nameseq,average,median,maximum,minimum,peak,none_levated_peak,sample_standard_deviation,population_standard_deviation,percentile15,percentile25,percentile50,percentile75,amplitude,variance,interquartile_range,semi_interquartile_range,coefficient_of_variation,skewness,kurtosis,label
AM910996.2/1733707-1733590,29801.000000000025,676.9267466340702,2605419.0,71.37335737882799,0.001319866223728509,0.3857831678507905,239600.44616402537,240622.2011027984,264.7556253341871,342.9329608291475,676.9267466340702,2098.0032946797123,2605347.626642621,57899043663.55556,1755.0703338505648,877.5351669252824,8.040013629207918,0.36465800109689567,0.07256640531438002,cdbox
ABGY01002306.1/259-129,286066.0000000002,3034.7847300527524,28527460.0,1107.4106720871362,0.00015264542681292653,0.19655383962014858,2502581.9331502416,2512188.8089090604,1690.4533114732944,1879.9359272367442,3034.7847300527524,11769.64187465404,28526352.589327913,6311092611607.923,9889.705947417297,4944.852973708648,8.748267648550474,0.33928705172941376,0.11448612958693558,cdbox
AASM01000120.1/2889-2759,286066.0000000002,3034.7847300527524,28527460.0,1107.4106720871362,0.00015264542681292653,0.19655383962014858,2502581.9331502416,2512188.8089090604,1690.4533114732944,1879.9359272367442,3034.7847300527524,11769.64187465404,28526352.589327913,6311092611607.923,9889.705947417297,4944.852973708648,8.748267648550474,0.33928705172941376,0.11448612958693558,cdbox
