nameseq,average,median,maximum,minimum,peak,none_levated_peak,sample_standard_deviation,population_standard_deviation,percentile15,percentile25,percentile50,percentile75,amplitude,variance,interquartile_range,semi_interquartile_range,coefficient_of_variation,skewness,kurtosis,label
HQ318014.1/785-888,15275.999999999996,298.5096679918781,835280.0,43.87713375899669,0.0022693549794885227,0.4701784699157418,89510.60227704872,89944.07019856003,156.97196636899656,183.78970213287852,298.5096679918781,1222.4846342917344,835236.122866241,8089935763.883494,1038.6949321588559,519.3474660794279,5.859557624839535,0.5019793170081867,0.10893303953974988,cdbox
X96646.1/1-98,18830.99999999999,220.68588079638565,1381811.0,47.732976760935216,0.0017347281964137159,0.480064606449765,140437.59211834986,141159.6410531992,91.08350549182563,126.37018234532914,220.68588079638565,796.7128827124816,1381763.267023239,19926044262.26804,670.3427003671525,335.17135018357624,7.45778727196378,0.39754984057659465,0.07964616857538466,cdbox
Z69628.1/1-100,19330.000000000022,285.2178175725599,1451460.0,40.33944827074701,0.0017244352474564562,0.47803642886715825,145935.90912451947,146671.10727437394,124.52676313808573,156.04599416167946,285.2178175725599,804.7508513512612,1451419.6605517291,21512413709.090908,648.7048571895817,324.35242859479087,7.549710766917709,0.39150300217428075,0.08214661401993788,cdbox
X67247.1/1141-1244,19420.000000000007,351.8047188157878,1473624.0,38.183888259289006,0.0017851012701682106,0.46173336736896287,145563.19661233056,146268.10725619813,114.50812428063914,143.01963101307058,351.8047188157878,982.4490070769623,1473585.8161117407,21394359200.31068,839.4293760638917,419.71468803194585,7.495530206608162,0.39298797481002073,0.09206689659528246,cdbox
