nameseq,average,median,maximum,minimum,peak,none_levated_peak,sample_standard_deviation,population_standard_deviation,percentile15,percentile25,percentile50,percentile75,amplitude,variance,interquartile_range,semi_interquartile_range,coefficient_of_variation,skewness,kurtosis,label
AB026653.1/15165-15249,13596.999999999995,222.90452760246072,963987.0,56.23974445743485,0.0020837929935525,0.471805478744359,103953.9416953489,104570.88445107918,96.34826669708954,109.12660250710022,222.90452760246072,625.2332407327051,963930.7602555426,10935069874.880953,516.1066382256049,258.05331911280246,7.6453586596564636,0.38596214595475753,0.06570027120820703,cdbox
