nameseq,average,median,maximum,minimum,peak,none_levated_peak,sample_standard_deviation,population_standard_deviation,percentile15,percentile25,percentile50,percentile75,amplitude,variance,interquartile_range,semi_interquartile_range,coefficient_of_variation,skewness,kurtosis,label
X96660.1/1-83,9713.999999999996,292.83298388027885,621068.0,34.2900606986704,0.0028481229840093348,0.4565743412641236,67850.64593649791,68263.11566839078,93.39736873538685,161.60588359868916,292.83298388027885,580.0179714434737,621033.7099393014,4659852960.756098,418.41208784478454,209.20604392239227,6.984830753191058,0.41655463493761347,0.07766265425798992,cdbox
AL512272.15/46660-46588,12079.000000000005,235.83463256823399,692291.0,64.3686023845697,0.0020145155504042818,0.38777681529619823,80731.95102312343,81290.65631253214,88.88849435282299,127.29274181361689,235.83463256823399,575.9096417289211,692226.6313976154,6608170803.722222,448.6168999153042,224.3084499576521,6.68366181166681,0.4400921277391014,0.0867901587612894,cdbox
AC132367.3/116009-115932,6788.999999999998,270.1204177585539,295291.0,43.371824895229736,0.003829724554426279,0.4960280467888908,34217.37392027624,34438.847908238065,123.99999999999997,166.13785726377418,270.1204177585539,437.7964655048159,295247.6281751048,1186034245.2467532,271.65860824104175,135.82930412052087,5.040119888094895,0.5715411940229471,0.03925302217017278,cdbox
AAFC03060159.1/22148-22230,9466.0,261.12929809075325,526924.0,38.18050559731846,0.0029227410381012747,0.44515187883402246,58062.14472442436,58415.10934159281,99.60860223801515,184.23256686302616,261.12929809075325,604.7239417855872,526885.8194944027,3412324999.390244,420.491374922561,210.2456874612805,6.133757101671705,0.4756044103570877,0.05781195223305416,cdbox
