nameseq,average,median,maximum,minimum,peak,none_levated_peak,sample_standard_deviation,population_standard_deviation,percentile15,percentile25,percentile50,percentile75,amplitude,variance,interquartile_range,semi_interquartile_range,coefficient_of_variation,skewness,kurtosis,label
AJ609488.1/1-73,14223.000000000007,439.42644373568,744443.0,50.047613549585414,0.0017108439382221275,0.3309336759756109,86967.19811515143,87569.05441834017,178.28228419287797,233.47391096455962,439.42644373568,1379.0506515502707,744392.9523864504,7668339291.722222,1145.5767405857111,572.7883702928556,6.114546728197384,0.47547490967849015,0.1201859812436868,cdbox
AANG01072514.1/867-795,15814.999999999993,414.4726051952299,815891.0,51.015830075513314,0.0015386236695120673,0.3556309180612507,95742.03012261646,96404.61263140426,169.9767145745568,205.27550820439598,414.4726051952299,1072.8961515228143,815839.9841699245,9293849336.61111,867.6206433184184,433.8103216592092,6.05387481015596,0.4825632183195207,0.12729725650583634,cdbox
AAPY01155118.1/654-725,11148.000000000004,357.30677383497607,498984.0,13.030514690348467,0.0021528525296017217,0.3539359250432966,59496.88596893117,59914.41309819707,132.12266725355417,191.04191758881225,357.30677383497607,1487.2513876095336,498970.9694853097,3589736896.901408,1296.2094700207213,648.1047350103606,5.337000894234944,0.5440970422451947,0.20089387830100963,cdbox
AAYZ01416934.1/837-767,15244.000000000004,537.7137607170115,708816.0,59.011840986531794,0.001552523397183591,0.30359315801344117,84786.87160168134,85390.3444956496,202.55229467768422,269.98986640344435,537.7137607170115,1971.8859448620701,708756.9881590134,7291510933.085714,1701.8960784586257,850.9480392293128,5.56198318037794,0.5203501188853168,0.15009187337141325,cdbox
