nameseq,average,median,maximum,minimum,peak,none_levated_peak,sample_standard_deviation,population_standard_deviation,percentile15,percentile25,percentile50,percentile75,amplitude,variance,interquartile_range,semi_interquartile_range,coefficient_of_variation,skewness,kurtosis,label
AF357365.1/1-59,4917.999999999999,169.94140217185097,207756.0,43.64227578040682,0.003998915548325879,0.3975602599617337,26954.735205525576,27186.1105669535,95.34116591311405,107.3407260952442,169.94140217185097,953.464534336342,207712.3577242196,739084607.7586207,846.1238082410978,423.0619041205489,5.480832697341517,0.5284479956814587,0.16253565013790552,cdbox
X97582.1/2-71,3537.000000000002,162.5167197038789,89619.0,56.45018390456201,0.006596927716520588,0.4722854012375854,13072.729554305022,13167.118719078933,85.79199801585659,117.4420185588098,162.5167197038789,643.4998110166774,89562.54981609544,173373015.36231884,526.0577924578677,263.02889622893383,3.695993654030256,0.7743944980147304,0.05895974304031592,cdbox
AF270686.1/237-307,12940.000000000004,374.4638269415292,601960.0,62.13421303316945,0.0018289541473467282,0.32520569783786357,72246.43755923194,72760.65356849323,135.71782420316333,218.87240001375142,374.4638269415292,1115.662114840122,601897.8657869669,5294112707.714286,896.7897148263706,448.3948574131853,5.583186828379592,0.5217780944322618,0.10821300383508957,cdbox
X67247.1/3039-3107,6789.0,204.0005623425806,289971.0,42.18973123335428,0.0033878332596847843,0.3854094239112212,35281.79590100255,35540.27405179187,130.19370305001127,159.7566851491117,204.0005623425806,862.3887701254406,289928.81026876665,1263111079.6764705,702.6320849763289,351.31604248816444,5.19690615716638,0.5599204294589469,0.08544998289234935,cdbox
