nameseq,average,median,maximum,minimum,peak,none_levated_peak,sample_standard_deviation,population_standard_deviation,percentile15,percentile25,percentile50,percentile75,amplitude,variance,interquartile_range,semi_interquartile_range,coefficient_of_variation,skewness,kurtosis,label
AAYZ01187716.1/225-149,7144.999999999998,166.70651220979698,437891.0,49.64098295662748,0.0035922556566363433,0.5355724370837749,49752.77244536229,50079.023629239164,72.93585086592066,80.09259220062435,166.70651220979698,320.0655652763073,437841.3590170434,2507908607.6578946,239.97297307568297,119.98648653784149,6.96329915260494,0.4207781684198797,0.06453742943639808,cdbox
AACN010729405.1/784-708,3041.000000000001,123.05132909585261,136323.0,17.513497946834917,0.008440206072563848,0.6531854122394567,16169.47240945109,16275.502872819563,46.969990520905185,60.624499231122876,123.05132909585261,361.57529475592145,136305.48650205316,264891993.76315787,300.9507955247986,150.4753977623993,5.317156333262441,0.5413810538181694,0.1068631002091411,cdbox
AAHY01113754.1/39386-39310,10584.999999999996,235.29594557551695,670179.0,28.261337040352885,0.0024248149897653924,0.44392025364292753,75893.69785430144,76391.36677920312,102.99135488559013,134.06160848194259,235.29594557551695,568.9405861756052,670150.7386629597,5835640918.394737,434.8789776936626,217.4394888468313,7.169928942305288,0.4091131812140797,0.05393330809122152,cdbox
AAFR03022281.1/33862-33938,7713.000000000003,206.81911615854574,425627.0,56.453921647832324,0.0033277151130126615,0.46230707298190066,48821.15817962535,49141.30035204068,80.66512147216679,102.6368579144836,206.81911615854574,479.24146837955993,425570.54607835214,2414867400.2894735,376.60461046507635,188.30230523253817,6.32972360684887,0.46124556424231017,0.096491044798843,cdbox
