nameseq,average,median,maximum,minimum,peak,none_levated_peak,sample_standard_deviation,population_standard_deviation,percentile15,percentile25,percentile50,percentile75,amplitude,variance,interquartile_range,semi_interquartile_range,coefficient_of_variation,skewness,kurtosis,label
CM000208.1/3814121-3814202,5431.000000000003,335.17245112880977,164651.0,43.64508552273583,0.0050328361873197055,0.45666230624989307,20585.596712264625,20712.278503103502,115.72426675116833,142.6067701007548,335.17245112880977,850.4655859182355,164607.35491447727,428998480.79012346,707.8588158174807,353.92940790874036,3.790387905038596,0.7426300466435107,0.06163220345008522,cdbox
AHKC01021457.1/284-198,5419.999999999996,171.5452975980083,292760.0,31.350162405829483,0.005350553505535059,0.5633420050102984,31690.01918585724,31873.73098103143,77.0,113.31609256183009,171.5452975980083,588.1536469722216,292728.6498375942,1015934726.6511627,474.83755441039153,237.41877720519577,5.846867008460749,0.49685561926806515,0.07452077312735869,cdbox
