nameseq,average,median,maximum,minimum,peak,none_levated_peak,sample_standard_deviation,population_standard_deviation,percentile15,percentile25,percentile50,percentile75,amplitude,variance,interquartile_range,semi_interquartile_range,coefficient_of_variation,skewness,kurtosis,label
CM000208.1/3814397-3814495,6801.999999999999,347.7385185060066,142113.28464709673,7.5424999915462845,0.004851514260511615,0.5046560397873908,25107.69001720389,25235.465346311685,100.55875983496381,159.47309879000017,347.7385185060066,872.1498410974679,142105.7421471052,636828711.2448978,712.6767423074677,356.3383711537339,3.6912217020293876,0.771189401781467,0.0464507405680009,cdbox
AHKC01021457.1/140-43,6087.000000000004,212.00030683517318,262323.0,11.0,0.005366628333607138,0.5773646794971867,29564.62074845541,29716.624941909948,87.21897410678744,115.17130486399756,212.00030683517318,592.5381019597127,262312.0,883077797.9381443,477.3667970957151,238.68339854785756,4.857010144316641,0.5961517054270111,0.06270326713700639,cdbox
