nameseq,average,median,maximum,minimum,peak,none_levated_peak,sample_standard_deviation,population_standard_deviation,percentile15,percentile25,percentile50,percentile75,amplitude,variance,interquartile_range,semi_interquartile_range,coefficient_of_variation,skewness,kurtosis,label
AC068667.6/51178-51267,10011.000000000007,332.5982755013872,618963.0,11.0,0.0029967036260113854,0.43928106413682777,65361.21489078978,65727.38702697118,126.86098286192993,149.66655701764523,332.5982755013872,917.4822342160508,618952.0,4320089405.393258,767.8156771984055,383.90783859920276,6.528939655457969,0.4442268281275061,0.07672989604978524,cdbox
AC150706.4/101697-101776,10800.000000000005,291.5985626697212,632152.0,22.922143709573977,0.0024691358024691345,0.3959947807662957,70411.1600245302,70855.39887954725,106.95209331649824,135.65116919401777,291.5985626697212,1025.7531507510098,632129.0778562904,5020487550.379746,890.1019815569921,445.05099077849604,6.519551854123163,0.44773022204161866,0.03873832781458189,cdbox
AASG02001667.1/15770-15853,14841.999999999995,540.7434785498597,744068.0,73.36321028812631,0.0018865382023985993,0.3449704929390662,82615.01948193197,83111.21024643129,196.02458148988012,253.07020888314446,540.7434785498597,1956.257452405799,743994.6367897119,6907473268.626506,1703.1872435226546,851.5936217613273,5.566299655163186,0.5193216661255345,0.07498344317454564,cdbox
AARH01004696.1/63929-64010,13302.999999999996,389.3244467169635,646283.0,50.36309962354849,0.0020546743842241103,0.34210681216849914,72931.81983194989,73380.63526706165,150.3426182616595,187.3370762566986,389.3244467169635,1322.5935321828435,646232.6369003764,5384717632.197531,1135.256455926145,567.6282279630725,5.482358853788613,0.5311951182503947,0.07903770081790895,cdbox
