nameseq,average,median,maximum,minimum,peak,none_levated_peak,sample_standard_deviation,population_standard_deviation,percentile15,percentile25,percentile50,percentile75,amplitude,variance,interquartile_range,semi_interquartile_range,coefficient_of_variation,skewness,kurtosis,label
AL732366.7/162677-162598,7576.0,225.84212059487865,485864.0,22.281641220176663,0.0035198873636043647,0.5026428557672482,54045.32053748964,54386.303860392436,89.38644743386415,123.17900247499142,225.84212059487865,674.4720854205623,485841.71835877985,2957870047.594937,551.2930829455709,275.64654147278543,7.133754030819647,0.40799968283876864,0.12118071097243376,cdbox
AC149132.1/66984-66905,9560.000000000005,269.45068658786636,616344.0,19.0128873046105,0.0027894002789400265,0.4506684725869025,68561.223793045,68993.79101031255,98.71143039417443,128.19815523944868,269.45068658786636,688.1399807354917,616324.9871126954,4760143197.974684,559.9418254960431,279.97091274802153,7.171676128979599,0.406522030942274,0.09096039204642298,cdbox
AC093872.3/45198-45119,17535.99999999999,382.3467910200654,1126360.0,70.55728090000844,0.0015206812652068136,0.3420058912360653,125278.7450767288,126069.15509484909,168.00148279660468,221.7505742555465,382.3467910200654,1097.0684665605713,1126289.4427191,15893431866.329113,875.3178923050248,437.6589461525124,7.144089021255068,0.4107716723648672,0.0582077047422672,cdbox
AC069285.8/146535-146456,14319.999999999996,339.5792594272814,919544.0,33.25232921501138,0.0018621973929236505,0.3797132188746684,102230.42396468871,102875.4172650996,145.1329653560721,198.2170757936695,339.5792594272814,1053.1538700056237,919510.747670785,10583351477.468355,854.9367942119543,427.46839710597715,7.1389960869196045,0.4102620393729858,0.05608159445961096,cdbox
