nameseq,average,median,maximum,minimum,peak,none_levated_peak,sample_standard_deviation,population_standard_deviation,percentile15,percentile25,percentile50,percentile75,amplitude,variance,interquartile_range,semi_interquartile_range,coefficient_of_variation,skewness,kurtosis,label
AJ429604.1/1-103,11075.99999999999,252.049202074519,613192.0,55.82167831824451,0.0030997953533164826,0.47129560883062044,62664.94608630889,62971.37796790277,109.89607629275424,133.64023743281803,252.049202074519,970.8626784925783,613136.1783216818,3965394443.1764703,837.2224410597603,418.61122052988014,5.657723554199074,0.5181820845908445,0.05913942568265988,cdbox
AJ240080.1/1-102,9792.999999999995,295.10299532149065,512819.0,38.81782931996756,0.003471867660573881,0.48681350984272825,53299.63513946413,53562.84481497662,101.57427960716495,137.52018332616868,295.10299532149065,933.1460309257079,512780.18217068,2868978344.6732674,795.6258475995393,397.81292379976964,5.442625869443905,0.5345944852995477,0.0621471624921944,cdbox
AC122722.7/4040-4136,23962.99999999999,424.62047799441484,1449459.0,74.57896902348641,0.0013493023967505466,0.3398800554651313,151645.668846822,152433.44385610835,218.5729572392792,262.6499974009977,424.62047799441484,1367.4613281951977,1449384.4210309766,23235954805.833336,1104.8113307941999,552.4056653970999,6.32832570407804,0.4656587893541846,0.06494198658124681,cdbox
AC122722.7/22593-22688,14543.999999999998,519.2283548630932,658376.0,4.902799445836852,0.0022002200220022005,0.38349379579032605,75554.4137691505,75951.02759015179,226.30664967409078,266.3965447086315,519.2283548630932,1338.4721191765993,658371.0972005542,5768558591.999999,1072.0755744679677,536.0377872339839,5.194885435172615,0.5568743483863813,0.06760618104517752,cdbox
