nameseq,average,median,maximum,minimum,peak,none_levated_peak,sample_standard_deviation,population_standard_deviation,percentile15,percentile25,percentile50,percentile75,amplitude,variance,interquartile_range,semi_interquartile_range,coefficient_of_variation,skewness,kurtosis,label
AJ490427.1/1-92,18486.00000000001,534.1555518317903,1159060.0,104.93591557764177,0.0016589130513181137,0.343914222838807,121038.4373494635,121701.6666284068,261.27745773748916,376.95994213728966,534.1555518317903,1706.823251459803,1158955.0640844223,14811295660.131868,1329.8633093225135,664.9316546612567,6.547573155331787,0.44494570918007126,0.10298467107577941,cdbox
AJ490423.1/1-86,9729.000000000007,372.63030391571056,563027.0,67.0,0.002946517285092676,0.41078436859372125,60700.52581320857,61056.54368013887,182.26553059884225,215.73982044183157,372.63030391571056,1520.449895075817,562960.0,3727901526.1647058,1304.7100746339854,652.3550373169927,6.2391330880058105,0.4624195377586826,0.09117803387902168,cdbox
AJ490421.1/1-86,9729.000000000007,372.63030391571056,563027.0,67.0,0.002946517285092676,0.41078436859372125,60700.52581320857,61056.54368013887,182.26553059884225,215.73982044183157,372.63030391571056,1520.449895075817,562960.0,3727901526.1647058,1304.7100746339854,652.3550373169927,6.2391330880058105,0.4624195377586826,0.09117803387902168,cdbox
AACV01021454.1/9963-10048,9729.000000000007,372.63030391571056,563027.0,67.0,0.002946517285092676,0.41078436859372125,60700.52581320857,61056.54368013887,182.26553059884225,215.73982044183157,372.63030391571056,1520.449895075817,562960.0,3727901526.1647058,1304.7100746339854,652.3550373169927,6.2391330880058105,0.4624195377586826,0.09117803387902168,cdbox
