nameseq,average,median,maximum,minimum,peak,none_levated_peak,sample_standard_deviation,population_standard_deviation,percentile15,percentile25,percentile50,percentile75,amplitude,variance,interquartile_range,semi_interquartile_range,coefficient_of_variation,skewness,kurtosis,label
AJ007735.1/1-92,18814.0,293.4728901378098,1262540.0,54.14591238291124,0.00162999185004075,0.42681078731869115,132597.06839896576,133323.63311667053,113.37528070377401,143.20524723976766,293.4728901378098,748.7977108899229,1262485.854087617,17775191147.42857,605.5924636501552,302.7962318250776,7.047787200965544,0.4190257145234136,0.09366461659652497,cdbox
AASS01022858.1/652-560,25088.999999999996,349.7472997940708,1823139.0,41.52149448214761,0.0012356012595161228,0.3967428473018122,189069.61119651145,190094.3862427866,148.9552814622083,189.50873071805484,349.7472997940708,651.3078151123315,1823097.4785055178,36135875681.021736,461.79908439427663,230.89954219713832,7.535956442923651,0.3925419724033747,0.054852462178483295,cdbox
AAEU02000846.1/77664-77572,20792.999999999993,257.379974881078,1456931.0,23.273746888732468,0.0014908863559851878,0.43784811866808315,151866.71215905083,152689.8439991999,121.93827375226414,143.32481874051547,257.379974881078,579.2920112415113,1456907.7262531114,23314188460.5,435.96719250099585,217.98359625049792,7.303742228588991,0.40566401418393483,0.07678796871894106,cdbox
AAPQ01006057.1/692543-692451,16672.999999999996,201.0,1183779.0,33.61000776123339,0.0018592934684819773,0.48465278170882237,122915.10620749589,123581.31762483885,86.21958466570013,103.90208972123551,201.0,345.9902823166543,1183745.3899922387,15272342065.891304,242.0881925954188,121.0440962977094,7.372104972560182,0.4020335784975011,0.05640828946361469,cdbox
