nameseq,average,median,maximum,minimum,peak,none_levated_peak,sample_standard_deviation,population_standard_deviation,percentile15,percentile25,percentile50,percentile75,amplitude,variance,interquartile_range,semi_interquartile_range,coefficient_of_variation,skewness,kurtosis,label
AB092809.1/7232-7313,16951.000000000007,245.4209462187666,743707.0,31.97693942559787,0.0016124909051580037,0.34068685748805416,89420.20599394747,89970.48937853093,101.8594138652336,131.8205021359165,245.4209462187666,790.1501394300853,743675.0230605744,8094688959.012345,658.3296372941688,329.1648186470844,5.2752171549730065,0.560463226451703,0.041099565308996236,cdbox
AJ490357.1/1-86,38817.0,538.4134372834549,2412379.0,190.26068129015124,0.0007385080420090854,0.2571529242763806,262191.3262219023,263729.1184475643,298.24450950985965,378.1789538980312,538.4134372834549,1454.777109579053,2412188.73931871,69553047917.12941,1076.598155681022,538.299077840511,6.754548940461712,0.4379845868393063,0.06605828530444893,cdbox
AJ490358.1/3-88,25784.999999999996,451.8830786539752,1565835.0,153.90406234323854,0.00111175748174003,0.304666779705737,170207.80257673265,171206.09736901722,224.38513880715638,279.3164465011624,451.8830786539752,1156.4258399809698,1565681.0959376567,29311527776.32941,877.1093934798075,438.55469673990376,6.60103946390276,0.44650920588541304,0.06640425527214022,cdbox
AJ490364.1/1-93,39265.00000000002,418.5733369163706,2642235.0,126.32743156548551,0.000789507194702661,0.30113546566934685,276262.71784299816,277760.0877147086,268.1627993998066,307.23348223427695,418.5733369163706,1405.4136827297727,2642108.6725684344,77150666327.28261,1098.1802004954957,549.0901002477478,7.0358517214567176,0.4218422264834191,0.048655806850329004,cdbox
