nameseq,average,median,maximum,minimum,peak,none_levated_peak,sample_standard_deviation,population_standard_deviation,percentile15,percentile25,percentile50,percentile75,amplitude,variance,interquartile_range,semi_interquartile_range,coefficient_of_variation,skewness,kurtosis,label
U57010.1/1-186,218058.99999999983,1758.3271064702974,29433371.0,394.67586936895486,0.0002843267189155231,0.29721462673991034,2178660.0367262443,2184540.3714070083,842.8391769372374,1001.0892410356396,1758.3271064702974,5817.2371618545185,29432976.324130632,4772216634307.07,4816.147920818879,2408.0739604094397,9.991149352818486,0.2978445502014435,0.06041371793647509,cdbox
AACI02000291.1/4750-4936,237013.9999999999,1790.4582636765892,31553580.0,400.44994866027525,0.00026299430975947985,0.29273709756583005,2338790.43361264,2345069.0769464015,929.2393298895706,1034.7349190025247,1790.4582636765892,5869.058021612676,31553179.55005134,5499348975650.247,4834.323102610151,2417.1615513050756,9.867731161925628,0.30172460733001527,0.056133196328864904,cdbox
AABZ01000008.1/9856-9673,237484.0000000001,1957.4586253163998,30979336.0,416.05794333123777,0.0002582630128064767,0.2793214482427074,2313037.6124948766,2319348.777328878,959.4696212568343,1235.8171098669377,1957.4586253163998,7231.603658584584,30978919.942056667,5379378750896.962,5995.786548717646,2997.893274358823,9.739761889200434,0.3054769279613762,0.06863075746865471,cdbox
AAZN01000373.1/5727-5915,243257.00000000015,1677.0482888501679,34944859.0,479.889251684696,0.0002589853529394836,0.3145498472211547,2555533.763879084,2562321.3821127103,843.3715628180544,1055.1634504999188,1677.0482888501679,5825.157286249769,34944379.11074831,6565490865231.989,4769.99383574985,2384.996917874925,10.505489107730025,0.28359627463241033,0.07026973119772408,cdbox
