nameseq,average,median,maximum,minimum,peak,none_levated_peak,sample_standard_deviation,population_standard_deviation,percentile15,percentile25,percentile50,percentile75,amplitude,variance,interquartile_range,semi_interquartile_range,coefficient_of_variation,skewness,kurtosis,label
U56646.1/2-172,137878.0000000001,1601.6961352186554,18699860.0,552.2371722665624,0.0004134089557434831,0.3652827134979039,1428527.4677982216,1432722.858528338,745.5567374165335,940.1546609018111,1601.6961352186554,5400.309061650016,18699307.76282773,2052694789349.6118,4460.154400748204,2230.077200374102,10.360807872163948,0.2861890448802284,0.13246694707377188,cdbox
AACF01000005.1/27414-27234,174164.9999999998,1750.2920211251985,24327875.0,524.7855256333095,0.00034641479822773464,0.3615467516701356,1810712.2435798573,1815735.0333772853,815.4154018285309,1023.5738018792438,1750.2920211251985,5269.955059026923,24327350.214474365,3296893711433.6113,4246.381257147679,2123.1906285738396,10.396533422787927,0.2856578265103071,0.06669171165208274,cdbox
AADM01000252.1/7157-7341,90687.00000000004,1214.8672803248455,11035131.0,230.88161294198267,0.0006799945600435193,0.40211118927066164,825492.6763212378,827732.823387829,530.09917328204,696.3090325100959,1214.8672803248455,3731.9048665731807,11034900.118387058,685141626913.5869,3035.595834063085,1517.7979170315425,9.10265723114931,0.3251590303080681,0.08808420268071869,cdbox
AAZN01000360.1/46023-45830,312646.9999999998,2714.969285418445,45676987.0,659.0,0.00020683603766121763,0.32374880372734444,3295017.805133077,3303543.0918405373,1529.8256128881285,1765.297042232719,2714.969285418445,9681.781420693442,45676328.0,10913396959647.336,7916.484378460723,3958.2421892303614,10.539099384075582,0.28218241816334955,0.11023518796571391,cdbox
