nameseq,average,median,maximum,minimum,peak,none_levated_peak,sample_standard_deviation,population_standard_deviation,percentile15,percentile25,percentile50,percentile75,amplitude,variance,interquartile_range,semi_interquartile_range,coefficient_of_variation,skewness,kurtosis,label
Z38059.1/58140-58275,194748.00000000006,2161.8034792682283,18838120.0,585.8525920267226,0.00023277945515914577,0.2073928191961609,1635884.0130082571,1641931.66399547,993.1497138314535,1309.2388696147464,2161.8034792682283,5851.352762170713,18837534.147407975,2695939589230.933,4542.113892555966,2271.056946277983,8.400004174668066,0.353178211271681,0.060511350598801694,cdbox
AABY01000004.1/79246-79110,199039.00000000026,2187.5472372048857,18490475.0,724.2078619664138,0.00022943577221884456,0.20216648069915022,1608509.471001026,1614412.2778873376,1193.4128689897962,1351.4565074553354,2187.5472372048857,6349.24580447116,18489750.792138033,2606327002993.3823,4997.789297015825,2498.8946485079123,8.081378378111948,0.36714384897023056,0.06763995917107493,cdbox
AACI02000464.1/2130-2267,219003.00000000006,2348.2723318246512,21506827.0,700.6326476829108,0.00021004278480203463,0.19836346455467646,1854924.848389282,1861682.3383404012,1046.4778854523177,1338.7864104272164,2348.2723318246512,6493.037382887397,21506126.367352318,3465861128888.584,5154.2509724601805,2577.1254862300902,8.469860451177754,0.35039920003709074,0.05862963859770436,cdbox
AACH01000600.1/2227-2363,204487.00000000017,2276.3948543749366,19935107.0,741.5885455782101,0.00022332308003279733,0.20345835146564095,1721452.5482057296,1727769.8264929904,1145.0125663761896,1414.5239593290307,2276.3948543749366,7701.602521852476,19934365.41145442,2985188573339.6177,6287.078562523445,3143.5392812617224,8.418396026181265,0.3523953164257523,0.08665986001459017,cdbox
