nameseq,average,median,maximum,minimum,peak,none_levated_peak,sample_standard_deviation,population_standard_deviation,percentile15,percentile25,percentile50,percentile75,amplitude,variance,interquartile_range,semi_interquartile_range,coefficient_of_variation,skewness,kurtosis,label
AJ010799.1/3-106,24044.00000000002,405.867994771029,1909144.0,78.98696247245717,0.0014418011423501347,0.4123091683043522,186919.86762246542,187825.05387354997,206.45073168425685,228.97519245105127,405.867994771029,1457.5851993283122,1909065.0130375274,35278250862.601944,1228.610006877261,614.3050034386305,7.774075346134806,0.37938394092444755,0.10707265166088346,cdbox
AABY01000226.1/9021-8920,16288.999999999985,262.4589131912185,1315283.0,33.284459138318915,0.0020872981766836534,0.4953812884169312,129796.59688142828,130437.57162841092,123.03916640334852,150.05822060928,262.4589131912185,931.0803582538771,1315249.7155408617,17013960092.316832,781.022137644597,390.5110688222985,7.9683588238337775,0.3704228340004012,0.07786319644323873,cdbox
AACA01000204.1/7787-7681,31333.99999999998,440.0835729466001,2445236.0,20.113276454528886,0.0011382736537520483,0.3963737544785302,238056.55300789347,239176.82532736997,196.54814089408723,258.57549238934047,440.0835729466001,1253.8386263742173,2445215.8867235454,57205553773.679245,995.2631339848767,497.63156699243837,7.597387917530274,0.3893266037422923,0.08709956259268486,cdbox
AABZ01000605.1/944-1046,16460.0,229.61076192322327,1291616.0,23.102193630733634,0.002085864722559741,0.5084737739803229,127342.15313084667,127964.85685960048,101.43166976829178,118.53970601047908,229.61076192322327,767.6138130216204,1291592.8978063692,16375004591.09804,649.0741070111413,324.53705350557067,7.736461308070878,0.38236488481704217,0.08842443620392117,cdbox
