nameseq,average,median,maximum,minimum,peak,none_levated_peak,sample_standard_deviation,population_standard_deviation,percentile15,percentile25,percentile50,percentile75,amplitude,variance,interquartile_range,semi_interquartile_range,coefficient_of_variation,skewness,kurtosis,label
BA000001.2/535542-535480,1191.9999999999993,100.69792266744295,20880.0,7.794410654631045,0.01761744966442954,0.6613279876245479,3485.87549978481,3513.8749495806364,55.11544230101624,64.6363728639547,100.69792266744295,235.71680905375948,20872.20558934537,12347317.161290321,171.08043618980477,85.54021809490239,2.9243921978060503,0.9391919568555371,0.037667944260261994,cdbox
AJ248287.2/209210-209272,1672.0,92.54112896447182,34280.0,7.237801334095801,0.012559808612440191,0.608156279164148,5506.959959905283,5551.193280611807,42.32675320195816,59.175452421060385,92.54112896447182,268.56540636513773,34272.76219866591,30815746.838709675,209.38995394407735,104.69497697203867,3.2936363396562696,0.8604341864850026,0.03923002078407085,cdbox
L77117.1/260391-260453,2695.9999999999986,158.8026746995058,72504.0,30.5959734496233,0.007789317507418401,0.5227554345376464,10681.801346214972,10767.600325708303,68.03252838562565,105.1537922853044,158.8026746995058,532.0354121261964,72473.40402655037,115941216.77419356,426.88161984089203,213.44080992044601,3.9620924874684635,0.7125756910465854,0.09479915740137507,cdbox
Y18930.1/78510-78450,11921.000000000004,333.76978478350213,599891.0,38.09488117918151,0.0017056734613986517,0.323030678040166,76204.76702936635,76837.18257870556,79.25174583595587,127.28645118282898,333.76978478350213,816.287095595718,599852.9051188208,5903952626.633333,689.0006444128891,344.50032220644454,6.392481086265106,0.4561616287371327,0.09657977469491671,cdbox
