nameseq,average,median,maximum,minimum,peak,none_levated_peak,sample_standard_deviation,population_standard_deviation,percentile15,percentile25,percentile50,percentile75,amplitude,variance,interquartile_range,semi_interquartile_range,coefficient_of_variation,skewness,kurtosis,label
CP002372.1/138861-138916,3451.999999999999,122.60780965043764,146200.0,17.000159700482577,0.005407493240633451,0.43487774577781096,19365.969740759178,19541.23095778397,58.705964525557825,69.69937627616554,122.60780965043764,445.9898987322332,146182.9998402995,381859707.3454546,376.29052245606766,188.14526122803383,5.610072346685742,0.5157591747149519,0.09692955419782887,cdbox
BA000001.2/902264-902320,5886.999999999998,141.87155890071617,245099.0,19.87987006084824,0.003227450314251742,0.41624221992666616,32482.854615935466,32771.5967798336,35.609717931893265,43.3276757052342,141.87155890071617,351.9976496472981,245079.12012993914,1073977555.5,308.6699739420639,154.33498697103195,5.517726280947083,0.5305994663056028,0.06530347775960686,cdbox
