nameseq,average,median,maximum,minimum,peak,none_levated_peak,sample_standard_deviation,population_standard_deviation,percentile15,percentile25,percentile50,percentile75,amplitude,variance,interquartile_range,semi_interquartile_range,coefficient_of_variation,skewness,kurtosis,label
BA000002.3/171314-171247,43593.99999999996,507.7834977609821,2477060.0,116.0,0.0005199492284871011,0.19834622167083754,298549.2372189218,300768.9647124666,272.384071325082,381.4813161783065,507.7834977609821,1844.975350693888,2476944.0,90461970134.20895,1463.4940345155815,731.7470172577907,6.848402009884893,0.4329558859731183,0.07940772109693611,cdbox
AF195103.1/6-60,9684.0,284.8510655371801,448520.0,76.74684544711945,0.001893157097618064,0.2997150967687675,59849.09145509228,60400.70764547444,126.56541151876381,171.79414744529845,284.8510655371801,1018.7117190193428,448443.2531545529,3648245484.0740743,846.9175715740444,423.4587857870222,6.180203578592759,0.47114243705013287,0.12282900993030595,cdbox
