nameseq,average,median,maximum,minimum,peak,none_levated_peak,sample_standard_deviation,population_standard_deviation,percentile15,percentile25,percentile50,percentile75,amplitude,variance,interquartile_range,semi_interquartile_range,coefficient_of_variation,skewness,kurtosis,label
JF909305.1/1-70,10272.999999999996,158.535636265979,530963.0,26.695048315002882,0.0022713261299847506,0.36864616203538825,63246.160373575265,63702.81728122562,83.6517497637781,99.88203169430238,158.535636265979,448.5803430330687,530936.304951685,4058048929.5652175,348.6983113387663,174.34915566938315,6.1565424290446105,0.4797665646732249,0.03711857567475668,cdbox
