nameseq,average,median,maximum,minimum,peak,none_levated_peak,sample_standard_deviation,population_standard_deviation,percentile15,percentile25,percentile50,percentile75,amplitude,variance,interquartile_range,semi_interquartile_range,coefficient_of_variation,skewness,kurtosis,label
JF909321.1/1-64,15568.000000000004,328.0,804944.0,114.14886639811954,0.0013703323055841037,0.3076604145131722,99946.86092119152,100736.96697867913,132.1453647148861,247.42770591940555,328.0,1090.890023709556,804829.8511336019,10147936516.063492,843.4623177901506,421.7311588950753,6.420019329470163,0.4574430810393376,0.06818909920177457,cdbox
