nameseq,average,median,maximum,minimum,peak,none_levated_peak,sample_standard_deviation,population_standard_deviation,percentile15,percentile25,percentile50,percentile75,amplitude,variance,interquartile_range,semi_interquartile_range,coefficient_of_variation,skewness,kurtosis,label
AAPY01491858.1/243-27,78015.00000000009,1012.750402516984,8208283.0,45.88270364276201,0.0009271721250186919,0.5199222686637964,611530.127836724,612944.0722163839,426.57523214473525,510.3015860365486,1012.750402516984,2742.5957799477314,8208237.117296358,375700435665.2037,2232.294193911183,1116.1470969555915,7.8386224166727345,0.3777520326097934,0.07753774286485267,cdbox
ABDC01538673.1/966-749,62978.99999999996,897.1058141818348,6411859.0,66.93753621425097,0.0011538237613596073,0.5556647577530348,475593.435694817,476688.01351935865,377.1320061184259,499.1818183036122,897.1058141818348,2856.1026493134827,6411792.0624637855,227231462233.03226,2356.9208310098707,1178.4604155049353,7.551619360339434,0.39160692427421595,0.08345174034311197,cdbox
AANN01155091.1/2770-2558,48236.99999999999,693.0,4442859.0,38.970268505205325,0.001471899164541742,0.6035230130847682,342173.1247102847,342979.18736956717,284.88996349110147,378.2768898189977,693.0,2277.509472697238,4442820.029731494,117634722968.68867,1899.2325828782402,949.6162914391201,7.093582202671906,0.4168416210968216,0.10824737962052507,cdbox
AALT01658977.1/9347-9135,55740.99999999993,763.7847553126417,6276659.0,45.12496859512743,0.0012737482284135573,0.5838128270739399,451022.60740898567,452085.0885218213,313.5834626671998,452.33086847664543,763.7847553126417,2402.240304017188,6276613.875031405,204380927263.78302,1949.9094355405425,974.9547177702713,8.091397847347308,0.36568376623414456,0.11303867077304496,cdbox
