nameseq,average,median,maximum,minimum,peak,none_levated_peak,sample_standard_deviation,population_standard_deviation,percentile15,percentile25,percentile50,percentile75,amplitude,variance,interquartile_range,semi_interquartile_range,coefficient_of_variation,skewness,kurtosis,label
AL807389.7/15376-15244,55132.999999999985,661.3114757096439,4747643.0,118.84147001054168,0.0008041161071106842,0.40361638663243143,424519.25540545274,426124.2488631299,291.0665035387426,339.45634952449257,661.3114757096439,2158.2193758017884,4747524.158529989,181581875469.16666,1818.763026277296,909.381513138648,7.6999121289509525,0.38494146847778543,0.09781814825497658,cdbox
M11057.1/2-139,19675.00000000001,438.72895510472244,1539227.0,36.98966479939938,0.002337992376111816,0.5380537481016474,136500.59986681378,136997.87145855653,164.55133297562745,209.59704758424172,438.72895510472244,1431.9984201440018,1539190.0103352007,18768416784.175182,1222.4013725597601,611.2006862798801,6.937768735289134,0.4227733298680992,0.08411137077281852,cdbox
L13416.1/2-139,6946.999999999993,233.59014901189602,410387.0,11.0,0.00662156326471859,0.8121462777487753,38638.87187794177,38779.63326170593,87.09201026775845,132.07754271191925,233.59014901189602,492.11324806554427,410376.0,1503859955.9124088,360.035705353625,180.0178526768125,5.561950752546683,0.5212426909508707,0.05301029541201473,cdbox
AF375054.1/1920-2053,19001.0,486.68433897418294,1691395.0,21.251770864280694,0.0023507534691156605,0.5562019616251793,147183.03457260283,147735.31806863958,173.4062210149741,226.9434948404454,486.68433897418294,1328.6901842503362,1691373.7482291358,21825724204.842106,1101.7466894098907,550.8733447049453,7.74606781604141,0.3773732967550623,0.0889999602171024,cdbox
