nameseq,average,median,maximum,minimum,peak,none_levated_peak,sample_standard_deviation,population_standard_deviation,percentile15,percentile25,percentile50,percentile75,amplitude,variance,interquartile_range,semi_interquartile_range,coefficient_of_variation,skewness,kurtosis,label
AL031296.1/85969-86120,177.99999999999994,128.9535313536581,645.1337078930477,0.418359377204669,0.2846441947565544,4.2397020453877605,156.89168237991456,157.41033398424992,34.557660975802435,59.34766502455406,128.9535313536581,252.98512524079553,644.7153485158431,24778.013245033108,193.63746021624146,96.81873010812073,0.8814139459545764,0.937840704536052,0.22941087140606795,hacabox
AANU01225121.1/438-603,201.49999999999991,129.33116737157982,912.532915566357,3.871708751572416,0.2746071133167909,4.3254696049647965,186.67418139635703,187.23900623146199,45.31193990584905,69.51895581127911,129.33116737157982,286.4317834199416,908.6612068147846,35058.44545454546,216.9128276086625,108.45641380433125,0.9264227364583479,1.159809547660807,0.2476855638901579,hacabox
