nameseq,average,median,maximum,minimum,peak,none_levated_peak,sample_standard_deviation,population_standard_deviation,percentile15,percentile25,percentile50,percentile75,amplitude,variance,interquartile_range,semi_interquartile_range,coefficient_of_variation,skewness,kurtosis,label
CP002684.1/29422149-29422275,203.75,130.58915180895872,1920.669509145951,5.599705091610059,0.20777096114519428,3.4503928023041475,276.40708203662217,277.5017678336368,21.36067632421321,54.35030001650289,130.58915180895872,239.54785953931912,1915.069804054341,77007.23115079364,185.19755952281622,92.59877976140811,1.3565991756398634,0.7940554306927773,0.18940424906620534,hacabox
