nameseq,average,median,maximum,minimum,peak,none_levated_peak,sample_standard_deviation,population_standard_deviation,percentile15,percentile25,percentile50,percentile75,amplitude,variance,interquartile_range,semi_interquartile_range,coefficient_of_variation,skewness,kurtosis,label
AY948601.1/1-137,184.24999999999997,127.21210929408878,712.2029799830797,2.8477629945182845,0.2478516508367255,3.752919889249732,162.06325925390985,162.65798880943234,30.766412768379826,53.82845021709063,127.21210929408878,276.484552033346,709.3552169885614,26457.621323529413,222.6561018162554,111.3280509081277,0.8795834966290902,1.0558449392261338,0.28173512857502997,hacabox
DQ789470.1/1-139,176.74999999999994,148.99360638935838,791.6763861669757,1.8144003320345887,0.26214049976426224,3.8595737194796866,153.88510324264658,154.44165154479555,39.76085494418273,58.231193043097655,148.99360638935838,270.10548645187123,789.8619858349412,23852.22373188405,211.87429340877358,105.93714670438679,0.8706370763374632,0.5411126813270909,0.31610970322870435,hacabox
AM051030.1/1-135,181.74999999999994,136.00500891634604,906.4433057152136,0.014024048636076068,0.24759284731774422,3.776859243577671,173.94934607522958,174.597204355215,21.918684990258523,53.16198754109104,136.00500891634604,257.1217178981573,906.4292816665775,30484.183768656712,203.9597303570663,101.97986517853315,0.9570803085294616,0.7889364136592405,0.24837856575098066,hacabox
