nameseq,average,median,maximum,minimum,peak,none_levated_peak,sample_standard_deviation,population_standard_deviation,percentile15,percentile25,percentile50,percentile75,amplitude,variance,interquartile_range,semi_interquartile_range,coefficient_of_variation,skewness,kurtosis,label
AY948648.1/1-141,221.25000000000006,171.41674150663152,921.0,6.872040856160136,0.21242937853107338,3.518202348719197,203.2553812325765,203.98000164581964,35.740651349711555,75.7759587454451,171.41674150663152,282.6455186125597,914.1279591438399,41607.84107142858,206.86955986711462,103.43477993355731,0.9186683897517579,0.7355267770698742,0.21494728289632906,hacabox
DQ789506.1/1-149,215.25000000000017,143.52555711838707,1186.5351989319208,7.017150785137262,0.2307394502516452,3.80417222954269,220.82176070306116,221.56652423631635,40.842920823749374,60.96483824623453,143.52555711838707,285.04740088178335,1179.5180481467835,49091.72466216216,224.0825626355488,112.0412813177744,1.0258850671454633,0.9744208539944698,0.24816068972706518,hacabox
