nameseq,average,median,maximum,minimum,peak,none_levated_peak,sample_standard_deviation,population_standard_deviation,percentile15,percentile25,percentile50,percentile75,amplitude,variance,interquartile_range,semi_interquartile_range,coefficient_of_variation,skewness,kurtosis,label
AY948647.1/1-169,232.25000000000006,135.71914657301488,1431.435858121442,1.5651649586060963,0.24255471833512732,4.372937276876521,281.55372489100546,282.3904391424179,24.681019666145477,41.3001654912999,135.71914657301488,301.961985254959,1429.8706931628358,79744.36011904762,260.66181976365914,130.33090988182957,1.2122872977007768,1.0285516925519704,0.21577536923992277,hacabox
AY948716.1/2-197,275.00000000000006,206.96757827422817,2003.9364316231483,6.839891932992792,0.2375757575757575,4.452766418290802,286.5571496228981,287.29097195022086,32.38805989161037,75.75830906299457,206.96757827422817,357.7810138218971,1997.0965396901556,82536.10256410258,282.02270475890253,141.01135237945127,1.0420259986287201,0.712239305304029,0.20990527318933558,hacabox
DQ789490.1/2-146,188.25000000000009,163.05482784806566,992.25,0.8501128066073641,0.25675077467906143,3.8813390524414078,163.53898617760842,164.10584744812314,38.843958141761306,61.78297647307943,163.05482784806566,274.13432023424997,991.3998871933926,26930.729166666664,212.35134376117054,106.17567188058527,0.8687329943033644,0.46218652947814576,0.3135346150496569,hacabox
ABEG02009257.1/8953-8799,210.7499999999998,107.15858636882912,1161.7701789957955,2.356996498683272,0.24515618821668667,4.215455644574111,258.3672289590922,259.20472622504894,21.343635834260972,38.490924962254525,107.15858636882912,277.8211505802958,1159.4131824971123,67187.09009740259,239.33022561804128,119.66511280902064,1.2259417744203673,1.2028392383413207,0.20713793084634724,hacabox
