nameseq,average,median,maximum,minimum,peak,none_levated_peak,sample_standard_deviation,population_standard_deviation,percentile15,percentile25,percentile50,percentile75,amplitude,variance,interquartile_range,semi_interquartile_range,coefficient_of_variation,skewness,kurtosis,label
AM286188.1/1-127,173.75000000000003,135.29749832275905,688.4468361197918,0.34688116476397135,0.2436450839328537,3.619430540900719,157.6764884185337,158.300952202613,25.43468369752948,60.587798875594686,135.29749832275905,216.85806918721826,688.0999549550278,25059.191468253965,156.27027031162356,78.13513515581178,0.907490580826093,0.7316087908142652,0.1864988351581722,hacabox
DQ789479.1/4-131,180.0,107.1832206582429,742.0549205508853,1.3227177388776177,0.23703703703703702,3.6744471165375026,195.15890960957944,195.92574521434204,27.63537414782681,40.91713811024549,107.1832206582429,239.81399474834862,740.7322028120077,38386.89763779528,198.89685663810315,99.44842831905157,1.0842161644976636,1.1193459651024233,0.17613582771972888,hacabox
DQ789525.1/3-129,173.75000000000003,135.29749832275905,688.4468361197918,0.34688116476397135,0.2436450839328537,3.619430540900719,157.6764884185337,158.300952202613,25.43468369752948,60.587798875594686,135.29749832275905,216.85806918721826,688.0999549550278,25059.191468253965,156.27027031162356,78.13513515581178,0.907490580826093,0.7316087908142652,0.1864988351581722,hacabox
