nameseq,average,median,maximum,minimum,peak,none_levated_peak,sample_standard_deviation,population_standard_deviation,percentile15,percentile25,percentile50,percentile75,amplitude,variance,interquartile_range,semi_interquartile_range,coefficient_of_variation,skewness,kurtosis,label
DQ789472.1/2-132,186.75000000000003,151.62861527378368,947.28048748201,0.8261952584256055,0.2338241856314145,3.626324403613179,185.18673008614846,185.89762225896936,29.484969855948272,44.25261501378609,151.62861527378368,249.57415639271926,946.4542922235844,34557.925961538465,205.32154137893318,102.66077068946659,0.9916290767665243,0.5689616860216381,0.2632561765974794,hacabox
AY948664.1/1-130,176.49999999999991,122.45562052668845,715.4510002246801,0.1425591740195905,0.24551463644948077,3.654678529255232,163.18164725237943,163.81291323529916,33.849224275438885,52.49068204821553,122.45562052668845,270.7853753353057,715.3084410506606,26834.67054263565,218.29469328709013,109.14734664354506,0.9245419107783542,0.9935745909537033,0.2947817196159789,hacabox
