nameseq,average,median,maximum,minimum,peak,none_levated_peak,sample_standard_deviation,population_standard_deviation,percentile15,percentile25,percentile50,percentile75,amplitude,variance,interquartile_range,semi_interquartile_range,coefficient_of_variation,skewness,kurtosis,label
AY948676.1/1-131,156.75000000000003,106.03565078023267,1106.0238978548775,0.04172825155917854,0.2785752259436469,4.024424604427131,174.34484506288106,175.01411756242365,18.909459413171128,45.73554271774542,106.03565078023267,238.87495670566753,1105.9821696033184,30629.94134615385,193.13941398792213,96.56970699396106,1.1122478153931805,0.8726558425310971,0.33290914141448225,hacabox
DQ789464.1/2-132,166.74999999999997,107.77375970763028,1495.8747954265007,1.084026121022129,0.2618690654672664,3.9223978499778447,215.27221139756983,216.09859528607626,15.353419739678436,45.91455652438088,107.77375970763028,221.04278132884858,1494.7907693054785,46698.602884615386,175.1282248044677,87.56411240223385,1.2909877744981701,0.8218836965926499,0.28239957509006,hacabox
AM051048.1/1-129,152.25000000000006,103.20705826319723,751.9077860834171,1.468484308909189,0.2824302134646961,3.919980652224804,143.77065069060512,144.33116217574081,19.207388603316662,49.35121495945743,103.20705826319723,214.8449031737931,750.439301774508,20831.484374999996,165.4936882143357,82.74684410716785,0.9443064084768806,1.023357858531434,0.27194708783310056,hacabox
