nameseq,average,median,maximum,minimum,peak,none_levated_peak,sample_standard_deviation,population_standard_deviation,percentile15,percentile25,percentile50,percentile75,amplitude,variance,interquartile_range,semi_interquartile_range,coefficient_of_variation,skewness,kurtosis,label
AY948684.1/1-125,175.2500000000001,132.95889099541031,992.8724238094276,9.40585936740557,0.23775558725630036,3.5175280594041274,175.6295817907678,176.3363435267588,33.17085072188469,53.57697302650487,132.95889099541031,225.39944950241934,983.466564442022,31094.50604838709,171.82247647591447,85.91123823795724,1.0021659445978184,0.7223915568216577,0.22106660641902137,hacabox
AAGD02002937.1/70069-70193,175.24999999999994,119.10972807031133,726.1883117654676,0.25,0.23775558725630058,3.571379267030937,166.89742358706442,167.56904571144747,28.097402642463543,49.73774331171044,119.10972807031133,272.69044126871023,725.9383117654676,28079.38508064517,222.9526979569998,111.4763489784999,0.9523390789561453,1.009127715510879,0.27684088272937585,hacabox
DQ789460.1/2-126,161.24999999999997,105.6287320255401,872.9571652429117,2.289119508629113,0.2583979328165375,3.6831932763506936,155.85810854748624,156.4853066894059,26.63734880666538,53.52029734438997,105.6287320255401,233.49054560784472,870.6680457342826,24487.65120967742,179.97024826345475,89.98512413172737,0.9665619134727831,1.0706135566411048,0.28182120636624963,hacabox
AM051029.1/1-120,163.99999999999991,114.71594398557988,553.0,4.0,0.24390243902439038,3.444538831636394,133.26664999166147,133.82542246329353,35.2245433442316,68.87581935513731,114.71594398557988,239.9574071509184,549.0,17909.243697478993,171.0815877957811,85.54079389789055,0.8126015243393996,1.1094461221356675,0.22773837397998828,hacabox
