nameseq,average,median,maximum,minimum,peak,none_levated_peak,sample_standard_deviation,population_standard_deviation,percentile15,percentile25,percentile50,percentile75,amplitude,variance,interquartile_range,semi_interquartile_range,coefficient_of_variation,skewness,kurtosis,label
AY948692.1/1-136,196.00000000000003,161.861427129157,789.454627707849,0.00858519243087983,0.2312925170068027,3.6949357944631323,184.75659663459922,185.4396178055052,16.33837656027941,48.42080835049086,161.861427129157,283.61768836629074,789.4460425154181,34387.85185185185,235.19688001579988,117.59844000789994,0.942635697115302,0.5543278046795856,0.27795885090802785,hacabox
DQ789501.1/2-142,213.25,129.61562724434708,855.5990294900852,5.3465848326817875,0.22039859320046892,3.593432408103053,200.8550472355624,201.5711102812107,51.99999999999999,68.52306108425996,129.61562724434708,318.2461090017121,850.2524446574034,40630.912500000006,249.72304791745216,124.86152395872608,0.9418759542113125,1.2491750728708353,0.2180933107125245,hacabox
