nameseq,average,median,maximum,minimum,peak,none_levated_peak,sample_standard_deviation,population_standard_deviation,percentile15,percentile25,percentile50,percentile75,amplitude,variance,interquartile_range,semi_interquartile_range,coefficient_of_variation,skewness,kurtosis,label
DQ789487.1/2-127,175.49999999999994,128.5248469340135,754.4123989653724,2.854054301677762,0.23931623931623938,3.504313625329701,154.0689780585306,154.68402632463375,41.873715212153165,69.7180151249964,128.5248469340135,237.6885285207097,751.5583446636947,23927.14799999999,167.97051339571328,83.98525669785664,0.8778859148634225,0.9146906857811564,0.2463873716280013,hacabox
AY948714.1/1-132,189.00000000000003,118.48443447300346,859.428217194295,4.398585415156842,0.23280423280423276,3.6116022389197084,179.90830998038973,180.5936774526668,23.930578096369633,68.11046564174643,118.48443447300346,283.0,855.0296317791382,32614.07633587786,214.88953435825357,107.44476717912679,0.951895820002062,1.1758583947792551,0.2762234028614127,hacabox
AAGD02001344.1/30481-30356,177.49999999999997,111.46294433376374,1187.7712597987834,8.554108038067158,0.2366197183098592,3.5102467493103053,189.1963266028175,189.9516043627955,41.40001100671224,64.0,111.46294433376374,222.90602138698927,1179.2171517607162,36081.611999999994,158.90602138698927,79.45301069349463,1.0658947977623523,1.0471195215888427,0.22291156791869154,hacabox
