nameseq,average,median,maximum,minimum,peak,none_levated_peak,sample_standard_deviation,population_standard_deviation,percentile15,percentile25,percentile50,percentile75,amplitude,variance,interquartile_range,semi_interquartile_range,coefficient_of_variation,skewness,kurtosis,label
AAFI02000024.1/236827-236973,228.75,167.8961555580577,1090.773868178236,6.0584144329805865,0.21420765027322405,3.664411937862968,233.77152307327765,234.5707442869687,32.58709287925924,52.23005639360556,167.8961555580577,313.25447088292975,1084.7154537452554,55023.43407534246,261.0244144893242,130.5122072446621,1.0219520134350935,0.7809400004148557,0.2759106032212686,hacabox
AJ699379.1/1-147,226.74999999999991,169.76311124410952,1197.3840655552879,3.5243339305415176,0.21609702315325255,3.6560474014254503,224.13639820430774,224.9026787240656,44.96093132489081,66.23966301867402,169.76311124410952,309.5358247578815,1193.8597316247462,50581.21489726027,243.2961617392075,121.64808086960375,0.9884736414743455,0.7627528042626743,0.2786549568933998,hacabox
