nameseq,average,median,maximum,minimum,peak,none_levated_peak,sample_standard_deviation,population_standard_deviation,percentile15,percentile25,percentile50,percentile75,amplitude,variance,interquartile_range,semi_interquartile_range,coefficient_of_variation,skewness,kurtosis,label
AACB02000004.1/98546-98434,132.25,84.66604720139242,778.358073841502,0.6709583605971147,0.2848141146817895,3.691807674972864,143.5060974314332,144.14532597347718,27.351624744407438,34.62244815387831,84.66604720139242,176.39160323724266,777.6871154809049,20777.874999999996,141.76915508336435,70.88457754168218,1.0851122679125385,0.9947442021690345,0.29673462221861874,hacabox
