nameseq,average,median,maximum,minimum,peak,none_levated_peak,sample_standard_deviation,population_standard_deviation,percentile15,percentile25,percentile50,percentile75,amplitude,variance,interquartile_range,semi_interquartile_range,coefficient_of_variation,skewness,kurtosis,label
AACB02000068.1/10221-10367,168.75000000000003,120.23055910013059,810.4212691724264,4.477103455816229,0.29037037037037033,4.185333049669185,154.49635918040266,155.02455340214414,31.501699225974118,48.585801657968524,120.23055910013059,239.58413221629647,805.9441657166102,24032.61215753424,190.99833055832795,95.49916527916398,0.9155339803283119,0.9421472678824906,0.28806352691996295,hacabox
ACGJ01001903.1/4369-4514,188.5,116.74680970917487,1194.1577249793945,1.8925058360775873,0.2581786030061892,3.9409891202477967,184.23965371222343,184.8738712632536,45.72795706275965,63.864944191092206,116.74680970917487,277.7058251064596,1192.265219143317,34178.34827586207,213.8408809153674,106.9204404576837,0.977398693433546,1.1683672137633525,0.2950131668761496,hacabox
