nameseq,average,median,maximum,minimum,peak,none_levated_peak,sample_standard_deviation,population_standard_deviation,percentile15,percentile25,percentile50,percentile75,amplitude,variance,interquartile_range,semi_interquartile_range,coefficient_of_variation,skewness,kurtosis,label
ACVC01000147.1/10980-10834,170.74999999999997,128.35473775887988,907.1952249018716,0.5599481159238074,0.28696925329428996,4.210316152683771,165.33337533601616,165.898619293717,26.11675822420097,53.51347668814547,128.35473775887988,256.45143864373324,906.6352767859478,27522.351883561645,202.93796195558778,101.46898097779389,0.9682774543836966,0.7692686758791053,0.27674448399472507,hacabox
