nameseq,average,median,maximum,minimum,peak,none_levated_peak,sample_standard_deviation,population_standard_deviation,percentile15,percentile25,percentile50,percentile75,amplitude,variance,interquartile_range,semi_interquartile_range,coefficient_of_variation,skewness,kurtosis,label
ACGJ01000491.1/21078-21184,136.75000000000003,120.63365314537094,408.20699908464843,4.9525007291777285,0.2608165752589883,3.299434056709757,101.61016189338547,102.08833000221676,38.8119771288497,45.39881721227998,120.63365314537094,192.4698116325393,403.2544983554707,10422.027122641512,147.0709944202593,73.53549721012965,0.743035918781612,0.47582879175625686,0.2682157734003237,hacabox
ACVC01000234.1/36443-36337,140.75000000000003,119.8239035181095,547.9502901264257,3.936760422901414,0.2534043812907045,3.270237988562652,110.20265423300839,110.7212578232485,37.34143111711704,64.29044808225979,119.8239035181095,181.43689300535135,544.0135297035242,12259.196933962265,117.14644492309156,58.57322246154578,0.782967348014269,0.569662227126903,0.22464579183547786,hacabox
