nameseq,average,median,maximum,minimum,peak,none_levated_peak,sample_standard_deviation,population_standard_deviation,percentile15,percentile25,percentile50,percentile75,amplitude,variance,interquartile_range,semi_interquartile_range,coefficient_of_variation,skewness,kurtosis,label
CP001398.1/1107569-1107637,55.25,29.97549831137434,265.78634581067195,0.454464957716523,0.416289592760181,3.596477854082464,61.540636980778814,61.99149016551528,7.670057548970537,14.684650055105022,29.97549831137434,64.14255169397069,265.3318808529554,3842.9448529411775,49.457901638865664,24.728950819432832,1.1138576829100237,1.232088401840221,0.17899911092152795,hacabox
AP006878.1/899083-899151,51.25,31.261549018224507,244.77887256384628,0.25,0.44878048780487806,3.6805377044253484,55.697845559770094,56.1058938395015,8.231022037065612,14.279018660960267,31.261549018224507,55.87703717315873,244.52887256384628,3147.871323529412,41.598018512198465,20.799009256099232,1.0867872304345385,1.076618895087726,0.14705841559704547,hacabox
AE009950.1/1865162-1865095,46.99999999999999,33.077697913278364,199.55530721667648,1.0397992176004467,0.4822695035460994,3.6962914488880214,44.158804331639224,44.48712710000433,8.313330380845699,16.6824130311364,33.077697913278364,64.82366632829803,198.51550799907602,1979.1044776119395,48.14125329716163,24.070626648580816,0.9395490283327496,0.9458341749130972,0.2239464691902828,hacabox
