nameseq,average,median,maximum,minimum,peak,none_levated_peak,sample_standard_deviation,population_standard_deviation,percentile15,percentile25,percentile50,percentile75,amplitude,variance,interquartile_range,semi_interquartile_range,coefficient_of_variation,skewness,kurtosis,label
ABGV01002952.1/1394-1538,264.24999999999994,167.90849566103336,1540.4890990619353,2.035827280540891,0.1829076001261432,3.4159261954131868,295.0559269020028,296.0786541519744,35.34071405526799,61.069686904242566,167.90849566103336,366.02055722686947,1538.4532717813945,87662.56944444445,304.9508703226269,152.47543516131344,1.1165787205373807,0.9795584045762745,0.2986586627167278,hacabox
ABGU01005259.1/2-144,243.74999999999994,142.32359797411436,1876.2909902644312,0.42727819878611645,0.1955555555555556,3.5406206406599012,291.84734879727796,292.87317743928054,42.43747771888659,59.590195086764865,142.32359797411436,378.65967442647263,1875.8637120656451,85774.69806338032,319.06947933970775,159.53473966985388,1.1973224566042175,1.042597122542354,0.31233306406839123,hacabox
