nameseq,average,median,maximum,minimum,peak,none_levated_peak,sample_standard_deviation,population_standard_deviation,percentile15,percentile25,percentile50,percentile75,amplitude,variance,interquartile_range,semi_interquartile_range,coefficient_of_variation,skewness,kurtosis,label
ABGU01000965.1/1561-1359,370.7499999999998,249.7573009612775,1839.10339288476,1.417527405171161,0.18251292425264118,3.934810162315772,365.59762718048364,366.50145458493233,70.87628609530327,128.6806350407504,249.7573009612775,517.5669038292183,1837.685865479589,134323.3162128712,388.8862687884679,194.44313439423394,0.9861028379783786,0.9928349369099606,0.29532816046943183,hacabox
