nameseq,average,median,maximum,minimum,peak,none_levated_peak,sample_standard_deviation,population_standard_deviation,percentile15,percentile25,percentile50,percentile75,amplitude,variance,interquartile_range,semi_interquartile_range,coefficient_of_variation,skewness,kurtosis,label
AE009441.1/1001407-1001347,57.249999999999986,34.968185681163746,334.25310772927514,0.38113999747337124,0.3551673944687046,3.0483360711858483,67.74031296059978,68.30248287336757,15.131433262492104,20.60313208502704,34.968185681163746,69.4332135495506,333.87196773180176,4665.229166666669,48.83008146452356,24.41504073226178,1.1832369076087301,0.9867896978183205,0.30476517951772303,hacabox
CP001014.1/643411-643351,57.25,40.139561467196366,210.35948965569938,0.2247540865286384,0.3551673944687045,3.0890972318266985,56.1315419349941,56.597371847109656,5.546147199732577,14.020003561272492,40.139561467196366,87.21497746533747,210.13473556917074,3203.2625000000007,73.19497390406498,36.59748695203249,0.9804636145850497,0.9144825498978394,0.26442711039860795,hacabox
CP000561.1/585996-585937,56.999999999999986,41.11571560992517,224.95201808620018,0.0,0.35087719298245623,2.978680251668793,53.31978994707312,53.76975395775924,12.859097176068083,16.00304666350899,41.11571560992517,72.15828395868957,224.95201808620018,2891.186440677966,56.15523729518058,28.07761864759029,0.9354349113521602,0.8937179463296115,0.21495987104248038,hacabox
CP000660.1/700317-700377,59.24999999999999,42.25,178.29367941918542,3.161233952654187,0.34317862165963436,2.964645342057202,50.356230994783566,50.77413219347034,9.187645277040184,12.934498102553468,42.25,106.40273330914282,175.13244546653124,2578.0125000000007,93.46823520658936,46.73411760329468,0.849894194004786,1.0127842968486482,0.43170793981592787,hacabox
