nameseq,average,median,maximum,minimum,peak,none_levated_peak,sample_standard_deviation,population_standard_deviation,percentile15,percentile25,percentile50,percentile75,amplitude,variance,interquartile_range,semi_interquartile_range,coefficient_of_variation,skewness,kurtosis,label
AE009441.1/2183899-2183840,52.99999999999998,42.95984863577893,181.0575155036928,3.437694101250942,0.3773584905660379,2.969039688268989,43.12771730569564,43.49167073968087,20.850159213433408,24.783427102812364,42.95984863577893,59.92116167511352,177.61982140244186,1891.525423728813,35.137734572301156,17.568867286150578,0.8137305152018048,0.6984013060363224,0.2215913268038062,hacabox
CP003316.1/2298976-2299035,57.0,51.0786379178914,170.93104815784403,0.0,0.3508771929824561,2.9268090762848726,45.574115460423364,45.95871397059005,13.75203461422244,17.350910891097524,51.0786379178914,93.19570306354204,170.93104815784403,2112.2033898305085,75.84479217244451,37.92239608622226,0.7995458852705853,0.3897845535093745,0.3435124615374442,hacabox
CP000504.1/2947-3005,56.74999999999997,38.59144797509139,225.15597468250647,2.5032744726087817,0.34654919236417053,2.8761758389589893,52.04445215390394,52.49119384272452,17.395633600290523,21.04806317960132,38.59144797509139,74.32015719858603,222.6527002098977,2755.3254310344805,53.27209401898471,26.636047009492355,0.9170828573375148,1.0467139881429117,0.23805593109795278,hacabox
