nameseq,average,median,maximum,minimum,peak,none_levated_peak,sample_standard_deviation,population_standard_deviation,percentile15,percentile25,percentile50,percentile75,amplitude,variance,interquartile_range,semi_interquartile_range,coefficient_of_variation,skewness,kurtosis,label
AE009441.1/724028-724085,50.49999999999999,36.666935025229435,160.74405969123688,0.08738008919368333,0.38283828382838286,3.022554401965802,40.89315346118467,41.250305687330915,5.3009979520665755,19.729023938557123,36.666935025229435,70.05219968495328,160.6566796020432,1701.5877192982452,50.32317574639616,25.16158787319808,0.8097654150729638,1.0148201205295222,0.22878191370481363,hacabox
CP001014.1/224637-224694,44.5,34.89538988298803,141.13575788594002,0.0,0.43445692883895126,3.2678289604949913,38.52596527019148,38.862442971128445,6.303627915357698,9.608033124289735,34.89538988298803,75.67885902855265,141.13575788594002,1510.2894736842104,66.07082590426292,33.03541295213146,0.8657520285436288,0.7479067727169945,0.36761589699020625,hacabox
CP000504.1/1173049-1172992,54.5,38.09699677708263,260.59011724228253,0.08427817718986075,0.3547400611620795,2.97349718095949,54.774537880296165,55.25292720673069,7.531057878761602,16.41540556260342,38.09699677708263,81.12679403301601,260.5058390650927,3052.88596491228,64.71138847041259,32.35569423520629,1.0050373922990121,0.8983920553796927,0.31644323751367526,hacabox
CP003316.1/1875733-1875794,53.49999999999999,33.53712836057481,256.9246469575183,0.7654847885005098,0.38629283489096583,3.236373621285604,54.03008421240893,54.47115344268973,6.589887207414931,14.516131790044481,33.53712836057481,90.44764517810228,256.1591621690178,2967.1065573770493,75.9315133880578,37.9657566940289,1.0099081161197931,1.1084309008817184,0.35535134626438686,hacabox
CP000561.1/255861-255803,50.74999999999999,39.028334558247806,140.82894047985675,4.109984414995984,0.38752052545156,3.0247007954828904,42.351210136193274,42.714746504755446,11.777061787061587,19.8182200781352,39.028334558247806,65.15511757452742,136.71895606486078,1824.5495689655174,45.336897496392226,22.668448748196113,0.8345066036688331,0.8303185720590452,0.1949491624280481,hacabox
