nameseq,average,median,maximum,minimum,peak,none_levated_peak,sample_standard_deviation,population_standard_deviation,percentile15,percentile25,percentile50,percentile75,amplitude,variance,interquartile_range,semi_interquartile_range,coefficient_of_variation,skewness,kurtosis,label
AJ632008.1/1-158,243.50000000000006,163.00853202861447,1345.8247568199258,0.7637014223015545,0.21629021218343594,3.813083614667794,246.21789130767888,247.00078006014164,40.180864228496915,78.37646012546162,163.00853202861447,319.65221184723566,1345.0610553976242,61009.38535031846,241.27575172177404,120.63787586088702,1.011161771284102,0.9807345950031122,0.23476571038025504,hacabox
CU329670.1/4937394-4937237,243.50000000000006,163.00853202861447,1345.8247568199258,0.7637014223015545,0.21629021218343594,3.813083614667794,246.21789130767888,247.00078006014164,40.180864228496915,78.37646012546162,163.00853202861447,319.65221184723566,1345.0610553976242,61009.38535031846,241.27575172177404,120.63787586088702,1.011161771284102,0.9807345950031122,0.23476571038025504,hacabox
