nameseq,average,median,maximum,minimum,peak,none_levated_peak,sample_standard_deviation,population_standard_deviation,percentile15,percentile25,percentile50,percentile75,amplitude,variance,interquartile_range,semi_interquartile_range,coefficient_of_variation,skewness,kurtosis,label
AATM01000002.1/50041-50225,250.24999999999997,223.1631583212736,1193.4144797626666,1.114866693951905,0.24642024642024643,4.329148799936416,211.8265800129908,212.4014157510337,41.21704091358863,75.00529020444445,223.1631583212736,362.3478975986655,1192.2996130687147,45114.361413043465,287.34260739422103,143.67130369711052,0.8464598601917716,0.3836181702560442,0.2860794553386708,hacabox
AATM01000025.1/2059-2243,250.24999999999997,223.1631583212736,1193.4144797626666,1.114866693951905,0.24642024642024643,4.329148799936416,211.8265800129908,212.4014157510337,41.21704091358863,75.00529020444445,223.1631583212736,362.3478975986655,1192.2996130687147,45114.361413043465,287.34260739422103,143.67130369711052,0.8464598601917716,0.3836181702560442,0.2860794553386708,hacabox
AJ577639.1/1-190,269.49999999999994,177.57002297627383,1099.4499537615952,2.782649869068703,0.23500309214594936,4.383506306848027,268.7773241923507,269.48743725075354,41.43153097704316,65.83450308655128,177.57002297627383,369.53836631386645,1096.6673038925264,72623.47883597884,303.7038632273152,151.8519316136576,0.9973184571144741,1.0260907682591893,0.20191058485947844,hacabox
AATM01000007.1/38232-38049,249.9999999999999,174.2985811019564,1120.8744548378872,1.7170008091304492,0.24533333333333346,4.350537931785153,229.64320151051717,230.26978712672656,31.023025874465,69.12277382918268,174.2985811019564,349.9159124855325,1119.1574540287568,53024.17486338797,280.7931386563498,140.3965693281749,0.9185728060420691,0.9889439582809927,0.256938978127729,hacabox
