nameseq,average,median,maximum,minimum,peak,none_levated_peak,sample_standard_deviation,population_standard_deviation,percentile15,percentile25,percentile50,percentile75,amplitude,variance,interquartile_range,semi_interquartile_range,coefficient_of_variation,skewness,kurtosis,label
CU329671.1/3393616-3393802,258.74999999999994,168.64132796133475,1238.9868135913614,0.4744135268157356,0.240901771336554,4.43107907483075,273.4110915818888,274.1450824101673,37.219172688040025,70.12028061737072,168.64132796133475,322.65491280474305,1238.5124000645458,75155.52620967741,252.53463218737232,126.26731609368616,1.0566612235048845,0.9887163485283507,0.1984513226070896,hacabox
AATM01000023.1/268758-268938,215.25,141.30454647402456,2070.25,0.6689672475753343,0.2802942315137437,4.650240498901943,245.54887497196972,246.23001046898318,37.74980834913959,61.524157433372764,141.30454647402456,275.0414661210449,2069.5810327524246,60629.21805555557,213.51730868767214,106.75865434383607,1.14076132391159,0.9034305720327561,0.24745242608434695,hacabox
