nameseq,average,median,maximum,minimum,peak,none_levated_peak,sample_standard_deviation,population_standard_deviation,percentile15,percentile25,percentile50,percentile75,amplitude,variance,interquartile_range,semi_interquartile_range,coefficient_of_variation,skewness,kurtosis,label
AJ632005.1/1-164,258.99999999999983,190.05745657445817,1095.0788459250718,5.500932026562436,0.2110682110682112,3.8108427131591243,244.59354038894813,245.34268009224695,33.935596091473506,87.96415746203424,190.05745657445817,376.63637513669875,1089.5779138985095,60193.030674846625,288.6722176746645,144.33610883733226,0.9443766038183332,0.8455972710797329,0.31643182156342986,hacabox
