nameseq,average,median,maximum,minimum,peak,none_levated_peak,sample_standard_deviation,population_standard_deviation,percentile15,percentile25,percentile50,percentile75,amplitude,variance,interquartile_range,semi_interquartile_range,coefficient_of_variation,skewness,kurtosis,label
AJ632012.1/1-210,318.49999999999994,197.61836023359106,1597.940650777274,1.1844611993181355,0.21978021978021983,4.48875668689338,335.3330434061039,336.13431824838443,34.17998742003346,90.1783447653919,197.61836023359106,425.56575864119384,1596.7561895779559,112986.2799043062,335.38741387580194,167.69370693790097,1.052850999705193,1.08144701642196,0.22793176257932463,hacabox
CU329672.1/923877-924086,318.49999999999994,197.61836023359106,1597.940650777274,1.1844611993181355,0.21978021978021983,4.48875668689338,335.3330434061039,336.13431824838443,34.17998742003346,90.1783447653919,197.61836023359106,425.56575864119384,1596.7561895779559,112986.2799043062,335.38741387580194,167.69370693790097,1.052850999705193,1.08144701642196,0.22793176257932463,hacabox
