nameseq,average,median,maximum,minimum,peak,none_levated_peak,sample_standard_deviation,population_standard_deviation,percentile15,percentile25,percentile50,percentile75,amplitude,variance,interquartile_range,semi_interquartile_range,coefficient_of_variation,skewness,kurtosis,label
CU329671.1/3172781-3172923,215.75000000000014,147.64881340582264,1132.9802166075665,1.7147732310581818,0.22093472383159504,3.66834835041975,218.39614236519841,219.1637937386454,41.67558030579564,68.58394478450876,147.64881340582264,297.6689190390571,1131.2654433765083,48032.768485915505,229.0849742545483,114.54248712727416,1.0122648545316257,0.9354723832113274,0.26061421758695735,hacabox
