nameseq,average,median,maximum,minimum,peak,none_levated_peak,sample_standard_deviation,population_standard_deviation,percentile15,percentile25,percentile50,percentile75,amplitude,variance,interquartile_range,semi_interquartile_range,coefficient_of_variation,skewness,kurtosis,label
AJ632004.1/1-172,237.0000000000001,164.63600812021295,1521.0,1.0,0.2419127988748241,4.305956268636974,266.8520189168521,267.631150557139,27.18261800145686,59.03153455399676,164.63600812021295,293.4475943135541,1520.0,71626.432748538,234.41605975955733,117.20802987977866,1.1259578857251138,0.8135294479709548,0.188645690649555,hacabox
AATM01000008.1/26054-26225,221.0,135.83961145355508,1444.0,0.21049178052735965,0.2594268476621418,4.478615478398942,246.5299170486211,247.2497139586446,29.894172839372143,46.3927571910043,135.83961145355508,303.69738310417745,1443.7895082194727,61132.42105263157,257.30462591317314,128.65231295658657,1.1155199866453442,1.036308974983139,0.2634431917346241,hacabox
AJ577641.1/1-172,237.0000000000001,164.63600812021295,1521.0,1.0,0.2419127988748241,4.305956268636974,266.8520189168521,267.631150557139,27.18261800145686,59.03153455399676,164.63600812021295,293.4475943135541,1520.0,71626.432748538,234.41605975955733,117.20802987977866,1.1259578857251138,0.8135294479709548,0.188645690649555,hacabox
