nameseq,average,median,maximum,minimum,peak,none_levated_peak,sample_standard_deviation,population_standard_deviation,percentile15,percentile25,percentile50,percentile75,amplitude,variance,interquartile_range,semi_interquartile_range,coefficient_of_variation,skewness,kurtosis,label
CP002684.1/14283553-14283663,163.74999999999997,121.1499870871645,895.2930141903732,1.1286517971410466,0.2259541984732825,3.204545322678847,152.65934298299598,153.35167915611487,36.034252222282774,59.3935395997677,121.1499870871645,227.93886574884152,894.1643623932322,23516.737499999996,168.54532614907382,84.27266307453691,0.9322707968427237,0.8371583176061583,0.2651065067942457,hacabox
CP002687.1/11116542-11116436,164.75,104.53158391239477,812.0271640024256,0.16483713740553768,0.21648963075366714,3.1515119829263947,175.09033382799862,175.9142928911583,40.01531873647251,50.95373063692404,104.53158391239477,176.73018532910768,811.86232686502,30945.838443396227,125.77645469218365,62.888227346091824,1.06276378651289,1.0317831048302404,0.14968394421885436,hacabox
AFNB01005913.1/112-221,161.49999999999991,117.91569792605696,747.2285171847006,2.906708250687109,0.22703818369453055,3.271093757394853,164.4969604582407,165.2498108924788,17.223396870309422,40.439507473277345,117.91569792605696,198.7960742779481,744.3218089340136,27307.5,158.35656680467076,79.17828340233538,1.0185570307011813,0.7948651808373193,0.2501991773765859,hacabox
ADBK01001450.1/101858-101967,161.50000000000006,110.25345080882718,841.0,3.4245384837545236,0.22703818369453035,3.2858166712026664,163.39293130365218,164.14072894648228,25.45374872783593,38.281573165706014,110.25345080882718,234.37499894246085,837.5754615162455,26942.178899082566,196.09342577675483,98.04671288837741,1.011720936864719,0.9409198203795381,0.27263767363153035,hacabox
