nameseq,average,median,maximum,minimum,peak,none_levated_peak,sample_standard_deviation,population_standard_deviation,percentile15,percentile25,percentile50,percentile75,amplitude,variance,interquartile_range,semi_interquartile_range,coefficient_of_variation,skewness,kurtosis,label
Z96806.1/1-140,199.0000000000001,165.75580140374436,918.0075262136371,2.07445240374012,0.234505862646566,3.7993961274691768,197.48417658131496,198.19327824012686,20.304425815045864,39.02651144885964,165.75580140374436,284.28021793960284,915.933073809897,39280.57553956834,245.25370649074318,122.62685324537159,0.9923827968910294,0.5050156296836367,0.33389240081200794,hacabox
AK099797.1/1076-1214,200.74999999999997,134.18629891351145,1586.7427374082001,0.32968324093311036,0.23080116230801168,3.749387856520875,234.25760393208157,235.10483130488527,22.195047010293134,59.103120642747136,134.18629891351145,260.19706175152146,1586.413054167267,55274.28170289856,201.09394110877432,100.54697055438716,1.1669120992880777,0.852442353663628,0.24212762620177922,hacabox
AL731784.3/25271-25133,200.74999999999997,134.18629891351145,1586.7427374082001,0.32968324093311036,0.23080116230801168,3.749387856520875,234.25760393208157,235.10483130488527,22.195047010293134,59.103120642747136,134.18629891351145,260.19706175152146,1586.413054167267,55274.28170289856,201.09394110877432,100.54697055438716,1.1669120992880777,0.852442353663628,0.24212762620177922,hacabox
Z96808.1/1-140,205.00000000000009,118.41472292782989,1225.0,0.4607560892484597,0.22764227642276413,3.740325833236729,223.15913604421397,223.9604281592955,32.28029590636701,49.686511545485345,118.41472292782989,288.65227018436764,1224.5392439107516,50158.27338129496,238.96575863888228,119.48287931944114,1.0885811514351895,1.1639937123839996,0.2555500651699335,hacabox
AL731784.3/23367-23229,194.75000000000006,127.57067004341893,1318.1833502280115,0.9755875988568368,0.2379118528027385,3.7792085671389257,220.98557645240103,221.78480356914196,30.616987481663525,54.95379491104885,127.57067004341893,261.42257437797616,1317.2077626291546,49188.49909420289,206.46877946692732,103.23438973346366,1.1347141281252937,0.911996127100872,0.27595150340897917,hacabox
