nameseq,average,median,maximum,minimum,peak,none_levated_peak,sample_standard_deviation,population_standard_deviation,percentile15,percentile25,percentile50,percentile75,amplitude,variance,interquartile_range,semi_interquartile_range,coefficient_of_variation,skewness,kurtosis,label
AC012160.7/77294-77140,228.75000000000006,148.48025219384445,1226.561707013752,0.0816528025299157,0.22586520947176678,3.8711901893242397,226.31753135804567,227.0511395424662,35.40011489464473,62.655125069711154,148.48025219384445,326.64966788997594,1226.480054211222,51552.21996753246,263.99454282026477,131.99727141013238,0.9893662573029316,1.064032653473471,0.2544281799242086,hacabox
AC012160.7/77640-77489,225.99999999999986,174.3511146022757,922.9871049273742,10.036641032777744,0.2241887905604721,3.7372280662736093,198.1388402105957,198.7938464276081,43.562416736572544,68.02768845652325,174.3511146022757,300.51349919777016,912.9504638945964,39518.99337748343,232.4858107412469,116.24290537062345,0.8767205319052913,0.7820105135796922,0.2179253660818447,hacabox
AC012160.7/77986-77835,215.99999999999991,156.2229826734956,843.1019575001474,1.2518663844156281,0.23456790123456797,3.872294782839841,192.86783039169595,193.50541173533344,31.020408843772106,64.77735267624757,156.2229826734956,319.13022465763635,841.8500911157317,37444.34437086092,254.35287198138877,127.17643599069439,0.8929066221837779,0.9298131866538285,0.2770315748710417,hacabox
AF426408.1/1766-1920,228.74999999999986,165.65975157620545,939.7759161387953,2.4196970345392645,0.22586520947176697,3.889002194248897,216.36687593067475,217.0682290696374,19.008678779143395,56.529138312410566,165.65975157620545,343.504556456956,937.3562191042561,47118.61607142857,286.9754181445454,143.4877090722727,0.9458661242871034,0.8747676577445557,0.25188372954704896,hacabox
AF426408.1/186-341,245.00000000000006,168.99999999999994,1219.1422589009237,6.611527486079971,0.21224489795918364,3.768081066917934,247.03238654071248,247.82798404824936,35.813161946474864,66.4569291199671,168.99999999999994,377.62794090435034,1212.5307314148438,61418.70967741934,311.17101178438327,155.58550589219163,1.008295455268214,0.9229559054696034,0.3106817016593828,hacabox
