nameseq,average,median,maximum,minimum,peak,none_levated_peak,sample_standard_deviation,population_standard_deviation,percentile15,percentile25,percentile50,percentile75,amplitude,variance,interquartile_range,semi_interquartile_range,coefficient_of_variation,skewness,kurtosis,label
AC009733.5/161685-161548,186.49999999999991,113.3854252264573,1070.6416769375835,2.9999999999999996,0.24664879356568375,3.9916427914672754,223.01177098978437,223.82420271862415,16.67890727918558,27.951945439750222,113.3854252264573,243.83485776943934,1067.6416769375835,50097.27372262776,215.8829123296891,107.94145616484455,1.1957735709908015,0.9835522284188105,0.26034225854437343,hacabox
AC009733.5/161938-161801,182.50000000000006,127.96840224087634,1090.7408817867058,4.0,0.25205479452054785,3.8059722999876655,188.38325297117044,189.0695330326065,36.39017779903351,56.04208190699188,127.96840224087634,260.37314254335877,1086.7408817867058,35747.288321167885,204.33106063636689,102.16553031818344,1.0322370025817555,0.8684147380256098,0.2831369488366461,hacabox
AC009733.5/161346-161211,181.99999999999997,111.1393906317328,1035.4890988609664,1.178930235721067,0.24908424908424914,3.7835783540850976,181.10770276274835,181.77723444634907,38.77205286776521,53.03150354382782,111.1393906317328,251.03122044210224,1034.3101686252453,33042.962962962956,197.99971689827441,98.99985844913721,0.9950972679271889,1.1737867846696968,0.25288463963008506,hacabox
AC009733.5/161167-161032,186.00000000000006,119.44311492238504,917.8795639064039,1.754168230671436,0.24372759856630818,3.821407221263607,197.77259668619408,198.50373632083935,24.14959935072578,45.44535344537852,119.44311492238504,246.00302398968404,916.1253956757324,39403.733333333315,200.55767054430552,100.27883527215276,1.0632935305709357,1.0095971766486063,0.21978798771482375,hacabox
AC009733.5/161513-161377,186.25000000000003,105.8943569878838,1089.5104276316367,2.797538724091576,0.2451901565995525,3.927216531995253,218.22809168390765,219.02893140888406,18.49472765537231,30.83698470453503,105.8943569878838,254.21400809264313,1086.7128889075452,47973.67279411764,223.37702338810809,111.68851169405404,1.1716944519941348,1.1046558084076634,0.24113047375142477,hacabox
