nameseq,average,median,maximum,minimum,peak,none_levated_peak,sample_standard_deviation,population_standard_deviation,percentile15,percentile25,percentile50,percentile75,amplitude,variance,interquartile_range,semi_interquartile_range,coefficient_of_variation,skewness,kurtosis,label
AJ629213.1/2-130,172.24999999999994,128.12249231218036,1028.4333841779219,2.082924019641381,0.24963715529753275,3.7070301005449395,180.8286481727937,181.53363582956192,25.71667757566899,48.985914289727404,128.12249231218036,230.9875925680343,1026.3504601582806,32954.46093750001,182.00167827830688,91.00083913915344,1.04980347270127,0.7320882194338949,0.22215466453864335,hacabox
AJ629256.1/2-132,192.74999999999994,132.08644244418664,739.5959626905376,1.7358926961617076,0.2265456117596196,3.618906220358837,200.88585067146965,201.65700840402633,25.75196475571635,42.503495528375005,132.08644244418664,263.728590793206,737.8600699943759,40665.54903846154,221.22509526483103,110.61254763241551,1.042209342005031,0.9059407223511671,0.20290064321240092,hacabox
AJ629215.1/2-133,205.00000000000003,148.20504866417855,1206.7008732244108,4.741238153932104,0.21463414634146338,3.488988762592107,226.7774239204599,227.64134104479297,32.362853278865884,50.978033692717005,148.20504866417855,254.30105712482967,1201.9596350704787,51820.58015267175,203.32302343211268,101.66151171605634,1.1062313361973652,0.7513307588643627,0.268609398569081,hacabox
AJ629214.1/2-135,175.49999999999994,119.01574983585861,1077.5928350295521,0.7339733020211061,0.2545109211775879,3.9057149208033275,199.71792608576726,200.46733932323824,16.559552160259138,42.01901087390513,119.01574983585861,215.94949763203155,1076.8588617275311,40187.15413533834,173.93048675812642,86.96524337906321,1.137993880830583,0.8484603951858276,0.1957760595373574,hacabox
AJ629257.1/2-132,196.74999999999994,160.97512734957394,1004.5783132576527,0.5202751165475662,0.22193985599322327,3.508791349279789,206.06582686122408,206.85686941234732,28.088218617130575,62.31350258824807,160.97512734957394,233.52487229954744,1004.058038141105,42789.764423076915,171.21136971129937,85.60568485564968,1.047348548214608,0.5208268619112486,0.2238458810800651,hacabox
