nameseq,average,median,maximum,minimum,peak,none_levated_peak,sample_standard_deviation,population_standard_deviation,percentile15,percentile25,percentile50,percentile75,amplitude,variance,interquartile_range,semi_interquartile_range,coefficient_of_variation,skewness,kurtosis,label
U35631.2/189-333,200.2499999999999,114.28977566005413,1007.0283137520755,0.215436671953161,0.24136496046608422,3.8874555879989807,206.3710250980016,207.08635141999204,27.190139453664692,59.073924852533054,114.28977566005413,252.67330274733487,1006.8128770801223,42884.756944444445,193.59937789480182,96.79968894740091,1.0305669168439537,1.249597286718786,0.2289676217815644,hacabox
AF426408.1/2331-2471,189.25,153.34189333056747,923.1963962560329,1.6911719829275653,0.24834874504623514,3.8531218683255473,185.82182326088616,186.48429175517325,34.733825288375826,43.739613614512976,153.34189333056747,239.90540503328165,921.5052242731053,34776.39107142858,196.16579141876866,98.08289570938433,0.9818854597669018,0.579718345875108,0.23956997487415715,hacabox
AASV01043460.1/657-805,203.25000000000003,136.40915420252864,831.9056201986012,2.384327939250815,0.2443624436244362,3.8703551903601845,183.70424600427722,184.32382363508918,48.52042860700938,66.45329595584896,136.40915420252864,310.7572705676887,829.5212922593504,33975.27195945946,244.30397461183975,122.15198730591987,0.9038339286803306,1.0915509126977139,0.29874724475994463,hacabox
AAPT01018955.1/17011-17152,193.50000000000009,142.71363224874577,1327.8968695467508,0.19839232770869122,0.2446167097329887,3.862305888438999,202.55678216243464,203.27379956268953,24.139560025330965,54.778408515006184,142.71363224874577,249.76618700763638,1327.6984772190422,41320.23758865248,194.98777849263018,97.49388924631509,1.0468050757748555,0.7521797178412072,0.21571697719022354,hacabox
AAQB01006339.1/43171-43326,226.99999999999994,151.2820323027551,1487.1851098434186,3.9230056136214273,0.22907488986784147,4.016206940250086,258.0678205433602,258.89895899315997,22.309087977271265,46.21196163078059,151.2820323027551,343.14310939711163,1483.2621042297972,67028.67096774191,296.93114776633104,148.46557388316552,1.1368626455654638,0.8802101037373175,0.3026197854188992,hacabox
