nameseq,average,median,maximum,minimum,peak,none_levated_peak,sample_standard_deviation,population_standard_deviation,percentile15,percentile25,percentile50,percentile75,amplitude,variance,interquartile_range,semi_interquartile_range,coefficient_of_variation,skewness,kurtosis,label
AC079041.4/65653-65823,238.75000000000003,171.26724499674788,1088.7661850223403,4.078594185949179,0.23874345549738218,4.0973941394465765,212.94042594115376,213.56580298793705,43.740861259483026,72.37727013134415,171.26724499674788,358.4385280290313,1084.687590836391,45610.352205882344,286.06125789768714,143.03062894884357,0.8918970720048324,0.950727247374358,0.2956607715597504,hacabox
AC146468.1/16214-16379,237.50000000000009,145.37236860870047,1162.699189223345,0.9553718408728671,0.2329824561403508,4.089084979583704,244.0189541818422,244.7572885595653,40.88199960537401,65.16758428810088,145.37236860870047,341.93942967090334,1161.7438173824721,59906.13030303031,276.77184538280244,138.38592269140122,1.027448228134072,1.1326287955809333,0.20759358340835318,hacabox
