nameseq,average,median,maximum,minimum,peak,none_levated_peak,sample_standard_deviation,population_standard_deviation,percentile15,percentile25,percentile50,percentile75,amplitude,variance,interquartile_range,semi_interquartile_range,coefficient_of_variation,skewness,kurtosis,label
AM055743.1/3-203,232.25000000000009,157.58227898609667,1300.9192579935018,1.0,0.28848223896663067,5.017944530981881,244.32662564689915,244.9366805931688,33.24697802665901,67.16482319794294,157.58227898609667,314.31569956549504,1299.9192579935018,59993.97749999999,247.1508763675521,123.57543818377604,1.0519983881459594,0.9168184697374719,0.2446885607422451,hacabox
X94290.1/2-199,253.50000000000003,176.94751564841056,1145.8514155250973,2.165659859984861,0.2603550295857988,4.606043072492478,227.41426956108097,227.99073251269476,54.43031568377892,96.13658974869936,176.94751564841056,341.01842266232615,1143.6857556651125,51979.77411167513,244.8818329136268,122.4409164568134,0.8970977103001221,1.0098638642949578,0.2216551548574912,hacabox
X94291.1/4-200,239.24999999999991,181.99965881681706,1150.5122838828001,4.168676496448178,0.27446882619296425,4.684031427626567,210.1767113645087,210.71219429954832,43.27357940934247,77.20299614182846,181.99965881681706,343.9650195943407,1146.343607386352,44399.62882653061,266.7620234525122,133.3810117262561,0.8784815522027535,0.817174378809655,0.265129132869168,hacabox
AC007318.4/80306-80504,249.75000000000009,159.3561476205077,1326.726725147301,0.002313604583462057,0.26559893226559883,4.775117524307067,252.49034635011296,253.127145208518,40.52866616242692,63.58454192683664,159.3561476205077,319.87934857152715,1326.7244115427177,64073.35164141415,256.2948066446905,128.14740332234524,1.0109723577582097,1.074027427418735,0.22637019219155033,hacabox
AAPY01563514.1/105-305,260.25,196.09550368239925,1227.9605219614193,3.1151005018913165,0.2574447646493756,4.5852186686915655,231.6970004121762,232.27552066457625,71.56376018553846,104.59289931807356,196.09550368239925,325.21845841499015,1224.845421459528,53951.91749999998,220.6255590969166,110.3127795484583,0.8902862647922236,0.8306688848384756,0.18477181899180758,hacabox
