nameseq,average,median,maximum,minimum,peak,none_levated_peak,sample_standard_deviation,population_standard_deviation,percentile15,percentile25,percentile50,percentile75,amplitude,variance,interquartile_range,semi_interquartile_range,coefficient_of_variation,skewness,kurtosis,label
AJ609480.1/1-137,166.24999999999994,86.54029760615686,946.743505370748,6.428516738866349,0.27468671679198003,4.0684163227098855,179.4951252819976,180.1538252030584,22.56869964519064,36.524738131460765,86.54029760615686,273.376641059436,940.3149886318816,32455.400735294126,236.85190292797523,118.42595146398762,1.0796699265082565,1.3322317628729088,0.3899508679046925,hacabox
AC124598.5/176959-176830,148.50000000000003,108.89030878585787,645.4966121470333,0.27915552408671246,0.2918069584736251,3.9593504062303775,136.04502931015156,136.57131765565398,35.82527116636567,48.90199453481313,108.89030878585787,205.85923061688504,645.2174566229465,18651.724806201546,156.95723608207192,78.47861804103596,0.916128143502704,0.8734539897927719,0.24586546039249801,hacabox
AL606917.12/4887-5017,142.75000000000003,100.67476443191161,684.8043765855818,2.107914968114668,0.3058960887332165,4.057737909216433,135.6544322902868,136.17518058622983,35.478684564840435,55.4395401252742,100.67476443191161,156.76392749987343,682.6964616174672,18543.679807692304,101.32438737459924,50.66219368729962,0.9502937463417637,0.9304945262249521,0.16970789688171928,hacabox
AALT01049511.1/846-979,169.50000000000003,98.60324088226056,834.4576771502333,0.49068352120942443,0.263520157325467,4.0086154014952555,191.94074606502915,192.66097653572518,21.30184041104286,33.38142755777556,98.60324088226056,226.51191084363037,833.9669936290238,37118.251879699244,193.1304832858548,96.5652416429274,1.132393782094567,1.1081038378435777,0.25505579752074453,hacabox
AAQQ01076179.1/4047-4179,163.24999999999997,104.9160009697825,930.25,1.9715664727269928,0.27156712608473715,3.9667819816501355,178.9224692429657,179.59892711598286,30.601816412262565,44.89672593368154,104.9160009697825,212.2150136075228,928.278433527273,32255.774621212124,167.31828767384127,83.65914383692063,1.0960028743826384,0.978088430319003,0.24106213092023454,hacabox
