nameseq,average,median,maximum,minimum,peak,none_levated_peak,sample_standard_deviation,population_standard_deviation,percentile15,percentile25,percentile50,percentile75,amplitude,variance,interquartile_range,semi_interquartile_range,coefficient_of_variation,skewness,kurtosis,label
AFSP01066114.1/1322-1172,209.75000000000009,130.76947311389102,1172.396769853493,3.288208321168406,0.23996821613031377,3.916421655701817,219.56633394033798,220.2970059563528,42.735297184850104,69.5869375722084,130.76947311389102,276.3624643509543,1169.1085615323245,48530.77083333334,206.77552677874593,103.38776338937296,1.0468001618132916,1.0791343846124903,0.23240701868296257,hacabox
AASG02003814.1/14641-14787,190.75000000000009,121.1491931058636,1090.7212257193994,2.6925845753771065,0.25688073394495403,4.071493273853032,203.1135766018608,203.80798401759205,24.04449423849235,45.159929359617934,121.1491931058636,263.44545161268593,1088.0286411440222,41537.694349315054,218.285522253068,109.142761126534,1.0648156047279724,1.028008192144141,0.27336170204879906,hacabox
ACYM01129633.1/2287-2137,199.75000000000006,149.72646049080214,719.4774257022038,0.0062635624417948284,0.25198164372131826,4.012676044539908,177.20715279017378,177.79686208329625,31.337108255740247,68.00739934360953,149.72646049080214,289.1420524211695,719.4711621397621,31611.724166666663,221.13465307756,110.56732653878,0.8871446948193928,0.8468654688295135,0.26924473834319596,hacabox
AEKV01000424.1/18275-18422,191.0,155.51361086179983,755.1831836062648,0.196012205528222,0.25828970331588136,3.9318924421561134,163.180881233066,163.73497750066372,46.01724136808881,63.25874348800605,155.51361086179983,249.24632120558886,754.9871714007367,26809.14285714285,185.9875777175828,92.9937888587914,0.8543501635239058,0.6523997579259809,0.21753216155097588,hacabox
AARH01006065.1/328881-329029,199.24999999999991,134.77941058662955,895.196535875324,8.223660556763228,0.24926808866583028,3.9418031996307463,192.1854573062176,192.83363944084027,39.54423347627535,53.102923197055375,134.77941058662955,283.80374057851003,886.9728753185608,37184.81249999999,230.70081738145467,115.35040869072733,0.9645443277601891,1.0063808726793493,0.29100446819725695,hacabox
