nameseq,average,median,maximum,minimum,peak,none_levated_peak,sample_standard_deviation,population_standard_deviation,percentile15,percentile25,percentile50,percentile75,amplitude,variance,interquartile_range,semi_interquartile_range,coefficient_of_variation,skewness,kurtosis,label
AJ505652.1/1-127,185.74999999999994,122.67496608600744,1244.3951602667555,0.3593323252603723,0.2279048900852401,3.6068954514632345,224.45684440444228,225.34578588091176,34.7249877469062,44.42816091359234,122.67496608600744,223.68545873702487,1244.0358279414952,50780.723214285725,179.25729782343254,89.62864891171627,1.2083813965245886,0.8430355609963859,0.23116377846230146,hacabox
AC189511.1/15225-15099,185.74999999999994,104.83633431957597,833.5043964586769,4.123868709797373,0.2279048900852401,3.524583045043552,199.47148919081147,200.26147837819994,38.01363284937287,51.38599447555198,104.83633431957597,258.9102563317232,829.3805277488794,40104.65972222224,207.52426185617122,103.76213092808561,1.07387073588593,1.2169207640951107,0.2408738434860166,hacabox
CU459035.1/58207-58333,191.75000000000006,143.445073521966,1122.25,9.512801844588958,0.22077357670578004,3.3546165505698284,166.1230718473506,166.7809875779021,37.062418042934624,64.54542304573303,143.445073521966,293.56987250351585,1112.737198155411,27815.89781746033,229.02444945778282,114.51222472889141,0.8663523955533274,0.8723338535857523,0.3384305965131913,hacabox
AARH01008775.1/79980-79856,167.24999999999997,117.32916857406964,845.8275501952756,2.8969152065938455,0.24912805181863482,3.6724228965161125,185.21271554620648,185.95804135654177,23.757937680367913,47.13274241625388,117.32916857406964,191.31281865144553,842.9306349886818,34580.393145161295,144.18007623519165,72.09003811759582,1.1074003919055695,0.8085972598378569,0.222107094619375,hacabox
AP006087.1/71365-71244,176.49999999999997,120.21098452774558,1075.946245679212,0.0,0.23040604343720494,3.5015559102836837,197.77828495565436,198.59386897230348,32.82138483096296,47.655824852236556,120.21098452774558,223.35065365743,1075.946245679212,39439.52479338844,175.69482880519345,87.84741440259673,1.1205568552728293,0.8538199552828885,0.23681620940769926,hacabox
