nameseq,average,median,maximum,minimum,peak,none_levated_peak,sample_standard_deviation,population_standard_deviation,percentile15,percentile25,percentile50,percentile75,amplitude,variance,interquartile_range,semi_interquartile_range,coefficient_of_variation,skewness,kurtosis,label
AP000601.1/8208-8353,234.49999999999994,142.18992227525246,1350.7263098217807,2.2081500923105786,0.20753375977256577,3.6524941792179044,248.93824535414402,249.79517816499734,39.69719630504871,58.41374111909733,142.18992227525246,343.2821554672255,1348.51815972947,62397.63103448276,284.86841434812817,142.43420717406408,1.0615703426615952,1.1124455094486447,0.2793773958583018,hacabox
AC189573.1/101276-101421,224.5,142.0015588546339,1165.6838549219735,0.011963835796902586,0.2167780252412769,3.8127160166079554,251.40057676942592,252.2659857892199,11.901733894138832,41.67968490899585,142.0015588546339,315.5692021322105,1165.6718910861766,63638.1275862069,273.8895172232146,136.9447586116073,1.1198243954094695,0.9844660128329403,0.30470841154508316,hacabox
AARH01004246.1/3409-3552,203.9999999999999,144.14098469771514,950.1203897853218,4.385403467971681,0.23529411764705896,3.7951213970592286,207.6944871680517,208.41942650016415,41.97818562427014,58.66599365720265,144.14098469771514,262.7174112334724,945.7349863173501,43438.65734265733,204.05141757626973,102.02570878813486,1.0181102312159402,0.8646211478957224,0.2009238137485162,hacabox
