nameseq,average,median,maximum,minimum,peak,none_levated_peak,sample_standard_deviation,population_standard_deviation,percentile15,percentile25,percentile50,percentile75,amplitude,variance,interquartile_range,semi_interquartile_range,coefficient_of_variation,skewness,kurtosis,label
AJ609428.1/1-130,156.50000000000003,98.10709835157566,616.9715816251743,4.160929442088206,0.2768903088391906,3.879377211146578,152.171777935332,152.7604523885468,26.333200906338107,44.418081406102814,98.10709835157566,217.98684438250362,612.8106521830861,23335.755813953478,173.56876297640082,86.78438148820041,0.9723436289797569,1.1511904988040444,0.23818539706599054,hacabox
AB020236.1/2404-2533,156.50000000000003,98.10709835157566,616.9715816251743,4.160929442088206,0.2768903088391906,3.879377211146578,152.171777935332,152.7604523885468,26.333200906338107,44.418081406102814,98.10709835157566,217.98684438250362,612.8106521830861,23335.755813953478,173.56876297640082,86.78438148820041,0.9723436289797569,1.1511904988040444,0.23818539706599054,hacabox
AB020237.1/3193-3322,154.50000000000006,122.03421732343972,603.9319898330417,3.8451112615022267,0.28047464940668815,3.8753397305686637,140.5213506909181,141.06495562479842,25.67913463962001,60.62313874188273,122.03421732343972,192.4980939343385,600.0868785715395,19899.321705426348,131.8749551924558,65.9374775962279,0.9095233054428352,0.6931142317576358,0.16968538372349048,hacabox
AB020236.1/3615-3745,156.74999999999994,109.68030093020336,635.2898225292101,0.25,0.2785752259436471,4.043405056192431,162.9666376900499,163.59223168974364,16.738637869508086,23.796175054507977,109.68030093020336,223.41680892931942,635.0398225292101,26762.418269230766,199.62063387481143,99.81031693740572,1.0396595705904303,0.8664908303376712,0.215343196634038,hacabox
AC104360.8/62127-61997,156.74999999999994,109.68030093020336,635.2898225292101,0.25,0.2785752259436471,4.043405056192431,162.9666376900499,163.59223168974364,16.738637869508086,23.796175054507977,109.68030093020336,223.41680892931942,635.0398225292101,26762.418269230766,199.62063387481143,99.81031693740572,1.0396595705904303,0.8664908303376712,0.215343196634038,hacabox
