nameseq,average,median,maximum,minimum,peak,none_levated_peak,sample_standard_deviation,population_standard_deviation,percentile15,percentile25,percentile50,percentile75,amplitude,variance,interquartile_range,semi_interquartile_range,coefficient_of_variation,skewness,kurtosis,label
AJ505648.1/1-133,199.25000000000006,147.41100771276683,745.5940371813208,1.1364271732544116,0.22250104558762018,3.549003540571817,184.81680118430796,185.5155439456612,33.330052883095995,44.67944705397192,147.41100771276683,333.5811284085539,744.4576100080664,34416.01704545455,288.901681354582,144.450840677291,0.9275623647895002,0.8414655803214063,0.30681069466649874,hacabox
AARH01003870.1/147742-147873,186.9999999999999,142.88589540300018,877.892870132511,5.021495972475654,0.23529411764705896,3.641281010385722,182.61434773861555,183.31002396349245,30.928947015204706,53.07992397055223,142.88589540300018,251.1878483039551,872.8713741600353,33602.56488549618,198.10792433340288,99.05396216670144,0.9765473141102442,0.7247092872484854,0.24130593027732017,hacabox
AASG02001200.1/36745-36620,189.50000000000009,128.2059359423069,1016.6345536628833,4.886182661114437,0.2216358839050131,3.4224475381111414,191.1942729267799,191.95752655209952,35.41693903667076,57.9949282190372,128.2059359423069,268.750565475904,1011.7483710017689,36847.691999999995,210.7556372568668,105.3778186284334,1.008940754231028,0.9617557542819258,0.2787801005137871,hacabox
AK059482.1/298-435,180.50000000000009,107.23473913756284,1216.3028449697479,3.1871754823512837,0.2548476454293628,3.9911873011108154,219.25384831286317,220.05258993196702,23.84785670902181,43.26140961343405,107.23473913756284,189.54611912498814,1213.1156694873966,48423.14233576643,146.2847095115541,73.14235475577705,1.2147027607360834,1.0024717206955258,0.16534421608719957,hacabox
