nameseq,average,median,maximum,minimum,peak,none_levated_peak,sample_standard_deviation,population_standard_deviation,percentile15,percentile25,percentile50,percentile75,amplitude,variance,interquartile_range,semi_interquartile_range,coefficient_of_variation,skewness,kurtosis,label
AJ505681.1/1-83,128.75,95.51793566089701,756.25,0.44188505256184724,0.21488673139158576,2.851765943167673,132.85000940910768,133.65761568914553,9.365763387952803,16.152637309023408,95.51793566089701,228.48371818759864,755.8081149474382,17864.35823170732,212.33108087857522,106.16554043928761,1.0318447332746228,0.7504417460016694,0.35631977363758,hacabox
