nameseq,average,median,maximum,minimum,peak,none_levated_peak,sample_standard_deviation,population_standard_deviation,percentile15,percentile25,percentile50,percentile75,amplitude,variance,interquartile_range,semi_interquartile_range,coefficient_of_variation,skewness,kurtosis,label
AJ609435.1/1-128,204.0,134.8216789251921,758.4761102223774,1.8276483438552702,0.2091503267973856,3.4401879869088625,201.02736132178623,201.81725576473744,13.458211750204946,48.04934415000724,134.8216789251921,310.96160043080835,756.6484618785222,40730.20472440944,262.9122562808011,131.45612814040055,0.9854282417734619,1.0323717222364608,0.2334257879195684,hacabox
AL355598.26/27295-27168,204.0,134.8216789251921,758.4761102223774,1.8276483438552702,0.2091503267973856,3.4401879869088625,201.02736132178623,201.81725576473744,13.458211750204946,48.04934415000724,134.8216789251921,310.96160043080835,756.6484618785222,40730.20472440944,262.9122562808011,131.45612814040055,0.9854282417734619,1.0323717222364608,0.2334257879195684,hacabox
AC123930.4/14152-14283,208.99999999999994,170.62760493832053,961.9162019580498,2.572816287434779,0.21052631578947373,3.4247474410950596,200.98258631035677,201.7482370308057,39.99036739791765,61.841183372719115,170.62760493832053,294.31240331837336,959.343385670615,40702.35114503817,232.47121994565424,116.23560997282712,0.9616391689490756,0.5727719366058639,0.3017142088387281,hacabox
AANG01055650.1/1827-1698,204.49999999999983,141.09966899467105,840.0997193430837,3.5432126655637575,0.21189894050529767,3.4365799474261265,195.19285335278028,195.94795425110664,31.73020128266362,49.33908938152343,141.09966899467105,367.1158811321363,836.55650667752,38395.60077519378,317.77679175061286,158.88839587530643,0.954488280453694,0.9744260086829515,0.32860003767221757,hacabox
AAPY01661099.1/194-62,209.24999999999997,150.41372230523956,764.4418773620073,0.9679089539450614,0.21186778176025492,3.41050221463796,181.69273513269593,182.37966663811594,36.55366483823622,64.84859048487357,150.41372230523956,316.378968508458,763.4739684080622,33262.342803030304,251.53037802358443,125.76518901179222,0.8683045884477704,0.9714688534760142,0.2679430066594379,hacabox
