nameseq,average,median,maximum,minimum,peak,none_levated_peak,sample_standard_deviation,population_standard_deviation,percentile15,percentile25,percentile50,percentile75,amplitude,variance,interquartile_range,semi_interquartile_range,coefficient_of_variation,skewness,kurtosis,label
AC112907.7/62863-62686,262.5,176.22005025848324,1745.5220095596544,0.0,0.22603174603174603,4.1653105284142296,286.09832226002305,286.90537131673824,49.79186702668304,74.79613964939799,176.22005025848324,352.5587348499073,1745.5220095596544,82314.69209039546,277.7625952005093,138.88129760025464,1.0898983705143734,0.904723408301924,0.2580452983336435,hacabox
ABDC01304434.1/1589-1766,262.49999999999994,169.3859052849506,1534.272303443961,1.0,0.22603174603174608,4.1541436783484,270.52957324477484,271.29270472760237,43.670146000259564,69.53494872181224,169.3859052849506,408.11014908837825,1533.272303443961,73599.73163841806,338.57520036656604,169.28760018328302,1.0305888504562852,1.0325757764471815,0.3029643617534783,hacabox
AALT01246665.1/603-780,262.4999999999999,201.45209883114234,1074.3001696314923,1.0,0.22603174603174614,4.143909746373848,250.4680618362349,251.1746022012585,41.775498660340965,72.14399134545947,201.45209883114234,369.6475831165093,1073.3001696314923,63088.68079096045,297.5035917710498,148.7517958855249,0.9541640450904191,0.7312058158789069,0.25125021271780074,hacabox
DQ351284.1/3156-3333,264.49999999999994,166.96666307446702,1564.6193716869557,0.65756986235239,0.2243226212980467,4.153270147512733,274.2995625224364,275.0733286928998,50.26346472044158,70.27139648329431,166.96666307446702,395.0937518915987,1563.9618018246033,75665.33615819208,324.82235540830436,162.41117770415218,1.0370493857180962,1.0667170158270503,0.29003584464747967,hacabox
AAYZ01178903.1/11910-11732,262.74999999999994,150.27993567652823,1154.4226823640438,0.25,0.2270853155724707,4.214289635861497,264.5262274331224,265.26823794377975,38.85083094791506,69.91212003793714,150.27993567652823,372.2416163215391,1154.1726823640438,70367.23806179776,302.32949628360194,151.16474814180097,1.0067601424666888,1.275526424145293,0.22104696952313121,hacabox
