nameseq,average,median,maximum,minimum,peak,none_levated_peak,sample_standard_deviation,population_standard_deviation,percentile15,percentile25,percentile50,percentile75,amplitude,variance,interquartile_range,semi_interquartile_range,coefficient_of_variation,skewness,kurtosis,label
AJ609447.1/1-134,159.50000000000006,116.29433524135071,860.1968158264624,2.406426776134134,0.28004179728317646,4.069906633858239,163.93062557069683,164.54575203048603,10.965254415842818,47.25160195570354,116.29433524135071,228.9933631773447,857.7903890503283,27075.3045112782,181.74176122164116,90.87088061082058,1.0277782167441805,0.7906819962695094,0.29071248115872433,hacabox
AC016876.10/19660-19526,159.75000000000006,116.31856978556938,708.9605532287388,1.1166720597786177,0.2816901408450703,4.101307693948387,157.79852660909097,158.38623265306188,19.534203392355895,25.882280904487317,116.31856978556938,221.02258643584864,707.8438811689603,25086.198694029845,195.14030553136132,97.57015276568066,0.9877842041257647,0.8257002992560616,0.28976205574359015,hacabox
AC141001.6/11830-11964,161.75000000000009,116.28021584963766,992.25,5.66818432306094,0.2782071097372487,3.9644815833377227,155.16563730414026,155.74353739497028,23.3306341614965,46.304717413007694,116.28021584963766,204.9191895942035,986.5818156769391,24256.049440298506,158.6144721811958,79.3072360905979,0.959292966331624,0.8791208854039714,0.20063365049260581,hacabox
BS000596.1/82219-82353,173.75,109.20083196011817,1056.25,4.238927680028607,0.2589928057553957,3.794384711069594,158.9036657852801,159.4954878180833,30.746215906576765,51.018765765507084,109.20083196011817,248.84190051039957,1052.0110723199714,25438.810634328358,197.82313474489249,98.91156737244624,0.9145534721454971,1.2186471794886928,0.26376473613243484,hacabox
AP005270.2/124772-124639,165.50000000000003,101.86829196578337,729.0,0.37590989849676754,0.269889224572004,4.093939209936737,182.0144225054707,182.69740585258225,14.74939762899041,27.2541571516128,101.86829196578337,246.61207886976223,728.6240901015033,33378.34210526315,219.35792171814944,109.67896085907472,1.0997850302445358,1.0487911972849973,0.2555916999407734,hacabox
