nameseq,average,median,maximum,minimum,peak,none_levated_peak,sample_standard_deviation,population_standard_deviation,percentile15,percentile25,percentile50,percentile75,amplitude,variance,interquartile_range,semi_interquartile_range,coefficient_of_variation,skewness,kurtosis,label
AC010582.6/81476-81337,219.00000000000003,176.20308000498812,1078.5301043628622,0.3573561761620018,0.21308980213089798,3.5061209371099973,195.96938536414305,196.67304789875044,40.77945941804829,63.37189831420148,176.20308000498812,312.81017889741867,1078.1727481867001,38680.28776978418,249.4382805832172,124.7191402916086,0.8948373760919773,0.6551572315566779,0.30271396923275723,hacabox
AC126265.3/118626-118483,232.0,161.26353994782068,893.7717974728198,0.021798735795171588,0.20689655172413793,3.4783237146598167,201.12931163806033,201.83133580266497,48.38794912250563,99.31201089496261,161.26353994782068,321.3207958824476,893.7499987370246,40735.8881118881,222.008784987485,111.0043924937425,0.8669366880950876,1.0550892777797432,0.23486485039398203,hacabox
AAFC03085126.1/12310-12453,223.99999999999994,175.4178275402907,1071.645154842542,0.542610638403286,0.21428571428571433,3.5557054014944085,205.47749268472202,206.1946937926671,42.27482806677215,79.4318260093936,175.4178275402907,292.22059771525613,1071.102544204139,42516.25174825174,212.78877170586253,106.39438585293126,0.9173102351996522,0.709306481575364,0.25988755151364534,hacabox
AAPY01357268.1/2436-2293,221.99999999999991,151.39050769223286,1177.4304534930282,1.0369460947303395,0.2162162162162163,3.622151259755463,224.13388855771012,224.91620817384572,47.34110883336769,68.1015044607037,151.39050769223286,319.19639386801197,1176.3935073982977,50587.30069930071,251.09488940730827,125.54744470365414,1.0096121106203162,0.9450979425128719,0.2882143345244633,hacabox
AANN01835968.1/5302-5159,223.99999999999991,171.3466610486003,1009.8886378493424,6.028261216436982,0.21428571428571436,3.5806545450353755,217.7682254140856,218.5283262431426,45.48574244396049,71.11866903352058,171.3466610486003,308.29267866170767,1003.8603766329055,47754.62937062937,237.1740096281871,118.58700481409355,0.9721795777414539,0.7253584243240185,0.2515340547333603,hacabox
