nameseq,average,median,maximum,minimum,peak,none_levated_peak,sample_standard_deviation,population_standard_deviation,percentile15,percentile25,percentile50,percentile75,amplitude,variance,interquartile_range,semi_interquartile_range,coefficient_of_variation,skewness,kurtosis,label
AJ609454.1/1-139,194.74999999999994,111.13425376518082,1080.2666112388208,2.4183212996363044,0.23791185280273863,3.768236829319854,214.155609312481,214.93013483994943,47.137573019178674,66.6524253877052,111.13425376518082,290.81619954395785,1077.8482899391845,46194.96286231885,224.16377415625266,112.08188707812633,1.0996436935172327,1.1713316289485487,0.2616252579526805,hacabox
AC007448.14/61996-61858,202.75000000000006,134.5688905244618,967.5917164572263,3.166689027695251,0.22852445540484992,3.605125231279107,192.40484661255286,193.10070728035646,41.27469791990683,76.84482469320396,134.5688905244618,293.88220748796016,964.425027429531,37287.883152173905,217.03738279475618,108.51869139737809,0.9489758155982876,1.0630882331072733,0.2462205633978967,hacabox
Z77249.2/39964-40102,192.75000000000003,135.67750150656548,1056.25,3.1809402504898623,0.24038045827929094,3.70912620317342,179.9600650144359,180.61091728361546,44.1819268727253,63.55978833043946,135.67750150656548,264.7642982984512,1053.0690597495102,32620.303442028984,201.20450996801173,100.60225498400587,0.9336449546793042,0.9514193911108503,0.2529573886283203,hacabox
AJ236935.1/1495-1357,198.75000000000003,166.07098976771817,803.2636601357838,0.4618369013144091,0.23312368972746328,3.6628561396031625,175.8028014566321,176.43861836549456,35.989533548830465,66.28451337535422,166.07098976771817,262.3262433185111,802.8018232344693,31130.58605072464,196.0417299431569,98.02086497157845,0.8845423972660733,0.5576534041809899,0.23546917214659932,hacabox
