nameseq,average,median,maximum,minimum,peak,none_levated_peak,sample_standard_deviation,population_standard_deviation,percentile15,percentile25,percentile50,percentile75,amplitude,variance,interquartile_range,semi_interquartile_range,coefficient_of_variation,skewness,kurtosis,label
AJ609448.1/1-134,139.49999999999994,112.28281924769385,436.52697990763323,2.659217129754066,0.32019115890083644,4.139537277916805,108.32935890145386,108.73584948123602,34.05276155343474,57.08735778692708,112.28281924769385,204.14084203902607,433.8677627778792,11823.484962406015,147.053484252099,73.5267421260495,0.7765545440964438,0.7537341962043352,0.26736011346148936,hacabox
AB061837.1/2430-2563,139.49999999999994,112.28281924769385,436.52697990763323,2.659217129754066,0.32019115890083644,4.139537277916805,108.32935890145386,108.73584948123602,34.05276155343474,57.08735778692708,112.28281924769385,204.14084203902607,433.8677627778792,11823.484962406015,147.053484252099,73.5267421260495,0.7765545440964438,0.7537341962043352,0.26736011346148936,hacabox
AC109542.6/197354-197221,145.50000000000003,92.73644889035162,570.5330943167759,0.0,0.30698739977090483,4.144327171328659,136.5695793359561,137.0820373440883,29.75183134923216,43.24524974166409,92.73644889035162,221.48266768727098,570.5330943167759,18791.48496240602,178.2374179456069,89.11870897280345,0.9386225383914506,1.1590476744426084,0.3002669920235996,hacabox
X55153.1/1676-1809,145.50000000000003,92.73644889035162,570.5330943167759,0.0,0.30698739977090483,4.144327171328659,136.5695793359561,137.0820373440883,29.75183134923216,43.24524974166409,92.73644889035162,221.48266768727098,570.5330943167759,18791.48496240602,178.2374179456069,89.11870897280345,0.9386225383914506,1.1590476744426084,0.3002669920235996,hacabox
AAFC03097110.1/4392-4258,139.75000000000003,121.48228252587566,486.14281921424026,2.040793225984161,0.32200357781753125,4.186717067357225,112.90870205613027,113.32922009290309,30.804322613496687,42.22965605735516,121.48228252587566,203.63719500273498,484.1020259882561,12843.512126865668,161.40753894537983,80.70376947268991,0.8079334673068354,0.4853758073946225,0.27686239951542296,hacabox
