nameseq,average,median,maximum,minimum,peak,none_levated_peak,sample_standard_deviation,population_standard_deviation,percentile15,percentile25,percentile50,percentile75,amplitude,variance,interquartile_range,semi_interquartile_range,coefficient_of_variation,skewness,kurtosis,label
AJ609437.1/1-134,191.50000000000003,155.81448060439965,922.4773458536456,0.6570270516300966,0.2332463011314186,3.601986298975863,176.42349616760237,177.08550035530925,31.67232052676928,60.48706782413453,155.81448060439965,230.4794181753465,921.8203188020155,31359.274436090232,169.99235035121197,84.99617517560598,0.9212715204574534,0.6068157615757562,0.22364184986289967,hacabox
AC073210.8/129951-130084,187.5,160.72329566037897,807.2928073968765,1.6009012203122222,0.2382222222222222,3.6539942180358618,169.55014007661566,170.18635296886205,25.81358994503524,55.17369951999079,160.72329566037897,251.26347116062368,805.6919061765642,28963.3947368421,196.08977164063288,98.04488582031644,0.9042674137419502,0.4737838198338488,0.24191188589037693,hacabox
AC092579.3/114744-114881,198.50000000000003,147.36226723324367,805.6058251623756,0.7889099660419636,0.23173803526448358,3.6795023092235257,178.5952127017967,179.2458349392412,25.72323855023644,60.64574949431485,147.36226723324367,292.288598769629,804.8169151963336,32129.0693430657,231.64284927531415,115.82142463765707,0.8997239934599328,0.8589994993674638,0.2682789620577738,hacabox
AC121336.3/155535-155667,199.25000000000006,119.71858958902168,923.5377079597044,0.1464996168499443,0.22250104558762018,3.645157967094371,206.27469549123083,207.05456479640895,20.789785221457432,43.392923660724634,119.71858958902168,288.1084594670998,923.3912083428545,42871.59280303031,244.71553580637516,122.35776790318758,1.0352556862797027,1.1566820189201457,0.2896571594718099,hacabox
AB022159.1/10119-10254,189.99999999999997,129.50866065547842,1156.0562740991313,2.5539948942420367,0.23859649122807022,3.806435612765104,206.02912415481458,206.79078710046448,25.687103024882617,34.583353504471184,129.50866065547842,306.29556876151645,1153.5022792048892,42762.42962962962,271.7122152570453,135.85610762852264,1.0843638113411296,0.8808173056989811,0.3206187752642973,hacabox
