nameseq,average,median,maximum,minimum,peak,none_levated_peak,sample_standard_deviation,population_standard_deviation,percentile15,percentile25,percentile50,percentile75,amplitude,variance,interquartile_range,semi_interquartile_range,coefficient_of_variation,skewness,kurtosis,label
AJ505679.1/1-118,161.50000000000009,119.56794210638216,638.9599487343927,5.750423008621077,0.2435500515995871,3.400764804336209,135.4963099128533,136.07412195809553,29.838879087764578,64.78046054287356,119.56794210638216,234.59631098366847,633.2095257257716,18516.166666666657,169.81585044079492,84.90792522039746,0.8389864390888744,0.9284103291208571,0.29332869820584323,hacabox
AASG02000087.1/59626-59510,165.24999999999991,103.025168740663,1041.0299073113995,1.498675944899605,0.23600605143721645,3.4609952961557484,181.13323825295012,181.91230953970364,31.14845781414327,45.69976769862693,103.025168740663,228.27049142800422,1039.5312313665,33092.08836206896,182.57072372937728,91.28536186468864,1.0961164190798802,1.030592151824296,0.273241528901958,hacabox
AC182669.2/108315-108430,152.99999999999997,100.64014369136956,536.8773393131651,0.09878509108684612,0.25272331154684097,3.4936335215458887,139.1725547656577,139.77634308765028,29.13509208997783,57.43061687975659,100.64014369136956,219.27965500891966,536.7785542220782,19537.42608695652,161.84903812916306,80.92451906458153,0.9096245409520113,1.1286677117509685,0.23739985841534775,hacabox
AP009295.1/65720-65603,161.5,114.14225603127672,820.0889890222346,1.7221150163490362,0.24355005159958723,3.4978473878828846,156.27299830744911,156.93941070514643,21.310984660505195,41.49075018856402,114.14225603127672,236.05304817127762,818.3668740058856,24629.978632478633,194.5622979827136,97.2811489913568,0.9676346644424094,0.9091348693947571,0.26008503432084035,hacabox
AC120508.3/18102-17987,166.99999999999997,107.22468619276108,828.5036906443514,3.4802358914077263,0.2315369261477046,3.459203677095636,181.93955040067567,182.72887970504516,20.831052380997416,30.663535425195203,107.22468619276108,246.05898793251404,825.0234547529437,33389.84347826087,215.39545250731885,107.69772625365943,1.0894583856327886,0.9856347398176856,0.2798755644352954,hacabox
