nameseq,average,median,maximum,minimum,peak,none_levated_peak,sample_standard_deviation,population_standard_deviation,percentile15,percentile25,percentile50,percentile75,amplitude,variance,interquartile_range,semi_interquartile_range,coefficient_of_variation,skewness,kurtosis,label
AJ609459.1/1-132,191.0000000000001,122.11761060136891,735.7459182541127,0.00936385131994398,0.2303664921465967,3.6584914522091276,186.5154149125482,187.2259523995229,23.48785089678095,52.98268063483094,122.11761060136891,273.07196175148096,735.7365544027928,35053.55725190841,220.08928111665,110.044640558325,0.9765204969243356,1.107936136499949,0.2420001876932799,hacabox
AC092174.5/156814-156683,204.99999999999997,130.81305537948322,899.4870884652393,1.048333800316707,0.21463414634146344,3.4865262115372557,205.85917516593713,206.64340343501436,46.85795805960317,69.73444950417921,130.81305537948322,279.89656910612,898.4387546649225,42701.49618320611,210.1621196019408,105.0810598009704,1.0041910983704252,1.0811314758360924,0.20378064533767565,hacabox
AC034114.17/7622-7492,210.75000000000003,161.57835941473152,1332.246292701761,5.854908478486978,0.2071965203637801,3.4099291850061313,226.70051830553894,227.57077301527372,36.48732483869543,54.08622899955829,161.57835941473152,276.82724550819563,1326.391384223274,51788.456730769234,222.74101650863736,111.37050825431868,1.0756845471199947,0.6507039457095115,0.24372899209460083,hacabox
AY057819.1/673-800,182.00000000000009,121.32937250077681,734.0332214397039,2.9728928689291845,0.23443223443223432,3.562796372670494,182.25805880673695,182.9742032503984,28.602477095761834,60.854539601269295,121.32937250077681,234.70334356043028,731.0603285707747,33479.5590551181,173.848803959161,86.9244019795805,1.0014179055315213,0.9986492980849304,0.2271106559220045,hacabox
AC011749.2/64633-64502,214.99999999999994,166.2930574367063,934.7691977325532,0.3218905541330708,0.20465116279069773,3.36276430830975,202.00247523235944,202.77201125800948,47.24531786082332,73.53680090477023,166.2930574367063,304.55782767219677,934.44730717842,41116.48854961832,231.02102676742652,115.51051338371326,0.939546396429579,0.7233615703065075,0.25019082985464736,hacabox
