nameseq,average,median,maximum,minimum,peak,none_levated_peak,sample_standard_deviation,population_standard_deviation,percentile15,percentile25,percentile50,percentile75,amplitude,variance,interquartile_range,semi_interquartile_range,coefficient_of_variation,skewness,kurtosis,label
AJ609476.1/1-135,171.74999999999994,111.91427258882007,993.6427924045629,2.3093780250368607,0.26200873362445426,3.86425788703033,180.60004152823439,181.27266970942443,42.22492219310506,54.55004074493402,111.91427258882007,198.05913988534112,991.3334143795261,32859.78078358208,143.5090991404071,71.75454957020355,1.0515286260741452,0.9939487317641402,0.18618660808439896,hacabox
AC161348.2/116746-116614,149.25000000000006,97.91867897271659,729.7017548162456,5.064711527524434,0.29704075935231705,4.032000075306969,140.02946118585191,140.55887502568044,33.90596179520138,42.32669502803495,97.91867897271659,219.00162315492338,724.6370432887212,19756.79734848485,176.67492812688843,88.33746406344422,0.9382208454663441,1.0997254561842833,0.3195237904805687,hacabox
AC137590.2/61748-61613,174.0,116.90181530253366,1103.9253647107532,1.7291736101772366,0.260536398467433,3.9082286932210253,187.14432932899672,187.8361776379343,26.226369109509754,53.53738433667217,116.90181530253366,240.9746175459116,1102.196191100576,35282.42962962961,187.43723320923942,93.71861660461971,1.075542122580441,0.9153072107852435,0.2522701570948743,hacabox
ABDC01351852.1/5575-5707,143.25000000000009,96.18216915717443,841.0112168313161,1.695408354076823,0.309482257126236,4.202306875687169,150.27391656571677,150.84206194399212,22.944337293694776,38.777187675371515,96.18216915717443,197.29178720614266,839.3158084772393,22753.327651515156,158.51459953077114,79.25729976538557,1.0490325763749855,0.9396407291130049,0.24261502867660714,hacabox
AAYZ01181370.1/13699-13831,171.24999999999994,110.68817179170628,843.2669460184102,0.40488393614871154,0.25888077858880787,3.823932452575935,172.54637057904174,173.1987221329443,28.331215927856427,55.851029785035166,110.68817179170628,260.11193138832266,842.8620620822614,29997.79734848485,204.2609016032875,102.13045080164375,1.0075700471768865,1.0529661331917306,0.2893815235070626,hacabox
