nameseq,average,median,maximum,minimum,peak,none_levated_peak,sample_standard_deviation,population_standard_deviation,percentile15,percentile25,percentile50,percentile75,amplitude,variance,interquartile_range,semi_interquartile_range,coefficient_of_variation,skewness,kurtosis,label
AJ609436.1/1-133,171.25000000000006,107.85937718319872,923.8121653588688,1.1936416190492936,0.2588807785888077,3.849700312653949,177.25476016175136,177.92491287397647,27.732704154569827,46.39105244304302,107.85937718319872,255.107443236125,922.6185237398195,31657.27462121212,208.71639079308198,104.35819539654099,1.0350642929153362,1.0728731249691987,0.25423669792657294,hacabox
AK095288.1/748-880,171.25000000000006,107.85937718319872,923.8121653588688,1.1936416190492936,0.2588807785888077,3.849700312653949,177.25476016175136,177.92491287397647,27.732704154569827,46.39105244304302,107.85937718319872,255.107443236125,922.6185237398195,31657.27462121212,208.71639079308198,104.35819539654099,1.0350642929153362,1.0728731249691987,0.25423669792657294,hacabox
AF357384.1/1-128,168.0,117.56961696112899,715.1202740525525,0.865195616953566,0.25396825396825395,3.7724326296843524,169.29559947027565,169.96081067515044,16.314290185848463,40.99046280995313,117.56961696112899,228.21686552329686,714.255078435599,28886.67716535433,187.22640271334373,93.61320135667187,1.0077119016087837,0.8936508071680637,0.2174910776010258,hacabox
AC145397.1/50734-50599,176.0,116.5138555460363,754.3491411927317,0.35212912283099806,0.25757575757575757,3.847816505886366,177.18352067841974,177.83854516990445,35.91850803668939,59.47150257565529,116.5138555460363,201.06209553390104,753.9970120699007,31626.548148148147,141.59059295824574,70.79529647912287,1.006724549309203,1.0071954360009885,0.15161016117587248,hacabox
