nameseq,average,median,maximum,minimum,peak,none_levated_peak,sample_standard_deviation,population_standard_deviation,percentile15,percentile25,percentile50,percentile75,amplitude,variance,interquartile_range,semi_interquartile_range,coefficient_of_variation,skewness,kurtosis,label
AJ609462.1/1-126,179.50000000000003,119.15356244909322,810.1433231005461,3.9999999999999973,0.23398328690807796,3.4821295467022706,171.82331040926894,172.50923453542998,44.678979392420736,62.90172432576209,119.15356244909322,221.35223376764307,806.1433231005461,29759.43599999999,158.45050944188097,79.22525472094048,0.957232927071136,1.05363650730218,0.1970344481508776,hacabox
AL138976.5/150375-150500,179.50000000000003,119.15356244909322,810.1433231005461,3.9999999999999973,0.23398328690807796,3.4821295467022706,171.82331040926894,172.50923453542998,44.678979392420736,62.90172432576209,119.15356244909322,221.35223376764307,806.1433231005461,29759.43599999999,158.45050944188097,79.22525472094048,0.957232927071136,1.05363650730218,0.1970344481508776,hacabox
AF357387.1/1-122,170.49999999999991,108.25742109935915,811.9411023043667,1.9929633925399537,0.23851417399804506,3.6254987746330456,198.1672273611356,198.98441527079743,28.145559020910685,36.25076494852223,108.25742109935915,199.56011006248164,809.9481389118267,39594.79752066116,163.3093451139594,81.6546725569797,1.1622711282178046,0.9422735494080149,0.16445929786122002,hacabox
AAQQ01697208.1/1311-1436,181.50000000000003,109.19886788334809,767.4179033395195,1.0,0.2314049586776859,3.5555089212511066,192.3570898095518,193.12498543689262,26.907350048571118,52.74811189885191,109.19886788334809,212.8422287569714,766.4179033395195,37297.25999999998,160.0941168581195,80.04705842905975,1.0598186766366489,1.1276080157206927,0.16599707026890687,hacabox
AAFC03040565.1/7340-7215,187.49999999999994,117.19260801042326,748.7259442021921,0.0,0.22400000000000006,3.445820922847962,174.6174389916425,175.3145173680719,29.51699914499419,59.54233190781699,117.19260801042326,260.43473372484357,748.7259442021921,30735.17999999999,200.89240181702658,100.44620090851329,0.9312930079554269,1.2079101445235672,0.23011644484562202,hacabox
