nameseq,average,median,maximum,minimum,peak,none_levated_peak,sample_standard_deviation,population_standard_deviation,percentile15,percentile25,percentile50,percentile75,amplitude,variance,interquartile_range,semi_interquartile_range,coefficient_of_variation,skewness,kurtosis,label
AJ609471.1/1-132,178.99999999999994,119.96625940021067,1012.7178231372111,7.770894039462698,0.24581005586592186,3.6852912348521323,178.4152459853137,179.09492557415524,27.383034388719196,51.55008359798941,119.96625940021067,265.14820144982536,1004.9469290977484,32074.992366412207,213.59811785183595,106.79905892591798,0.996733217795049,0.9926350229842238,0.2783075072935761,hacabox
AC026355.13/69334-69207,177.99999999999994,125.00843187582873,926.1206818942077,0.9642796886851508,0.23970037453183526,3.6941346527097956,189.2643653728826,190.00803961440747,16.05782982720609,43.43182412367662,125.00843187582873,236.42622809882033,925.1564022055226,36103.05511811024,192.9944039751437,96.49720198757186,1.0632829515330486,0.8399610991710286,0.24865021621111183,hacabox
AC079969.5/116696-116565,185.00000000000009,141.13472948115674,904.6198004780288,0.3376207651400955,0.23783783783783774,3.661830925112036,178.92177061498134,179.60337982844732,20.355193197018313,61.96763153146584,141.13472948115674,249.08397226044258,904.2821797128887,32257.37404580152,187.11634072897675,93.55817036448838,0.9671447060269257,0.735493568525592,0.23488266679063405,hacabox
BC021677.1/1965-1834,180.99999999999991,121.76342722908808,817.5217928041588,2.0000000000000004,0.2430939226519338,3.7318641608763663,183.51839144892264,184.2175116623103,26.12328238050992,38.101057586214466,121.76342722908808,276.8830008939105,815.5217928041588,33936.091603053435,238.78194330769603,119.39097165384801,1.0139137649111754,0.9683482778465622,0.2843752969825508,hacabox
BC056964.1/2999-3129,164.75000000000006,116.54246280517022,717.8144217304987,8.93150043016538,0.2650480526049569,3.768818547787178,147.85169934769095,148.41927033809426,33.063171772049145,49.6067421926275,116.54246280517022,257.80791492597734,708.8829213003334,22028.279807692306,208.20117273334984,104.10058636667492,0.8974306485444061,0.978159955026233,0.2741598676252938,hacabox
