nameseq,average,median,maximum,minimum,peak,none_levated_peak,sample_standard_deviation,population_standard_deviation,percentile15,percentile25,percentile50,percentile75,amplitude,variance,interquartile_range,semi_interquartile_range,coefficient_of_variation,skewness,kurtosis,label
AJ505674.1/1-108,165.00000000000003,121.68939761483705,804.7812142425948,2.0000000000000004,0.21818181818181814,3.2039815703236365,171.461365910808,172.2607239313297,29.811382747318206,40.640661748046455,121.68939761483705,207.05332648360383,802.7812142425948,29673.75700934578,166.41266473555737,83.20633236777869,1.0391597933988364,0.7577905755345363,0.22504600382839107,hacabox
AAAA02021081.1/8772-8665,154.9999999999999,108.4635507436527,1021.015690420685,0.7348454425477855,0.2322580645161292,3.3808460363620965,185.40765895722856,186.27203501341089,15.157093179897327,39.85619396503078,108.4635507436527,196.24703162900872,1020.2808449781372,34697.27102803737,156.39083766397795,78.19541883198897,1.1961784448853465,0.7529858720736442,0.20223980450867257,hacabox
AARH01005974.1/1135-1242,149.0,110.67471987954127,611.3659891714257,1.0,0.24161073825503357,3.3333325060068684,140.86873322352267,141.52546747467477,16.659485315612667,32.89753319313819,110.67471987954127,227.480815332524,610.3659891714257,20029.457943925227,194.5832821393858,97.2916410696929,0.9454277397551857,0.8161913416154521,0.30338655999936487,hacabox
AASG02001178.1/42223-42328,154.49999999999997,113.29798899309807,804.953820586034,3.722876620882211,0.22869471413160739,3.219071168883589,153.79938231345403,154.53002482180793,17.629380961996304,39.40044841752356,113.29798899309807,247.08195907479578,801.2309439651518,23879.52857142857,207.6815106572722,103.8407553286361,0.9954652576922592,0.8036835464578644,0.3272633135763567,hacabox
AP009482.1/31951-32059,171.25,119.54233255149008,862.2407149919968,2.25,0.21216545012165453,3.1557097245168015,179.55709398405847,180.38646141815346,24.371437814611387,37.53117649385794,119.54233255149008,202.00919144198085,859.9907149919968,32539.275462962967,164.4780149481229,82.23900747406145,1.0485085780091006,0.8639202100213427,0.20304059435079705,hacabox
