nameseq,average,median,maximum,minimum,peak,none_levated_peak,sample_standard_deviation,population_standard_deviation,percentile15,percentile25,percentile50,percentile75,amplitude,variance,interquartile_range,semi_interquartile_range,coefficient_of_variation,skewness,kurtosis,label
AJ609450.1/1-137,174.25000000000009,112.13714731008669,1154.5204120671478,0.25,0.26207556193208975,3.8711958842004504,192.9676138630522,193.6757542753291,31.012906285301433,61.84325270642108,112.13714731008669,232.01625795070342,1154.2704120671478,37510.29779411766,170.17300524428234,85.08650262214117,1.1074181570332977,0.9656467960576193,0.2822942569815661,hacabox
AL049745.9/70858-70993,175.99999999999991,144.4378225805361,732.241900110076,0.8833631396344378,0.25757575757575774,3.7324264071893385,141.573302567963,142.09668070249447,54.015088558123054,65.82370091721988,144.4378225805361,252.53677407836975,731.3585369704416,20191.466666666664,186.71307316114985,93.35653658057493,0.8043937645906992,0.6688162989836072,0.2655208660852648,hacabox
AL590431.11/107122-107257,174.00000000000006,133.1715647705898,547.5783307020366,1.0,0.2605363984674329,3.7631472676649373,138.45938032506137,138.97124669300266,40.12896232497805,68.5668837421423,133.1715647705898,234.0717166395717,546.5783307020366,19313.007407407404,165.5048328974294,82.7524164487147,0.7957435650865594,0.8846298849573914,0.23543517571242759,hacabox
AF357386.1/1-126,163.50000000000003,114.01016501805944,818.6184108524582,0.33756162052538563,0.2568807339449541,3.7104582799560055,167.55073858386896,168.2196064672605,30.13929012127905,60.09225874668239,114.01016501805944,195.65040165681376,818.2808492319327,28297.835999999992,135.55814291013138,67.77907145506569,1.0247751595343666,0.8861166844185774,0.18873750358300528,hacabox
ABDC01240840.1/7748-7883,176.00000000000003,119.6904652214427,681.1414634525374,3.0709921017626636,0.25757575757575757,3.8184039106511025,157.5277753286702,158.11013507936426,30.775462321757587,49.82117361162645,119.6904652214427,257.7536465756455,678.0704713507748,24998.814814814814,207.93247296401907,103.96623648200953,0.8950441780038079,1.0723734527654871,0.25395655463803524,hacabox
