nameseq,average,median,maximum,minimum,peak,none_levated_peak,sample_standard_deviation,population_standard_deviation,percentile15,percentile25,percentile50,percentile75,amplitude,variance,interquartile_range,semi_interquartile_range,coefficient_of_variation,skewness,kurtosis,label
AJ609457.1/1-135,177.75000000000014,129.0,873.0756820273978,5.421666587778701,0.2531645569620251,3.840478670668395,184.59245650892672,185.27995407112184,20.37033577295898,42.05710029297852,129.0,227.99178815755556,867.6540154396191,34328.66138059701,185.93468786457703,92.96734393228851,1.0384948326803183,0.7922858970833834,0.21141126687463246,hacabox
AC093126.2/112985-113119,185.75000000000006,99.53583814280738,1085.2067996475714,3.3533221052577984,0.24226110363391648,3.8083383483359676,215.61626793913302,216.41931082279817,27.17932226062615,48.14665462808749,99.53583814280738,233.35159020443385,1081.8534775423136,46837.318097014926,185.20493557634637,92.60246778817319,1.1607874451635691,1.1995499599528874,0.21670453350711388,hacabox
AJ609456.1/1-134,179.50000000000003,113.63578492292329,1046.123637992354,1.1152245238652825,0.24883936861652733,3.8714070870917183,201.91396682745847,202.6716203968521,20.339365392003756,35.55047407852185,113.63578492292329,263.0540911297936,1045.0084134684887,41075.78571428571,227.50361705127176,113.75180852563588,1.1248688959746989,0.978598203660072,0.3235878401573196,hacabox
AAFC03054517.1/102386-102252,175.75,115.3574247374002,960.9389746065525,0.5682906067792981,0.25604551920341395,3.982306554651954,196.9628772129408,197.6964472649775,15.702173901819522,24.274596859231416,115.3574247374002,250.88897212653205,960.3706839997732,39083.88526119403,226.61437526730063,113.30718763365032,1.1206991591063489,0.9198572256432073,0.2931431115971658,hacabox
AAQQ01663584.1/95-227,161.2500000000001,95.43617804671165,902.5585676730907,0.17043302714438832,0.2749354005167957,4.032738250249015,177.06848957394993,177.73793804703638,24.852429381563063,41.55557527728921,95.43617804671165,228.77798233067952,902.3881346459463,31590.77462121214,187.22240705339033,93.61120352669516,1.098099160148526,1.1150570399902067,0.2205376490774512,hacabox
