nameseq,average,median,maximum,minimum,peak,none_levated_peak,sample_standard_deviation,population_standard_deviation,percentile15,percentile25,percentile50,percentile75,amplitude,variance,interquartile_range,semi_interquartile_range,coefficient_of_variation,skewness,kurtosis,label
AK229744.1/602-742,201.24999999999991,140.57793893620146,726.6374608607695,1.519531213475859,0.23354037267080754,3.818074270782288,198.76053431202084,199.46913026473905,22.987558420892967,37.07393160087423,140.57793893620146,303.0961923767406,725.1179296472936,39787.93392857143,266.02226077586636,133.01113038793318,0.9876299841591102,0.9157561576367085,0.2867280184104361,hacabox
AASG02004941.1/7144-6992,224.24999999999986,157.7048027087943,941.1771915022181,0.9368549102528699,0.22742474916387975,3.7835123520624374,197.16870948504985,197.81622751539126,41.430247888663466,58.57019444757531,157.7048027087943,323.6427903336517,940.2403365919652,39131.25986842104,265.0725958860764,132.5362979430382,0.8792361626981047,1.0125115308357482,0.2790258849350182,hacabox
AARH01009459.1/70100-69949,221.99999999999991,154.43774023807106,978.0317205051688,0.19570807531151085,0.2282282282282283,3.8468097650746116,219.34447793368307,220.06958562363013,38.42555327990676,49.065056351353505,154.43774023807106,308.4453509072005,977.8360124298573,48430.62251655627,259.380294555847,129.6901472779235,0.9880381888904647,0.9240569044417302,0.29096512424811494,hacabox
EF533698.1/29127-29267,201.24999999999994,138.44809591848613,1046.752876606586,11.64115819161005,0.23354037267080752,3.6797264466826363,204.09985301317587,204.82748403055123,48.48321614827878,67.71203984396182,138.44809591848613,233.97281830920224,1035.111718414976,41954.298214285714,166.26077846524043,83.13038923262022,1.0141607603139178,0.9231055753498201,0.21329837665427143,hacabox
AP006458.4/149212-149071,205.49999999999997,122.7008872511076,1026.1193315339133,2.0491152535575354,0.23033252230332527,3.824126031772973,225.785849866638,226.5850943123554,24.054014654783362,54.26229366889345,122.7008872511076,289.3648839104501,1024.0702162803557,51340.804964539,235.10259024155664,117.55129512077832,1.0987145978911825,1.1001457283235188,0.25712171727524097,hacabox
