nameseq,average,median,maximum,minimum,peak,none_levated_peak,sample_standard_deviation,population_standard_deviation,percentile15,percentile25,percentile50,percentile75,amplitude,variance,interquartile_range,semi_interquartile_range,coefficient_of_variation,skewness,kurtosis,label
AJ609467.1/1-135,185.75000000000006,116.60466557620921,1047.1945842972991,0.6345002580440872,0.24226110363391648,3.7798353750976745,202.97875504594066,203.73473067956434,33.7983738762488,43.71131618550611,116.60466557620921,254.80589217775423,1046.5600840392551,41507.840485074616,211.0945759922481,105.54728799612406,1.0927523824815106,1.021959185947431,0.26280494681611455,hacabox
AC127300.3/152460-152595,193.9999999999999,126.58827304216075,1228.225335567194,0.17049951601759847,0.23367697594501732,3.744282459626452,213.31900993582357,214.107622643553,26.09998984636009,52.35324182688191,126.58827304216075,271.61899705215575,1228.0548360511764,45842.07407407408,219.26575522527384,109.63287761263692,1.09958252544239,0.9480410626992845,0.25615547663500393,hacabox
BX005181.5/33577-33708,186.99999999999997,134.14914974502756,1037.8877975751604,1.5999387528660058,0.23529411764705885,3.706419760063082,202.09156340629363,202.86143881669238,20.23509129493229,46.04124647277591,134.14914974502756,249.55530115858406,1036.2878588222945,41152.763358778626,203.51405468580816,101.75702734290408,1.0807035476272389,0.7845579899154738,0.22295062129734222,hacabox
AAPY01141093.1/1066-1200,191.74999999999991,126.46430737314795,969.1251751578109,2.474572493285432,0.2346805736636246,3.700940392780747,198.60356240510887,199.34324303767133,28.9525576470721,42.053857217534706,126.46430737314795,257.9409611419885,966.6506026645254,39737.7285447761,215.8871039244538,107.9435519622269,1.0357421768193427,0.986171020845282,0.27116596203205656,hacabox
AAFC03050240.1/112749-112887,202.74999999999994,145.7619112678513,1185.7153617749798,1.394981988745211,0.22852445540485006,3.6290598382540877,193.27344618441515,193.97244827141253,47.49061759498308,79.80823438969487,145.7619112678513,285.420917483531,1184.3203797862345,37625.31068840581,205.61268309383615,102.80634154691808,0.9532599071981022,0.8845719345911464,0.2401370014995827,hacabox
