nameseq,average,median,maximum,minimum,peak,none_levated_peak,sample_standard_deviation,population_standard_deviation,percentile15,percentile25,percentile50,percentile75,amplitude,variance,interquartile_range,semi_interquartile_range,coefficient_of_variation,skewness,kurtosis,label
AJ505677.1/1-117,161.25,109.09675328654397,882.7638989339745,13.450675535621924,0.24186046511627907,3.436305431840895,162.3276008570323,163.0257873085918,33.127819175651815,44.525779618663556,109.09675328654397,237.960933537418,869.3132233983525,26577.407327586207,193.43515391875442,96.71757695937721,1.0066827960126035,0.9638517375622876,0.2665641992553371,hacabox
AF370437.1/575-689,140.74999999999991,77.05395251820711,848.2997400872042,0.3217117636535984,0.2723505032563649,3.811497659798119,167.4757445124517,168.2086834387884,13.235803829025608,34.69186389706008,77.05395251820711,165.86377216368123,847.9780283235506,28294.161184210523,131.17190826662116,65.58595413331058,1.1898809556834942,1.140989956495886,0.18319110221546103,hacabox
AM468511.2/12308-12196,150.25000000000006,91.14854294380922,736.065176841504,1.463539609181907,0.2506932889628396,3.528313431321938,161.86414056238647,162.58514252977906,18.295553455185175,32.56598988083163,91.14854294380922,195.61235027237072,734.6016372323221,26433.928571428572,163.04636039153908,81.52318019576954,1.0772987724618064,1.0953900632502045,0.23419714217072712,hacabox
AASG02009538.1/7602-7720,153.75,99.36935883301194,756.25,0.7759515680775784,0.25799457994579944,3.6217445612812367,157.46547240585792,158.1312913265751,32.094446105553004,49.72299187092128,99.36935883301194,201.98709848234918,755.4740484319224,25005.50529661017,152.2641066114279,76.13205330571395,1.0241656741844418,1.0360488620672061,0.2043859233955689,hacabox
AARH01001401.1/4929-4813,153.25000000000006,84.33937847051098,672.4782557402066,1.4465611960817044,0.2544861337683523,3.615455384656729,156.9402752641909,157.615290315944,21.44460154545767,30.32617069023026,84.33937847051098,237.45242677846068,671.0316945441249,24842.57974137931,207.1262560882304,103.5631280441152,1.024080099603203,1.3172645724015581,0.3087244250359866,hacabox
