nameseq,average,median,maximum,minimum,peak,none_levated_peak,sample_standard_deviation,population_standard_deviation,percentile15,percentile25,percentile50,percentile75,amplitude,variance,interquartile_range,semi_interquartile_range,coefficient_of_variation,skewness,kurtosis,label
AJ505675.1/1-117,179.24999999999986,132.0339368302573,1640.25,10.353054327071893,0.21757322175732235,3.268994810215204,212.17740218977136,213.08999737847532,38.104005306153084,62.2007458141541,132.0339368302573,178.61052333766162,1629.896945672928,45407.346982758616,116.40977752350753,58.204888761753764,1.1836954097058383,0.667593193466181,0.18723428478828713,hacabox
AJ298137.1/1505-1621,179.24999999999986,132.0339368302573,1640.25,10.353054327071893,0.21757322175732235,3.268994810215204,212.17740218977136,213.08999737847532,38.104005306153084,62.2007458141541,132.0339368302573,178.61052333766162,1629.896945672928,45407.346982758616,116.40977752350753,58.204888761753764,1.1836954097058383,0.667593193466181,0.18723428478828713,hacabox
AC005287.4/31785-31897,178.25000000000003,91.2201492753189,774.3108110385215,10.004982782075285,0.21131369798971478,3.221642054047534,186.15316274509004,186.98235688351525,22.13392826116014,49.00433409888998,91.2201492753189,265.11096568203,764.3058282564461,34962.40178571427,216.10663158314,108.05331579157,1.0443375189065358,1.4025523301560443,0.27329400096343137,hacabox
