nameseq,average,median,maximum,minimum,peak,none_levated_peak,sample_standard_deviation,population_standard_deviation,percentile15,percentile25,percentile50,percentile75,amplitude,variance,interquartile_range,semi_interquartile_range,coefficient_of_variation,skewness,kurtosis,label
AC005995.3/26676-26542,145.75000000000006,88.14794444258814,831.9099566158259,0.7330005746949425,0.3087478559176671,4.262684620103611,159.9980468630789,160.59394481717015,25.0,37.44907060859192,88.14794444258814,195.18007873812854,831.1769560411309,25790.415111940296,157.73100812953663,78.86550406476832,1.0977567537775563,1.0800517260071156,0.25231558548551647,hacabox
AC101774.6/57905-57781,147.24999999999997,115.81813647392866,810.0758280849633,4.065847939534662,0.28296547821165824,3.805201413862095,140.13118853417322,140.6950990159102,31.17942198214185,45.684761960748425,115.81813647392866,172.28007813146635,806.0099801454286,19795.110887096773,126.59531617071792,63.29765808535896,0.9516549306225688,0.672909375597128,0.2129265354986878,hacabox
AC107774.8/124931-124798,159.49999999999997,106.47312815932152,729.0,0.4161413269333192,0.28004179728317663,3.9211752562190734,138.56857508107674,139.08853403768364,29.62544266374959,59.30462497581851,106.47312815932152,236.54703166484285,728.5838586730666,19345.620300751878,177.24240668902434,88.62120334451217,0.8687684958061239,1.148028082333653,0.271122628231523,hacabox
AC110037.13/145188-145321,139.5000000000001,78.40121147946351,466.2949178931081,1.2365946097717981,0.32019115890083605,4.317870832667722,135.93840516940017,136.44849478584698,19.454533751540847,35.25901234937615,78.40121147946351,218.10119298622303,465.05832328333634,18618.19172932331,182.84218063684688,91.42109031842344,0.9744688542609323,1.3483780785363366,0.25885198227600636,hacabox
AC116348.3/101703-101837,155.75,90.27892682878266,812.0649307024727,0.5622832204498988,0.28892455858747995,4.1851808329549005,173.9665916203453,174.61451412977132,24.901352447880686,32.031049575788586,90.27892682878266,214.55040300587456,811.5026474820228,30490.228544776113,182.51935343008597,91.25967671504299,1.1169604598417033,1.1290283823131568,0.2640790580275996,hacabox
