nameseq,average,median,maximum,minimum,peak,none_levated_peak,sample_standard_deviation,population_standard_deviation,percentile15,percentile25,percentile50,percentile75,amplitude,variance,interquartile_range,semi_interquartile_range,coefficient_of_variation,skewness,kurtosis,label
AC010653.10/104059-104144,109.5,64.34700234312857,482.1052779165622,1.4043622797290671,0.2617960426179604,3.145221615936575,112.47777558255676,113.13747493776816,13.779593064687543,32.87620437092926,64.34700234312857,181.71640684492476,480.70091563683314,12800.088235294119,148.8402024739955,74.42010123699775,1.027194297557596,1.2043178509623862,0.2866090057455371,hacabox
AC122807.3/127086-127002,103.25000000000004,88.09401651978766,679.7252848924463,1.9863713839404449,0.274414850686037,3.091371052572084,107.75087006609277,108.3903467191833,24.809873272425662,44.58101957823582,88.09401651978766,129.38228354229574,677.7389135085059,11748.467261904769,84.80126396405993,42.400631982029964,1.0435919618992031,0.42197293082411114,0.2572215472046355,hacabox
AANG01668984.1/486-401,117.49999999999994,79.0625009534945,529.0,5.204456627765699,0.2439716312056739,2.9378932681623677,109.02866595533487,109.66813575510437,28.230302198228678,35.27890487012806,79.0625009534945,163.7571805661648,523.7955433722343,12027.100000000002,128.47827569603675,64.23913784801837,0.9279035400454037,1.0576346700119736,0.2268015276336615,hacabox
AAYZ01065789.1/754-669,107.49999999999999,79.44943382205611,353.7522551108513,5.094020630035829,0.2666666666666667,3.0617700284265945,92.68899611064951,93.2326312479261,22.262106421979794,30.51755809468729,79.44943382205611,157.06202500323374,348.65823448081545,8692.323529411764,126.54446690854645,63.27223345427323,0.8622232196339491,0.9078930840223333,0.281147797726452,hacabox
AALT01270804.1/14576-14491,111.49999999999999,78.54804570204206,464.1657913775473,1.0260061086686372,0.25710014947683113,3.0495456115128565,108.07983160608643,108.71373634729069,20.34666852942073,32.600429151513666,78.54804570204206,150.92788307194036,463.13978526887865,11818.676470588234,118.32745392042669,59.163726960213346,0.9693258440007753,0.9146559670278649,0.2762790450155394,hacabox
