nameseq,average,median,maximum,minimum,peak,none_levated_peak,sample_standard_deviation,population_standard_deviation,percentile15,percentile25,percentile50,percentile75,amplitude,variance,interquartile_range,semi_interquartile_range,coefficient_of_variation,skewness,kurtosis,label
AJ505662.1/1-144,213.99999999999994,129.76684170058064,773.9708578230332,2.2940633666276136,0.2242990654205608,3.6630474034951455,194.07215153133126,194.74954329955338,42.64914640859613,77.48674340211643,129.76684170058064,294.00853047813365,771.6767944564056,37927.38461538462,216.52178707601723,108.26089353800862,0.9068792127632305,1.3020903458034874,0.20878605757194418,hacabox
AARH01005662.1/240390-240253,192.5,158.5785103890114,813.7367292358772,2.7984243540471017,0.23896103896103896,3.6711500459708444,173.06140528725632,173.69186786808314,33.887090640719194,68.89232082279044,158.5785103890114,247.12350938918772,810.93830488183,30168.86496350365,178.2311885663973,89.11559428319865,0.8990202872065264,0.588025207954667,0.22887070209346685,hacabox
