nameseq,average,median,maximum,minimum,peak,none_levated_peak,sample_standard_deviation,population_standard_deviation,percentile15,percentile25,percentile50,percentile75,amplitude,variance,interquartile_range,semi_interquartile_range,coefficient_of_variation,skewness,kurtosis,label
X62452.1/873-682,289.9999999999998,182.63933278396885,1182.0473308950807,0.679257595742657,0.22068965517241396,4.206423190703673,273.29105364061957,274.0055412746513,57.945624199659676,102.99145592015824,182.63933278396885,378.4341818645827,1181.368073299338,75079.03664921464,275.4427259444244,137.7213629722122,0.9423829435883441,1.1785310838298928,0.19118996423766965,hacabox
AABZ01000039.1/16243-16432,279.49999999999994,170.4353952902599,1356.3684706769368,5.578567136260618,0.2265951103160406,4.325880714467821,304.5673160403132,305.3719867056411,48.40986791766081,70.80406836352259,170.4353952902599,346.20085424215216,1350.7899035406763,93252.05026455027,275.39678587862954,137.69839293931477,1.0896862827918183,1.0742906309944042,0.20151699384015856,hacabox
AACA01000006.1/89474-89283,298.00000000000006,214.9244021385321,1464.9670186067478,0.9993524065499195,0.2147651006711409,4.1278968750036364,258.65034312755125,259.3265543289092,52.19616452308642,99.6072486697669,214.9244021385321,503.00549341027,1463.967666200198,67250.2617801047,403.39824474050306,201.69912237025153,0.8679541715689638,0.9635664525737737,0.31364231199363446,hacabox
