nameseq,average,median,maximum,minimum,peak,none_levated_peak,sample_standard_deviation,population_standard_deviation,percentile15,percentile25,percentile50,percentile75,amplitude,variance,interquartile_range,semi_interquartile_range,coefficient_of_variation,skewness,kurtosis,label
X59720.2/107708-107500,302.2500000000001,201.98004614821085,1465.073946211098,0.1783182390666798,0.2304935208161014,4.606731331848991,308.40233462151355,309.14279747516235,32.770677204149855,86.84696934960786,201.98004614821085,446.9132590686367,1464.8956279720314,95569.26923076926,360.0662897190289,180.03314485951444,1.0203551186815993,0.975381272403584,0.2615996197282941,hacabox
AABZ01000112.1/9647-9855,302.24999999999994,202.12615247903943,1482.25,3.431058418990429,0.23049352081610153,4.570399590221042,307.0586263240295,307.79586298264434,33.95970080153648,73.15351492860565,202.12615247903943,433.10798537692665,1478.8189415810095,94738.29326923077,359.954470448321,179.9772352241605,1.0159094336609744,0.97822212702114,0.2642000376588277,hacabox
AABY01000162.1/1359-1151,308.24999999999994,215.78961455472958,1602.8763109221636,1.0046369430833653,0.22600702892673702,4.446620850812668,296.61422757514515,297.32638761003165,65.11830140610448,91.28422267096249,215.78961455472958,462.95153486717373,1601.8716739790802,88402.98076923077,371.66731219621124,185.83365609810562,0.9622521575836016,0.9351579612462739,0.27486329535360626,hacabox
AACI02000137.1/4593-4383,308.7499999999997,203.56953057007902,1806.2499999999993,1.7129016486356272,0.22780026990553326,4.546829670359435,304.3486898279667,305.07246894717275,51.005483082515745,76.36389922194114,203.56953057007902,456.2433491073052,1804.5370983513637,93069.2113095237,379.87944988536407,189.93972494268203,0.9857447443820794,1.0367759705754676,0.29359793834297304,hacabox
AACG02000009.1/53495-53284,308.9999999999998,197.1044296532017,1933.429856075013,5.7811454964938624,0.22869471413160752,4.56052001259862,330.8171700501653,331.60017036452496,56.282703309397135,79.4252413972882,197.1044296532017,443.6678251524201,1927.6487105785193,109958.67298578199,364.24258375513193,182.12129187756597,1.070605728317688,1.0147197347389512,0.2948460838328495,hacabox
