nameseq,average,median,maximum,minimum,peak,none_levated_peak,sample_standard_deviation,population_standard_deviation,percentile15,percentile25,percentile50,percentile75,amplitude,variance,interquartile_range,semi_interquartile_range,coefficient_of_variation,skewness,kurtosis,label
Z28287.1/412-62,539.7499999999998,406.243283704541,3906.25,0.6494339360691894,0.21676702176933774,5.710969041932355,529.6044514541016,530.3604895998299,86.72600221510102,149.9904374160431,406.243283704541,757.0946527946481,3905.6005660639307,281282.2489285713,607.104215378605,303.5521076893025,0.9812032449358071,0.7562628066790098,0.25329002974869635,hacabox
AABY01000005.1/88923-89269,532.7499999999998,384.5069470090182,2756.2499999999977,0.6563035942847113,0.21711246676051943,5.689340077512271,534.4460917623028,535.2178554737491,69.36911135447517,134.07878021205696,384.5069470090182,697.9379507070016,2755.593696405713,286458.1528179189,563.8591704949447,281.92958524747235,1.0031836541760732,0.8321309966108612,0.2324477451034785,hacabox
AACG02000132.1/12491-12835,500.2499999999995,338.3468146762915,2513.5262180741815,0.5162211457823916,0.22988505747126461,5.795520350239797,481.3133075243193,482.01238313968656,87.57671593770102,146.34396199924166,338.3468146762915,719.8454271086969,2513.0099969283992,232335.93749999997,573.5014651094552,286.7507325547276,0.9621455422775009,1.009133860165673,0.2568531055354582,hacabox
AACH01000061.1/2082-2427,520.4999999999999,340.5629820992883,2523.4682214689715,0.7192271463728994,0.22158181235991037,5.7546207665933125,515.373893401674,516.1202716253341,67.61703136978021,123.75262199934264,340.5629820992883,734.6559419749954,2522.7489943225987,266380.1347826087,610.9033199756527,305.45165998782636,0.9901515723375103,1.0474163721005845,0.25175800004493665,hacabox
