nameseq,average,median,maximum,minimum,peak,none_levated_peak,sample_standard_deviation,population_standard_deviation,percentile15,percentile25,percentile50,percentile75,amplitude,variance,interquartile_range,semi_interquartile_range,coefficient_of_variation,skewness,kurtosis,label
Z49808.1/21552-21857,470.49999999999983,261.78073563504756,4790.312767854698,0.21115619563438195,0.2167906482465463,5.6574037482968444,660.4167245005231,661.4984889020321,42.951779294955074,85.20657018528394,261.78073563504756,585.0618778257339,4790.101611659064,437580.25081967196,499.85530764044995,249.92765382022498,1.4036487236993056,0.9481252819095752,0.23310057264706624,hacabox
AABY01000043.1/27193-26893,467.24999999999983,219.5365582848573,4266.440844238732,0.5355626124122459,0.21473158551810245,5.463779918345993,630.4869150109303,631.5368523161046,70.73893955178072,97.89032854587788,219.5365582848573,575.647329922999,4265.90528162632,398838.79583333334,477.7570013771211,238.87850068856056,1.3493566934423338,1.178676840791445,0.22674018930927628,hacabox
AACH01000838.1/496-192,452.2499999999996,271.79643143671643,4546.520368338065,4.8824219902600445,0.2248019163442051,5.562550493283786,593.3809905954184,594.356144894359,59.67048044954938,113.81077533422376,271.79643143671643,550.3507398056133,4541.637946347805,353259.2269736842,436.53996447138957,218.26998223569478,1.3120641030302242,0.912332404087684,0.23663879130969742,hacabox
AACI02000694.1/1595-1913,485.75000000000017,295.33371378819004,5807.760393298071,3.89701845556366,0.21890547263681584,5.669152879103443,679.9962316072053,681.0645688434851,77.66151952710764,109.65320529259066,295.33371378819004,615.4520269511046,5803.863374842507,463848.94693396223,505.79882165851393,252.89941082925696,1.3998893085068556,0.8400765064318886,0.25304105976259206,hacabox
