nameseq,average,median,maximum,minimum,peak,none_levated_peak,sample_standard_deviation,population_standard_deviation,percentile15,percentile25,percentile50,percentile75,amplitude,variance,interquartile_range,semi_interquartile_range,coefficient_of_variation,skewness,kurtosis,label
M20764.1/402-590,245.25000000000009,148.7077310010054,1451.8781001871403,2.7536844998772936,0.25688073394495403,4.603827283863056,274.7121220477902,275.44177040343516,37.19154735232112,66.49041438838223,148.7077310010054,317.46807863525856,1449.124415687263,75868.1688829787,250.97766424687632,125.48883212343816,1.120130976749399,1.0542920524875825,0.2245797662007297,hacabox
AACH01001103.1/771-582,249.5000000000001,181.408277246243,1650.6465372959974,3.111613701213057,0.25384101536406134,4.512463209719361,258.4477703521545,259.1305925998782,39.774439965613865,80.62956257622675,181.408277246243,311.37770303237215,1647.5349235947845,67148.66402116403,230.7481404561454,115.3740702280727,1.035862807022663,0.7903924571797664,0.21677178341673897,hacabox
AACA01000336.1/10189-9996,254.4999999999998,165.27507829875614,1599.775662978968,1.8462902304451339,0.2540929927963329,4.633044690792157,282.12452924196435,282.8544774975544,30.42302500579438,60.1547490545226,165.27507829875614,313.039415793917,1597.9293727485228,80006.6554404145,252.8846667393944,126.4423333696972,1.1085443192218647,0.9487823190097713,0.22515998338612092,hacabox
AAZN01000271.1/10970-11147,258.50000000000006,149.14444750651904,1642.2649517068683,2.4934286170928286,0.22952933591231459,4.310222573222242,317.9595100008804,318.85643564725535,34.30501519712502,49.48649721285807,149.14444750651904,310.0965870874874,1639.7715230897754,101669.4265536723,260.61008987462935,130.30504493731468,1.2300174468119163,1.0317875300522845,0.18982677633799214,hacabox
CR382123.1/649568-649394,251.7499999999999,175.20845899682155,979.823143089884,2.0917170894479886,0.23171135385633906,4.123256175369482,222.9526294978375,223.59238010837655,39.87731629276775,72.00858152532037,175.20845899682155,383.99764873776735,977.7314260004359,49993.55244252874,311.98906721244697,155.99453360622348,0.8856112393161375,1.029925610326844,0.26712752163435105,hacabox
