nameseq,average,median,maximum,minimum,peak,none_levated_peak,sample_standard_deviation,population_standard_deviation,percentile15,percentile25,percentile50,percentile75,amplitude,variance,interquartile_range,semi_interquartile_range,coefficient_of_variation,skewness,kurtosis,label
X80835.1/7645-7470,247.99999999999997,168.33858667766262,1036.4664171414815,2.095668552789566,0.23655913978494625,4.206921425667138,238.69855466675958,239.37957903117564,44.28157196176737,63.8281456486163,168.33858667766262,320.9666945441459,1034.3707485886919,57302.582857142865,257.13854889552965,128.56927444776483,0.9624941720433855,1.0011968455387228,0.21211784808542442,hacabox
AABY01000008.1/67645-67824,254.9999999999998,166.11461645867521,928.3838853899755,0.8454250922596461,0.23529411764705901,4.153661825623737,224.41033844277314,225.03630991936143,62.12377155917693,84.31513332412575,166.11461645867521,383.2402684814609,927.5384602977158,50641.34078212289,298.92513515733515,149.46256757866757,0.8800405429128365,1.1882525220288536,0.2559716730554182,hacabox
AACH01000096.1/3948-3770,250.7499999999999,230.58879897607267,1013.9444907377994,2.637108266611429,0.23795280824194096,4.152601942171451,202.82289071995797,203.39182000223173,46.53842750350814,81.56119814798355,230.58879897607267,347.2552530973176,1011.3073824711879,41368.232443820234,265.6940549493341,132.84702747466704,0.8088649679759046,0.2982089588462315,0.2845322456229145,hacabox
AACI02000115.1/14713-14893,249.25,204.84722494385616,1469.8995023450273,6.266236402660333,0.24205951186894017,4.184084621523793,222.49550557258453,223.1126926266435,61.33457862664975,85.2257683906556,204.84722494385616,316.49408604549984,1463.633265942367,49779.2736111111,231.26831765484422,115.63415882742211,0.8926600022972299,0.5987011954494292,0.2569065854388464,hacabox
