nameseq,average,median,maximum,minimum,peak,none_levated_peak,sample_standard_deviation,population_standard_deviation,percentile15,percentile25,percentile50,percentile75,amplitude,variance,interquartile_range,semi_interquartile_range,coefficient_of_variation,skewness,kurtosis,label
Z74794.1/3074-3261,239.0000000000001,198.57323384940548,797.9785263547371,10.717222189924684,0.2622036262203625,4.384428807347495,185.60980577544927,186.10542696687827,64.04546758701437,83.33611616340539,198.57323384940548,335.07549125355683,787.2613041648125,34635.229946524065,251.73937509015144,125.86968754507572,0.7766100660060635,0.6534153621092023,0.3094273446465888,hacabox
AACH01001718.1/854-667,236.99999999999991,203.5878039073448,958.2522743394325,6.203565714309637,0.2644163150492265,4.477602920823203,194.0,194.5180249542072,32.46504507849297,74.74506260119888,203.5878039073448,348.0587938527202,952.0487086251228,37837.26203208557,273.31373125152135,136.65686562576067,0.8185654008438822,0.5166834447317801,0.291110369006838,hacabox
