nameseq,average,median,maximum,minimum,peak,none_levated_peak,sample_standard_deviation,population_standard_deviation,percentile15,percentile25,percentile50,percentile75,amplitude,variance,interquartile_range,semi_interquartile_range,coefficient_of_variation,skewness,kurtosis,label
Z72621.1/2505-2772,390.99999999999994,237.4378064431894,2379.315974941727,1.0847360131810027,0.22847399829497017,5.135400097200096,400.8453567150305,401.59530191083405,57.71693477089301,113.08426868548138,237.4378064431894,599.8091945534002,2378.2312389285457,161278.78651685396,486.7249258679188,243.3624629339594,1.0251799404476485,1.1492875567919913,0.28974236169345985,hacabox
AABZ01000003.1/73091-72822,397.50000000000006,248.05351447456894,1739.3533855191533,2.82698998314264,0.22641509433962262,5.095065931539802,407.3269571241265,408.0833680952767,86.2982141131354,116.66847772715248,248.05351447456894,555.6028486716217,1736.5263955360108,166532.0353159851,438.9343709444692,219.4671854722346,1.0247219047147835,1.1006869266442116,0.2522724312663522,hacabox
AACI02000309.1/1028-1298,399.74999999999966,256.7215519114118,2277.9709244932956,0.4484332883625495,0.22597456743798225,5.083604154888542,396.0730677539182,396.80585851503224,75.5377423878926,129.3255601295914,256.7215519114118,561.8728764718813,2277.522491204933,157454.88935185177,432.54731634228995,216.27365817114497,0.9908019205851621,1.0833489555325082,0.23644366876159292,hacabox
AACA01000219.1/3705-3437,389.24999999999983,309.33243543717293,2185.038236357914,4.854733777153668,0.23035752515521313,5.04434556748855,360.78767994486736,361.4601645544105,80.76163353560314,127.63762983958227,309.33243543717293,524.8147960371113,2180.18350258076,130653.45055970151,397.177166197529,198.5885830987645,0.9268790750028709,0.6645257225111394,0.2671052758439343,hacabox
