nameseq,average,median,maximum,minimum,peak,none_levated_peak,sample_standard_deviation,population_standard_deviation,percentile15,percentile25,percentile50,percentile75,amplitude,variance,interquartile_range,semi_interquartile_range,coefficient_of_variation,skewness,kurtosis,label
AAHK01000005.1/22680-22614,64.75000000000001,53.1663775430895,217.63110223217484,0.21792331482464838,0.3449163449163448,3.0531406345076717,53.161311120024116,53.5625342544355,18.879173129846407,22.980601625021322,53.1663775430895,89.77696895832268,217.4131789173502,2868.945075757576,66.79636733330136,33.39818366665068,0.8210241099617622,0.6536871766061847,0.2793967967732129,hacabox
FR796466.1/1224122-1224189,78.99999999999996,56.934842867658766,309.8227874416213,0.21094315929830276,0.28691983122362885,2.8696736785700576,76.96752561957544,77.53978275986954,18.017429682254946,26.82342628228877,56.934842867658766,100.88737456846748,309.611844282323,6012.417910447762,74.06394828617871,37.03197414308936,0.974272476197158,0.8600441662137548,0.22133926382049296,hacabox
