nameseq,average,median,maximum,minimum,peak,none_levated_peak,sample_standard_deviation,population_standard_deviation,percentile15,percentile25,percentile50,percentile75,amplitude,variance,interquartile_range,semi_interquartile_range,coefficient_of_variation,skewness,kurtosis,label
AAHK01011372.1/538-464,78.74999999999997,54.76137561834442,298.9450037301308,4.053433376740969,0.31746031746031755,3.0948373764489023,70.58771139511465,71.06305488979676,16.310843972548625,26.498125677833013,54.76137561834442,91.98595608914968,294.89157035338985,5049.957770270268,65.48783041131666,32.74391520565833,0.8963518907316149,1.0195241030288935,0.20023491499516424,hacabox
AAHA01000001.1/1729154-1729225,75.99999999999996,66.70897850345962,280.7263427090867,1.0,0.31578947368421073,3.049443902460804,64.47480127925947,64.92726157612567,11.024392662609715,29.455437566995332,66.70897850345962,111.23539559581897,279.7263427090867,4215.5492957746455,81.77995802882364,40.88997901441182,0.8483526484113092,0.43230942843692555,0.2835821383336331,hacabox
FR799010.1/955856-955929,66.50000000000001,49.11458538215306,204.8763258078123,0.20132610943194093,0.3709273182957393,3.3413002330225887,53.61203223158025,53.9779889183659,13.147901555157468,21.944386692360055,49.11458538215306,103.78706900259178,204.67499969838036,2913.6232876712324,81.84268231023172,40.92134115511586,0.8061959734072216,0.9728458646792006,0.30332021714242646,hacabox
FR796468.1/1551018-1551091,76.50000000000001,56.64902909538918,325.4657186856105,3.8822019772992684,0.32244008714596945,3.11819257895938,68.70407557052202,69.17305081391243,12.687250736692828,22.63110085743976,56.64902909538918,101.7127119338245,321.58351670831127,4784.91095890411,79.08161107638473,39.540805538192366,0.8980924911179348,0.8668032022744238,0.24215004260112546,hacabox
