nameseq,average,median,maximum,minimum,peak,none_levated_peak,sample_standard_deviation,population_standard_deviation,percentile15,percentile25,percentile50,percentile75,amplitude,variance,interquartile_range,semi_interquartile_range,coefficient_of_variation,skewness,kurtosis,label
AAHK01016749.1/680-745,68.49999999999999,66.38968907791997,221.54870201087246,5.657237494020794,0.3211678832116789,2.840248425623093,46.45696933722646,46.812966645512276,15.860847589399246,31.15372089770533,66.38968907791997,105.13171140995645,215.89146451685167,2191.453846153845,73.97799051225113,36.98899525612556,0.6782039319303135,0.1362751995353905,0.3437778080580893,hacabox
FR796465.1/255542-255610,71.25,41.16435077522369,410.47022432819165,0.07440283646876827,0.32280701754385965,3.1792828691689543,81.56745674593516,82.16502852043993,11.999999999999998,13.450287145437613,41.16435077522369,108.970683226498,410.39582149172287,6751.091911764708,95.52039608106038,47.76019804053019,1.1448064104692655,1.1065313456500139,0.3108019207452095,hacabox
FR799008.1/262789-262857,73.25000000000004,43.563002101233394,397.44375806453144,0.9286338214739771,0.3139931740614333,3.1447151859266955,82.58480489775346,83.18982987191193,7.470641791903678,12.699817719938306,43.563002101233394,102.03292430026691,396.51512424305747,6920.547794117649,89.3331065803286,44.6665532901643,1.1274376095256438,1.0784186486432283,0.29364839756011507,hacabox
