nameseq,average,median,maximum,minimum,peak,none_levated_peak,sample_standard_deviation,population_standard_deviation,percentile15,percentile25,percentile50,percentile75,amplitude,variance,interquartile_range,semi_interquartile_range,coefficient_of_variation,skewness,kurtosis,label
AAHK01000300.1/41988-42062,92.75000000000001,61.45084971874736,340.066622301349,1.222256890362886,0.2695417789757412,2.9335773564192187,89.12701610622896,89.72720481428017,13.386306051207773,24.48050839019682,61.45084971874736,126.04696437197222,338.84436541098614,8050.971283783782,101.5664559817754,50.7832279908877,0.9609381790428997,1.0535240036740736,0.22208580388174795,hacabox
AAHA01000001.1/2180510-2180579,91.50000000000006,60.11400268129255,484.0,1.0369449556552512,0.25500910746812366,2.838282474011332,108.85426036678582,109.64022191180372,11.667741246769399,24.283196578892944,60.11400268129255,100.42700437184563,482.96305504434474,12020.978260869566,76.14380779295269,38.07190389647634,1.1896640477244345,0.8649913346418961,0.18835073346787798,hacabox
FR799010.1/2243945-2243878,93.00000000000003,75.06776760856731,263.3077279393734,1.0,0.24372759856630818,2.5754886753744346,70.68238818828917,71.20791503884315,14.15317795799956,45.01101267861945,75.06776760856731,120.34205453202247,262.3077279393734,5070.567164179105,75.33104185340302,37.66552092670151,0.7600256794439693,0.7611046903365856,0.19926932193123864,hacabox
FR796468.1/2237480-2237410,89.75,65.01459328428703,335.4377654689312,0.31887650391525324,0.2636954503249768,2.79553965351126,84.90803848870846,85.51237379133251,22.978399191724527,37.860672127326616,65.01459328428703,92.9856495912788,335.11888896501597,7312.36607142857,55.124977463952185,27.562488731976092,0.9460505681193143,0.8739598919954706,0.11222419934199761,hacabox
FR796468.1/2238206-2238139,89.0,71.64515413663972,314.7831736705201,0.9807166965949982,0.2546816479400749,2.628995381972216,71.39327699440614,71.92408933636679,22.387449924083427,29.72624645798869,71.64515413663972,131.04768293469672,313.80245697392513,5173.074626865671,101.32143647670803,50.660718238354015,0.8021716516225409,0.7292638716410265,0.2849989517839904,hacabox
