nameseq,average,median,maximum,minimum,peak,none_levated_peak,sample_standard_deviation,population_standard_deviation,percentile15,percentile25,percentile50,percentile75,amplitude,variance,interquartile_range,semi_interquartile_range,coefficient_of_variation,skewness,kurtosis,label
AAHK01011372.1/313-243,71.74999999999999,38.71886022182672,378.53697648286226,2.2478296730524865,0.3298490127758421,3.1647585441994623,77.61684739797151,78.16928744718092,12.335872520371417,24.81914475469224,38.71886022182672,104.50771533866893,376.2891468098098,6110.437499999997,79.68857058397668,39.84428529198834,1.081767907985666,1.2766998745314868,0.27907566301374553,hacabox
FN554973.1/1694836-1694906,87.75000000000001,56.37739203927491,495.90525555949915,3.120592331124175,0.2697056030389363,2.902674192665567,98.93116293666016,99.63530821379108,12.69086496158534,23.370161629615385,56.37739203927491,120.34265685285007,492.784663228375,9927.194642857143,96.97249522323469,48.486247611617344,1.1274206602468393,0.9513465837092551,0.25735486414186076,hacabox
FR799010.1/957243-957312,75.50000000000003,32.09016994374947,410.9838190691758,3.3244533306686526,0.3090507726269314,3.126532379666403,91.3085428642906,91.96781888326439,14.512967565174927,18.604253309717897,32.09016994374947,116.72779614299992,407.6593657385072,8458.079710144923,98.12354283328202,49.06177141664101,1.2093846736992129,1.426257457227285,0.3154557621684462,hacabox
