nameseq,average,median,maximum,minimum,peak,none_levated_peak,sample_standard_deviation,population_standard_deviation,percentile15,percentile25,percentile50,percentile75,amplitude,variance,interquartile_range,semi_interquartile_range,coefficient_of_variation,skewness,kurtosis,label
AAHK01000038.1/50201-50138,74.0,42.025029810440074,453.171084445929,2.5096756277716645,0.2882882882882883,2.882073166935304,91.29074432821766,92.01242152169303,10.679714723938549,17.061543782827478,42.025029810440074,93.20516480417956,450.6614088181573,8466.285714285717,76.14362102135209,38.071810510676045,1.2336587071380765,1.0507627172345195,0.253733985094539,hacabox
FN554974.1/4230133-4230068,88.49999999999996,69.48093891367067,348.9999999999999,0.3671477870897699,0.24858757062146905,2.699737555336025,85.46490507804941,86.11981814264979,8.430969843385277,21.002606218975547,69.48093891367067,126.99999999999999,348.6328522129101,7416.623076923073,105.99739378102444,52.99869689051222,0.9657051421248526,0.6676095083342259,0.241374261824888,hacabox
FR799005.1/554913-554981,99.25,61.126580169874785,357.8269151154533,0.35365772663584705,0.23173803526448364,2.685555775244502,102.49512183513907,103.24601188708567,11.725483959107693,21.081268572780868,61.126580169874785,152.48585839931621,357.47325738881744,10659.738970588236,131.40458982653536,65.70229491326768,1.0326964416638698,1.115860515531046,0.24063014453933232,hacabox
FR796426.1/563108-563177,81.50000000000001,53.269534755240585,278.1400183345517,0.024377352267100527,0.2862985685071574,2.950456151752358,78.77340921910135,79.34217768261904,12.602373592653827,22.311620448597406,53.269534755240585,120.52708132737875,278.1156409822846,6295.18115942029,98.21546087878134,49.10773043939067,0.9665448983938815,1.0751267029552647,0.22843828964540386,hacabox
