nameseq,average,median,maximum,minimum,peak,none_levated_peak,sample_standard_deviation,population_standard_deviation,percentile15,percentile25,percentile50,percentile75,amplitude,variance,interquartile_range,semi_interquartile_range,coefficient_of_variation,skewness,kurtosis,label
AAHK01030140.1/350-422,88.24999999999999,73.22299156130906,242.97529776853105,2.0187164815228678,0.27573182247403216,2.8818912772472864,70.57974213611155,71.06818908625716,11.043637381687399,27.076630872828662,73.22299156130906,121.17259629649152,240.9565812870082,5050.687500000001,94.09596542366286,47.04798271183143,0.7997704491344086,0.6387247098343739,0.23880501448388597,hacabox
AC013353.9/110422-110350,94.25000000000001,69.1895534963865,353.94781804855506,1.459713434011232,0.25817860300618917,2.8096324597724256,86.26412927746969,86.86111999431431,13.796013015998602,30.25,69.1895534963865,132.705492350959,352.48810461454383,7544.85416666667,102.45549235095899,51.227746175479496,0.9152692761535245,0.87152493325492,0.23553794117690907,hacabox
FR798998.1/765999-765924,80.99999999999997,52.38350994396134,400.1028725800105,2.499478331549843,0.3127572016460906,3.288884111224068,96.75226095549395,97.39514019361198,10.100550296799977,16.0,52.38350994396134,106.65815241935633,397.6033942484607,9485.813333333332,90.65815241935633,45.32907620967816,1.1944723574752345,0.8873122893490484,0.2341172906572073,hacabox
