nameseq,average,median,maximum,minimum,peak,none_levated_peak,sample_standard_deviation,population_standard_deviation,percentile15,percentile25,percentile50,percentile75,amplitude,variance,interquartile_range,semi_interquartile_range,coefficient_of_variation,skewness,kurtosis,label
AAHK01028594.1/483-419,68.25,48.43795876055905,454.1612145862475,4.522462146827233,0.3174603174603175,2.974946562789131,82.88546314040839,83.53049592813393,14.144171562006816,22.311653248154347,48.43795876055905,82.15887516168716,449.6387524394203,6977.343749999998,59.84722191353282,29.92361095676641,1.2144390203722841,0.7170874296453862,0.24312267945306854,hacabox
AC099045.21/121306-121367,69.49999999999999,48.93343710141354,212.60642062149512,0.0,0.2973621103117507,2.701187105408929,56.189411813970786,56.648108500825614,19.469441877092944,25.888448261244744,48.93343710141354,92.5475475027813,212.60642062149512,3209.008196721311,66.65909924153655,33.329549620768276,0.8084807455247597,1.0980661071881606,0.24884289064052187,hacabox
FR799615.1/552183-552122,63.499999999999986,38.479167942653376,312.97518335822366,0.32923826769132386,0.32545931758530194,2.971497831961484,74.08947293644353,74.69429499578953,7.946721827092293,26.398573572105892,38.479167942653376,77.04234828255947,312.64594509053234,5579.2377049180295,50.643774710453584,25.321887355226792,1.1667633533298196,1.0131330835141856,0.23103778752069823,hacabox
FR796432.1/1078115-1078052,64.0,46.90373579571943,159.97263729654588,0.3725830020304793,0.3333333333333333,2.8687415522218087,44.888751374926876,45.24360868657723,19.24689604963009,32.813141566070655,46.90373579571943,89.57982405221424,159.60005429451542,2046.9841269841265,56.76668248614358,28.38334124307179,0.7013867402332324,1.1425756128625502,0.24331871246631012,hacabox
HE575323.1/1787813-1787874,77.5,60.113960824719086,297.7161603047682,9.576340629106678,0.26666666666666666,2.568539201171935,67.29970282252364,67.84909726739184,15.72609268647216,20.239193856468923,60.113960824719086,115.82959303301477,288.13981967566156,4603.499999999998,95.59039917654584,47.79519958827292,0.8683832622261115,0.7750125979514226,0.41325690868118514,hacabox
