nameseq,average,median,maximum,minimum,peak,none_levated_peak,sample_standard_deviation,population_standard_deviation,percentile15,percentile25,percentile50,percentile75,amplitude,variance,interquartile_range,semi_interquartile_range,coefficient_of_variation,skewness,kurtosis,label
AAHK01028073.1/619-688,73.5,37.62591271000446,256.3627956204385,0.8146351137604105,0.31746031746031744,3.1035444609355807,73.08385594644004,73.61154406945866,20.187900199364552,25.12575262212527,37.62591271000446,113.10240956615479,255.54816050667807,5418.659420289854,87.97665694402951,43.98832847201476,0.9943381761420413,1.4725859832691133,0.20550683117065274,hacabox
FN554972.1/1586904-1586972,93.25,73.74217933613347,339.6583017340486,2.464886262766029,0.24664879356568364,2.655008679694519,83.06774343871393,83.6763064714611,16.616218528495335,23.33356565295454,73.74217933613347,125.48366642096474,337.1934154712826,7001.724264705884,102.15010076801019,51.075050384005095,0.8908069001470663,0.704526926685775,0.23638388204442634,hacabox
FR796467.1/1323966-1323900,84.74999999999999,64.74794880358603,330.965125322141,0.25,0.2635201573254671,2.701840825552844,75.88231019150642,76.45501499693671,14.813871735352189,27.05087816791616,64.74794880358603,124.07205375069869,330.715125322141,5845.369318181818,97.02117558278252,48.51058779139126,0.8953664919351791,0.7907792137298216,0.3408091315881874,hacabox
FR796401.1/450597-450665,69.25000000000001,46.804487646139435,335.0745872840829,0.25,0.3321299638989169,3.1037882903745997,71.40903304204589,71.93218313514637,11.668296843031516,31.544880321186866,46.804487646139435,79.63793987584219,334.8245872840829,5174.238970588237,48.093059554655326,24.046529777327663,1.031177372448316,0.9429694562862061,0.14485081824907411,hacabox
FR799009.1/1240278-1240212,88.75,52.746254516859324,478.7979883636936,1.3493546593703454,0.2516431924882629,2.6787505704998464,92.14730055731425,92.84276174851173,12.59889880575175,30.266579622498718,52.746254516859324,115.86285194019646,477.44863370432324,8619.778409090914,85.59627231769775,42.79813615884888,1.0382794428993156,1.1721584441015789,0.259977318841763,hacabox
