nameseq,average,median,maximum,minimum,peak,none_levated_peak,sample_standard_deviation,population_standard_deviation,percentile15,percentile25,percentile50,percentile75,amplitude,variance,interquartile_range,semi_interquartile_range,coefficient_of_variation,skewness,kurtosis,label
AAHK01023180.1/143-203,61.24999999999999,46.094041102453396,195.04113886579373,0.4805708238660064,0.33197278911564626,2.9049230445782146,51.85315805233082,52.28348209520862,14.021944062792192,18.883091922987017,46.094041102453396,106.52888996505088,194.56056804192772,2733.5625,87.64579804206386,43.82289902103193,0.8465821722829523,0.8768583901245335,0.3442274031109791,hacabox
FR799008.1/635706-635771,68.5,42.81527288377368,492.3831311041899,1.0,0.32116788321167883,3.130649270250338,98.54060076942905,99.29571220117444,11.999999999999995,17.373218892385935,42.81527288377368,65.9137442306286,491.3831311041899,9859.638461538463,48.54052533824266,24.27026266912133,1.43854891634203,0.7819536388759669,0.1679968731952974,hacabox
FN554972.1/1641980-1642041,73.49999999999997,59.96318166388621,369.5541822576929,1.0,0.2811791383219956,2.64804165891402,69.88025472191698,70.45071524611035,26.392822036164507,33.065689825826894,59.96318166388621,86.61661747849331,368.5541822576929,4963.303278688525,53.55092765266642,26.77546382633321,0.950751764924041,0.5811434885283034,0.24000028204003798,hacabox
