nameseq,average,median,maximum,minimum,peak,none_levated_peak,sample_standard_deviation,population_standard_deviation,percentile15,percentile25,percentile50,percentile75,amplitude,variance,interquartile_range,semi_interquartile_range,coefficient_of_variation,skewness,kurtosis,label
AAHK01002462.1/4028-3959,61.5,42.52005998350108,288.1148723878366,1.9926505256452556,0.37940379403794033,3.330925377058902,58.73031585135568,59.154366959969934,8.120285467113684,23.330895900275845,42.52005998350108,81.92377071841857,286.12222186219134,3499.2391304347825,58.59287481814272,29.29643740907136,0.9549644853878971,0.9695132611513517,0.27383838525378945,hacabox
FR796458.1/633802-633887,73.50000000000001,55.36354536044975,326.5514255193673,4.0,0.39002267573696137,3.722057246684363,72.20283927935245,72.62631997383026,13.672747145110934,20.887105590993304,55.36354536044975,96.55025679277585,322.5514255193673,5274.582352941177,75.66315120178255,37.83157560089128,0.9823515548211216,0.7535626640406927,0.2788600885067843,hacabox
FN554972.1/374434-374365,71.50000000000003,41.320415533822164,301.9361412912434,1.8933125815704883,0.32634032634032617,3.1876591060257473,78.31506879266594,78.88052789604936,10.064926919153553,17.760329719735772,41.320415533822164,101.34285506701403,300.0428287096729,6222.13768115942,83.58252534727825,41.791262673639125,1.0953156474498729,1.1560834306131949,0.2141577784736394,hacabox
FR798998.1/764012-763927,71.50000000000001,49.55708673725076,233.80594165436585,1.0,0.40093240093240085,3.7400131859459886,61.767710010975804,62.12998707643233,19.76424581305588,32.30021589744618,49.55708673725076,101.6381923455608,232.80594165436585,3860.1352941176483,69.33797644811462,34.66898822405731,0.8638840560975636,1.0657468081065387,0.2201993118354219,hacabox
