nameseq,average,median,maximum,minimum,peak,none_levated_peak,sample_standard_deviation,population_standard_deviation,percentile15,percentile25,percentile50,percentile75,amplitude,variance,interquartile_range,semi_interquartile_range,coefficient_of_variation,skewness,kurtosis,label
AAHK01026543.1/41-107,70.75,59.449432083668775,345.0987421820959,3.232103737760683,0.3156654888103651,2.9187815612809263,66.09179222868751,66.5906052842382,21.19616791599481,23.77083197545006,59.449432083668775,105.35808147370255,341.86663844433525,4434.308712121211,81.58724949825249,40.793624749126245,0.934159607472615,0.5129487733013609,0.3288290163852518,hacabox
AAGZ01000003.1/1401153-1401084,85.5,57.19047596448571,324.0,10.909830056250525,0.2729044834307992,2.8080979649920215,77.86687357278447,78.42909656757368,18.437773902017778,22.20804318431306,57.19047596448571,143.17379836194604,313.09016994374946,6151.123188405798,120.96575517763299,60.48287758881649,0.910723667517947,1.0906893806023639,0.33207134352356943,hacabox
FR796431.1/1679987-1680052,62.500000000000014,49.0606473419843,216.99999999999991,3.2896729352445333,0.3519999999999999,3.106092520355661,54.79279149669233,55.21266577098466,8.112977073330796,21.0195927105688,49.0606473419843,101.0657553260194,213.71032706475538,3048.438461538461,80.0461626154506,40.0230813077253,0.8766846639470771,0.7358277772082669,0.30812793691470014,hacabox
