nameseq,average,median,maximum,minimum,peak,none_levated_peak,sample_standard_deviation,population_standard_deviation,percentile15,percentile25,percentile50,percentile75,amplitude,variance,interquartile_range,semi_interquartile_range,coefficient_of_variation,skewness,kurtosis,label
JF909337.1/1-130,226.49999999999994,119.394048500696,1100.059606920265,1.0,0.19131714495952912,3.3718264170318637,255.2650583217373,256.2525477279284,29.437786430898296,43.052561884618925,119.394048500696,300.1031590125875,1099.059606920265,65665.36821705423,257.0505971279686,128.5252985639843,1.1269980499855954,1.2587616049389778,0.20209333428928428,hacabox
AFXY01001580.1/24723-24594,224.49999999999994,159.29715539934102,1092.465924714969,1.4401240091365444,0.1930215293244247,3.3006380015532453,222.55841929704656,223.41938351502213,32.94427190999919,43.63666454079687,159.29715539934102,333.21940954602496,1091.0258007058326,49916.22093023254,289.5827450052281,144.79137250261405,0.9913515336171341,0.8789087126868023,0.3115186375780423,hacabox
