nameseq,average,median,maximum,minimum,peak,none_levated_peak,sample_standard_deviation,population_standard_deviation,percentile15,percentile25,percentile50,percentile75,amplitude,variance,interquartile_range,semi_interquartile_range,coefficient_of_variation,skewness,kurtosis,label
JF909333.1/1-131,240.74999999999994,163.03819247892605,1797.3287332325674,0.19442592809053635,0.1813776393215646,3.1361702102064224,257.83158262710947,258.82134282164594,65.65507273656654,98.61362578808233,163.03819247892605,318.5348512450209,1797.1343073044768,66988.48749999997,219.92122545693854,109.96061272846927,1.0709515373919398,0.9042159233859074,0.26474870372194026,hacabox
