nameseq,average,median,maximum,minimum,peak,none_levated_peak,sample_standard_deviation,population_standard_deviation,percentile15,percentile25,percentile50,percentile75,amplitude,variance,interquartile_range,semi_interquartile_range,coefficient_of_variation,skewness,kurtosis,label
JF909331.1/1-141,223.25,152.1508199600107,1509.8548261474791,5.3743343923001445,0.21052631578947367,3.576748596041375,245.32172753345765,246.19631757139328,28.91098950140491,73.68398699023288,152.1508199600107,282.18000782946837,1504.480491755179,60612.626785714325,208.49602083923548,104.24801041961774,1.0988655208665516,0.869460452054243,0.22105738498631589,hacabox
