nameseq,average,median,maximum,minimum,peak,none_levated_peak,sample_standard_deviation,population_standard_deviation,percentile15,percentile25,percentile50,percentile75,amplitude,variance,interquartile_range,semi_interquartile_range,coefficient_of_variation,skewness,kurtosis,label
AAGF03001292.1/36463-36591,166.25000000000009,130.13334580678963,593.386711941868,2.938421338249804,0.25864661654135324,3.733818393708365,147.74640435557134,148.32241591377883,24.033267009038312,54.10662361544588,130.13334580678963,255.93251600054433,590.4482906036183,21999.539062499993,201.82589238509843,100.91294619254921,0.8887001765748648,0.7333509268954713,0.279687424842647,hacabox
