nameseq,average,median,maximum,minimum,peak,none_levated_peak,sample_standard_deviation,population_standard_deviation,percentile15,percentile25,percentile50,percentile75,amplitude,variance,interquartile_range,semi_interquartile_range,coefficient_of_variation,skewness,kurtosis,label
EF503651.1/1-121,180.25000000000006,103.65208482497619,885.3408600487884,3.9777882506668916,0.22376329172445672,3.475605534590458,195.55178342321503,196.3648920589761,24.55438624104617,42.63132859960481,103.65208482497619,266.86704599434603,881.3630717981215,38559.17083333334,224.23571739474122,112.11785869737061,1.0848920023479331,1.1751043202083706,0.24574273723707066,hacabox
