nameseq,average,median,maximum,minimum,peak,none_levated_peak,sample_standard_deviation,population_standard_deviation,percentile15,percentile25,percentile50,percentile75,amplitude,variance,interquartile_range,semi_interquartile_range,coefficient_of_variation,skewness,kurtosis,label
JF909329.1/1-130,216.5,152.04420740793603,1156.0,1.0,0.20015396458814474,3.3078631027548187,211.14035616148794,211.95714975752367,43.87118943436026,54.26859502943291,152.04420740793603,308.22496546276216,1155.0,44925.833333333314,253.95637043332925,126.97818521666463,0.9752441393140321,0.9158238684995748,0.2587176917670226,hacabox
