nameseq,average,median,maximum,minimum,peak,none_levated_peak,sample_standard_deviation,population_standard_deviation,percentile15,percentile25,percentile50,percentile75,amplitude,variance,interquartile_range,semi_interquartile_range,coefficient_of_variation,skewness,kurtosis,label
EF503652.1/1-123,196.75,137.8838003432235,943.2538780412583,1.7914586846563425,0.20838627700127066,3.259381989443687,186.6671502969925,187.43061831069082,46.752469128533136,62.81294953948822,137.8838003432235,306.98609489442447,941.4624193566019,35130.236680327864,244.17314535493625,122.08657267746813,0.9487529875323634,0.9460614719266691,0.27935274686355077,hacabox
