nameseq,average,median,maximum,minimum,peak,none_levated_peak,sample_standard_deviation,population_standard_deviation,percentile15,percentile25,percentile50,percentile75,amplitude,variance,interquartile_range,semi_interquartile_range,coefficient_of_variation,skewness,kurtosis,label
X66431.1/1-135,211.74999999999994,155.67071921606603,796.7598830238601,1.1029318752772512,0.21251475796930347,3.4027059453779542,177.29459946653756,177.95491683393615,49.50431025743424,77.90526258063073,155.67071921606603,305.6223005592713,795.6569511485828,31667.95242537313,227.71703797864058,113.85851898932029,0.8372826421087962,0.9489169036057119,0.26462594283986995,hacabox
AFXF01000011.1/357419-357290,204.50000000000006,139.24799194962543,654.7078745124278,1.1232620411206893,0.21189894050529742,3.3620583773195656,170.01838135919303,170.67609515501675,37.65426607544838,64.49175337931878,139.24799194962543,355.3787834050155,653.5846124713071,29130.329457364332,290.88703002569673,145.44351501284837,0.8313857279178141,1.1513815305508388,0.35642256778235953,hacabox
