nameseq,average,median,maximum,minimum,peak,none_levated_peak,sample_standard_deviation,population_standard_deviation,percentile15,percentile25,percentile50,percentile75,amplitude,variance,interquartile_range,semi_interquartile_range,coefficient_of_variation,skewness,kurtosis,label
X66432.1/1-127,195.74999999999994,130.83958197257283,1013.1033760267203,1.4885806434919546,0.2162622392507451,3.4330712553396427,209.0284071603666,209.85624567595397,33.17373639315894,65.51580677701605,130.83958197257283,245.05051127051394,1011.6147953832284,44039.64384920635,179.53470449349788,89.76735224674894,1.0678334976263943,0.9316018656396473,0.23528804677370446,hacabox
