nameseq,average,median,maximum,minimum,peak,none_levated_peak,sample_standard_deviation,population_standard_deviation,percentile15,percentile25,percentile50,percentile75,amplitude,variance,interquartile_range,semi_interquartile_range,coefficient_of_variation,skewness,kurtosis,label
EF503653.1/1-104,172.0,93.64777614323403,923.2177647056609,0.9959026041195439,0.20155038759689922,2.9641045185947426,179.45472966740107,180.3237649179241,42.07160295704046,51.528366099942744,93.64777614323403,223.1717767097988,922.2218621015413,32516.66019417476,171.64341060985606,85.82170530492803,1.0433414515546573,1.309838263978602,0.26208525500812113,hacabox
AFXY01000467.1/5487-5384,163.99999999999997,86.71058956921473,885.462740257702,2.6475161751431306,0.21138211382113822,3.098299980554985,187.77912557044246,188.68847290130165,23.894401122173022,50.606423450272146,86.71058956921473,230.27416313233562,882.8152240825589,35603.33980582524,179.66773968206348,89.83386984103174,1.1449946681124543,1.2347923688960512,0.32694489827487766,hacabox
