nameseq,k1,k2,label
AL031296.1/85969-86120,1.9941825396323847,3.933509132594578,hacabox
AANU01225121.1/438-603,1.9812581294084093,3.8623426281168394,hacabox
nameseq,k1,k2,label
AL031296.1/85969-86120,1.9941825396323847,3.933509132594578,hacabox
AANU01225121.1/438-603,1.9812581294084093,3.8623426281168394,hacabox
