nameseq,k1,k2,label
AY948646.1/1-142,1.9300188470688462,3.8072478544380144,hacabox
AAGD02009255.1/32794-32653,1.8909536586708322,3.749573084451815,hacabox
DQ789505.1/1-143,1.9203440332487096,3.7903134393729054,hacabox
nameseq,k1,k2,label
AY948646.1/1-142,1.9300188470688462,3.8072478544380144,hacabox
AAGD02009255.1/32794-32653,1.8909536586708322,3.749573084451815,hacabox
DQ789505.1/1-143,1.9203440332487096,3.7903134393729054,hacabox
