nameseq,k1,k2,label
AY948648.1/1-141,1.918553497311604,3.7466403168381137,hacabox
DQ789506.1/1-149,1.9498007405484452,3.8457027273837237,hacabox
nameseq,k1,k2,label
AY948648.1/1-141,1.918553497311604,3.7466403168381137,hacabox
DQ789506.1/1-149,1.9498007405484452,3.8457027273837237,hacabox
