nameseq,k1,k2,label
DQ789472.1/2-132,1.965096590666331,3.813966806723877,hacabox
AY948664.1/1-130,1.9823542284765983,3.8651296749053192,hacabox
nameseq,k1,k2,label
DQ789472.1/2-132,1.965096590666331,3.813966806723877,hacabox
AY948664.1/1-130,1.9823542284765983,3.8651296749053192,hacabox
