nameseq,k1,k2,label
AY948601.1/1-137,1.9903789137189436,3.8334982808554825,hacabox
DQ789470.1/1-139,1.98678774133651,3.8551361919508604,hacabox
AM051030.1/1-135,1.9913560341811931,3.8186835317578645,hacabox
