nameseq,k1,k2,label
AY948675.1/1-137,1.9722789649647205,3.899660336759459,hacabox
DQ789469.1/2-141,1.9472504770639565,3.8364228606027395,hacabox
nameseq,k1,k2,label
AY948675.1/1-137,1.9722789649647205,3.899660336759459,hacabox
DQ789469.1/2-141,1.9472504770639565,3.8364228606027395,hacabox
