nameseq,k1,k2,label
AY948682.1/1-127,1.9685098831042367,3.8948426484121788,hacabox
AM051058.1/1-124,1.9682932540125773,3.892744602517438,hacabox
DQ789500.1/1-127,1.9516370757261354,3.8403934116026734,hacabox
