nameseq,k1,k2,label
AY948680.1/1-129,1.979347111979867,3.918056707770695,hacabox
DQ789471.1/2-129,1.983679691947498,3.9210926855528463,hacabox
AM051039.1/1-128,1.9817966397628906,3.91813810100547,hacabox
nameseq,k1,k2,label
AY948680.1/1-129,1.979347111979867,3.918056707770695,hacabox
DQ789471.1/2-129,1.983679691947498,3.9210926855528463,hacabox
AM051039.1/1-128,1.9817966397628906,3.91813810100547,hacabox
