nameseq,k1,k2,label
AY948678.1/1-137,1.9917386476864056,3.9626643608624734,hacabox
DQ789485.1/2-135,1.9867612117565443,3.9090635636013786,hacabox
