nameseq,k1,k2,label
DQ789461.1/2-136,1.9923302375542997,3.9625721033821697,hacabox
AAGD02001955.1/2837-2971,1.9913560341811931,3.9574478724923794,hacabox
nameseq,k1,k2,label
DQ789461.1/2-136,1.9923302375542997,3.9625721033821697,hacabox
AAGD02001955.1/2837-2971,1.9913560341811931,3.9574478724923794,hacabox
