nameseq,k1,k2,label
AY948687.1/1-139,1.9924851411342934,3.944370262280868,hacabox
DQ789466.1/1-138,1.9974224240316234,3.9650718817029094,hacabox
nameseq,k1,k2,label
AY948687.1/1-139,1.9924851411342934,3.944370262280868,hacabox
DQ789466.1/1-138,1.9974224240316234,3.9650718817029094,hacabox
