nameseq,k1,k2,label
AY948691.1/1-139,1.9987006219128207,3.9481541029461305,hacabox
DQ789463.1/2-141,1.9991247788994804,3.975103309345427,hacabox
