nameseq,k1,k2,label
AY948692.1/1-136,1.9733109562439977,3.8617583359416923,hacabox
DQ789501.1/2-142,1.9435021042281528,3.8097216523380704,hacabox
nameseq,k1,k2,label
AY948692.1/1-136,1.9733109562439977,3.8617583359416923,hacabox
DQ789501.1/2-142,1.9435021042281528,3.8097216523380704,hacabox
