nameseq,k1,k2,label
AY948699.1/1-121,1.9674641974621,3.837712191720386,hacabox
