nameseq,k1,k2,label
DQ789486.1/2-127,1.9102903960988749,3.777936255111881,hacabox
AY948704.1/1-126,1.9133818838392291,3.768171306593625,hacabox
nameseq,k1,k2,label
DQ789486.1/2-127,1.9102903960988749,3.777936255111881,hacabox
AY948704.1/1-126,1.9133818838392291,3.768171306593625,hacabox
