nameseq,k1,k2,label
AAFI02000024.1/236827-236973,1.9130212936063662,3.762129918823765,hacabox
AJ699379.1/1-147,1.9223610474124269,3.775383812205473,hacabox
nameseq,k1,k2,label
AAFI02000024.1/236827-236973,1.9130212936063662,3.762129918823765,hacabox
AJ699379.1/1-147,1.9223610474124269,3.775383812205473,hacabox
