nameseq,k1,k2,label
AACB02000040.1/79498-79351,1.8285787243400846,3.580660947196076,hacabox
ACGJ01002360.1/10522-10369,1.9134069537630183,3.7732929062425935,hacabox
nameseq,k1,k2,label
AACB02000040.1/79498-79351,1.8285787243400846,3.580660947196076,hacabox
ACGJ01002360.1/10522-10369,1.9134069537630183,3.7732929062425935,hacabox
