nameseq,k1,k2,label
AACB02000068.1/10221-10367,1.9868234763432284,3.9207131579019188,hacabox
ACGJ01001903.1/4369-4514,1.9953086804586793,3.9154323820379253,hacabox
nameseq,k1,k2,label
AACB02000068.1/10221-10367,1.9868234763432284,3.9207131579019188,hacabox
ACGJ01001903.1/4369-4514,1.9953086804586793,3.9154323820379253,hacabox
