nameseq,k1,k2,label
ACVC01000147.1/10980-10834,1.9844668916336108,3.9084783371597798,hacabox
nameseq,k1,k2,label
ACVC01000147.1/10980-10834,1.9844668916336108,3.9084783371597798,hacabox
