nameseq,k1,k2,label
AACB02000045.1/26369-26517,1.9381316994028408,3.8341960211502926,hacabox
ACGJ01001410.1/76727-76873,1.942213687356735,3.8278467373103884,hacabox
