nameseq,k1,k2,label
AACB02000004.1/98546-98434,1.9883708420218007,3.9426753727757626,hacabox
nameseq,k1,k2,label
AACB02000004.1/98546-98434,1.9883708420218007,3.9426753727757626,hacabox
