nameseq,k1,k2,label
AF468962.1/1-168,1.9451119900470606,3.868966803503401,hacabox
AJ248284.1/11131-11298,1.9240195266156972,3.8265393002423846,hacabox
BA000001.2/1531413-1531580,1.9445486247586623,3.866025088275352,hacabox
nameseq,k1,k2,label
AF468962.1/1-168,1.9451119900470606,3.868966803503401,hacabox
AJ248284.1/11131-11298,1.9240195266156972,3.8265393002423846,hacabox
BA000001.2/1531413-1531580,1.9445486247586623,3.866025088275352,hacabox
