nameseq,k1,k2,label
CP001857.1/451659-451932,1.9851941930389947,3.9491399294809355,hacabox
AF468963.1/1-277,1.9824577844631475,3.934996066365503,hacabox
AJ248284.1/75232-75504,1.9595722598733265,3.8974828278257574,hacabox
AP006878.1/462004-462277,1.9197351039762647,3.799594596625892,hacabox
