nameseq,k1,k2,label
CP001398.1/1107569-1107637,1.848503943001493,3.5694200311211586,hacabox
AP006878.1/899083-899151,1.8040651478540737,3.4837375893323164,hacabox
AE009950.1/1865162-1865095,1.749820945760412,3.4236724616238168,hacabox
nameseq,k1,k2,label
CP001398.1/1107569-1107637,1.848503943001493,3.5694200311211586,hacabox
AP006878.1/899083-899151,1.8040651478540737,3.4837375893323164,hacabox
AE009950.1/1865162-1865095,1.749820945760412,3.4236724616238168,hacabox
