nameseq,k1,k2,label
AE009950.1/1226103-1226159,1.8226240926721884,3.3989973963322804,hacabox
AP006878.1/1545183-1545239,1.7379681627933052,3.2423251839068215,hacabox
nameseq,k1,k2,label
AE009950.1/1226103-1226159,1.8226240926721884,3.3989973963322804,hacabox
AP006878.1/1545183-1545239,1.7379681627933052,3.2423251839068215,hacabox
