nameseq,k1,k2,label
ABGV01002952.1/1394-1538,1.7353085172191927,3.350364003535336,hacabox
ABGU01005259.1/2-144,1.8450275522639057,3.5266188225433717,hacabox
