nameseq,k1,k2,label
AE009441.1/1238265-1238321,1.7379681627933052,3.21920461789098,hacabox
CP003316.1/101700-101755,1.8660565745127364,3.563991586648271,hacabox
CP000504.1/1691249-1691305,1.8880756823649367,3.493819611762766,hacabox
CP001014.1/1126009-1125953,1.8529244484895617,3.4078277299181057,hacabox
