nameseq,k1,k2,label
AE009441.1/679548-679612,1.8569080523872286,3.6488533089074724,hacabox
CP000504.1/1203366-1203303,1.9011138713983682,3.7525977343186283,hacabox
CP001014.1/195466-195529,1.8661839329682237,3.515523179246445,hacabox
nameseq,k1,k2,label
AE009441.1/679548-679612,1.8569080523872286,3.6488533089074724,hacabox
CP000504.1/1203366-1203303,1.9011138713983682,3.7525977343186283,hacabox
CP001014.1/195466-195529,1.8661839329682237,3.515523179246445,hacabox
