nameseq,k1,k2,label
AE009441.1/2183899-2183840,1.8974451901534666,3.7278052881793444,hacabox
CP003316.1/2298976-2299035,1.925767384522515,3.756946390933686,hacabox
CP000504.1/2947-3005,1.9335148640483901,3.7930737814576077,hacabox
nameseq,k1,k2,label
AE009441.1/2183899-2183840,1.8974451901534666,3.7278052881793444,hacabox
CP003316.1/2298976-2299035,1.925767384522515,3.756946390933686,hacabox
CP000504.1/2947-3005,1.9335148640483901,3.7930737814576077,hacabox
