nameseq,k1,k2,label
AJ632004.1/1-172,1.955723688279941,3.8801291445800454,hacabox
AATM01000008.1/26054-26225,1.969220017763495,3.9139770721122136,hacabox
AJ577641.1/1-172,1.955723688279941,3.8801291445800454,hacabox
nameseq,k1,k2,label
AJ632004.1/1-172,1.955723688279941,3.8801291445800454,hacabox
AATM01000008.1/26054-26225,1.969220017763495,3.9139770721122136,hacabox
AJ577641.1/1-172,1.955723688279941,3.8801291445800454,hacabox
