nameseq,k1,k2,label
AB004535.1/423-644,1.930487690499055,3.81564618157751,hacabox
