nameseq,k1,k2,label
CU329671.1/3172781-3172923,1.940028636888354,3.8459208031648493,hacabox
nameseq,k1,k2,label
CU329671.1/3172781-3172923,1.940028636888354,3.8459208031648493,hacabox
