nameseq,k1,k2,label
AJ632007.1/1-168,1.9297432191769048,3.777983816820882,hacabox
