nameseq,k1,k2,label
AJ632010.1/1-144,1.948475075879985,3.8701261114834997,hacabox
CU329671.1/2121215-2121358,1.948475075879985,3.8701261114834997,hacabox
nameseq,k1,k2,label
AJ632010.1/1-144,1.948475075879985,3.8701261114834997,hacabox
CU329671.1/2121215-2121358,1.948475075879985,3.8701261114834997,hacabox
