nameseq,k1,k2,label
CU329671.1/3393616-3393802,1.9692790174194876,3.9132690843131854,hacabox
AATM01000023.1/268758-268938,1.9510540712472553,3.8349051191629195,hacabox
nameseq,k1,k2,label
CU329671.1/3393616-3393802,1.9692790174194876,3.9132690843131854,hacabox
AATM01000023.1/268758-268938,1.9510540712472553,3.8349051191629195,hacabox
