nameseq,k1,k2,label
AJ632006.1/1-208,1.9770973109576877,3.9345762121555934,hacabox
AATM01000125.1/1699-1489,1.9867122825931638,3.9175194850971726,hacabox
nameseq,k1,k2,label
AJ632006.1/1-208,1.9770973109576877,3.9345762121555934,hacabox
AATM01000125.1/1699-1489,1.9867122825931638,3.9175194850971726,hacabox
