nameseq,k1,k2,label
AJ632001.1/1-143,1.9392667674345148,3.803795273916487,hacabox
CU329671.1/2266169-2266027,1.9452364308030732,3.8335249849192783,hacabox
