nameseq,k1,k2,label
AJ632014.1/1-211,1.952617870680933,3.8595507118783723,hacabox
nameseq,k1,k2,label
AJ632014.1/1-211,1.952617870680933,3.8595507118783723,hacabox
