nameseq,k1,k2,label
AF375471.1/1-99,1.9435347600908368,3.8503021897512384,hacabox
AB032438.1/918-1016,1.9443787474565222,3.819732803362717,hacabox
AB032439.1/767-865,1.9465023947520341,3.8160131301321014,hacabox
DQ185017.1/645-748,1.9450070651346896,3.7654730275466224,hacabox
AAKO01002130.1/31671-31576,1.9620177925771694,3.8667246939114044,hacabox
