nameseq,k1,k2,label
AFAN01000032.1/11034289-11034145,1.9493156328513401,3.849023929865591,hacabox
ADBK01001148.1/251947-252094,1.9027360465030245,3.760043845704847,hacabox
AENI01001182.1/87183-87325,1.9105881255379116,3.7795826792776137,hacabox
nameseq,k1,k2,label
AFAN01000032.1/11034289-11034145,1.9493156328513401,3.849023929865591,hacabox
ADBK01001148.1/251947-252094,1.9027360465030245,3.760043845704847,hacabox
AENI01001182.1/87183-87325,1.9105881255379116,3.7795826792776137,hacabox
