nameseq,k1,k2,label
AJ505675.1/1-117,1.8841513496998687,3.7275548247943218,hacabox
AJ298137.1/1505-1621,1.8841513496998687,3.7275548247943218,hacabox
AC005287.4/31785-31897,1.8958638932726084,3.692029456395533,hacabox
