nameseq,k1,k2,label
AC125101.3/38731-38592,1.9903640451710436,3.919702525010402,hacabox
AP005857.3/135498-135653,1.9687710020821896,3.891159923939506,hacabox
AC015982.9/45601-45748,1.9806659188860973,3.838922976666868,hacabox
AL138921.14/151404-151258,1.9679432980381426,3.886523885623792,hacabox
ABDC01397106.1/1705-1558,1.9703355352985812,3.817266920907137,hacabox
