nameseq,k1,k2,label
ABGY01000889.1/1819-1978,1.745560461950188,3.4324701208828787,hacabox
nameseq,k1,k2,label
ABGY01000889.1/1819-1978,1.745560461950188,3.4324701208828787,hacabox
