nameseq,k1,k2,label
AJ609462.1/1-126,1.9711352072616868,3.8811907833121033,hacabox
AL138976.5/150375-150500,1.9711352072616868,3.8811907833121033,hacabox
AF357387.1/1-122,1.9738893130618016,3.9213269352663596,hacabox
AAQQ01697208.1/1311-1436,1.972868621884143,3.8857638993522543,hacabox
AAFC03040565.1/7340-7215,1.954113274745009,3.849941363793565,hacabox
