nameseq,k1,k2,label
AJ505676.1/1-103,1.9350393993350585,3.746722154402908,hacabox
AC189545.1/54648-54751,1.9299139591171528,3.757912108150832,hacabox
AARH01003329.1/32990-33097,1.933852043711739,3.8122461700184616,hacabox
AM424485.2/33101-33205,1.9340282112504588,3.773087889952459,hacabox
AC155101.19/100263-100159,1.9028639750189982,3.7255315240879066,hacabox
