nameseq,k1,k2,label
Y11162.1/1-133,1.9985626328214345,3.912679266679877,hacabox
AC008474.9/113719-113587,1.9995495096075653,3.9269179482437684,hacabox
AANU01234533.1/2567-2699,1.9960066281720996,3.918361530561849,hacabox
AAQQ01143976.1/1834-1702,1.9955364045564832,3.885101231125765,hacabox
AANG01185971.1/1373-1505,1.9960066281720996,3.9134539053873936,hacabox
