nameseq,k1,k2,label
AJ609437.1/1-134,1.9604992581692784,3.7893304989552936,hacabox
AC073210.8/129951-130084,1.967700361241304,3.795987502992303,hacabox
AC092579.3/114744-114881,1.9616616162833571,3.7943235767112604,hacabox
AC121336.3/155535-155667,1.929586345363812,3.7516461055553174,hacabox
AB022159.1/10119-10254,1.9742263670281262,3.775853872878207,hacabox
