nameseq,k1,k2,label
AJ609448.1/1-134,1.9624674395300143,3.827976231873591,hacabox
AB061837.1/2430-2563,1.9624674395300143,3.827976231873591,hacabox
AC109542.6/197354-197221,1.9603206965097102,3.828328395248651,hacabox
X55153.1/1676-1809,1.9603206965097102,3.828328395248651,hacabox
AAFC03097110.1/4392-4258,1.9628850795410147,3.8599082881692928,hacabox
