nameseq,k1,k2,label
AC010653.10/104059-104144,1.9916328836447184,3.801570313517136,hacabox
AC122807.3/127086-127002,1.9902715730171738,3.859863292881518,hacabox
AANG01668984.1/486-401,1.9759377309022357,3.838877120301719,hacabox
AAYZ01065789.1/754-669,1.9902246902198684,3.760773067103172,hacabox
AALT01270804.1/14576-14491,1.9815458553567495,3.8842687738302333,hacabox
