nameseq,k1,k2,label
FJ915959.1/8-189,1.9901999663104968,3.8393560176969603,hacabox
AC192839.3/174952-175133,1.984572233537887,3.829664852781883,hacabox
CU658147.9/6051-6229,1.989787777025218,3.8995780026309452,hacabox
EU240259.1/3-184,1.9820403593048117,3.8212770622985697,hacabox
AJ295844.1/31324-31502,1.9889167011234519,3.822262113569848,hacabox
