nameseq,k1,k2,label
AJ505681.1/1-83,1.8800722274816344,3.6946054322428625,hacabox
nameseq,k1,k2,label
AJ505681.1/1-83,1.8800722274816344,3.6946054322428625,hacabox
