nameseq,k1,k2,label
AJ609447.1/1-134,1.980985446391283,3.8110461606627357,hacabox
AC016876.10/19660-19526,1.9811664683945927,3.8151553546100807,hacabox
AC141001.6/11830-11964,1.9645284370794207,3.7578284723280704,hacabox
BS000596.1/82219-82353,1.9659902819357726,3.78029758171867,hacabox
AP005270.2/124772-124639,1.9758959286370723,3.786561132118472,hacabox
