nameseq,k1,k2,label
Z75131.1/340-137,1.9607187601719498,3.9034095131103146,hacabox
AABZ01000977.1/1380-1584,1.953169283449121,3.884885174461536,hacabox
AACI02000292.1/2431-2225,1.9555532514452176,3.8679591132012683,hacabox
AACA01000231.1/7126-7331,1.9646870700337369,3.898441885512467,hacabox
AAEG01000064.1/26266-26063,1.9649418650150876,3.9122829848226166,hacabox
