nameseq,k1,k2,label
Z49629.1/469-662,1.9506714191867753,3.863204726447558,hacabox
AABZ01000024.1/46395-46589,1.941894469968523,3.8356260625265666,hacabox
AACA01000267.1/4921-4730,1.9467595469261139,3.856334182172376,hacabox
nameseq,k1,k2,label
Z49629.1/469-662,1.9506714191867753,3.863204726447558,hacabox
AABZ01000024.1/46395-46589,1.941894469968523,3.8356260625265666,hacabox
AACA01000267.1/4921-4730,1.9467595469261139,3.856334182172376,hacabox
