nameseq,k1,k2,label
U33057.1/55298-54749,1.9167087764777078,3.7849901681308,hacabox
AABZ01000102.1/5093-4533,1.896347491883963,3.7545622117301147,hacabox
AACG02000122.1/7707-7140,1.9214599562802412,3.803896697810839,hacabox
AAEG01000088.1/36121-36653,1.9116420220585855,3.7721837699179446,hacabox
AABY01000065.1/22048-22610,1.9016191880031612,3.762001444979887,hacabox
