nameseq,k1,k2,label
Z74794.1/3074-3261,1.9916447995665627,3.964799297850079,hacabox
AACH01001718.1/854-667,1.9802352673642079,3.9384239496594198,hacabox
