nameseq,k1,k2,label
AAHK01020514.1/750-683,1.903434747161525,3.7442251986273516,hacabox
AAHA01000001.1/3813320-3813388,1.8645182179525057,3.652551226433949,hacabox
FR796465.1/103544-103472,1.8865984662543207,3.6593925451569107,hacabox
FR799008.1/88022-87950,1.9128369743783018,3.705269406101077,hacabox
FN554973.1/3774444-3774512,1.8785562929618846,3.6870882197515487,hacabox
