nameseq,k1,k2,label
AAHK01001095.1/15481-15405,1.977464905686308,3.904335817926729,hacabox
AAHA01000001.1/2180159-2180225,1.9956315936510407,3.8985924687102465,hacabox
FR796468.1/2236646-2236568,1.9667915315967248,3.776583750797475,hacabox
FN554973.1/2138563-2138629,1.992848335801273,3.909396158440505,hacabox
