nameseq,k1,k2,label
AAHK01016749.1/680-745,1.9594487349202696,3.84366267783644,hacabox
FR796465.1/255542-255610,1.9374534525260132,3.8556302178259574,hacabox
FR799008.1/262789-262857,1.9436185728635578,3.8502695122877175,hacabox
nameseq,k1,k2,label
AAHK01016749.1/680-745,1.9594487349202696,3.84366267783644,hacabox
FR796465.1/255542-255610,1.9374534525260132,3.8556302178259574,hacabox
FR799008.1/262789-262857,1.9436185728635578,3.8502695122877175,hacabox
