nameseq,k1,k2,label
AAHK01000100.1/7901-7970,1.9684954058345412,3.835411865834106,hacabox
AAHA01000001.1/3203800-3203735,1.9863371793291016,3.921175084025918,hacabox
FR798992.1/176034-175968,1.9529169352999016,3.747429630308395,hacabox
nameseq,k1,k2,label
AAHK01000100.1/7901-7970,1.9684954058345412,3.835411865834106,hacabox
AAHA01000001.1/3203800-3203735,1.9863371793291016,3.921175084025918,hacabox
FR798992.1/176034-175968,1.9529169352999016,3.747429630308395,hacabox
