nameseq,k1,k2,label
AAHK01000005.1/22680-22614,1.9371346975039963,3.7572470072288926,hacabox
FR796466.1/1224122-1224189,1.9910053413760458,3.879230893517154,hacabox
