nameseq,k1,k2,label
AAHK01000100.1/7483-7548,1.9421505702760187,3.8049963304214045,hacabox
nameseq,k1,k2,label
AAHK01000100.1/7483-7548,1.9421505702760187,3.8049963304214045,hacabox
