nameseq,k1,k2,label
AAHK01023897.1/136-197,1.8877882450332746,3.578656586619081,hacabox
FN554973.1/3774657-3774718,1.975731314021445,3.8190979941124814,hacabox
FR796468.1/933944-934009,1.9656116540106532,3.742061513263965,hacabox
nameseq,k1,k2,label
AAHK01023897.1/136-197,1.8877882450332746,3.578656586619081,hacabox
FN554973.1/3774657-3774718,1.975731314021445,3.8190979941124814,hacabox
FR796468.1/933944-934009,1.9656116540106532,3.742061513263965,hacabox
