nameseq,k1,k2,label
AAHB01000003.1/140391-140316,1.943218569465516,3.736044453258966,hacabox
EF100612.1/333-406,1.857121649005644,3.571511544351563,hacabox
nameseq,k1,k2,label
AAHB01000003.1/140391-140316,1.943218569465516,3.736044453258966,hacabox
EF100612.1/333-406,1.857121649005644,3.571511544351563,hacabox
