nameseq,k1,k2,label
AAHK01000232.1/46030-46097,1.8279328481220891,3.555704672726658,hacabox
nameseq,k1,k2,label
AAHK01000232.1/46030-46097,1.8279328481220891,3.555704672726658,hacabox
