nameseq,k1,k2,label
AAHK01028594.1/483-419,1.9528817075947744,3.705550487888431,hacabox
AC099045.21/121306-121367,1.9810748313834918,3.882506921796245,hacabox
FR799615.1/552183-552122,1.8995116842390247,3.4505217672211312,hacabox
FR796432.1/1078115-1078052,1.9191908755559948,3.599145402804236,hacabox
HE575323.1/1787813-1787874,1.9902007410977849,3.7880642338733095,hacabox
