nameseq,k1,k2,label
AAHK01028073.1/132-194,1.968372228328261,3.8049817005339612,hacabox
FN554972.1/1587207-1587268,1.98719302696981,3.8103755518888827,hacabox
