nameseq,k1,k2,label
AAHK01026543.1/41-107,1.9529060106723413,3.6803141057319637,hacabox
AAGZ01000003.1/1401153-1401084,1.9536663905020315,3.7608804434537935,hacabox
FR796431.1/1679987-1680052,1.9281644409784182,3.6475736755704835,hacabox
nameseq,k1,k2,label
AAHK01026543.1/41-107,1.9529060106723413,3.6803141057319637,hacabox
AAGZ01000003.1/1401153-1401084,1.9536663905020315,3.7608804434537935,hacabox
FR796431.1/1679987-1680052,1.9281644409784182,3.6475736755704835,hacabox
