nameseq,k1,k2,label
JF909335.1/1-133,1.93315371313879,3.8105827231162537,hacabox
AFXF01001355.1/514018-514150,1.939287362977387,3.8505235120589463,hacabox
