nameseq,k1,k2,label
X66430.1/1-130,1.9789276579551212,3.832462553828051,hacabox
nameseq,k1,k2,label
X66430.1/1-130,1.9789276579551212,3.832462553828051,hacabox
