nameseq,k1,k2,label
EF503649.1/1-113,1.887437295402078,3.7361026524824563,hacabox
nameseq,k1,k2,label
EF503649.1/1-113,1.887437295402078,3.7361026524824563,hacabox
