nameseq,k1,k2,label
AAGF03001292.1/36463-36591,1.9978038177385304,3.947977196911061,hacabox
