nameseq,k1,k2,label
JF909329.1/1-130,1.8691016626954233,3.719700384095894,hacabox
nameseq,k1,k2,label
JF909329.1/1-130,1.8691016626954233,3.719700384095894,hacabox
