nameseq,k1,k2,label
JF909330.1/1-130,1.8603615034906988,3.6834117346939284,hacabox
AFXY01000417.1/558034-558164,1.8635930158845024,3.6897207123829525,hacabox
nameseq,k1,k2,label
JF909330.1/1-130,1.8603615034906988,3.6834117346939284,hacabox
AFXY01000417.1/558034-558164,1.8635930158845024,3.6897207123829525,hacabox
