nameseq,k1,k2,label
EF503658.1/1-117,1.8738366288266985,3.6989989403644286,hacabox
nameseq,k1,k2,label
EF503658.1/1-117,1.8738366288266985,3.6989989403644286,hacabox
