nameseq,k1,k2,label
X66432.1/1-127,1.9344372679192698,3.8225927474574286,hacabox
