nameseq,k1,k2,label
JF909336.1/1-118,1.873772699787906,3.7012090535148046,hacabox
AFXY01000049.1/70570-70687,1.8233318308846767,3.558315457797331,hacabox
nameseq,k1,k2,label
JF909336.1/1-118,1.873772699787906,3.7012090535148046,hacabox
AFXY01000049.1/70570-70687,1.8233318308846767,3.558315457797331,hacabox
