nameseq,k1,k2,label
JF909338.1/1-133,1.7837328412691131,3.514419097314303,hacabox
nameseq,k1,k2,label
JF909338.1/1-133,1.7837328412691131,3.514419097314303,hacabox
