nameseq,k1,k2,label
EF503654.1/1-103,1.838799180188932,3.648485673648367,hacabox
nameseq,k1,k2,label
EF503654.1/1-103,1.838799180188932,3.648485673648367,hacabox
