nameseq,k1,k2,label
EF503653.1/1-104,1.8763264289846786,3.7171630590563196,hacabox
AFXY01000467.1/5487-5384,1.9203644843144614,3.7962421514008744,hacabox
nameseq,k1,k2,label
EF503653.1/1-104,1.8763264289846786,3.7171630590563196,hacabox
AFXY01000467.1/5487-5384,1.9203644843144614,3.7962421514008744,hacabox
