nameseq,k1,k2,label
AL031296.1/85969-86120,0.7480090027700831,0.9317135213367834,hacabox
AANU01225121.1/438-603,0.7435041370300479,0.9255463728191001,hacabox
nameseq,k1,k2,label
AL031296.1/85969-86120,0.7480090027700831,0.9317135213367834,hacabox
AANU01225121.1/438-603,0.7435041370300479,0.9255463728191001,hacabox
