nameseq,k1,k2,label
AY948648.1/1-141,0.7214928826517781,0.9130612244897959,hacabox
DQ789506.1/1-149,0.7315886671771542,0.9202885317750182,hacabox
nameseq,k1,k2,label
AY948648.1/1-141,0.7214928826517781,0.9130612244897959,hacabox
DQ789506.1/1-149,0.7315886671771542,0.9202885317750182,hacabox
