nameseq,k1,k2,label
DQ789461.1/2-136,0.7474348422496571,0.9342838048563155,hacabox
AAGD02001955.1/2837-2971,0.7469958847736626,0.9337268879483182,hacabox
nameseq,k1,k2,label
DQ789461.1/2-136,0.7474348422496571,0.9342838048563155,hacabox
AAGD02001955.1/2837-2971,0.7469958847736626,0.9337268879483182,hacabox
