nameseq,k1,k2,label
AY948680.1/1-129,0.7426236404062256,0.9300537109375,hacabox
DQ789471.1/2-129,0.744140625,0.931241862483725,hacabox
AM051039.1/1-128,0.7435302734375,0.93000186000372,hacabox
nameseq,k1,k2,label
AY948680.1/1-129,0.7426236404062256,0.9300537109375,hacabox
DQ789471.1/2-129,0.744140625,0.931241862483725,hacabox
AM051039.1/1-128,0.7435302734375,0.93000186000372,hacabox
