nameseq,k1,k2,label
AY948679.1/1-131,0.7341064040557077,0.9217751479289941,hacabox
AAGD02000374.1/11494-11623,0.7261538461538461,0.916291088275945,hacabox
nameseq,k1,k2,label
AY948679.1/1-131,0.7341064040557077,0.9217751479289941,hacabox
AAGD02000374.1/11494-11623,0.7261538461538461,0.916291088275945,hacabox
