nameseq,k1,k2,label
AY948692.1/1-136,0.7408088235294118,0.9256515775034293,hacabox
DQ789501.1/2-142,0.7303455560585483,0.9212244897959183,hacabox
nameseq,k1,k2,label
AY948692.1/1-136,0.7408088235294118,0.9256515775034293,hacabox
DQ789501.1/2-142,0.7303455560585483,0.9212244897959183,hacabox
