nameseq,k1,k2,label
AY948691.1/1-139,0.7495471248900161,0.932787229573619,hacabox
DQ789463.1/2-141,0.7496938775510205,0.9353553128720046,hacabox
nameseq,k1,k2,label
AY948691.1/1-139,0.7495471248900161,0.932787229573619,hacabox
DQ789463.1/2-141,0.7496938775510205,0.9353553128720046,hacabox
