nameseq,k1,k2,label
AAFI02000024.1/236827-236973,0.7218288676014624,0.918746481516232,hacabox
AJ699379.1/1-147,0.7246980424822991,0.9194032651529368,hacabox
