nameseq,k1,k2,label
AACB02000001.1/458263-458113,0.7430375860707863,0.9304,hacabox
ACGJ01002895.1/16336-16188,0.7468132066123148,0.9337107377647919,hacabox
