nameseq,k1,k2,label
AACB02000040.1/79498-79351,0.6919284149013879,0.8958304410199454,hacabox
ACGJ01002360.1/10522-10369,0.7207792207792207,0.9163996753385449,hacabox
nameseq,k1,k2,label
AACB02000040.1/79498-79351,0.6919284149013879,0.8958304410199454,hacabox
ACGJ01002360.1/10522-10369,0.7207792207792207,0.9163996753385449,hacabox
