nameseq,k1,k2,label
AACB02000068.1/10395-10508,0.7080640196983687,0.9095465580703266,hacabox
ACGJ01001903.1/4544-4655,0.7383609693877551,0.9220030841652463,hacabox
