nameseq,k1,k2,label
ACGJ01001859.1/18807-18659,0.7431196792937255,0.9290540540540541,hacabox
ACVC01000193.1/33186-33335,0.7433777777777777,0.9298680239628846,hacabox
