nameseq,k1,k2,label
ACVC01000147.1/10980-10834,0.74487482067657,0.9300994558078439,hacabox
nameseq,k1,k2,label
ACVC01000147.1/10980-10834,0.74487482067657,0.9300994558078439,hacabox
