nameseq,k1,k2,label
ACGJ01000491.1/21078-21184,0.7385797886278278,0.9277322890708437,hacabox
ACVC01000234.1/36443-36337,0.7452179229627043,0.9328942684229263,hacabox
nameseq,k1,k2,label
ACGJ01000491.1/21078-21184,0.7385797886278278,0.9277322890708437,hacabox
ACVC01000234.1/36443-36337,0.7452179229627043,0.9328942684229263,hacabox
