nameseq,k1,k2,label
AF468962.1/1-168,0.7312216553287982,0.9252393416759296,hacabox
AJ248284.1/11131-11298,0.7241354875283447,0.9214385600057371,hacabox
BA000001.2/1531413-1531580,0.7310799319727891,0.9247373516440174,hacabox
