nameseq,k1,k2,label
ABGV01002952.1/1394-1538,0.666064209274673,0.8704668209876543,hacabox
ABGU01005259.1/2-144,0.6982248520710059,0.888117437016465,hacabox
nameseq,k1,k2,label
ABGV01002952.1/1394-1538,0.666064209274673,0.8704668209876543,hacabox
ABGU01005259.1/2-144,0.6982248520710059,0.888117437016465,hacabox
