nameseq,k1,k2,label
CAAJ01000274.1/402-548,0.7025776296913323,0.9016701069619066,hacabox
AANS01000720.1/390-531,0.7073993255306487,0.9054876515265832,hacabox
ACBS01000746.1/2236-2383,0.7055332359386414,0.9000879263269934,hacabox
nameseq,k1,k2,label
CAAJ01000274.1/402-548,0.7025776296913323,0.9016701069619066,hacabox
AANS01000720.1/390-531,0.7073993255306487,0.9054876515265832,hacabox
ACBS01000746.1/2236-2383,0.7055332359386414,0.9000879263269934,hacabox
