nameseq,k1,k2,label
ABGU01000965.1/1561-1359,0.6584483971947876,0.8787373786883639,hacabox
nameseq,k1,k2,label
ABGU01000965.1/1561-1359,0.6584483971947876,0.8787373786883639,hacabox
