nameseq,k1,k2,label
AE009441.1/679548-679612,0.7039053254437869,0.90673828125,hacabox
CP000504.1/1203366-1203303,0.72021484375,0.9196271101033006,hacabox
CP001014.1/195466-195529,0.7060546875,0.8999748047367095,hacabox
nameseq,k1,k2,label
AE009441.1/679548-679612,0.7039053254437869,0.90673828125,hacabox
CP000504.1/1203366-1203303,0.72021484375,0.9196271101033006,hacabox
CP001014.1/195466-195529,0.7060546875,0.8999748047367095,hacabox
