nameseq,k1,k2,label
AJ632015.1/1-148,0.7230642804967129,0.9207274746633347,hacabox
X74615.1/3847-3701,0.7242352723402286,0.9215612685306812,hacabox
nameseq,k1,k2,label
AJ632015.1/1-148,0.7230642804967129,0.9207274746633347,hacabox
X74615.1/3847-3701,0.7242352723402286,0.9215612685306812,hacabox
