nameseq,k1,k2,label
AJ632010.1/1-144,0.7328317901234568,0.9268912905276542,hacabox
CU329671.1/2121215-2121358,0.7328317901234568,0.9268912905276542,hacabox
nameseq,k1,k2,label
AJ632010.1/1-144,0.7328317901234568,0.9268912905276542,hacabox
CU329671.1/2121215-2121358,0.7328317901234568,0.9268912905276542,hacabox
