nameseq,k1,k2,label
AB004535.1/423-644,0.7265238211184157,0.9207428185336091,hacabox
nameseq,k1,k2,label
AB004535.1/423-644,0.7265238211184157,0.9207428185336091,hacabox
