nameseq,k1,k2,label
AJ632005.1/1-164,0.7166121356335515,0.9190409876171478,hacabox
nameseq,k1,k2,label
AJ632005.1/1-164,0.7166121356335515,0.9190409876171478,hacabox
