nameseq,k1,k2,label
AJ632008.1/1-158,0.7200769107514822,0.9182522617550408,hacabox
CU329670.1/4937394-4937237,0.7200769107514822,0.9182522617550408,hacabox
