nameseq,k1,k2,label
AC009733.5/161685-161548,0.7438563327032136,0.9300442218551868,hacabox
AC009733.5/161938-161801,0.739340474690191,0.9270605786136714,hacabox
AC009733.5/161346-161211,0.7426470588235294,0.9309190672153635,hacabox
AC009733.5/161167-161032,0.7461072664359861,0.9288340192043896,hacabox
AC009733.5/161513-161377,0.746337045127604,0.9330666089965398,hacabox
