nameseq,k1,k2,label
AC079041.4/65653-65823,0.7421770801272187,0.9310726643598616,hacabox
AC146468.1/16214-16379,0.7417622296414574,0.9303213957759413,hacabox
nameseq,k1,k2,label
AC079041.4/65653-65823,0.7421770801272187,0.9310726643598616,hacabox
AC146468.1/16214-16379,0.7417622296414574,0.9303213957759413,hacabox
