nameseq,k1,k2,label
AJ505648.1/1-133,0.7323195206060263,0.923783287419651,hacabox
AARH01003870.1/147742-147873,0.7423094582185491,0.9202260940504633,hacabox
AASG02001200.1/36745-36620,0.7267573696145124,0.917888,hacabox
AK059482.1/298-435,0.7344045368620038,0.921093292130641,hacabox
