nameseq,k1,k2,label
AP000601.1/8208-8353,0.7141114655657721,0.917859690844233,hacabox
AC189573.1/101276-101421,0.7246200037530494,0.9193816884661118,hacabox
AARH01004246.1/3409-3552,0.7379436728395061,0.9283583549317815,hacabox
nameseq,k1,k2,label
AP000601.1/8208-8353,0.7141114655657721,0.917859690844233,hacabox
AC189573.1/101276-101421,0.7246200037530494,0.9193816884661118,hacabox
AARH01004246.1/3409-3552,0.7379436728395061,0.9283583549317815,hacabox
