nameseq,k1,k2,label
AC005995.3/26676-26542,0.7419478737997256,0.9209177990643796,hacabox
AC101774.6/57905-57781,0.745216,0.922996878251821,hacabox
AC107774.8/124931-124798,0.7388059701492538,0.9197806546441292,hacabox
AC110037.13/145188-145321,0.7354644687012698,0.9220419469726949,hacabox
AC116348.3/101703-101837,0.7462277091906722,0.9237023836043663,hacabox
