nameseq,k1,k2,label
AC010287.9/54576-54441,0.7447015570934257,0.9238957475994514,hacabox
AJ609468.1/1-136,0.7447015570934257,0.9238957475994514,hacabox
AC127300.3/141571-141705,0.7434842249657065,0.9249276008019603,hacabox
AAIY01789533.1/679-813,0.7446913580246914,0.9259300512363555,hacabox
AAFR03049113.1/29769-29632,0.7394454946439823,0.9246097288081411,hacabox
