nameseq,k1,k2,label
ABGY01000889.1/1819-1978,0.6671875,0.8865946758435188,hacabox
nameseq,k1,k2,label
ABGY01000889.1/1819-1978,0.6671875,0.8865946758435188,hacabox
