nameseq,k1,k2,label
AFAN01000032.1/11034289-11034145,0.7316052318668252,0.9239004629629629,hacabox
ADBK01001148.1/251947-252094,0.7132030679327976,0.9129529362765514,hacabox
AENI01001182.1/87183-87325,0.7170032764438359,0.916584011108907,hacabox
nameseq,k1,k2,label
AFAN01000032.1/11034289-11034145,0.7316052318668252,0.9239004629629629,hacabox
ADBK01001148.1/251947-252094,0.7132030679327976,0.9129529362765514,hacabox
AENI01001182.1/87183-87325,0.7170032764438359,0.916584011108907,hacabox
