nameseq,k1,k2,label
AJ609437.1/1-134,0.7363555357540654,0.9231725931369777,hacabox
AC073210.8/129951-130084,0.7388059701492538,0.9238509808355475,hacabox
AC092579.3/114744-114881,0.736399915984037,0.9232244658745804,hacabox
AC121336.3/155535-155667,0.7239527389903331,0.9162075298438934,hacabox
AB022159.1/10119-10254,0.740916955017301,0.9225788751714677,hacabox
