nameseq,k1,k2,label
AF308283.1/1-330,0.7394123048668503,0.9273380696778485,hacabox
AF308282.1/1-316,0.748958500240346,0.9351070798689847,hacabox
AACN010346788.1/508-835,0.7388831052944675,0.927269496581844,hacabox
AAQQ01201317.1/367-42,0.739282622605292,0.9270343195266272,hacabox
AAPY01657622.1/489-161,0.7415674282388374,0.9296363771564544,hacabox
