nameseq,k1,k2,label
AJ505662.1/1-144,0.7306134259259259,0.9210230329111447,hacabox
AARH01005662.1/240390-240253,0.7400756143667298,0.9223719963770046,hacabox
nameseq,k1,k2,label
AJ505662.1/1-144,0.7306134259259259,0.9210230329111447,hacabox
AARH01005662.1/240390-240253,0.7400756143667298,0.9223719963770046,hacabox
