nameseq,k1,k2,label
X62452.1/873-682,0.7317165798611112,0.9251391135111428,hacabox
AABZ01000039.1/16243-16432,0.7355124653739612,0.9278575627781978,hacabox
AACA01000006.1/89474-89283,0.7240125868055556,0.9210822071763384,hacabox
nameseq,k1,k2,label
X62452.1/873-682,0.7317165798611112,0.9251391135111428,hacabox
AABZ01000039.1/16243-16432,0.7355124653739612,0.9278575627781978,hacabox
AACA01000006.1/89474-89283,0.7240125868055556,0.9210822071763384,hacabox
