nameseq,k1,k2,label
Z49629.1/469-662,0.733552981188224,0.9263067464898387,hacabox
AABZ01000024.1/46395-46589,0.7306771860618014,0.9240620682325433,hacabox
AACA01000267.1/4921-4730,0.7323676215277778,0.9259066363312409,hacabox
nameseq,k1,k2,label
Z49629.1/469-662,0.733552981188224,0.9263067464898387,hacabox
AABZ01000024.1/46395-46589,0.7306771860618014,0.9240620682325433,hacabox
AACA01000267.1/4921-4730,0.7323676215277778,0.9259066363312409,hacabox
