nameseq,k1,k2,label
Z72815.1/1165-1361,0.7279754696075652,0.9172219908371512,hacabox
AABY01000137.1/29506-29307,0.7226,0.9120476755637483,hacabox
AACA01000278.1/3590-3786,0.7203999072380118,0.9120678883798418,hacabox
AACH01000553.1/3305-3502,0.7297724721967146,0.9215388183153392,hacabox
AACI02000653.1/4337-4144,0.7248379211393347,0.9156755886064055,hacabox
