nameseq,k1,k2,label
AAHK01011372.1/313-243,0.7316008728426899,0.9220408163265306,hacabox
FN554973.1/1694836-1694906,0.7482642332870462,0.9346938775510204,hacabox
FR799010.1/957243-957312,0.7391836734693877,0.927536231884058,hacabox
nameseq,k1,k2,label
AAHK01011372.1/313-243,0.7316008728426899,0.9220408163265306,hacabox
FN554973.1/1694836-1694906,0.7482642332870462,0.9346938775510204,hacabox
FR799010.1/957243-957312,0.7391836734693877,0.927536231884058,hacabox
