nameseq,k1,k2,label
AAHK01023897.1/136-197,0.7117585848074921,0.9008331093791991,hacabox
FN554973.1/3774657-3774718,0.7414151925078043,0.9212577264176297,hacabox
FR796468.1/933944-934009,0.7382920110192837,0.9183431952662722,hacabox
