nameseq,k1,k2,label
AAHK01000005.1/22680-22614,0.7284473156605035,0.9164370982552801,hacabox
FR796466.1/1224122-1224189,0.7469723183391004,0.9280463354867454,hacabox
nameseq,k1,k2,label
AAHK01000005.1/22680-22614,0.7284473156605035,0.9164370982552801,hacabox
FR796466.1/1224122-1224189,0.7469723183391004,0.9280463354867454,hacabox
