nameseq,k1,k2,label
AAHK01016749.1/680-745,0.736455463728191,0.9249704142011834,hacabox
FR796465.1/255542-255610,0.7292585591262339,0.9256055363321799,hacabox
FR799008.1/262789-262857,0.7317790380172233,0.9251730103806228,hacabox
nameseq,k1,k2,label
AAHK01016749.1/680-745,0.736455463728191,0.9249704142011834,hacabox
FR796465.1/255542-255610,0.7292585591262339,0.9256055363321799,hacabox
FR799008.1/262789-262857,0.7317790380172233,0.9251730103806228,hacabox
