nameseq,k1,k2,label
AAHK01000645.1/2940-3009,0.7440816326530613,0.9233354337324091,hacabox
nameseq,k1,k2,label
AAHK01000645.1/2940-3009,0.7440816326530613,0.9233354337324091,hacabox
