nameseq,k1,k2,label
AAHK01000562.1/23818-23886,0.747321991178324,0.9320934256055363,hacabox
nameseq,k1,k2,label
AAHK01000562.1/23818-23886,0.747321991178324,0.9320934256055363,hacabox
