nameseq,k1,k2,label
AAHK01030140.1/350-422,0.7468568211671984,0.9313271604938271,hacabox
AC013353.9/110422-110350,0.7468568211671984,0.9320987654320988,hacabox
FR798998.1/765999-765924,0.7392659279778393,0.9258666666666666,hacabox
