nameseq,k1,k2,label
AAHK01028594.1/483-419,0.7346745562130177,0.91650390625,hacabox
AC099045.21/121306-121367,0.7434963579604579,0.9287825853265251,hacabox
FR799615.1/552183-552122,0.7112382934443288,0.903520558989519,hacabox
FR796432.1/1078115-1078052,0.72216796875,0.9095490047871,hacabox
HE575323.1/1787813-1787874,0.7466181061394381,0.9217952163396936,hacabox
