nameseq,k1,k2,label
AAHK01000232.1/46030-46097,0.6898788927335641,0.9013143239028737,hacabox
nameseq,k1,k2,label
AAHK01000232.1/46030-46097,0.6898788927335641,0.9013143239028737,hacabox
