nameseq,k1,k2,label
AAHK01026543.1/41-107,0.7351303185564714,0.9168962350780533,hacabox
AAGZ01000003.1/1401153-1401084,0.7346938775510204,0.9174543163201009,hacabox
FR796431.1/1679987-1680052,0.7258953168044078,0.9102958579881657,hacabox
