nameseq,k1,k2,label
JF909334.1/1-134,0.6980396524838495,0.9055345129741648,hacabox
nameseq,k1,k2,label
JF909334.1/1-134,0.6980396524838495,0.9055345129741648,hacabox
