nameseq,k1,k2,label
EF503652.1/1-123,0.7179588869059422,0.9137328675087342,hacabox
nameseq,k1,k2,label
EF503652.1/1-123,0.7179588869059422,0.9137328675087342,hacabox
