nameseq,k1,k2,label
JF909336.1/1-118,0.7084171215168056,0.9102198845788589,hacabox
AFXY01000049.1/70570-70687,0.6904625107727664,0.8922492512236102,hacabox
nameseq,k1,k2,label
JF909336.1/1-118,0.7084171215168056,0.9102198845788589,hacabox
AFXY01000049.1/70570-70687,0.6904625107727664,0.8922492512236102,hacabox
