nameseq,k1,k2,label
JF909335.1/1-133,0.7273446774831817,0.9220615243342516,hacabox
AFXF01001355.1/514018-514150,0.7296059698117474,0.9263085399449036,hacabox
