nameseq,k1,k2,label
JF909330.1/1-130,0.7028402366863905,0.9117240550447689,hacabox
AFXY01000417.1/558034-558164,0.7040382262105938,0.9127810650887573,hacabox
nameseq,k1,k2,label
JF909330.1/1-130,0.7028402366863905,0.9117240550447689,hacabox
AFXY01000417.1/558034-558164,0.7040382262105938,0.9127810650887573,hacabox
