nameseq,k1,k2,label
X66431.1/1-135,0.7268038408779149,0.9204722655379818,hacabox
AFXF01000011.1/357419-357290,0.7236686390532544,0.9171323838711616,hacabox
nameseq,k1,k2,label
X66431.1/1-135,0.7268038408779149,0.9204722655379818,hacabox
AFXF01000011.1/357419-357290,0.7236686390532544,0.9171323838711616,hacabox
