nameseq,k1,k2,label
JF909337.1/1-130,0.6855621301775148,0.8987440658614266,hacabox
AFXY01001580.1/24723-24594,0.6868639053254437,0.8989844360314885,hacabox
nameseq,k1,k2,label
JF909337.1/1-130,0.6855621301775148,0.8987440658614266,hacabox
AFXY01001580.1/24723-24594,0.6868639053254437,0.8989844360314885,hacabox
