nameseq,k1,k2,label
JF909333.1/1-131,0.661033739292582,0.8688757396449704,hacabox
