nameseq,k1,k2,label
AAGF03001292.1/36463-36591,0.7492338200829277,0.933349609375,hacabox
nameseq,k1,k2,label
AAGF03001292.1/36463-36591,0.7492338200829277,0.933349609375,hacabox
