nameseq,k1,k2,label
X66429.1/1-134,0.7275562486077077,0.9204590423426988,hacabox
