nameseq,k1,k2,label
EF503650.1/1-121,0.7052796940099719,0.9091666666666667,hacabox
AFXY01000699.1/60017-60136,0.6990277777777778,0.9043146670432879,hacabox
nameseq,k1,k2,label
EF503650.1/1-121,0.7052796940099719,0.9091666666666667,hacabox
AFXY01000699.1/60017-60136,0.6990277777777778,0.9043146670432879,hacabox
