nameseq,k1,k2,label
JF909331.1/1-141,0.714249786228057,0.9163265306122449,hacabox
nameseq,k1,k2,label
JF909331.1/1-141,0.714249786228057,0.9163265306122449,hacabox
