nameseq,k1,k2,label
JF909329.1/1-130,0.7062721893491124,0.9128057208100475,hacabox
nameseq,k1,k2,label
JF909329.1/1-130,0.7062721893491124,0.9128057208100475,hacabox
